id,source,current_cn,cn_file,status,variable_ok,source_variables,cn_variables
kpzK0X9u,Ozutsu,大筒,bak_strings.xml,translated,yes,,
uPDOEMCR,Ozutsus,大筒,bak_strings.xml,translated,yes,,
U53M9G9W,Antique Cannon,古董火炮,bak_strings.xml,translated,yes,,
2pSICaQU,"Antique metal guns from the Sengoku Jidai. They're long since outdated, but a cannon is a cannon.",战国时代的古董金属枪。它们早已过时了，但火炮就是火炮。,bak_strings.xml,translated,yes,,
NapM9G9W,M1857 12-Pounder Napoleon,M1857 12磅拿破仑炮,bak_strings.xml,translated,yes,,
NapICaQU,"A smoothbore bronze field gun valued for reliability and versatility. Capable of firing solid shot, shell, or canister in close and medium engagements.",一款具有可靠性和多功能性的滑膛青铜野战炮。能够在近距离和中型交战中发射实心弹、炮弹或霰弹。,bak_strings.xml,translated,yes,,
CadeMoLH,Canon de Montagne de 4 La Hitte,4磅拉希特山炮,bak_strings.xml,translated,yes,,
MLHICaQU,A light rifled cannon designed for transport by pack animals in difficult terrain. Employed to provide mobile artillery support to infantry in mountainous regions.,一种轻型线膛炮，专为驮畜在困难地形中运输而设计。用于为山区步兵提供机动火炮支援。,bak_strings.xml,translated,yes,,
Armstron,RBL 12-Pounder 8 CWT Armstrong Gun,RBL 12磅8英担阿姆斯特朗炮,bak_strings.xml,translated,yes,,
MArICaQU,"A rifled breech-loading cannon of British manufacture, noted for its accuracy and extended range. Suited to siege, coastal, and fixed defensive positions.",英国制造的一种线膛后装火炮，以其精确度和射程大而闻名。适用于攻城、沿海、固定防御阵地。,bak_strings.xml,translated,yes,,
GatlingG,Model 1865 Gatling Gun,1865 型加特林机枪,bak_strings.xml,translated,yes,,
MLHICaGa,"A hand-cranked battery gun capable of sustained, rapid fire. Intended for crew service in field and fortress defense.",一种能够持续快速射击的手摇电池枪。适用于野战和堡垒防御中的船员服务。,bak_strings.xml,translated,yes,,
o3KzSAYk,Caste:,种姓：,bak_strings.xml,translated,yes,,
g0DodcKB,Kuge (Court Noble),公家（朝廷贵族）,bak_strings.xml,translated,yes,,
iDHwU4Af,Daimyo (Feudal Lord),大名（封建领主）,bak_strings.xml,translated,yes,,
TzEzDGuV,Buke (Samurai),武士,bak_strings.xml,translated,yes,,
3VfyBmWe,Hyakusho (Peasant),百姓（农民）,bak_strings.xml,translated,yes,,
91xgVL5T,Chonin (Townsman),町人（城镇居民）,bak_strings.xml,translated,yes,,
MkoGgYTI,Eta-hinin (Untouchable),穢多／非人（被歧视阶层）,bak_strings.xml,translated,yes,,
mqDjDWjC,Gaikokujin (Foreigner),外国人（外国人）,bak_strings.xml,translated,yes,,
oN4J4ebL,Right to carry the Daisho,携带大刀进入城内的权利,bak_strings.xml,translated,yes,,
9ZHz4mzS,Right to command a personal retinue,指挥私人随从的权利,bak_strings.xml,translated,yes,,
Ho2oaup3,Right to hold land,持有土地的权利,bak_strings.xml,translated,yes,,
b93tFvr6,Right to not pay agricultural taxes,不缴纳农税的权利,bak_strings.xml,translated,yes,,
YSqUrY2T,Right to engage in commerce,从事商业的权利,bak_strings.xml,translated,yes,,
6QjQLkhL,Right to enter the keep,进入要塞的权利,bak_strings.xml,translated,yes,,
lXePKGIt,Martial Schools,武术流派,bak_strings.xml,translated,yes,,
9N832L1k,"Dojos are neutral settlements where the player and AI can recruit students, purchase martial manuals that improve combat skills, join a specific school, or duel instructors for rank and reputation. Each dojo follows a distinct martial lineage. Improving relations with a dojo strengthens relations with all dojos of that lineage, and may improve standing with their sponsoring domain.",道场是中立地点，玩家和AI可以在这里招收门生、购买能够提升战斗技能的武术手册、加入特定流派，或与师范进行决斗以提升段位和声望。每个道场都传承着独特的武术流派。改善与某一道场的关系，会加强与该流派所有道场的关系，并可能提升你在其所属藩的地位。,bak_strings.xml,translated,yes,,
F1G2H3J4,Itto-ryu,一刀流,bak_strings.xml,translated,yes,,
K5L6M7N8,"Itto-ryu is a prestigious family of kenjutsu schools emphasizing the principle of the 'one sword.' Practitioners, known as Itto-ryu kenshi, focus on decisive cuts, proper distancing, and timing. During the late Bakumatsu, its instructors were sought after by domains and samurai for dueling, military training, and personal defense.",一刀流是著名的剑术流派体系，强调“一刀”之理。修习者称为一刀流剑士，注重果断斩击、适当距离与时机。幕末时期，一刀流教习受到各藩和武士的追捧，用于决斗、军事训练和个人防卫。,bak_strings.xml,translated,yes,,
P9Q0R1S2,Hokushin Itto-ryu,北辰一刀流,bak_strings.xml,translated,yes,,
T3U4V5W6,"Hokushin Itto-ryu is the northern branch of Itto-ryu, combining classical swordsmanship with battlefield practicality. Practitioners train in katana, wakizashi, and naginata, honing timing, distance, and decisive strikes. In the late Bakumatsu, the school supplied instructors to northern domain militias and duelists in Edo.",北辰一刀流是一刀流的北方分支，将古典剑术与战场实用性相结合。练习者们进行武士刀、胁差和薙刀的训练，磨练时机、距离和决定性的打击。幕末末期，流派为江户的北藩民兵和决斗者提供教官。,bak_strings.xml,translated,yes,,
X7Y8Z9A0,Shinkage-ryu,新阴流,bak_strings.xml,translated,yes,,
B1C2D3E4,"Shinkage-ryu is a transformative kenjutsu lineage that emphasizes strategy, posture, and subtlety. Practitioners wield katana and wakizashi, focusing on psychological control and precision. In the Bakumatsu period, Shinkage-ryu influenced many derivative schools, including Taisha-ryu, and trained elite duelists and samurai instructors.",新阴流是一种变革性的剑术传承，强调策略、姿势和微妙。练习者使用武士刀和胁差，注重心理控制和精准度。在幕末时期，新阴流影响了包括大社流在内的许多衍生流派，并培养了精英决斗者和武士导师。,bak_strings.xml,translated,yes,,
F5G6H7I8,Jigen-ryu,示现流,bak_strings.xml,translated,yes,,
J9K0L1M2,"Jigen-ryu, originating in Satsuma, is known for ferocious, lightning-fast attacks with katana and odachi. Practitioners cultivate power, speed, and relentless offense. In the late Bakumatsu, Jigen-ryu kenshi were recognized for their role in domain defense and martial competitions, embodying the martial spirit of southern Japan.",示现流起源于萨摩，以使用武士刀和大刀进行凶猛、闪电般的攻击而闻名。练习者培养力量、速度和无情的进攻。幕末末期，示现流剑士因其在藩防卫和武术比试中的作用而受到认可，体现了日本南部的武术精神。,bak_strings.xml,translated,yes,,
N3O4P5Q6,Hozoin-ryu,宝藏院流,bak_strings.xml,translated,yes,,
R7S8T9U0,"Hozoin-ryu specializes in spearmanship, particularly the cross-shaped jumonji-yari and naginata. Practitioners train in precise thrusts, fluid footwork, and battlefield awareness. By the Bakumatsu era, instructors trained domain militias and dueling students, maintaining a reputation for technical elegance and deadly efficiency.",宝藏院流擅长枪术，特别是十字形十文字枪和薙刀。练习者训练精确的刺击、流畅的步法和战场意识。到了幕末时代，教官们训练着藩内民兵和决斗学生，保持着技术优雅和致命效率的声誉。,bak_strings.xml,translated,yes,,
V1W2X3Y4,Tanegashima-ryu,种子岛流,bak_strings.xml,translated,yes,,
Z5A6B7C8,"Tanegashima-ryu is a firearms school teaching the use of matchlock arquebuses. Practitioners learn coordinated volleys and battlefield deployment. In late Tokugawa Japan, Tanegashima-ryu instructors were vital in domain militias, bridging traditional martial culture and early modern warfare.",种子岛流是一所枪械流派，教授火绳枪的使用。练习者学习协调齐射和战场部署。在日本德川幕府末期，种子岛流教官在藩兵中发挥着至关重要的作用，在传统武术文化和早期现代战争之间架起桥梁。,bak_strings.xml,translated,yes,,
D9E0F1G2,Takashima-ryu,高岛流,bak_strings.xml,translated,yes,,
H3I4J5K6,"Takashima-ryu teaches modern firearms techniques, emphasizing disciplined firing methods and unit coordination. Practitioners prepared for the changing nature of war during the Bakumatsu period, integrating Western rifles into traditional martial education for domain forces.",高岛流教授现代枪械技术，强调纪律严明的射击方法和单位协调。练习者为幕末时期战争性质的变化做好准备，将西方步枪融入藩部队的传统武术教育中。,bak_strings.xml,translated,yes,,
L7M8N9O0,Heki-ryu,日置流,bak_strings.xml,translated,yes,,
P1Q2R3S4,"Heki-ryu is a classical archery school, teaching yumi mastery for battlefield and ceremonial use. Practitioners develop accuracy, composure, and situational awareness. In the late Bakumatsu, Heki-ryu archers served both militarily and ceremonially, maintaining the prominence of mounted and foot archery traditions.",日置流 是一所古典射箭流派，教授战场和仪式使用的射箭技巧。从业者可以培养准确性、冷静和态势感知能力。在幕末末期，日置流弓箭手在军事和仪式上服役，保持了骑马和步行射箭传统的地位。,bak_strings.xml,translated,yes,,
T5U6V7W8,Shinto Munen-ryu,神道无念流,bak_strings.xml,translated,yes,,
X9Y0Z1A2,"Shinto Munen-ryu is a kenjutsu school emphasizing adaptability, speed, and fluid techniques with katana and wakizashi. Practitioners were trained for dueling and skirmishes, preparing samurai and retainers for the unpredictable conflicts of the Bakumatsu era.",神道无念流是一所剑术流派，强调武士刀和胁差的适应性、速度和流畅技术。练习者接受决斗和小规模冲突训练，为武士和家臣应对幕末时代不可预测的冲突做好准备。,bak_strings.xml,translated,yes,,
B3C4D5E6,Ogasawara-ryu,小笠原流,bak_strings.xml,translated,yes,,
F7G8H9I0,"Ogasawara-ryu is the classical school of mounted archery and etiquette, teaching yumi mastery on horseback. Practitioners develop poise, precision, and ceremonial bearing, serving as both martial and noble instructors in the late Tokugawa period.",小笠原流是马术射箭和礼仪的古典流派，在马背上教授弓技巧。练习者培养沉着、精确和礼仪举止，在德川后期担任武术和贵族导师。,bak_strings.xml,translated,yes,,
J1K2L3M4,Hoki-ryu,伯耆流,bak_strings.xml,translated,yes,,
N5O6P7Q8,"Hoki-ryu is a kenjutsu school specializing in katana techniques. Practitioners cultivate strong cutting, timing, and defensive skills. During the Bakumatsu, Hoki-ryu instructors trained samurai and domain forces, ensuring readiness in duels and military engagements.",伯耆流 是一所专门研究武士刀技术的剑术流派。练习者培养强大的切入、时机和防守技能。幕末时期，伯耆流教官训练武士和藩军，确保决斗和军事交战做好准备。,bak_strings.xml,translated,yes,,
R9S0T1U2,Shingyoto-ryu,心形刀流,bak_strings.xml,translated,yes,,
V3W4X5Y6,"Shingyoto-ryu teaches a combination of katana, odachi, and naginata, focusing on versatility and battlefield adaptability. Practitioners excel in both dueling and larger engagements, sustaining their relevance through the late Bakumatsu period.",心形刀流 教授武士刀、大刀和薙刀的组合，注重多功能性和战场适应性。练习者在决斗和大型交战中都表现出色，在幕末末期保持着他们的影响力。,bak_strings.xml,translated,yes,,
Z7A8B9C0,Oshima-ryu,大岛流,bak_strings.xml,translated,yes,,
D1E2F3G4,"Oshima-ryu is a multi-weapon school specializing in yari, naginata, and variations such as jumonji and kagi yari. Practitioners develop complex thrusting and footwork techniques, serving as capable battlefield instructors during the late Tokugawa period.",大岛流是一所多武器流派，专门研究弓、薙刀以及十文字和钩镰枪等变体。练习者发展复杂的刺击和步法技术，在德川时代后期担任有能力的战场教练。,bak_strings.xml,translated,yes,,
H5I6J7K8,Tamiya-ryu,田宫流,bak_strings.xml,translated,yes,,
L9M0N1O2,"Tamiya-ryu focuses on the long-hilted nagae katana, training practitioners in precise strikes and extended reach. The school's methods were valued for dueling and defensive combat by samurai in the late Bakumatsu era.",田宫流专注于长柄长武士刀，训练练习者精确打击和延伸范围。该流派的方法在幕末时代后期的武士的决斗和防御战斗中受到重视。,bak_strings.xml,translated,yes,,
P3Q4R5S6,Moriuchi-ryu,森内流,bak_strings.xml,translated,yes,,
T7U8V9W0,"Moriuchi-ryu is a mounted martial school emphasizing yari and katana techniques. Practitioners develop coordination, balance, and tactical awareness for cavalry operations. In the Bakumatsu period, Moriuchi-ryu trained domain cavalry and retainers in practical combat skills.",森内流是一所骑马武术流派，强调枪术和剑术。练习者培养骑兵作战所需的协调性、平衡性和战术意识。幕末时期，森内流训练藩骑兵和家臣的实战技能。,bak_strings.xml,translated,yes,,
X1Y2Z3A4,Owari Kan-ryu,尾张勘流,bak_strings.xml,translated,yes,,
B5C6D7E8,"Owari Kan-ryu specializes in the sliding kuda-yari, offering innovative spear techniques. Practitioners train in precision, timing, and footwork. The school's unique weapons and methods were valued by Owari samurai for both ceremonial and battlefield purposes.",尾张贯流 专注于滑动 管枪，提供创新的矛技术。练习者训练精确度、时机和步法。该流派独特的武器和方法受到尾张武士的重视，用于仪式和战场目的。,bak_strings.xml,translated,yes,,
F9G0H1I2,Shinshin-ryu,神心流,bak_strings.xml,translated,yes,,
J3K4L5M6,"Shinshin-ryu is a kenjutsu school teaching katana and wakizashi techniques with an emphasis on timing and adaptability. Practitioners excel in duels and personal defense, maintaining a respected position among samurai in the late Bakumatsu.",神心流 是一所剑术流派，教授武士刀和胁差技术，强调时机和适应性。练习者擅长决斗和个人防御，在幕末末期的武士中保持着受人尊敬的地位。,bak_strings.xml,translated,yes,,
N7O8P9Q0,Tatsumi-ryu,辰巳流,bak_strings.xml,translated,yes,,
R1S2T3U4,"Tatsumi-ryu is a comprehensive martial school training practitioners in katana, wakizashi, yari, naginata, and shuriken. The school's broad curriculum prepared samurai for dueling, battlefield, and self-defense during the Bakumatsu period.",辰巳流是一位综合武术流派，训练武士刀、胁差、枪、薙刀和手里剑的练习者。流派广泛的课程为幕末时期武士的决斗、战场和自卫做好准备。,bak_strings.xml,translated,yes,,
V5W6X7Y8,Tennen Rishin-ryu,天然理心流,bak_strings.xml,translated,yes,,
Z9A0B1C2,"Tennen Rishin-ryu is a kenjutsu school focusing on katana, wakizashi, and occasional yari use. Practitioners were famously associated with the Shinsengumi, combining practical swordsmanship with rigorous discipline in the late Bakumatsu era.",天然理心流是一所剑术流派，专注于武士刀、胁差，偶尔也会使用枪。在幕末时代末期，练习者与新选组有着密切的联系，将实用的剑术与严格的纪律相结合。,bak_strings.xml,translated,yes,,
D3E4F5G6,Nanbu-ryu,南部流,bak_strings.xml,translated,yes,,
H7I8J9K0,"Nanbu-ryu is a mounted martial school emphasizing bow and sword techniques. Practitioners develop horseback combat skills, coordination, and precision. In the Bakumatsu period, Nanbu-ryu kenshi served as cavalry instructors and domain retainers.",南部流是一所强调弓箭和剑术的骑马武术流派。练习者培养马术格斗技巧、协调性和精确度。幕末时期，南部流剑士担任骑兵教官和藩士。,bak_strings.xml,translated,yes,,
L1M2N3O4,Kyoshin Meiichi-ryu,镜新明智流,bak_strings.xml,translated,yes,,
P5Q6R7S8,"Kyoshin Meiichi-ryu is a kenjutsu school emphasizing katana and wakizashi mastery. Practitioners cultivate precise cutting, timing, and fluid technique. In the Bakumatsu era, Kyoshin Meiichi-ryu trained loyalists and aspiring samurai in practical swordsmanship for both duels and domain service.",镜心明智流,bak_strings.xml,translated,yes,,
551Rfsop,Reforms,改革,bak_strings.xml,translated,yes,,
REFS21al,"Change did not come to Japan all at once. From the opening of the country in 1853 to the Boshin War in 1868 and the Meiji period that followed, Japanese society underwent massive, but gradual, social, military, and economic reforms. Due to this, when the reform mechanic is enabled, not all troops are available from the start. Instead, better modern troops will gradually be unlocked over time either as the years pass or as the player's kingdom passes policies.",日本的变化并不是一下子就发生的。从 1853 年开国到 1868 年戊辰战争以及随后的明治时期，日本社会经历了大规模但渐进的社会、军事和经济改革。因此，当改革机制启用时，并非所有部队从一开始就可用。相反，随着时间的推移或随着玩家藩国通过政策，更好的现代军队将逐渐解锁。,bak_strings.xml,translated,yes,,
a3BLERbz,Keio Reforms (1865),庆应改革（1865）,bak_strings.xml,translated,yes,,
uzonvUWW,"At the start of 1865, the Shogunate began a dedicated push to modernize their military. Beforehand, they had created the Sampeitai, or 'Three-Arms Corps', but that had been an unmitigated disaster. Prompted by the Kinmon Incident and Choshu's own civil war, the Shogunate's new reforms, forming units based on Samurai social rankings, ended in failure just as their previous ones had, but it started off the era of massive military reforms in Japan, which had been before isolated to a few small domains. These reforms unlock the Hoheitai and most of their equivalents, alongside units of unique organizations like the Mimawari-gumi and Shinsengumi.{newline}{newline}If using policy based reforms, these troops are unlocked with the Western Drill policy instead.",1865 年初，幕府开始全力推动军队现代化。此前，他们曾创建过“三兵队”，但那是一场彻头彻尾的灾难。在金门事变和长州内战的推动下，幕府按照武士阶层划分编制的新改革，和之前一样以失败告终，却开启了日本大规模军事改革的时代——此前这种改革还局限于少数小藩。这些改革解锁了步兵队及其大多数同类部队，以及见回组、新选组等独特组织的部队。{newline}{newline}如果使用基于政策的改革，这些部队将通过“西式操典”政策解锁。,bak_strings.xml,translated,yes,{newline} | {newline},{newline} | {newline}
hEIiqFOl,Keio Reforms (1866),庆应改革（1866）,bak_strings.xml,translated,yes,,
sgDswQVO,"In 1866, something thought unthinkable occurred: the Shogunate lost a war against Choshu. The Second Choshu Expedition had been intended to remind Japan of the Bakufu's strength, and to deal with the rebellious domain once and for all. Instead, the 150,000 strong army of the Shogunate was routed by the 4000 men of Choshu and their modern rifles, losing thousands of men and inflicting only a few hundred casualties in return. With this failure, and the ascension of Tokugawa Yoshinobu as Shogun, Japan entered a furor of reform. Yoshinobu himself worked to reform the Bakufu army, establishing the Hoheitai, Yugekitai, and Denshutai, while many other domains were incentivized to adopt proper modernized infantry.{newline}{newline}If using policy based reforms, these troops are mostly unlocked with the Standard Uniforms policy instead.",1866 年，发生了一件难以想象的事情：幕府在与长州的战争中战败。第二次长州征讨原本是为了让日本重新认识幕府的实力，并一劳永逸地解决这个叛乱藩。然而，结果却是：15 万人的幕府大军被长州的 4000 名士兵及其现代步枪击溃，幕府损失数千人，而仅造成对方数百人伤亡。随着这次失败，以及德川庆喜继任将军，日本掀起了改革热潮。德川庆喜亲自着手改革幕府军，建立步兵队、游击队和传习队，同时许多其他藩也开始采用真正现代化的步兵。{newline}{newline}如果使用基于政策的改革，这些部队大多将通过“标准制服”政策解锁。,bak_strings.xml,translated,yes,{newline} | {newline},{newline} | {newline}
LQZzQOJr,Meiji Reforms (1867),明治维新 (1867),bak_strings.xml,translated,yes,,
tkAa93qw,"Emperor Komei had opposed the entirety of the outside world, advocating fiercely for Sonno-joi. However, his son was not so inflexible. Following Komei's death of smallpox in early 1867, the teenaged emperor and his advisors began a series of reforms of their own, establishing the new Imperial guard, while other pro-Imperial forces, such as the Jinshotai of Tosa, began coalescing into a modern army of their own. At the same time, Choshu began reforming their remaining Shotai militias into proper units of their own, in preparation for the turmoil everone knew was coming.{newline}{newline}If using policy based reforms, these troops are unlocked with the Standard Uniforms or Officer Academies policies instead.",孝明天皇曾极力反对整个外部世界，强烈主张尊王攘夷。然而，他的儿子并没有那么固执。1867 年初孝明天皇因天花去世后，这位十几岁的新天皇与顾问开始进行一系列改革，建立新的皇军近卫部队；与此同时，土佐的迅冲队等亲皇势力也开始整合为自己的现代军队。长州则开始将剩余的诸队民兵改编为正规的部队，为所有人都知道即将到来的动荡做准备。{newline}{newline}如果使用基于政策的改革，这些部队将通过“标准制服”或“军官学校”政策解锁。,bak_strings.xml,translated,yes,{newline} | {newline},{newline} | {newline}
aEbjnf41,Boshin War Reforms (1868),戊辰战争改革 (1868),bak_strings.xml,translated,yes,,
uKN9qS6E,"Even as Japan reformed around them, many of the northernmost domains, as well as a few in Kansai, remained stagnant. The foolishness of this policy became apparent when the Boshin War broke out in early 1868, as the samurai of these domains suffered catastrophic defeats at the hands of peasants armed with modern rifles. These domains, most notable including Kubota on the Imperial side and Sendai on the Shogunate side, began to rapidly reorganize in an attempt to stave off defeat from those invading their domains.{newline}{newline}If using policy based reforms, these troops are unlocked with the Standard Uniforms or Western Drill policies instead.",即使日本围绕这些地区进行改革，许多最北边的藩以及关西的一些藩仍然停滞不前。 1868 年初戊辰战争爆发时，这一政策的愚蠢性就显现出来了，这些藩的武士在装备现代步枪的农民手中遭受了灾难性的失败。这些藩，最著名的是帝国一方的久保田和幕府一方的仙台，开始迅速重组，试图避免入侵者的失败。{newline}{newline}如果使用基于政策的改革，这些部队将通过标准制服或西方演习政策来解锁。,bak_strings.xml,translated,yes,{newline} | {newline},{newline} | {newline}
9v5f6eq6,Shishin Taisei Reforms (1868),四神队改革（1868）,bak_strings.xml,translated,yes,,
BWWqeWJi,"While in essence the same as the {BOSHIN_REFORMS_LINK} in their timing and reasoning, Aizu domain took a rather unique approach to reforming their military. Still unwilling to allow peasants in their military, Aizu instead implemented their 4 Gods Organization, classifying the samurai of their domain into one of four units, based on age. The Byakkotai were the youngest, made up of 16-17 year olds, followed by the Suzakutai (18-35), Seiryutai (36-49), and the Genbutai (50+), alongside a number of volunteer units that sprung up across the domain. Ultimately, however, these units were not enough to stave off the invasion of their domain and brutal siege of their castle.{newline}{newline}If using policy based reforms, these troops are unlocked with the Western Drill policy instead.",虽然在时机和原因上与 {BOSHIN_REFORMS_LINK} 基本相同，会津藩却采取了相当独特的军制改革方式。会津仍然不愿让农民加入军队，于是实行“四神队”组织，按照年龄将藩士分为四支部队。白虎队年龄最小，由 16—17 岁的少年组成；其后依次为朱雀队（18—35 岁）、青龙队（36—49 岁）和玄武队（50 岁以上），此外藩内还出现了许多志愿部队。然而最终，这些部队仍不足以阻止入侵会津藩以及对其城堡的残酷围攻。{newline}{newline}如果使用基于政策的改革，这些部队将通过“西式操典”政策解锁。,bak_strings.xml,translated,yes,{BOSHIN_REFORMS_LINK} | {newline} | {newline},{BOSHIN_REFORMS_LINK} | {newline} | {newline}
NeEiTkK6,Juei Reforms (1869),纪州藩改革（1869）,bak_strings.xml,translated,yes,,
CR3jonLR,"Kishu domain, ruled by the Kishu Tokugawa, one of the Gosanke, or 'Three Noble Houses', of the Tokugawa Shogunate, reformed far later than most of Japan. Rather than taking inspiration from Britain or France like the rest of Japan, Kishu instead built their army along the Prussian model, implementing a conscript system that required a few years in active duty, then a few in the reserves, followed by service in the militia. However, these reforms occurred after the Boshin War, and ultimately came to naught as the Bakuhan system was dissolved and the private armies of the daimyo were folded into the new Imperial army.{newline}{newline}If using policy based reforms, these troops are unlocked with the Implement Conscription policy instead.",纪州藩由德川幕府“御三家”之一的纪州德川统治，其改革远远晚于日本大部分地区。纪州没有像日本其他地区那样从英国或法国汲取灵感，而是按照普鲁士模式建立了军队，实行义务兵制度，要求服几年现役，然后在预备役服役几年，最后在民兵中服役。然而，这些改革发生在戊辰战争之后，最终随着藩兵制度的解散和大名私人军队并入新的帝国军队而化为泡影。{newline}{newline}如果使用基于政策的改革，这些军队将通过实施征兵政策来解锁。,bak_strings.xml,translated,yes,{newline} | {newline},{newline} | {newline}
ON8mqnxs,Meiji Restoration Reforms (1870),明治维新改革（1870年）,bak_strings.xml,translated,yes,,
4iDrvn26,"A small, final reform, this represents the units that were formed in the Meiji era, such as the Battotai or marines, that were added to the mod. While the time these units were created is somewhat outside the scope of the mod, and took place after these reforms actually happen, they were added into the game to fill their specific niches.{newline}{newline}If using policy based reforms, these troops are unlocked with the Implement Conscription policy instead.",这是一项小型的最终改革，代表了明治时代组建的单位，例如 拔刀隊 或海军陆战队，已添加到 mod 中。虽然这些单位的创建时间在某种程度上超出了模组的范围，并且发生在这些改革实际发生之后，但它们被添加到游戏中以填补其特定的空白。{newline}{newline}如果使用基于政策的改革，这些部队将通过实施征兵政策来解锁。,bak_strings.xml,translated,yes,{newline} | {newline},{newline} | {newline}
lXePKasd,Social Castes,社会阶层,bak_strings.xml,translated,yes,,
9NAB4L1k,"The Caste Mechanic is an optional mechanic added in Bakumatsu to reflect the caste system of Edo period Japan. This caste system, put into place at the founding of the Tokugawa Shogunate, reflected the Tokugawa clan's deep paranoia and fear of being replaced. Due to this, it is often more of a restriction than a boon, and is not recommended if you want to enjoy a simple, easy playthrough.",种姓机制是幕末添加的可选机制，以反映日本江户时代的身份制度。这种身份制度是德川幕府成立时实行的，反映了德川家族深深的偏执和对被取代的恐惧。因此，它通常是一种限制，而不是一种好处，如果您想享受简单、轻松的游戏体验，则不推荐这样做。,bak_strings.xml,translated,yes,,
IG1fHpiV,Kuge,公家,bak_strings.xml,translated,yes,,
7cuzdfbI,Daimyo,大名,bak_strings.xml,translated,yes,,
01dc0ds8,Buke,武家,bak_strings.xml,translated,yes,,
DoSReZx1,Hyakusho,百姓,bak_strings.xml,translated,yes,,
qun3E3A7,Chonin,町人,bak_strings.xml,translated,yes,,
4zs9V9yN,Eta-Hinin,非人,bak_strings.xml,translated,yes,,
osiwP5oL,Gaikokujin,外国人,bak_strings.xml,translated,yes,,
J84QToW3, Social Castes,幕末时期用于指称西方外国人的称呼，但并不属于阶级制度。然而，日本开放后，许多限制被强行取消，西方游客和商人涌入日本。其中许多最成功的人，主要是军火商，获得了与武士相当的地位，甚至被赋予了自己的日本名字和徽章。{newline}{newline}优点：无{newline}{newline}限制：无法玩,bak_strings.xml,translated,no,,{newline} | {newline} | {newline} | {newline}
pX2AJ9oC,Foreign Merchants,外国商人,bak_strings.xml,translated,yes,,
U37Ef6rB,"To the merchants and businessmen of the outside world, the newly opened Japan was a goldmine. The price of gold and silver was cheaper than the rest of the world, and there was a huge market for outside products: most notably, firearms. Numerous arms dealers flocked to the archipelago, selling guns, uniforms, {FIELD_ARTILLERY_LINK}, and expertise in exchange for money and privileges. Found by walking around the keeps of any town, foreign merchants sell modern guns, artillery, and uniforms to the player. These wares each merchant offers differ by ethnicity. While all offer uniforms and antique flintlocks, British merchants offer the versatility of the many variants of the Enfield and Snider-Enfield rifles, alongside the best cannons, French merchants offer high quality rifles and cheap and light artillery, German merchants sell cheaper rifles, and American merchants sell all things repeating: revolvers, repeating rifles, and gatling guns.",对于外界的商人来说，新开放的日本就是一座金矿。黄金和白银的价格比世界其他地方便宜，而且外部产品有巨大的市场：最引人注目的是枪支。众多军火商涌入群岛，出售枪支、制服、{FIELD_ARTILLERY_LINK} 和专业知识，以换取金钱和特权。在任何城镇的要塞中行走时都会发现外国商人向玩家出售现代枪支、火炮和制服。每个商人提供的这些商品因种族而异。虽然所有商家都提供制服和古董燧发枪，但英国商人提供多种用途的恩菲尔德和斯奈德-恩菲尔德步枪以及最好的火炮，法国商人提供高质量的步枪和廉价轻型火炮，德国商人出售更便宜的步枪，美国商人出售所有重复的东西：左轮手枪、连发步枪和加特林机枪。,bak_strings.xml,translated,yes,{FIELD_ARTILLERY_LINK},{FIELD_ARTILLERY_LINK}
1yyVKFnY,Field Artillery,野战炮兵,bak_strings.xml,translated,yes,,
FnYVK1yy,"Cannons weren't just used to siege fortresses anymore in the 19th century. Every modern military would field a battery of artillery, and heavy guns were worth their weight in gold in Bakumatsu era Japan. Pieces of field artillery can be purchased from {FOREIGN_MERCHANTS_LINK}, but are very expensive and very heavy, meaning that too many cannons will bankrupt even an endgame player and slow the party's progress to a crawl. To use these pieces in battle, you must have artillerist troops, marked by a cannon icon on their unit. You can only have 1 artillerist for every 10 men in your army, and can deploy a number of pieces equal to half your artillerists. These guns also start in your reserves when you start a siege, and will not be lost even if the deployed versions are destroyed.{newline}{newline}Artillery can be deployed while pressing K during the deployment phase",19 世纪，火炮不再仅仅用于围攻堡垒。每一支现代军队都会配备一组火炮，而在幕末时代的日本，重型火炮的价值相当于黄金。野战火炮可以从 {FOREIGN_MERCHANTS_LINK} 购买，但非常昂贵且非常重，这意味着太多的火炮甚至会导致游戏结束时的玩家破产，并减慢队伍的进度。要在战斗中使用这些部件，您必须拥有炮兵部队，其部队上标有火炮图标。你的军队中每 10 人只能拥有 1 名炮兵，并且可以部署相当于你的炮兵一半的数量。当你开始攻城时，这些火炮也会在你的储备中开始，即使部署的版本被摧毁也不会丢失。{newline}{newline}在部署阶段按K键可以部署火炮,bak_strings.xml,translated,yes,{FOREIGN_MERCHANTS_LINK} | {newline} | {newline},{FOREIGN_MERCHANTS_LINK} | {newline} | {newline}
Zt4XMACT,Special Ammunition,特种弹药,bak_strings.xml,translated,yes,,
C66WEwA2,"When using {FIELD_ARTILLERY_LINK}, each type of cannon has a default ammunition type, and a handful of special ammunition types. For example, the La Hitte Mountain Gun can shoot shells, round shot, or canister shot. For you or members of your party to be able to use specialized ammo in battle, the overall commander of your side in the battle must have the 'Stonecutters' or 'Siege Engineer' perk.{newline}{newline}You can switch ammo by hitting P before reloading the artillery in battle.",当使用 {FIELD_ARTILLERY_LINK} 时，每种类型的火炮都有一个默认的弹药类型和一些特殊的弹药类型。例如，拉希特山炮可以发射炮弹、圆弹或罐弹。为了让你或你的队伍成员能够在战斗中使用专用弹药，你方在战斗中的总指挥官必须拥有“石匠”或“攻城工程师”特权。{newline}{newline}你可以在战斗中重新装填火炮之前按 P 来切换弹药。,bak_strings.xml,translated,yes,{FIELD_ARTILLERY_LINK} | {newline} | {newline},{FIELD_ARTILLERY_LINK} | {newline} | {newline}
R3mMjibn,Western Lance Shaft,西部矛轴,bak_strings.xml,translated,yes,,
VodYaQio,Western Lance Head,西部兰斯头,bak_strings.xml,translated,yes,,
hV7Gcuw8,Western Lance Banner,西部兰斯旗,bak_strings.xml,translated,yes,,
2a7zdKCr,Yataghan Blade,亚塔汉之刃,bak_strings.xml,translated,yes,,
aWyfg2PR,French Light Cavalry Blade,法国轻骑兵刀,bak_strings.xml,translated,yes,,
AoVPomGX,American Light Cavalry Blade,美国轻骑兵刀片,bak_strings.xml,translated,yes,,
pcyDR24D,Wilkinson-style Blade,威尔金森式刀片,bak_strings.xml,translated,yes,,
VYzQT7Gz,Socket Hilt,套筒刀柄,bak_strings.xml,translated,yes,,
DN7UiAyB,sho_katana_handle_4_brown,sho_katana_handle_4_brown,bak_strings.xml,untranslated_equal,yes,,
ms7EUWqE,Gothic Hilt,哥特式刀柄,bak_strings.xml,translated,yes,,
ms7EUqEW,Three Bar Hilt,三连杆刀柄,bak_strings.xml,translated,yes,,
ASDEUWqE,Kyu Gunto Hilt,久冈藤刀柄,bak_strings.xml,translated,yes,,
NzbJtdPe,Choshu Officer,长州军官,bak_strings.xml,translated,yes,,
mMU3H6HZ,Arena,竞技场,bak_strings.xml,translated,yes,,
Br3Bq7N7,Hatsumokuroku,初目録,bak_strings.xml,translated,yes,,
ees8hQyH,Kanajisho Mokuroku,中目録・免许,bak_strings.xml,translated,yes,,
oIaXn8qV,Naginata Mokuroku,薙刀目録,bak_strings.xml,translated,yes,,
9FmCw4Bg,Daimokuroku-Kaiden,大目録・皆伝,bak_strings.xml,translated,yes,,
doB4e6MT,Junikajō Mokuroku,十二カ条目録,bak_strings.xml,translated,yes,,
YA1D8zxc,Hon Mokuroku,本目録,bak_strings.xml,translated,yes,,
9P8luozd,Sho-Mokuroku,初目録,bak_strings.xml,translated,yes,,
BhwhuG8o,Go-Mokuroku,後目録,bak_strings.xml,translated,yes,,
fZL4F9EU,Chū-Mokuroku,中目録,bak_strings.xml,translated,yes,,
ROllQMrj,Okumokuroku-Menkyo,奥目録・免许,bak_strings.xml,translated,yes,,
RDzDg0b9,Sōmokuroku-Kaiden,総目録・皆伝,bak_strings.xml,translated,yes,,
e0on0sjs,Omote,表,bak_strings.xml,translated,yes,,
FKrjal9r,O-marobashi,大丸桥,bak_strings.xml,translated,yes,,
fr7iL6Eg,Ko-marobashi,小丸桥,bak_strings.xml,translated,yes,,
TmHug8cR,Tengu-sho,天狗庄,bak_strings.xml,translated,yes,,
dZXrRixu,Karimokuroku,鸭目録,bak_strings.xml,translated,yes,,
wuHKfmPe,Mokuroku,目録,bak_strings.xml,translated,yes,,
XmL4GoMr,Gaiden,外伝,bak_strings.xml,translated,yes,,
jwYwlJAv,Naiden,内伝,bak_strings.xml,translated,yes,,
ju3fPS6n,Kaiden,皆伝,bak_strings.xml,translated,yes,,
lgC2LX8Y,Shomokuroku,初目録,bak_strings.xml,translated,yes,,
6fu0Pgwn,Jomokuroku,上目録,bak_strings.xml,translated,yes,,
UU9uc7Z6,Reikenden Mokuroku,灵剑传目録,bak_strings.xml,translated,yes,,
L2ONpX7g,Kyuri-no-Maki Mokuroku,久里之卷目録,bak_strings.xml,translated,yes,,
iRLrNt0o,Goku-i Mokuroku,悟空一目録,bak_strings.xml,translated,yes,,
lB5IyDWZ,Mokuroku-menkyo,目録免许,bak_strings.xml,translated,yes,,
XP2EPFPW,Goyo-mokuroku,五叶目録,bak_strings.xml,translated,yes,,
7xL85pP0,Goka-mokuroku,五华目録,bak_strings.xml,translated,yes,,
NNblQwuC,Goo-mokuroku,后目録,bak_strings.xml,translated,yes,,
kH4e0JyT,Hashiri-gakari Mokuroku,走柱目録,bak_strings.xml,translated,yes,,
iUIIPYmN,Naiden-mokuroku,内传目録,bak_strings.xml,translated,yes,,
67KIBT0f,Tachi-mokuroku,立目録,bak_strings.xml,translated,yes,,
tXhYy27i,Wakizashi-mokuroku,胁差目録,bak_strings.xml,translated,yes,,
nyETWLF6,Oden Mokuroku,御田目録,bak_strings.xml,translated,yes,,
eVZ5xPMe,Tojutsu Tachiai-mokuroku,柔术立合目録,bak_strings.xml,translated,yes,,
8gRaW6II,Tojutsu Iai-mokuroku,柔术居合目録,bak_strings.xml,translated,yes,,
cT1kLRlw,Mokuroku-menkyo,目録免许,bak_strings.xml,translated,yes,,
zxjf5wHR,Yari-mokuroku,枪目録,bak_strings.xml,translated,yes,,
hsuXqhmE,Shuriken-mokuroku,手里剑目録,bak_strings.xml,translated,yes,,
4ZFBhFME,Monomi-mokuroku,物见目録,bak_strings.xml,translated,yes,,
avMH1C6n,Shudan-sentōhō Mokuroku,集段战报目録,bak_strings.xml,translated,yes,,
fJpLo9Gd,Omote no Maki Mokuroku,表之真目録,bak_strings.xml,translated,yes,,
k6Gafnr2,Koran no Maki Mokuroku,《古兰经之卷》,bak_strings.xml,translated,yes,,
xJg9HTTc,Yumi Mokuroku,目録弓,bak_strings.xml,translated,yes,,
vJiwn1t6,Hyōhōmokuroku,兵本六,bak_strings.xml,translated,yes,,
XmRQZY3w,Omote-mokuroku,表目録,bak_strings.xml,translated,yes,,
Fe7wSDVD,Ura-mokuroku,里目録,bak_strings.xml,translated,yes,,
93OCMPWH,Shinshikake Mokuroku-menkyo,新式挂目録免许,bak_strings.xml,translated,yes,,
ic0y29yj,Kasagake-mokuroku,笠挂目録,bak_strings.xml,translated,yes,,
MLTh55ob,Kyujutsu-mokuroku,九术目録,bak_strings.xml,translated,yes,,
8Zb4XSdP,Bajutsu-mokuroku,巴术目録,bak_strings.xml,translated,yes,,
Gn3y0ifK,Reiho-mokuroku,灵宝目録,bak_strings.xml,translated,yes,,
KG71fYbj,Itto-ryu,一刀流,bak_strings.xml,translated,yes,,
xjAEaKXZ,Itto-ryu,一刀流,bak_strings.xml,translated,yes,,
E5f6G7h8,Hokushin Itto-ryu,北辰一刀流,bak_strings.xml,translated,yes,,
L1m2N3o4,Hokushin Itto-ryu,北辰一刀流,bak_strings.xml,translated,yes,,
P9q8R7s6,Shinkage-ryu,新阴流,bak_strings.xml,translated,yes,,
T1u2V3w4,Shinkage-ryu,新阴流,bak_strings.xml,translated,yes,,
F2g3H4i5,Jigen-ryu,示现流,bak_strings.xml,translated,yes,,
J6k7L8m9,Jigen-ryu,示现流,bak_strings.xml,translated,yes,,
N5o6P7q8,Hozoin-ryu,宝藏院流,bak_strings.xml,translated,yes,,
R1s2T3u4,Hozoin-ryu,宝藏院流,bak_strings.xml,translated,yes,,
V9w8X7y6,Tanegashima-ryu,种子岛流,bak_strings.xml,translated,yes,,
Z1a2B3c4,Tanegashima-ryu,种子岛流,bak_strings.xml,translated,yes,,
D5e6F7g8,Takashima-ryu,高岛流,bak_strings.xml,translated,yes,,
H1i2J3k4,Takashima-ryu,高岛流,bak_strings.xml,translated,yes,,
L9m8N7o6,Heki-ryu,日置流,bak_strings.xml,translated,yes,,
P1q2R3s4,Heki-ryu,日置流,bak_strings.xml,translated,yes,,
T5u6V7w8,Shinto Munen-ryu,神道无念流,bak_strings.xml,translated,yes,,
X1y2Z3a4,Shinto Munen-ryu,神道无念流,bak_strings.xml,translated,yes,,
C2d3E4f5,Ogasawara-ryu,小笠原流,bak_strings.xml,translated,yes,,
G6h7I8j9,Ogasawara-ryu,小笠原流,bak_strings.xml,translated,yes,,
K5l6M7n8,Hoki-ryu,伯耆流,bak_strings.xml,translated,yes,,
O1p2Q3r4,Hoki-ryu,伯耆流,bak_strings.xml,translated,yes,,
S2t3U4v5,Shingyoto-ryu,心形刀流,bak_strings.xml,translated,yes,,
W6x7Y8z9,Shingyoto-ryu,心形刀流,bak_strings.xml,translated,yes,,
A6b7C8d9,Tennen Rishin-ryu,大岛流,bak_strings.xml,translated,yes,,
E1f2G3h4,Oshima-ryu,大岛流,bak_strings.xml,translated,yes,,
I5j6K7l8,Tamiya-ryu,田宫流,bak_strings.xml,translated,yes,,
M1n2O3p4,Tamiya-ryu,田宫流,bak_strings.xml,translated,yes,,
Q2r3S4t5,Moriuchi-ryu,森内流,bak_strings.xml,translated,yes,,
U6v7W8x9,Moriuchi-ryu,森内流,bak_strings.xml,translated,yes,,
Y5z6A7b8,Owari Kan-ryu,尾张贯流,bak_strings.xml,translated,yes,,
C1d2E3f4,Owari Kan-ryu,尾张贯流,bak_strings.xml,translated,yes,,
G2h3I4j5,Shinshin-ryu,神心流,bak_strings.xml,translated,yes,,
K6l7M8n9,Shinshin-ryu,神心流,bak_strings.xml,translated,yes,,
O5p6Q7r8,Tatsumi-ryu,辰巳流,bak_strings.xml,translated,yes,,
S1t2U3v4,Tatsumi-ryu,辰巳流,bak_strings.xml,translated,yes,,
W2x3Y4z5,Tennen Rishin-ryu,天然理心流,bak_strings.xml,translated,yes,,
E2f3G4h5,Nanbu-ryu,南部流,bak_strings.xml,translated,yes,,
I6j7K8l9,Nanbu-ryu,南部流,bak_strings.xml,translated,yes,,
M2n3O4p5,Kyoshin Meiichi-ryu,镜新明智流,bak_strings.xml,translated,yes,,
Q6r7S8t9,Kyoshin Meiichi-ryu,镜新明智流,bak_strings.xml,translated,yes,,
dn94xLIW,Jigen-ryu,示现流,bak_strings.xml,translated,yes,,
HWVx2RQH,Taisha-ryu,大社流,bak_strings.xml,translated,yes,,
FYDuP4qf,Hozoin-ryu,宝藏院流,bak_strings.xml,translated,yes,,
Kpolqjpi,Takashima-ryu,高岛流,bak_strings.xml,translated,yes,,
e9up78iw,Takashima Shuhan,高岛修翰,bak_strings.xml,translated,yes,,
aRG5NBuh,Ogasawara-ryu,小笠原流,bak_strings.xml,translated,yes,,
YAEjsSpk,Yagyu Shinkage-ryu,柳生新阴流,bak_strings.xml,translated,yes,,
zUk95oK7,Shingyoto-ryu,心形刀流,bak_strings.xml,translated,yes,,
GNxujC5z,Shingyoto-ryu,心形刀流,bak_strings.xml,translated,yes,,
dy7etYVM,Oshima-ryu,大岛流,bak_strings.xml,translated,yes,,
xA0WdHYT,Choshu-den,长州殿,bak_strings.xml,translated,yes,,
b4t9t4Tu,Hoki-ryu,伯耆流,bak_strings.xml,translated,yes,,
HtHpm6rr,Shinto Munen-ryu,神道无念流,bak_strings.xml,translated,yes,,
C2c7YI66,Jikishinkage-ryu,直心影流,bak_strings.xml,translated,yes,,
cV55WleZ,Fujioka-ryu,藤冈流,bak_strings.xml,translated,yes,,
Mn6pLhBU,Nakanishi-ha,中西叶,bak_strings.xml,translated,yes,,
VQVEpj4H,Kawada-ha,川田霸,bak_strings.xml,translated,yes,,
9l9o7D6I,Jikishinkage-ryu,直心影流,bak_strings.xml,translated,yes,,
Js3OQ9k6,Mugai-ryu,无外流,bak_strings.xml,translated,yes,,
hZsd2hMw,Mugai-ryu,无外流,bak_strings.xml,translated,yes,,
AV7mzihi,Shinto Munen-ryu,神道无念流,bak_strings.xml,translated,yes,,
u7p7dq3N,Heki-ryu,日置流,bak_strings.xml,translated,yes,,
yY3JpPW2,Kofu-den,甲府殿,bak_strings.xml,translated,yes,,
16PE9DkR,Shinkage-ryu,新阴流,bak_strings.xml,translated,yes,,
e0nMZ5CL,Inatomi-ryu,稻取流,bak_strings.xml,translated,yes,,
l8vKVgGg,Kishu Tamiya Ryu,纪州田宫龙,bak_strings.xml,translated,yes,,
xbod2ThM,Tsumaki Ataka Motonari,妻木安贵元就,bak_strings.xml,translated,yes,,
VzjMcLl8,Ono-ha,小野叶,bak_strings.xml,translated,yes,,
8mNOZIZp,Itto-Ryu,伊藤龙,bak_strings.xml,translated,yes,,
FAQ6NbvP,Wakayama-ryu,和歌山流,bak_strings.xml,translated,yes,,
BSEXS69U,Shinkage-ryu,新阴流,bak_strings.xml,translated,yes,,
uXDtR3ft,Moriuchi-ryu,森内流,bak_strings.xml,translated,yes,,
KYOoP3uN,Yagyu Shinkage-ryu,柳生新阴流,bak_strings.xml,translated,yes,,
itQ7pFYL,Owari Kan-ryu,尾张贯流,bak_strings.xml,translated,yes,,
ZRMWzgVh,Chikurin-ha,竹林叶,bak_strings.xml,translated,yes,,
G34Dov6O,Mugai-ryu,无外流,bak_strings.xml,translated,yes,,
TE3jtjR4,Shinto Munen-ryu,神道无念流,bak_strings.xml,translated,yes,,
8MKqmT5c,Shinto Munen-ryu,神道无念流,bak_strings.xml,translated,yes,,
Wwp4MRWh,Hokushin Itto-ryu,北辰一刀流,bak_strings.xml,translated,yes,,
he1f7X6N,Shinto Munen-ryu,神道无念流,bak_strings.xml,translated,yes,,
K4lN6AVO,Hokushin Itto-ryu,北辰一刀流,bak_strings.xml,translated,yes,,
CmjCURLr,Jigo Tenshin-ryu,地吾天神流,bak_strings.xml,translated,yes,,
kfzGKJ3C,Yashima-ha,屋岛叶,bak_strings.xml,translated,yes,,
jCPQ6j2z,Shinkage-ryu,新阴流,bak_strings.xml,translated,yes,,
Y0DGjRFS,Heki-ryu,日置流,bak_strings.xml,translated,yes,,
O9liCb1M,Yagyu Shinkage-ryu,柳生新阴流,bak_strings.xml,translated,yes,,
Jj1toL1Y,Shinto Munen-ryu,神道无念流,bak_strings.xml,translated,yes,,
h1I7PEur,Jikishinkage-ryu,直心影流,bak_strings.xml,translated,yes,,
z5m7bXmK,Heki-ryu,日置流,bak_strings.xml,translated,yes,,
fOnKALpl,Mugai-ryu,无外流,bak_strings.xml,translated,yes,,
L7LRVFPB,Jikishinkage-ryu,直心影流,bak_strings.xml,translated,yes,,
i9kiFKJ2,Tsushin-ryu,通信流,bak_strings.xml,translated,yes,,
v4LvjYZX,Sekiguchi Shin Shin-ryu,关口新心流,bak_strings.xml,translated,yes,,
IfZDvkbY,Rishin-ryu,理心流,bak_strings.xml,translated,yes,,
c3qcXyBO,Tatsumi-ryu,辰巳流,bak_strings.xml,translated,yes,,
OfgUFL4H,Shin'in Itto-ryu,心院一刀流,bak_strings.xml,translated,yes,,
HV1MNEAJ,Kodokan,讲道馆,bak_strings.xml,translated,yes,,
yytMdnlK,Kozawa Torakichi,小泽虎吉,bak_strings.xml,translated,yes,,
ZycbgH4K,Takada-ha,高田羽,bak_strings.xml,translated,yes,,
pxWL5EoM,Yagyu Shinkage-ryu,柳生新阴流,bak_strings.xml,translated,yes,,
n7NKzOGo,Shinshin-ryu,神心流,bak_strings.xml,translated,yes,,
Y0g3OtyR,Mugai-ryu,无外流,bak_strings.xml,translated,yes,,
FjWtFjkl,Mizoguchi-ha,沟口叶,bak_strings.xml,translated,yes,,
F47pnUmJ,Kawada-ha,川田霸,bak_strings.xml,translated,yes,,
ftmr7rHR,Itto-ryu,一刀流,bak_strings.xml,translated,yes,,
cqWsQsQW,Ono-ha,小野叶,bak_strings.xml,translated,yes,,
BAacPI2x,Yagyu Shinkage-ryu,柳生新阴流,bak_strings.xml,translated,yes,,
WeaDmapf,Nanbu-ryu,南部流,bak_strings.xml,translated,yes,,
PaOSYLs2,Tenshin Itto-ryu,天心一刀流,bak_strings.xml,translated,yes,,
AX5JahyV,Genbukan,玄武馆,bak_strings.xml,translated,yes,,
kyyUdUWj,Chiba Michisaburō,千叶道三郎,bak_strings.xml,translated,yes,,
fJruoS8b,Renpeikan,练兵馆,bak_strings.xml,translated,yes,,
pPhUxKwN,Saito Yakuro,斋藤八郎,bak_strings.xml,translated,yes,,
pA57gbh0,Shigakukan,志学馆,bak_strings.xml,translated,yes,,
2YwFm87K,Momoi Junzō,桃井纯三,bak_strings.xml,translated,yes,,
300v5mE3,Odani Dojo,忠诚道场,bak_strings.xml,translated,yes,,
Fgw9DOs0,Otani Nobutomo,大谷信友,bak_strings.xml,translated,yes,,
NgHLM8I4,Shieikan,志荣馆,bak_strings.xml,translated,yes,,
lmEWdeLY,Sato Hikogoro,佐藤彦五郎,bak_strings.xml,translated,yes,,
NgHLM841,Renbukan,练武馆,bak_strings.xml,translated,yes,,
zkOmz2oV,Kingdom has the {CONTRADICTORY_POLICY} policy,Kingdom 有 {CONTRADICTORY_POLICY} 政策,bak_strings.xml,translated,yes,{CONTRADICTORY_POLICY},{CONTRADICTORY_POLICY}
BaPTImFi,Import Firearms,进口枪支,bak_strings.xml,translated,yes,,
BaPDImFi,"Given how outdated our current firearms are, it is better to import modern ones from across the sea to arm our troops, whatever the cost to our own domestic industry.",鉴于我们目前的枪支已经过时，最好从大洋彼岸进口现代枪支来武装我们的军队，无论我们国内工业付出什么代价。,bak_strings.xml,translated,yes,,
BaPEImFi,importing firearms,进口枪支,bak_strings.xml,translated,yes,,
BaPLImFi,Town prosperity is decreased by 0.5{newline}Modern troop recruitment rate increases by 20%{newline}Foreign Arms Dealers appear in town keeps,城镇繁荣度降低0.5{newline}近代部队征募率增加20%{newline}城镇要塞中出现外国军火商,bak_strings.xml,translated,yes,{newline} | {newline},{newline} | {newline}
BaPTWeDr,Western Drill,西式操典,bak_strings.xml,translated,yes,,
BaPDWeDr,"Adopt military practices from Western powers, emphasizing drill, discipline, and battlefield maneuver. Lords begin training their retainers to fight in formation, rather than relying on traditional melee tactics.",借鉴西方列强的军事做法，强调训练、纪律和战场机动。领主们开始训练他们的家臣以队形作战，而不是依赖传统的近战战术。,bak_strings.xml,translated,yes,,
BaPEWeDr,western drill,西式操典,bak_strings.xml,translated,yes,,
BaPLWeDr,Lord party sizes are increased by 20{newline}Modern troop recruitment rate increases by 20%{newline}Troop wages are increased by 10%,领主队伍规模增加20{newline}近代部队招募率增加20%{newline}部队工资增加10%,bak_strings.xml,translated,yes,{newline} | {newline},{newline} | {newline}
BaPTStUn,Standard Uniforms,标准制服,bak_strings.xml,translated,yes,,
BaPDStUn,"Adopt standardized uniforms for modern units. These make units easier to identify, coordinate, and supply, while promoting discipline and unity among troops.",采用现代化单位标准化制服。这些使得部队更容易识别、协调和补给，同时促进部队之间的纪律和团结。,bak_strings.xml,translated,yes,,
BaPEStUn,standard uniforms,标准制服,bak_strings.xml,translated,yes,,
BaPLStUn,Gun troop upgrade costs are reduced by 20%{newline}Modern troop recruitment rate increases by 10%,枪兵部队升级费用降低20%{newline}近代部队招募率提高10%,bak_strings.xml,translated,yes,{newline},{newline}
BaPTImCo,Implement Conscription,实施征兵制,bak_strings.xml,translated,yes,,
BaPDImCo,"Implement conscription to create a standing modern army. By requiring all able-bodied men to serve, the military grows rapidly, though at the cost of social unrest and economic strain.",实行征兵制，建设现代化常备军。通过要求所有身体健全的男子服役，军队迅速发展，尽管代价是社会动荡和经济紧张。,bak_strings.xml,translated,yes,,
BaPEImCo,implemented conscription,实行征兵制,bak_strings.xml,translated,yes,,
BaPLImCo,Town prosperity is decreased by 2{newline}Settlement loyalty is decreased by 1{newline}Troop wages are decreased by 20%{newline}Troop recruitment costs are decreased by 25%{newline}Modern troop recruitment rate increases by 50%,城镇繁荣度降低2{newline}聚落忠诚度降低1{newline}部队工资降低20%{newline}征兵成本降低25%{newline}近代部队征募率提升50%,bak_strings.xml,translated,yes,{newline} | {newline} | {newline} | {newline},{newline} | {newline} | {newline} | {newline}
BaPTInEc,Industrialize the Economy,经济工业化,bak_strings.xml,translated,yes,,
BaPDInEc,"Invest heavily in modern industries, with towns fostering ironworks, textiles, and modern construction. Villages grow as they supply food and manpower to new urban centers.",大力投资现代工业，城镇大力发展钢铁厂、纺织业和现代建筑业。村庄随着向新的城市中心提供食物和人力而不断发展。,bak_strings.xml,translated,yes,,
BaPEInEc,industrializing economy,工业化经济,bak_strings.xml,translated,yes,,
BaPLInEc,Town prosperity is increased by 5{newline}Village hearth is increased by 3{newline}Workshop production is increased by 10%{newline}Clans lose 2 influence per day,城镇繁荣度增加5{newline}村落繁荣度增加3{newline}车间产量增加10%{newline}部落每天损失2点影响力,bak_strings.xml,translated,yes,{newline} | {newline} | {newline},{newline} | {newline} | {newline}
BaPTDiSa,Dissolve the Samurai,解散武士,bak_strings.xml,translated,yes,,
BaPDDiSa,"Abolish the privileges of the samurai class, stripping them of stipends and exclusive rights. Their former domains are reorganized under new laws and modern administration.",废除武士阶级的特权，剥夺他们的津贴和专有权。他们以前的藩根据新的法律和现代管理进行了重组。,bak_strings.xml,translated,yes,,
BaPEDiSa,dissolved the samurai,解散武士,bak_strings.xml,translated,yes,,
BaPLDiSa,Clans lose 2 influence per day{newline}Town prosperity and village hearth is increased by 2{newline}Town security is increased by 1{newline}Social caste no longer has any effect in settlements owned by this kingdom,部落每天失去 2 点影响力{newline}城镇繁荣和村落繁荣度增加 2{newline}城镇安全增加 1{newline}社会阶层不再对该藩国拥有的定居点产生任何影响,bak_strings.xml,translated,yes,{newline} | {newline} | {newline},{newline} | {newline} | {newline}
BaPTBrMi,British Military Mission,英国军事代表团,bak_strings.xml,translated,yes,,
BaPDBrMi,"Invite British advisors to train troops and officers in modern military tactics and logistics, leading to more professional and skilled units.",邀请英国顾问对部队和军官进行现代军事战术和后勤方面的培训，从而培养出更加专业和技术精湛的部队。,bak_strings.xml,translated,yes,,
BaPEBrMi,British military mission,英国军事使命,bak_strings.xml,translated,yes,,
BaPLBrMi,Gun troop upgrade costs are reduced by 25%{newline}Troop wages are increased by 10%{newline}Modern troop recruitment rate increases by 10%,枪兵部队升级费用减少25%{newline}部队工资增加10%{newline}近代部队招募率增加10%,bak_strings.xml,translated,yes,{newline} | {newline},{newline} | {newline}
BaPTFrMi,French Military Mission,法国军事代表团,bak_strings.xml,translated,yes,,
BaPDFrMi,"Invite French advisors to train troops and officers in modern military tactics and logistics, leading to more professional and skilled units.",邀请法国顾问对部队和军官进行现代军事战术和后勤培训，打造更加专业和技术精湛的部队。,bak_strings.xml,translated,yes,,
BaPEFrMi,French military mission,法国军事使命,bak_strings.xml,translated,yes,,
BaPLFrMi,Gun troop upgrade costs are reduced by 25%{newline}Troop wages are increased by 10%{newline}Modern troop recruitment rate increases by 10%,枪兵部队升级费用减少25%{newline}部队工资增加10%{newline}近代部队招募率增加10%,bak_strings.xml,translated,yes,{newline} | {newline},{newline} | {newline}
BaPTExWe,Expel the Barbarians,驱逐蛮夷,bak_strings.xml,translated,yes,,
BaPDExWe,"Reignite sonnō-jōi sentiment and expel foreign advisors and missionaries. This policy unifies conservatives and traditionalists, but causes economic setbacks.",重燃尊王攘夷情绪，驱逐外国顾问和传教士。这项政策将保守派和传统主义者联合起来，但却造成了经济挫折。,bak_strings.xml,translated,yes,,
BaPEExWe,expelled the westerners,驱逐西方人,bak_strings.xml,translated,yes,,
BaPLExWe,Settlement security and loyalty is increased by 1{newline}Town prosperity is decreased by 2{newline}Clans gain 3 influence per day,定居点安全性和忠诚度提高 1{newline}城镇繁荣度降低 2{newline}部落每天获得 3 影响力,bak_strings.xml,translated,yes,{newline} | {newline},{newline} | {newline}
BaPTSako,Sakoku,锁国,bak_strings.xml,translated,yes,,
BaPDSako,"Reinstitute the closed country policy of previous centuries, isolating the nation from foreign influence while bolstering internal cohesion and traditional values.",重新实行前几个世纪的封闭国家政策，使国家免受外国影响，同时增强内部凝聚力和传统价值观。,bak_strings.xml,translated,yes,,
BaPESako,closed country,锁国,bak_strings.xml,translated,yes,,
BaPLSako,Settlement security and loyalty is increased by 2{newline}Town prosperity is decreased by 3{newline}Clans gain 3 influence per day{newline}Traditional troop recruitment rate increases by 50%,定居点安全性和忠诚度增加2{newline}城镇繁荣度减少3{newline}部落每天获得3点影响力{newline}传统部队征募率增加50%,bak_strings.xml,translated,yes,{newline} | {newline} | {newline},{newline} | {newline} | {newline}
BaPTRanp,Ranpo,兰方,bak_strings.xml,translated,yes,,
BaPDRanp,"Embrace Western medical science, known as Ranpo, derived from Dutch texts and modern anatomy. Hospitals and domain physicians begin applying these foreign techniques to improve public health and treat battlefield wounds.",引入西方医学，即所谓“兰学”，源自荷兰文献和现代解剖学。医院和战地医生开始应用这些外国技术来改善公共卫生和治疗战场伤口。,bak_strings.xml,translated,yes,,
BaPERanp,ranpo,兰方,bak_strings.xml,translated,yes,,
BaPLRanp,Troops have 10% higher chance to recover from fatal wounds{newline}Troop wages are increased by 5%{newline}Town prosperity is increased by 1,部队致命伤恢复几率提高10%{newline}部队工资增加5%{newline}城镇繁荣度增加1,bak_strings.xml,translated,yes,{newline} | {newline},{newline} | {newline}
BaPTCurr,New Currency Act,新货币法,bak_strings.xml,translated,yes,,
BaPDCurr,"Introduce a modern national currency system based on paper bills and minted coins. This replaces the feudal koku rice standard, streamlining commerce and aligning the economy with Western financial practices.",引入基于纸币和铸造硬币的现代国家货币体系。这取代了封建的石米标准，简化了商业并使经济与西方金融实践保持一致。,bak_strings.xml,translated,yes,,
BaPECurr,currency system,币制,bak_strings.xml,translated,yes,,
BaPLCurr,Town prosperity is increased by 2{newline}Village hearth is increased by 2,城镇繁荣度增加2{newline}村落繁荣度增加2,bak_strings.xml,translated,yes,{newline},{newline}
BaPTZaib,Zaibatsu,财阀,bak_strings.xml,translated,yes,,
BaPDZaib,"Encourage the rise of powerful merchant families to organize and centralize industrial production, at the cost of diminishing local tax revenue.",鼓励强大的商人家族的崛起来组织和集中工业生产，但代价是地方税收收入减少。,bak_strings.xml,translated,yes,,
BaPEZaib,zaibatsu,财阀,bak_strings.xml,translated,yes,,
BaPLZaib,Workshop production is increased by 25%{newline}Tax income in settlements are reduced by 10%,车间产量增加25%{newline}定居点税收减少10%,bak_strings.xml,translated,yes,{newline},{newline}
BaPTPuEd,Gakusei,学制,bak_strings.xml,translated,yes,,
BaPDPuEd,"Establish a nationwide school system to educate children of all classes in literacy, arithmetic, and civics. By fostering an informed and disciplined populace, the nation prepares future soldiers, administrators, and industrial workers.",建立全国性的流派系统，对各阶层的儿童进行识字、算术和公民教育。通过培养知识渊博、纪律严明的民众，国家可以培养未来的士兵、行政人员和产业工人。,bak_strings.xml,translated,yes,,
BaPEPuEd,public education,公共教育,bak_strings.xml,translated,yes,,
BaPLPuEd,Settlement loyalty is increased by 0.5{newline}Clans lose 0.5 influence per day{newline}Settlement prosperity is increased by 1,聚落忠诚度增加0.5{newline}部落每天失去0.5影响力{newline}聚落繁荣度增加1,bak_strings.xml,translated,yes,{newline} | {newline},{newline} | {newline}
BaPTNaSp,National Spirit,民族精神,bak_strings.xml,translated,yes,,
BaPDNaSp,"Promote a national ideology rooted in loyalty, discipline, and Bushidō. Through ceremonies, oaths, and state rhetoric, soldiers and citizens alike are bound to the cause of unifying and strengthening the nation.",弘扬以忠诚、纪律和武士道为基础的国家意识形态。通过仪式、誓言和国家言论，士兵和公民都致力于统一和加强国家的事业。,bak_strings.xml,translated,yes,,
BaPENaSp,national spirit,民族精神,bak_strings.xml,translated,yes,,
BaPLNaSp,The influence cost of creating an army is reduced by 10%{newline}Army cohesion deteriorates 20% slower{newline}Settlement security is increased by 0.5,创建军队的影响力成本降低10%{newline}军队凝聚力下降速度减缓20%{newline}定居点安全性提高0.5,bak_strings.xml,translated,yes,{newline} | {newline},{newline} | {newline}
BaPTSwSc,Sword Schools,剑术流派,bak_strings.xml,translated,yes,,
BaPDSwSc,Reform and fund kenjutsu dojos to train young samurai in traditional swordsmanship. These schools preserve martial heritage while preparing warriors for the shifting nature of modern warfare.,改革并资助剑术道场，以培训年轻武士传统剑术。这些流派保留军事遗产，同时为战士们做好应对现代战争不断变化的性质的准备。,bak_strings.xml,translated,yes,,
BaPESwSc,sword schools,剑术流派,bak_strings.xml,translated,yes,,
BaPLSwSc,Traditional troop recruitment rate increases by 10%,传统部队征募率提升10%,bak_strings.xml,translated,yes,,
BaPTTrWa,Traditional Wars,传统战争,bak_strings.xml,translated,yes,,
BaPDTrWa,"No matter how much we adopt modern technology, war must not change. We are samurai, and we shall fight like it.",无论我们如何采用现代技术，战争都不能改变。我们是武士，我们要像武士一样战斗。,bak_strings.xml,translated,yes,,
BaPETrWa,traditional war,传统战争,bak_strings.xml,translated,yes,,
BaPLTrWa,Traditional troop recruitment rate increases by 30%,传统部队征募率提升30%,bak_strings.xml,translated,yes,,
BaPTOfAc,Officer Academies,军官学院,bak_strings.xml,translated,yes,,
BaPDOfAc,"Establish modern officer academies to educate young samurai in Western military tactics, strategy, and leadership. These institutions lay the foundation for a professionalized command structure.",建立现代军官学院，对年轻武士进行西方军事战术、战略和领导力教育。这些机构为专业化的指挥结构奠定了基础。,bak_strings.xml,translated,yes,,
BaPEOfAc,officer academies,军官学院,bak_strings.xml,translated,yes,,
BaPLOfAc,Modern troop recruitment rate increases by 10%,近代部队招募率提高10%,bak_strings.xml,translated,yes,,
BaPTRail,Establish Railroad Network,建立铁路网,bak_strings.xml,translated,yes,,
BaPDRail,TODO,建设铁路网,bak_strings.xml,translated,yes,,
BaPERail,railroads,铁路,bak_strings.xml,translated,yes,,
BaPLRail,TODO,铁路效果,bak_strings.xml,translated,yes,,
BaPTImAl,Revere the Emperor,尊崇皇帝,bak_strings.xml,translated,yes,,
BaPDImAl,"Elevate the Emperor as a living symbol of divine unity. Troops fight not for domain or province, but for the restoration of Imperial rule.",将皇帝提升为神圣统一的活生生的象征。军队不是为了领土或省份而战，而是为了恢复帝国统治。,bak_strings.xml,translated,yes,,
BaPEImAl,serving the emperor,侍奉皇帝,bak_strings.xml,translated,yes,,
BaPLImAl,Allows recruitment of Imperial Army soldiers,允许招募帝国陆军士兵,bak_strings.xml,translated,yes,,
BaPTShAl,Serve the Shogun,侍奉将军,bak_strings.xml,translated,yes,,
BaPDShAl,"Reaffirm loyalty to the Tokugawa Shogunate. Troops and administrators act in service to the established bakufu, preserving order and tradition.",重申对德川幕府的忠诚。军队和行政人员为既定的幕府服务，维护秩序和传统。,bak_strings.xml,translated,yes,,
BaPEShAl,serving the shogun,为幕府将军服务,bak_strings.xml,translated,yes,,
BaPLShAl,Allows recruitment of Shogunate soldiers,允许招募幕府士兵,bak_strings.xml,translated,yes,,
Bwlu7YVv,Kenjutsu,剑术,bak_strings.xml,translated,yes,,
5wsW9s9w,Battojutsu,拔刀术,bak_strings.xml,translated,yes,,
xMXxXOWn,Sojutsu,枪术,bak_strings.xml,translated,yes,,
18ybQYwG,Bojutsu,棒术,bak_strings.xml,translated,yes,,
hrGOqdkO,Naginatajutsu,薙刀术,bak_strings.xml,translated,yes,,
0XyBvbgJ,Jojutsu,杖术,bak_strings.xml,translated,yes,,
9A8GAr1u,Kyujutsu,弓术,bak_strings.xml,translated,yes,,
YYxcIhgg,Hojutsu,炮术,bak_strings.xml,translated,yes,,
PTIkb3DN,Kasagake,笠挂,bak_strings.xml,translated,yes,,
JtuBJ7vT,Bajutsu,巴术,bak_strings.xml,translated,yes,,
5fbPC9f9,{CURRENT_RYUHA} Master,{CURRENT_RYUHA} 师范,bak_strings.xml,translated,yes,{CURRENT_RYUHA},{CURRENT_RYUHA}
PNdRrX3M,Dojo Shihan,道场师范,bak_strings.xml,translated,yes,,
psszxhHA,Dojo:,道场：,bak_strings.xml,translated,yes,,
izlkGdyN,School:,流派：,bak_strings.xml,translated,yes,,
PaqnsR39,Achievements: ,成就：,bak_strings.xml,translated,yes,,
AUadhzCx,Rank: ,秩：,bak_strings.xml,translated,yes,,
7RN91ZBe,Scrolls: ,卷轴：,bak_strings.xml,translated,yes,,
sSi5NMFs,You are looking among the various dojos of {CURRENT_SETTLEMENT},你正在 {CURRENT_SETTLEMENT} 的各个道场中寻找,bak_strings.xml,translated,yes,{CURRENT_SETTLEMENT},{CURRENT_SETTLEMENT}
UPcWJB5H,"You approach {CURRENT_SETTLEMENT}, a school of the {SCHOOL_TEXT}. {PROSPERITY_STATEMENT}",你来到 {CURRENT_SETTLEMENT}，这里有 {SCHOOL_TEXT} 流派。{PROSPERITY_STATEMENT},bak_strings.xml,translated,yes,{CURRENT_SETTLEMENT} | {SCHOOL_TEXT} | {PROSPERITY_STATEMENT},{CURRENT_SETTLEMENT} | {SCHOOL_TEXT} | {PROSPERITY_STATEMENT}
Lxc2hdfU,"The dojo appears to be half-abandoned and scarcely visited by local inhabitants, showing how unknown the martial school is.",道场似乎已经半废弃，当地居民也很少参观，可见这所武术流派是多么不为人知。,bak_strings.xml,translated,yes,,
eDJCjpfF,"The dojo appears to be well-maintained and attracting a modest number of students from the province, showing that the school is averagely well known.",道场似乎维护得很好，吸引了少量来自该省的学生，这表明这所流派的知名度一般。,bak_strings.xml,translated,yes,,
Q9RbQzD9,"The dojo appears to be richly decorated and crowded with students from across the region, demonstrating the fame of this martial school.",道场看起来装饰华丽，挤满了来自各地的学生，足见这所武校的名气。,bak_strings.xml,translated,yes,,
25jfMWVQ,None,没有任何,bak_strings.xml,translated,yes,,
xzOSwEgp,Keppan,血判,bak_strings.xml,translated,yes,,
B9L5IgZ0,Mokuroku,目録,bak_strings.xml,translated,yes,,
dBf2v3x1,Menkyo,免许,bak_strings.xml,translated,yes,,
c5bTIlzQ,Menkyo Kaiden,免许皆伝,bak_strings.xml,translated,yes,,
xbQk5sCF,Soke,宗家,bak_strings.xml,translated,yes,,
vQALmjEM,"You have conducted yourself with diligence in today's sparring, {PLAYER.LINK}. While errors were present, your attentiveness to form is commendable. Continue to refine your technique.",今天的对练中，你表现得很勤奋，{PLAYER.LINK}。虽然还有一些失误，但你对招式的注意值得称赞。继续磨炼你的技艺。,bak_strings.xml,translated,yes,{PLAYER.LINK},{PLAYER.LINK}
DVNtArBS,"Your performance against {OPPONENT_COUNT} of your fellow students demonstrates growing competence. Remember, mastery is achieved through repetition and mindful correction of one's mistakes.",你与 {OPPONENT_COUNT} 名同门的交手展现出日益增长的实力。请记住，精通技艺来自反复练习，以及认真纠正自己的错误。,bak_strings.xml,translated,yes,{OPPONENT_COUNT},{OPPONENT_COUNT}
hK5PFhNu,"You displayed considerable skill and discipline in today's exercises. There remain lapses in timing and precision, but your effort against {OPPONENT_COUNT} peers is noted and serves as a foundation for further improvement.",你在今天的训练中展现出了相当出色的技巧和纪律性。你的时机把握和精准度仍有不足，但你与 {OPPONENT_COUNT} 名同门切磋时所付出的努力值得肯定，并为进一步提高打下了基础。,bak_strings.xml,translated,yes,{OPPONENT_COUNT},{OPPONENT_COUNT}
bZO4pIhj,"Well done, {PLAYER.LINK}. Your engagements with {OPPONENT_COUNT} students were executed with composure and intent. Maintain this focus, and your proficiency will continue to advance.",干得好，{PLAYER.LINK}。你与 {OPPONENT_COUNT} 名学生的交手沉着而专注。保持这种专注，你的技艺会继续精进。,bak_strings.xml,translated,yes,{PLAYER.LINK} | {OPPONENT_COUNT},{PLAYER.LINK} | {OPPONENT_COUNT}
s1VKnfuj,Your discipline in sparring with {OPPONENT_COUNT} peers is evident. Each encounter should be regarded as a lesson. Take these observations to heart and let them guide your continued training.,你与 {OPPONENT_COUNT} 名同门对练时展现出的自律有目共睹。每一次交手都应视为一次学习。牢记这些经验，让它们指引你继续修行。,bak_strings.xml,translated,yes,{OPPONENT_COUNT},{OPPONENT_COUNT}
0wiYRdYM,"A notable display of technique, {PLAYER.LINK}. You faced {OPPONENT_COUNT} fellow students with control and determination. Persist in attentive practice, and your abilities will be solidified.",技艺展现得相当出色，{PLAYER.LINK}。你面对 {OPPONENT_COUNT} 名同门时沉着而坚定。继续专心练习，你的能力将日益扎实。,bak_strings.xml,translated,yes,{PLAYER.LINK} | {OPPONENT_COUNT},{PLAYER.LINK} | {OPPONENT_COUNT}
fkM6Q6QV,"Congratulations, {PLAYER.LINK}. You have concluded today's series of exercises with distinction. Consistency, focus, and diligence are the hallmarks of a competent martial artist; continue to embody them.",恭喜你，{PLAYER.LINK}。你出色地完成了今天的一系列训练。稳定、专注与勤奋是一名优秀武者的标志；继续保持。,bak_strings.xml,translated,yes,{PLAYER.LINK},{PLAYER.LINK}
43b09aiy,"Your technique is sound and your control commendable. Continue in this manner, and you will surpass even your current abilities.",你的技术很不错，你的控制力值得称赞。继续这样下去，你甚至会超越你现在的能力。,bak_strings.xml,translated,yes,,
JDLHLW4z,"You showed courage, yet your form faltered in key moments. Take this to heart, and refine your movements in preparation for the next encounter.",你表现出了勇气，但在关键时刻你的状态却出现了动摇。牢记这一点，并完善你的动作，为下一次遭遇做好准备。,bak_strings.xml,translated,yes,,
sP43W5iP,"You have bested my student, {PLAYER.LINK}. Take your victory, but know that this dojo will not yield so easily next time.",你打败了我的学生{PLAYER.LINK}。取得你的胜利，但要知道，这个道场下次不会那么轻易屈服。,bak_strings.xml,translated,yes,{PLAYER.LINK},{PLAYER.LINK}
OfvZBKj6,"As expected, my student prevails. This dojo's training endures and proves its strength.",正如所料，我的学生获胜了。这个道场的训练经久不衰，并证明了它的实力。,bak_strings.xml,translated,yes,,
CPHIlmTG,"You have defeated our representative, {PLAYER.LINK}. While your skill is clear, this dojo's honor remains intact, and we shall prepare anew.",你击败了我们的代表{PLAYER.LINK}。虽然你的实力已经很清楚了，但这个道场的荣誉仍然完好无损，我们将重新准备。,bak_strings.xml,translated,yes,{PLAYER.LINK},{PLAYER.LINK}
HuQCw2xA,Our student has claimed victory. This outcome reaffirms the superiority of our training and the rigor of our discipline.,我们的学生宣布胜利。这一结果再次证明了我们训练的优越性和纪律的严格性。,bak_strings.xml,translated,yes,,
pc3lmTFV,"The duel is lost. You have prevailed, {PLAYER.LINK}. Depart now, that I may properly attend to the consequences of this contest and honor those who have fallen.",这场决斗你败了。不过胜者是你，{PLAYER.LINK}。现在请离去，让我妥善处理这场比试的后果，并悼念那些倒下的人。,bak_strings.xml,translated,yes,{PLAYER.LINK},{PLAYER.LINK}
ewuVlKhm,"You have been defeated in this deadly contest, {PLAYER.LINK}. Your skill was noted, yet the outcome is clear. Your life shall be spared, but consider this a grave lesson.",你在这场致命的较量中失败了，{PLAYER.LINK}。你的技巧被注意到了，但结果是显而易见的。你的生命将被保全，但请将此视为一个严重的教训。,bak_strings.xml,translated,yes,{PLAYER.LINK},{PLAYER.LINK}
BHmyQ4x3,"It is as it must be. This dojo has been vanquished, {PLAYER.LINK}. Our signboard shall be removed, and my students must follow where honor now permits. You have claimed what was once ours.",事情就是这样。这个道场已经被征服了，{PLAYER.LINK}。我们的招牌将被拆除，我的学生必须在荣誉允许的情况下遵循。你已经夺走了曾经属于我们的东西。,bak_strings.xml,translated,yes,{PLAYER.LINK},{PLAYER.LINK}
fOX9DG6S,"The challenge has been met and repelled. This dojo stands, our honor intact, and my students remain under my guidance. Remember this lesson, {PLAYER.LINK}.",挑战已被迎接并被击退。这个道场依然存在，我们的荣誉完好无损，我的学生们仍然在我的指导下。记住这个教训，{PLAYER.LINK}。,bak_strings.xml,translated,yes,{PLAYER.LINK},{PLAYER.LINK}
gyqgse3m,You have won {AMOUNT} renown for {SCHOOL_NAME},您已为 {SCHOOL_NAME} 赢得 {AMOUNT} 声誉,bak_strings.xml,translated,yes,{AMOUNT} | {SCHOOL_NAME},{SCHOOL_NAME} | {AMOUNT}
vNlEozjp,{SCHOOL_NAME} has gained {AMOUNT} renown,{SCHOOL_NAME} 获得了 {AMOUNT} 声誉,bak_strings.xml,translated,yes,{SCHOOL_NAME} | {AMOUNT},{SCHOOL_NAME} | {AMOUNT}
Xgkay8ZZ,You have lose {AMOUNT} renown for {SCHOOL_NAME_2},您因 {SCHOOL_NAME_2} 失去了 {AMOUNT} 声望,bak_strings.xml,translated,yes,{AMOUNT} | {SCHOOL_NAME_2},{SCHOOL_NAME_2} | {AMOUNT}
AHy8Jymb,{SCHOOL_NAME_2} has lost {AMOUNT} renown,{SCHOOL_NAME_2} 失去了 {AMOUNT} 声誉,bak_strings.xml,translated,yes,{SCHOOL_NAME_2} | {AMOUNT},{SCHOOL_NAME_2} | {AMOUNT}
9tIiOAnC,Upgrade to {UPGRADE_TARGET}{newline}Requires: {REQUIRED_ALIGNMENT}-Aligned (You are {PARTY_ALIGNMENT}),升级至 {UPGRADE_TARGET}{newline}需要：{REQUIRED_ALIGNMENT} 阵营（你属于 {PARTY_ALIGNMENT} 阵营）,bak_strings.xml,translated,yes,{UPGRADE_TARGET} | {newline} | {REQUIRED_ALIGNMENT} | {PARTY_ALIGNMENT},{UPGRADE_TARGET} | {newline} | {REQUIRED_ALIGNMENT} | {PARTY_ALIGNMENT}
LS8v6nSG,Upgrade to {UPGRADE_TARGET}{NEEDS_REFORM}{NEEDS_POLICY},升级到 {UPGRADE_TARGET}{NEEDS_REFORM}{NEEDS_POLICY},bak_strings.xml,translated,yes,{UPGRADE_TARGET} | {NEEDS_REFORM} | {NEEDS_POLICY},{UPGRADE_TARGET} | {NEEDS_REFORM} | {NEEDS_POLICY}
Iujoylyl,Upgrade to {UPGRADE_TARGET}{newline}You have too many artillerists,升级到{UPGRADE_TARGET}{newline}你的炮兵太多了,bak_strings.xml,translated,yes,{UPGRADE_TARGET} | {newline},{UPGRADE_TARGET} | {newline}
BaTratLT,Loyalty,忠诚,bak_strings.xml,translated,yes,,
BaTrtLoA,Sabaku-ha,佐幕派,bak_strings.xml,translated,yes,,
BaTrtLoB,Hōkoku,报国,bak_strings.xml,translated,yes,,
BaTrtLoC,Sonnō,尊王,bak_strings.xml,translated,yes,,
BaTrtLoD,Kinnō-Tobaku,锦野东博,bak_strings.xml,translated,yes,,
BaTratRT,Reformer,改革派,bak_strings.xml,translated,yes,,
BaTrtReA,Kōbudō,古武多,bak_strings.xml,translated,yes,,
BaTrtReB,Kōshū,甲州,bak_strings.xml,translated,yes,,
BaTrtReC,Kairyō,改良,bak_strings.xml,translated,yes,,
BaTrtReD,Kyōhei,强兵,bak_strings.xml,translated,yes,,
BaTratCT,Foreign Influence,外国影响,bak_strings.xml,translated,yes,,
BaTrtFIA,Sakoku,锁国,bak_strings.xml,translated,yes,,
BaTrtFIB,Jōi,攘夷,bak_strings.xml,translated,yes,,
BaTrtFIC,Fukoku,富国,bak_strings.xml,translated,yes,,
BaTrtFID,Bunmei-kaika,文明开化,bak_strings.xml,translated,yes,,
NaMPa4ML,Loyalty,忠诚,bak_strings.xml,translated,yes,,
hR6Zo6pD,Reformer,改革派,bak_strings.xml,translated,yes,,
HMFb1gaq,Foreign Influence,外国影响,bak_strings.xml,translated,yes,,
aWns3XLH,Artillery,炮兵,bak_strings.xml,translated,yes,,
Bu3WNzRR,Region,地区,bak_strings.xml,translated,yes,,
Bu3WNzr5,Kansai,关西,bak_strings.xml,translated,yes,,
a0iCUC9O,Tōhoku,东北,bak_strings.xml,translated,yes,,
VBYqEwdI,Shikoku,四国,bak_strings.xml,translated,yes,,
NsGC9toI,Kyūshū,九州,bak_strings.xml,translated,yes,,
Q1EKFvj8,Chūgoku,中国,bak_strings.xml,translated,yes,,
NUjXCfvp,Kantō,关东,bak_strings.xml,translated,yes,,
jqNGNZAe,Tōkai,东海,bak_strings.xml,translated,yes,,
FKP2xyMw,Tōsan,东山,bak_strings.xml,translated,yes,,
Xg8SifD3,Hokuriku,北陆,bak_strings.xml,translated,yes,,
Ar3WNzr5,Ezo,虾夷,bak_strings.xml,translated,yes,,
vB9pXLex,The Court of the Emperor,皇帝的法庭,bak_strings.xml,translated,yes,,
Oh0CFqmN,The Old North,老北区,bak_strings.xml,translated,yes,,
mM79y0Qn,The Broker of Power,权力掮客,bak_strings.xml,translated,yes,,
wW2JWSdn,The Forge of Reform,改革的熔炉,bak_strings.xml,translated,yes,,
o4N0AKUh,The Hotbed of Revolt,反抗的温床,bak_strings.xml,translated,yes,,
BmwNr0qQ,The Seat of the Shogun,幕府将军的座位,bak_strings.xml,translated,yes,,
1m6uURng,The Great Road,伟大之路,bak_strings.xml,translated,yes,,
IKWrry8v,The Spine of the Shogunate,幕府的脊柱,bak_strings.xml,translated,yes,,
4YaXI0sl,The Loyal Coast,忠诚海岸,bak_strings.xml,translated,yes,,
4aYXI0sl,The Farflung Colony,遥远的殖民地,bak_strings.xml,translated,yes,,
F8ARrN5C,REGION DESC,地区描述,bak_strings.xml,translated,yes,,
8FARrN5C,"Kansai is the centermost region of Japan, and the origin of most strife in the Bakumatsu. Here sonno-joi radicals and shogunate loyalists clash in the streets of Kyoto and in the court of the Emperor. From here arose Tokugawa Iemochi, the current Shogun, and Ii Naosuke, the Tairo who dominated the Bakufu throughout the period until his assassination in 1860. The domains of Kansai were once some of the strongest for the Shogun, but many are being pushed away by their political rivals, forcing them into joining the Imperial cause.",关西是日本的最中心地区，也是幕末冲突最多的发源地。在这里，尊王攘夷的激进分子和幕府的忠诚者在京都的街道和天皇的宫廷中发生冲突。从这里诞生了现任幕府将军德川家茂，以及在整个幕府时期一直统治幕府直至 1860 年被暗杀的井伊直弼。关西地区曾经是幕府将军最强大的藩之一，但许多藩都被政治对手排挤，迫使他们加入帝国事业。,bak_strings.xml,translated,yes,,
37mpLUZE,"Tōhoku, the northernmost region of Honshū, was the home of the last holdouts of the Shogunate cause in the Boshin war. The domains here are some of the oldest and most entrenched in Japan, with clans such as the Date of Sendai, the Nanbu of Morioka, and the Tsugaru of Hirosaki having ruled in the same region for centuries. Tōhoku, due to its isolation, is also fairly conservative. Few domains have truly begun reforming, leaving them far behind the rapidly modernizing domains of the southwest.",东北是本州最北端的地区，是戊辰战争中幕府最后坚持者的所在地。这里的藩是日本最古老、最根深蒂固的藩，仙台伊达氏、盛冈南部氏和弘前津轻氏等氏族已经在同一地区统治了几个世纪。东北地区由于地处偏僻，也相当保守。真正开始改革的藩很少，远远落后于西南地区快速现代化的藩。,bak_strings.xml,translated,yes,,
Vybsd8CE,"Shikoku maintains a more cautious stance than the rest of Japan. With very few large domains, the island is almost entirely dominated by the Yamauchi of Tosa and the Hachisuka of Tokushima, as well as the Date of Uwajima, a cousin of the larger main house in Sendai. Even so, these few domains are tiny compared to some of the mighty domains in the rest of Japan. The samurai of Shikoku have flocked to the sonno-joi cause en masse, much to the dismay of the more pro-Shogunate daimyo of their domains, and internal conflicts have begun to tear them apart.",四国比日本其他地区保持更为谨慎的立场。该岛几乎没有大型藩，几乎完全由土佐的山内和德岛的蜂须贺以及宇和岛的伊达统治，后者是仙台较大主屋的表亲。即便如此，与日本其他地区的一些强大藩相比，这几个藩仍然很小。四国的武士纷纷涌入尊王攘夷，这让他们藩中更亲幕府的大名感到沮丧，而内部冲突已经开始使他们分裂。,bak_strings.xml,translated,yes,,
nIcaL3N3,"Kyūshū is the core of Japan's reform in the Bakumatsu. Due to its isolation at the southwest of Japan, the island remained largely untouched by the Tokugawa when they founded the Bakufu, leaving the island largely under the control of powerful tozama daimyo, like the Shimazu of Satsuma, the Nabeshima of Saga, and the Hosokawa of Kumamoto. As the Shogun's authority continues to wane, the daimyo of Kyūshū have seen their chance, rapidly rearming with modern weapons in the hopes of becoming the dominant power in this new era.",九州是幕末日本改革的核心。由于地处日本西南部，该岛与世隔绝，在德川幕府创建时基本上没有受到德川氏的影响，该岛基本上处于强大的外样大名的控制之下，如萨摩的岛津、佐贺的锅岛和熊本的细川。随着幕府将军的权威不断衰落，九州的大名们看到了机会，迅速用现代武器重新武装，希望成为这个新时代的主导力量。,bak_strings.xml,translated,yes,,
Tv1hioxg,"Chūgoku, stretching across western Honshū, has become one of the most unstable regions of Japan in the Bakumatsu. Once a stronghold of loyalist domains guarding the western approaches to the capital, the region is now defined by upheaval and rebellion, chiefly in Chōshū, whose radical samurai and reformist leadership openly defy the Bakufu, clashing repeatedly with shogunate forces and other loyal domains. Neighboring territories such as Hiroshima and Okayama have been drawn into the turmoil, and Chūgoku is becoming the spark that will light the fire of war.",中国地区横跨本州西部，已成为日本幕末时期最不稳定的地区之一。该地区曾经是守卫通往首都的西方通道的忠诚藩的据点，但现在却充满了动乱和叛乱，主要是在长州，激进的武士和改革派领导层公开反抗幕府，与幕府军队和其他忠诚藩多次发生冲突。广岛和冈山等邻近地区已被卷入动乱，而中国正在成为点燃战争之火的火花。,bak_strings.xml,translated,yes,,
3i4huJOq,"Kantō is the heart of the Shogunate. Within it is Edo, the capital of the Bakufu, and in which all daimyo were required to live in off years until 1862. Despite that, the region is not as stable as the Shogun wishes it to be. The samurai of Mito, ruled by one of the chief branches of the Tokugawa, are fierce advocates of expelling the foreign barbarians, a stance that the Shogunate is unable to take, leading to constant agitation and the ongoing Mito rebellion. Even so, the region remains loyal to the Tokugawa, with even the Mito samurai wishing to reform, rather than overthrow the Shogunate.",关东是幕府的中心。其中包括幕府的首都江户，直到 1862 年，所有大名都必须在晚年居住。尽管如此，该地区并不像将军希望的那样稳定。德川幕府的主要分支之一统治的水户武士强烈主张驱逐外国野蛮人，但幕府无法采取这一立场，导致不断的骚动和持续不断的水户叛乱。即便如此，该地区仍然忠于德川，甚至水户武士也希望改革，而不是推翻幕府。,bak_strings.xml,translated,yes,,
lrQiE8yv,"Tōkai, stretching along the southern coast, is the home of the Tōkaidō, the most important of the Five Routes that link Edo to the rest of central Honshū. The Tōkaidō specifically links Edo and Kyoto, and is vital for maintaining the Shogun's control of the Imperial Court. Tōkai is almost entirely Tenryō land, alongside a handful of smaller Fudai domains, with the sole large domain being the Tokugawa branch in Owari. These domains largely remain loyal to the Shogun, but will be some of the first to roll over against the Imperial forces when they marched to Edo.",东海沿着南部海岸延伸，是东海道的所在地，东海道是连接江户和本州中部其他地区的五道中最重要的一条。东海道专门连接江户和京都，对于维持幕府将军对皇室的控制至关重要。东海几乎完全是天领藩，还有一些较小的谱代藩，唯一的大藩是尾张的德川分支。这些藩在很大程度上仍然忠于幕府将军，但当帝国军队进军江户时，它们将是最先反抗的藩。,bak_strings.xml,translated,yes,,
rNXMKhtE,"Tōsan, the mountainous heart of central Japan, is highly conservative. Made up almost entirely of Tenryō land and a handful of Fudai daimyo, Tōsan has no great lords of their own, leading to their growing irrelavance in this period, as the powerful daimyo in the fringes of Japan increasingly dominate politics. Even so, Tōsan is vital to the Shogunate's continued dominance, providing a great deal of their manpower and influence.",东山是日本中部的山区中心，非常保守。东山几乎完全由天领藩和少数普代大名组成，没有自己的大领主，导致他们在这一时期变得越来越不重要，因为日本边缘的强大大名越来越主宰政治。即便如此，东山对于幕府的持续统治至关重要，为幕府提供了大量的人力和影响力。,bak_strings.xml,translated,yes,,
zMOC9gh6,"Ezo (modern Hokkaidō), home to the Ainu, remained a remote frontier. In the late Bakumatsu, the Matsumae Domain managed small garrisons and fortified trading posts to assert shogunate influence, while Ainu communities maintained autonomous governance. The region was a delicate frontier where indigenous autonomy, limited shogunate oversight, and foreign concerns, particularly Russian encroachment, intersected.",北陆位于本州北部海岸，是日本最繁荣的地区之一。北陆是日本一些最富有的藩的所在地，尤其是加贺前田，它是全日本最富有的藩，北陆出产大量用于喂养本州中部的大米。北陆几乎完全忠于幕府，大多数藩要么在未来的戊辰战争中保持忠诚，要么拒绝站在一边。然而，他们不愿改革，使得北陆地区处于次要地位，与西南和北部较贫穷但更火热的地区相比，其重要性较低。,bak_strings.xml,translated,yes,,
KGDDUJjU,Settlements with this culture gain loyalty faster.,具有这种文化的定居点可以更快地获得忠诚度。,bak_strings.xml,translated,yes,,
lSytNxZV,Loyal samurai culture effect,忠诚的武士文化效应,bak_strings.xml,translated,yes,,
BkbLaOcc,Daily wages of troops in the party are decreased by 5%.,党内部队日工资减少5%。,bak_strings.xml,translated,yes,,
Kr77jBts,Recruiting lords to armies costs 30% less influence.,招募领主加入军队的影响力降低 30%。,bak_strings.xml,translated,yes,,
TsduigLB,Armies lose 20% more daily cohesion.,军队每日凝聚力损失增加 20%。,bak_strings.xml,translated,yes,,
cQZMNw3q,20% less relationship loss from kingdom decisions.,藩国决策造成的关系损失减少 20%。,bak_strings.xml,translated,yes,,
dZpw8M8P,Recruiting and upgrading traditional troops are 10% cheaper.,招募和升级传统部队便宜 10%。,bak_strings.xml,translated,yes,,
2Oi84ecA,Recruiting and upgrading firearm troops are 10% more expensive.,招募和升级火器部队的费用要高出 10%。,bak_strings.xml,translated,yes,,
eHP0XVYF,100% more relationship gain from kingdom decisions.,藩国决策带来的关系增益增加 100%。,bak_strings.xml,translated,yes,,
REFZixVt,Settlements with the same culture gain security 25% faster.,具有相同文化的定居点获得安全的速度要快 25%。,bak_strings.xml,translated,yes,,
LhrnDIgt,Same culture security effect,同文化安全效应,bak_strings.xml,translated,yes,,
xIYdjP0P,Chance to recruit various Shotai units from towns and villages,有机会从城镇和村庄招募各种诸队部队,bak_strings.xml,translated,yes,,
zye2jYMQ,the Tozama,户泽马,bak_strings.xml,translated,yes,,
u7PBQjoy,Tozama,户座间,bak_strings.xml,translated,yes,,
Ol9J0wU3,"The Tozama are 'outside' lords who, although they submit to the Tokugawa after the decisive battles that establish shogunal supremacy, maintain control over large, semi-autonomous domains and wield considerable local power, wealth, and military strength, yet their political influence within the inner councils of the shogunate remains limited, forcing them to act cautiously and independently in matters of national importance. Their position allows them to preserve strong local authority and maintain sizable, loyal armies, making them capable of both defending their interests and exerting pressure when opportunities arise, but always under the shadow of Tokugawa oversight and exclusion from key decision-making.",户泽间氏是“外部”领主，尽管他们在确立幕府至高无上的决定性战役后臣服于德川，保持对大片半自治藩的控制，并掌握相当大的地方权力、财富和军事力量，但他们在幕府内部议会中的政治影响力仍然有限，迫使他们在国家重大事务上谨慎而独立地行事。他们的地位使他们能够保留强大的地方权威并维持规模庞大、忠诚的军队，使他们能够捍卫自己的利益并在机会出现时施加压力，但始终处于德川幕府的监督和排除在关键决策之外的阴影之下。,bak_strings.xml,translated,yes,,
o7hk291y,the Fudai,谱代,bak_strings.xml,translated,yes,,
VKXYcAgo,Fudai,谱代,bak_strings.xml,translated,yes,,
kraPcdwy,"The Fudai are hereditary vassals of the Tokugawa who enjoy long-standing trust and occupy critical administrative and military roles within the shogunate, overseeing strategically located domains that, while often smaller in size, provide essential political and military leverage to maintain the Tokugawa order; their loyalty is relied upon to enforce shogunal policies and manage affairs across the country, giving them consistent access to influence and power, yet they remain tightly constrained by the carefully maintained balance of authority that the shogunate imposes to prevent any one ally from becoming too dominant.",普代是德川幕府的世袭封臣，享有长期信任，并在幕府内担任重要的行政和军事角色，负责监管具有战略意义的藩，这些藩虽然规模通常较小，但却为维持德川秩序提供了重要的政治和军事影响力；他们的忠诚是执行幕府政策和管理全国事务的依靠，使他们能够持续获得影响力和权力，但他们仍然受到幕府精心维持的权力平衡的严格限制，而幕府是为了防止任何一个盟友变得过于主导而强加的。,bak_strings.xml,translated,yes,,
TonPcdwy,"Tosa dominates southern Shikoku, a land of steep mountains and sheltered valleys that have allowed the Yamauchi clan to cultivate a tradition of independence. The domain produces politically active samurai and reformist thinkers, who travel to Kyoto and Edo to debate modernization and imperial loyalty. Rivers carry lumber and silk to coastal ports, linking the inland valleys to trade networks. When disputes flare between coastal and inland powers, Tosa's samurai are quick to act, using both diplomacy and force to advance the clan's interests.",土佐主宰着四国南部，这里山峦陡峭，山谷幽静，山内氏族因此养成了独立的传统。该藩产生了政治上活跃的武士和改良主义思想家，他们前往京都和江户讨论现代化和帝国忠诚度。河流将木材和丝绸运送到沿海港口，将内陆山谷与贸易网络连接起来。当沿海和内陆列强之间爆发争端时，土佐武士会迅速采取行动，利用外交和武力来推进氏族的利益。,bak_strings.xml,translated,yes,,
DEmMv6H8,Tosa,土佐,bak_strings.xml,translated,yes,,
tRwThwR8,Daimyo,大名,bak_strings.xml,translated,yes,,
n6nnkLxo,Daimyo {RULER.NAME},大名 {RULER.NAME},bak_strings.xml,translated,yes,{RULER.NAME},{RULER.NAME}
UdiPb3xt,Lord {RULER.NAME},领主 {RULER.NAME},bak_strings.xml,translated,yes,{RULER.NAME},{RULER.NAME}
KznUzEjM,the Morioka,盛冈,bak_strings.xml,translated,yes,,
3Wf8Wium,Morioka,盛冈,bak_strings.xml,translated,yes,,
A8YrI6XH,a lord,一位领主,bak_strings.xml,translated,yes,,
kc0qT7Mo,"Spread across river valleys and rugged hills, Morioka has been the seat of the Nanbu clan for centuries. The domain's winters are harsh, but its villages and fortified towns reflect careful planning and resilience. Morioka's samurai maintain long-standing martial traditions, while the local economy depends on a mix of agriculture and horse breeding. Centuries of governance have forged a community where survival and endurance shape both politics and everyday life.",盛冈遍布河谷和崎岖的山丘，几个世纪以来一直是南部氏族的所在地。该藩的冬天很严酷，但它的村庄和设防城镇反映了精心的规划和恢复力。盛冈的武士保持着悠久的军事传统，而当地经济则依赖于农业和马匹养殖的结合。几个世纪的治理已经形成了一个社区，生存和耐力塑造了政治和日常生活。,bak_strings.xml,translated,yes,,
3Wf8WiuC,Morioka,盛冈,bak_strings.xml,translated,yes,,
u7lr2CeS,Magokichi,孙吉,bak_strings.xml,translated,yes,,
19Iasms7,Ashi,足,bak_strings.xml,translated,yes,,
KzNUzEjM,the Hirosaki,弘前号,bak_strings.xml,translated,yes,,
3Wf8WIUm,Hirosaki,弘前,bak_strings.xml,translated,yes,,
HurqT7Hi,"Hirosaki, perched near the northern tip of Honshu, is defined as much by its rivalry with Morioka as by its own lands. The Tsugaru clan governs fertile plains crossed by rivers, supporting villages and castle towns that thrive despite the harsh climate. Its samurai are fewer than Morioka's but disciplined, and the domain often shifts alliances to avoid being dominated by neighbors. Festivals, shrines, and the rhythms of local life give Hirosaki a cultural identity distinct from its northern rivals.",弘前市位于本州北端附近，其与盛冈的竞争和其自己的土地一样重要。津轻氏统治着河流穿过的肥沃平原，支持着尽管气候恶劣但仍蓬勃发展的村庄和城下町。它的武士数量比盛冈的武士少，但纪律严明，而且该藩经常改变联盟以避免被邻国统治。节日、神社和当地生活节奏赋予弘前不同于北方竞争对手的文化特征。,bak_strings.xml,translated,yes,,
KznUzEjA,the Akita,秋田犬,bak_strings.xml,translated,yes,,
3Wf8WiAm,Akita,秋田,bak_strings.xml,translated,yes,,
kc0qT7Ak,"Kubota stretches across the northern plains toward the Sea of Japan, where the Satake clan balances tradition with pragmatism. Its winters are bitter, but the land yields rice and supports horse breeding, sustaining both townspeople and samurai. The domain is famous for retaining the old ways: its warriors are said to be the last in Japan to fight fully armored. Though deeply conservative, Kubota leans toward the imperial cause, guided by practical concerns rather than ideology, blending old martial habits with careful political calculation.",久保田横跨北部平原直至日本海，佐竹氏族在这里平衡传统与实用主义。这里的冬天很寒冷，但土地出产水稻并支持马匹繁殖，养活了城镇居民和武士。该藩以保留古老的方式而闻名：据说，这里的武士是日本最后一批全副武装的战士。尽管久保田非常保守，但他更倾向于帝国事业，以实际考虑而不是意识形态为指导，将古老的军事习惯与谨慎的政治算计融为一体。,bak_strings.xml,translated,yes,,
KShUzEjM,the Shonai,庄内,bak_strings.xml,translated,yes,,
3Wf8WShm,Shonai,庄内,bak_strings.xml,translated,yes,,
kc0qT7Sh,"Shonai occupies a long strip along the Sea of Japan, where fertile farmland and maritime trade enrich the Sakai clan. Unlike many northern neighbors, Shonai adapts quickly, modernizing weapons and training without abandoning its traditions. Its castle towns hum with commerce, and local craftsmanship flourishes alongside the growing military reforms. The domain's leaders remain deeply loyal to the shogunate, yet their readiness and organization make Shonai one of the most capable forces in the north.",庄内占据了日本海沿岸的狭长地带，肥沃的农田和海上贸易使酒井氏族富裕起来。与许多北方邻国不同，庄内能够迅速适应，在不放弃传统的情况下实现武器和训练的现代化。其城下城镇商业繁荣，当地手工艺随着军事改革的不断推进而蓬勃发展。该藩的领导人仍然对幕府深表忠诚，但他们的准备和组织使庄内成为北方最有能力的军队之一。,bak_strings.xml,translated,yes,,
ShgIA2t0,Shonai,庄内,bak_strings.xml,translated,yes,,
KznUzSjM,the Sendai,仙台,bak_strings.xml,translated,yes,,
3Wf8WSen,Sendai,仙台,bak_strings.xml,translated,yes,,
SendT7ks,"Sprawling across southern Tōhoku, Sendai has been shaped over generations by the Date clan. Rivers, plains, and rolling hills support large towns and productive farms, while fortified castles reflect the clan's long martial history. Sendai's culture values practical governance and education, and samurai numbers are substantial. Politically, the domain remains loyal to the shogunate, but the leadership watches events in the southwest closely, balancing caution with preparation for change.",仙台横跨东北南部，由伊达氏族几代人塑造而成。河流、平原和连绵起伏的丘陵支撑着大型城镇和多产的农场，而坚固的城堡则反映了该氏族悠久的军事历史。仙台的文化重视务实的治理和教育，武士人数众多。在政治上，该地区仍然忠于幕府，但领导层密切关注西南部的事态发展，在谨慎与为变革做好准备之间取得平衡。,bak_strings.xml,translated,yes,,
SegIA2t0,Sendai,仙台,bak_strings.xml,translated,yes,,
KznUYojM,the Yonezawa,米泽,bak_strings.xml,translated,yes,,
3Wf8WYon,Yonezawa,米泽,bak_strings.xml,translated,yes,,
kc0qT7Yo,"Yonezawa is a smaller, mountainous domain under the Uesugi clan, with a history of careful stewardship after past losses. Its towns cling to hillsides and valleys, sustaining a tight-knit community of farmers and samurai. Local culture emphasizes tradition, efficiency, and scholarly pursuits, and the samurai are respected as much for their administrative skill as for martial ability. Politically, Yonezawa treads carefully, maintaining loyalty while watching the ambitions of larger neighbors.",米泽是上杉氏族统治下的一个较小的山区藩，在过去的损失之后有着精心管理的历史。它的城镇紧邻山坡和山谷，维持着由农民和武士组成的紧密社区。当地文化强调传统、效率和学术追求，武士的行政技能和军事能力同样受到尊重。在政治上，米泽行事谨慎，在保持忠诚的同时关注更大邻国的野心。,bak_strings.xml,translated,yes,,
29h82Jh6,the Aizu,会津,bak_strings.xml,translated,yes,,
MigIA2T0,Aizu,会津,bak_strings.xml,translated,yes,,
kc0qT7Ai,"Nestled in the mountains of southern Tōhoku, Aizu has long been a fortress of the Tokugawa. Its river valleys support fertile rice fields, while dense forests provide timber and fuel for the region's castles and towns. Generations of Matsudaira rulers shaped the domain into a stronghold of martial tradition, where warriors trained from youth and the people prized honor and duty. Temples, local crafts, and educational institutions thrive alongside military life, giving Aizu a culture both disciplined and deeply rooted in centuries of history.",会津坐落在东北南部的山区，自古以来就是德川家族的要塞。河谷孕育着肥沃的稻田，茂密的森林为该地区的城堡和城镇提供木材和燃料。一代又一代的松平统治者将这个藩打造成军事传统的据点，武士们从小就开始训练，人民也珍视荣誉和责任。寺庙、当地工艺品和教育机构与军事生活一起蓬勃发展，赋予会津一种纪律严明、根深蒂固的文化。,bak_strings.xml,translated,yes,,
MigAi2T0,Aizu,会津,bak_strings.xml,translated,yes,,
LGjLJV7J,a lord,一位领主,bak_strings.xml,translated,yes,,
k7visbOX,the Ozu,小津,bak_strings.xml,translated,yes,,
OJR7iyKD,Ozu,小津,bak_strings.xml,translated,yes,,
Ozu7C2Ky,"Ozu sits on the western coast of Shikoku, where rocky shores and sheltered bays shape both life and defense. The Katō clan governs a domain where fishing, salt production, and local trade sustain towns and samurai alike. Its castle overlooks the sea, a reminder of past conflicts and the domain's reliance on maritime knowledge. Ozu values prudence and order, blending coastal commerce with disciplined administration to maintain stability in a small but tightly organized domain.",大洲坐落在四国西海岸，岩石海岸和避风海湾塑造了这里的生活和防御。加藤氏族统治着一个以渔业、制盐和当地贸易为生的藩，城镇和武士都以渔业、盐业生产和当地贸易为生。它的城堡俯瞰着大海，提醒人们过去的冲突和该藩对航海知识的依赖。小津重视谨慎和秩序，将沿海商业与纪律严明的行政管理相结合，以维持一个小而组织严密的藩的稳定。,bak_strings.xml,translated,yes,,
aVpIoaPz,Taro,太郎,bak_strings.xml,translated,yes,,
tFdd1GPj,Mitu,美津,bak_strings.xml,translated,yes,,
M7visbnX,the Matsuyama,松山号,bak_strings.xml,translated,yes,,
MJR7iyKD,Matsuyama,松山,bak_strings.xml,translated,yes,,
Da97CIwo,"Iwo-Matsuyama, ruled by the Matsudaira clan, occupies a coastal and mountainous region of Shikoku, where fertile river valleys meet rocky hills. Its towns are modest but well-organized, with local markets supporting both farmers and samurai households. The domain has a long history of managing these challenging lands, emphasizing careful administration and fortification rather than sheer military strength. While its samurai maintain traditional martial training, the domain also leans on commerce, fishing, and regional trade to sustain its people.",由松平氏族统治的硫磺松山占据了四国的沿海山区，这里肥沃的河谷与岩石山丘交汇。它的城镇规模不大，但组织良好，当地市场为农民和武士家庭提供支持。该藩管理这些充满挑战的土地有着悠久的历史，强调谨慎的管理和防御工事，而不是纯粹的军事实力。虽然武士们维持传统的武术训练，但该藩也依靠商业、渔业和区藩贸易来维持人民的生计。,bak_strings.xml,translated,yes,,
U7visbnX,the Uwajima,宇和岛,bak_strings.xml,translated,yes,,
UwR7iyKD,Uwajima,宇和岛,bak_strings.xml,translated,yes,,
Da97CUwa,"Uwajima domain is led by a branch of the Date clan, located far from their homeland in Sendai. During the Bakumatsu period, their Daimyo, Date Munenari, was considered one of the Four Wise Lords of the Bakumatsu, alongside Yamauchi Toyoshige, Shimazu Nariakira, and Matsudaira Yoshinaga. During the Bakumatsu, they remained neutral, acting as a go between between the two sides, a stance which ultimately left them less relevant in the Meiji era.",宇和岛藩由伊达氏族的一个分支领导，远离家乡仙台。在幕末时代，他们的大名伊达宗成与山内丰重、岛津齐彰、松平义长并称为幕末四贤主之一。在幕末时期，他们保持中立，充当双方之间的中间人，这种立场最终使他们在明治时代的影响力下降。,bak_strings.xml,translated,yes,,
TovisbnX,the Tokushima,德岛,bak_strings.xml,translated,yes,,
ToR7iyKD,Tokushima,德岛,bak_strings.xml,translated,yes,,
Da97CTok,"Tokushima Domain, despite their strong connections to the Shogunate, remained neutral during the Bakumatsu. Instead of supporting the Shogun or Emperor, they advocated for the kōbu gattai movement, which proposed the unification of the Imperial court and Shogunate against the western powers. Even so, many Tokushima samurai were rather radically pro-Imperial.",德岛藩尽管与幕府关系密切，但在幕末时期保持中立。他们不支持幕府将军或天皇，而是提倡“古武合体”运动，该运动提出统一朝廷和幕府以对抗西方列强。即便如此，许多德岛武士仍然相当激进地支持帝国。,bak_strings.xml,translated,yes,,
4xetxME5,Kyoto,京都,bak_strings.xml,translated,yes,,
c1iM3mw8,"The capital in name of Japan, Kyoto is the seat of the Emperor. Once the power center of Japan, its decline during the late Sengoku period and throughout the Edo period have left the city a shell of its former self. However, the turmoil of the Bakumatsu has brought the city back to relevance, as Daimyo clash in the halls of government and samurai and ronin clash in the streets of the city.",日本名义上的首都，京都是天皇的所在地。曾经是日本的权力中心，但在战国时代后期和整个江户时代，它的衰落使这座城市只剩下昔日的外壳。然而，幕末的动乱使这座城市重新回归现实，大名在政府大厅里发生冲突，武士和浪人在城市的街道上发生冲突。,bak_strings.xml,translated,yes,,
xWdiU0s3,Jiro,次郎,bak_strings.xml,translated,yes,,
5n2wTzWg,Naka,中,bak_strings.xml,translated,yes,,
HikisbnX,the Hikone,彦根,bak_strings.xml,translated,yes,,
HiR7iyKD,Hikone,彦根,bak_strings.xml,translated,yes,,
2FMOGwHi,"Hikone sits along the shores of Lake Biwa, dominated by its sprawling castle and the Ii clan, whose samurai are famous for their bright red armor and fierce discipline. The Ii have long been loyal to the Tokugawa, serving as both military leaders and administrators of the shogunate. The assassination of Ii Naosuke sent shockwaves through the domain, and his retainers seethe with outrage against the Sonno-joi movement.",彦根市坐落在琵琶湖沿岸，以其庞大的城堡和井伊氏族为主导，井伊氏族的武士以其鲜红色的盔甲和严格的纪律而闻名。井伊家族长期以来忠于德川幕府，担任军事领导人和幕府行政人员。井伊直介的刺杀事件在整个藩引起了轩然大波，他的家臣们对尊王攘夷运动充满了愤怒。,bak_strings.xml,translated,yes,,
KuwisbnX,the Kuwana,增益,bak_strings.xml,translated,yes,,
KuR7iyKD,Kuwana,桑名,bak_strings.xml,translated,yes,,
2FMOGwKu,"Ruled by the Hisamatsu Matsudaira, the Kuwana domain is fiercely loyal to the Shogunate, with members of the domain fighting through the end of the war in the North and in Ezo. During the war, their soldiers will be some of the best trained and drilled among all the Shogunate troops.",由松平久松统治的桑名藩对幕府极其忠诚，该藩成员在北方和虾夷地区战斗到战争结束。在战争期间，他们的士兵将是所有幕府军队中训练和训练最好的。,bak_strings.xml,translated,yes,,
KiiisbnX,the Kishu,纪州,bak_strings.xml,translated,yes,,
Kii7iyKD,Kishu,纪州,bak_strings.xml,translated,yes,,
2FMOGKis,"Kishu, alternatively named Kii or Wakayama, is a powerful shinpan domain and the fifth richest domain in Japan. It is ruled by one of the three Gosanke houses, descendants of Tokugawa Ieyasu who exist as backups in case the main Tokugawa line ever falters. Despite providing the current Shogun, Iemochi, Kishu domain will go on to surrender to and join the Imperial side",纪州，也称为纪伊或和歌山，是一个强大的新盘藩，也是日本第五富有的藩。它由德川家康的后裔御三家之一统治，他们作为后备力量存在，以防德川主线动摇。尽管提供了现任将军，家茂，纪州藩将继续投降并加入帝国一方,bak_strings.xml,translated,yes,,
TsuisbnX,the Tsu,津,bak_strings.xml,translated,yes,,
Tsu7iyKD,Tsu,津,bak_strings.xml,translated,yes,,
2FMOGTsu,"Rising out of humble roots, Tsu domain was founded by Todo Takatora, a low ranking ashigaru who later became a daimyo under Toyotomi Hideyoshi and Oda Nobunaga. Due to their loyalty to the Shogunate, samurai in the Edo period often state that 'If the battle occurs, the vanguard is the Hikone's Ii clan and the Todo clan of Ise.'",津藩出身卑微，由藤堂高虎创建，藤堂高虎是一位低阶足轻，后来成为丰臣秀吉和织田信长手下的大名。江户时代的武士由于对幕府的忠诚，经常说“如果发生战斗，前锋是彦根的井伊氏和伊势的藤堂氏”。,bak_strings.xml,translated,yes,,
FuKisbnX,the Fukui,福井,bak_strings.xml,translated,yes,,
FuK7iyKD,Fukui,福井,bak_strings.xml,translated,yes,,
vNsphaFu,"The location of the main branch of the Yuki Matsudaira, Fukui-han is a wealthy modernized domain. In the 1850s, they instituted one of the first vaccination programs in Japan, and they've modernized their military, phasing out their archery corps in favor of riflemen. Their lord had an eye for talent, with statesmen like Yokoi Shōnan, Hashimoto Sanai and Yuri Kimimasa rising out of Fukui.",福井藩是松平由纪总支所在地，是一个富裕的现代化藩。 1850 年代，他们制定了日本最早的疫苗接种计划之一，并实现了军队现代化，逐步淘汰了射箭部队，转而采用步枪兵。他们的主公对人才很挑剔，横井湘南、桥本三井和由里公政等政治家都从福井崛起。,bak_strings.xml,translated,yes,,
T84XD6Di,Saburo,三郎,bak_strings.xml,translated,yes,,
za5d9NWg,Tosi,托西,bak_strings.xml,translated,yes,,
NaGisbnX,the Nagaoka,长冈,bak_strings.xml,translated,yes,,
NaG7iyKD,Nagaoka,长冈,bak_strings.xml,translated,yes,,
vNsphNga,"Nagaoka is far more modernized than most Shogunate domains, reforming under the leadership of Kawai Tsugunosuke. Nagaoka is the rare exception to the northern refusal to modernize, being one of the few domains in Hokuriku and Tohoku to fully modernize, at one point owning 2/3 of the Gatling Guns in Japan.",长冈比大多数幕府藩现代化得多，在河井继之助的领导下进行改革。长冈是北方拒绝现代化的罕见例外，是北陆和东北为数不多的完全现代化的藩之一，一度拥有日本 2/3 的加特林机枪。,bak_strings.xml,translated,yes,,
KAGisbnX,the Kaga,他者,bak_strings.xml,translated,yes,,
KAG7iyKD,Kaga,加贺,bak_strings.xml,translated,yes,,
vNsphKag,"Kaga Domain stretches across Hokuriku, a land of fertile plains, bustling towns, and the glittering rivers that feed into the Sea of Japan. The Maeda clan has ruled for generations, amassing wealth that rivals even the shogunate in scale, and even their lesser retainers are as wealthy as Daimyo. However, Kaga is also deeply unwilling to reform, for fear of being targetted by the Shogunate.",加贺藩横跨北陆，这里有肥沃的平原、繁华的城镇和注入日本海的波光粼粼的河流。前田氏世代统治，积累的财富规模甚至可以与幕府相媲美，就连他们的小家臣也和大名一样富有。然而，加贺也极不愿意改革，害怕成为幕府的目标。,bak_strings.xml,translated,yes,,
ObaisbnX,the Obama,小浜,bak_strings.xml,translated,yes,,
Oba7iyKD,Obama,小浜,bak_strings.xml,translated,yes,,
vNsphOba,"Obama Domain hugs the northern coast of Wakasa Bay, where the town's harbor has long connected the mountains to the sea. The Sakai clan rules here with a careful hand, balancing the needs of merchants, fishermen, and samurai. The domain is known for its skilled boatmen and fortified castle that watches over both river traffic and coastal approaches.",小滨藩紧邻若狭湾的北海岸，该镇的港口长期以来一直将山脉与大海连接起来。酒井氏族小心翼翼地统治着这里，平衡着商人、渔民和武士的需求。该藩以其熟练的船夫和监视河流交通和沿海通道的坚固城堡而闻名。,bak_strings.xml,translated,yes,,
JoziabnX,the Jozai,定在,bak_strings.xml,translated,yes,,
K6sg7Joz,Jozai,定在,bak_strings.xml,translated,yes,,
y6BfVJoz,"A fairly new and small domain, Jozai is highly loyal to the Shogunate. They would fight throughout the entire war, only surrendering upon hearing that the Shogun would keep a fief after the war. Jozai was one of only two domains to be stripped of their holdings during the Boshin war.",城宰是一个相当新的小藩，对幕府高度忠诚。他们将在整个战争中战斗，只有在听说幕府将军将在战后保留封地时才投降。定西是戊辰战争期间仅有的两个被剥夺财产的藩之一。,bak_strings.xml,translated,yes,,
greVHxgb,Genzaemon,源左卫门,bak_strings.xml,translated,yes,,
ltuJdbxe,Kiso,一个吻,bak_strings.xml,translated,yes,,
OwaiabnX,the Owari,尾张人,bak_strings.xml,translated,yes,,
K6sg7Owa,Owari,尾张,bak_strings.xml,translated,yes,,
y6BfVOwa,"Owari is ruled by the seniormost of the Gosanke of the Tokugawa. Owari-han is a powerful and wealthy domain, behind only the Kaga, Satsuma, and Sendai domains, and the most powerful of the Tokugawa houses besides the Shogunate itself. Despite their family ties, however, Owari would go on to support the Imperial forces during the Boshin War.",尾张由德川五御三家的最高统治者统治。尾张藩是一个强大而富有的藩，仅次于加贺藩、萨摩藩、仙台藩，是除了幕府本身之外德川家族中最强大的。然而，尽管他们有家族联系，尾张还是在戊辰战争期间继续支持帝国军队。,bak_strings.xml,translated,yes,,
MitoabnX,the Mito,水户,bak_strings.xml,translated,yes,,
K6sg7Mit,Mito,水户,bak_strings.xml,translated,yes,,
y6BfVMit,"Despite being ruled by one of the Gosanke of the Tokugawa, Mito Domain is a hotbed of Sonno-joi and anti-Shogunate sentiment in the Bakumatsu. Throughout this period, agitators from Mito constantly undermine the Shogunate and push other domains to adopt the ideology. While not as influential as Satsuma and Choshu would come to be, it cannot be denied that Mito was one of the cores of the Sonno-joi.",尽管水户藩由德川家族的一位后御三家统治，但它却是幕末园子里和反幕府情绪的温床。在此期间，水户的煽动者不断破坏幕府并推动其他藩采用这种意识形态。尽管水户的影响力不如萨摩和长州，但不可否认的是，水户是尊王攘夷的核心之一。,bak_strings.xml,translated,yes,,
tRwThwSh,Daimyo,将军,bak_strings.xml,translated,yes,,
n6nnkLxS,Shogun {RULER.NAME},将军{RULER.NAME},bak_strings.xml,translated,yes,{RULER.NAME},{RULER.NAME}
UdiPb3Da,Daimyo {RULER.NAME},大名 {RULER.NAME},bak_strings.xml,translated,yes,{RULER.NAME},{RULER.NAME}
TenrabnX,the Tenryo,德川家,bak_strings.xml,translated,yes,,
K6sg7Ten,Tenryo,天领,bak_strings.xml,translated,yes,,
K6sg7Tok,Tokugawa,天领,bak_strings.xml,translated,yes,,
y6BfVTen,"The Tokugawa may be the Shoguns, but they are also daimyo. At its core, the Bakufu is simply a domain so powerful that all others must bow to it. This power is maintained via Tenryo, land directly under the control of the Tokugawa. Containing some of the wealthiest cities and areas of Japan, most of Tokai, Tosan, and Kanto was Tenryo, as was significant chunks of Kyushu, Chugoku, and Kansai.",德川可能是幕府将军，但他们也是大名。从本质上讲，幕府只是一个如此强大的藩，以至于所有其他人都必须向它屈服。这种权力是通过德川直接控制的土地天领维持的。天领涵盖了日本一些最富裕的城市和地区，东海、东山和关东的大部分地区以及九州、中国和关西的大部分地区都是天领。,bak_strings.xml,translated,yes,,
8zD7DOe1,Yosuke,洋介,bak_strings.xml,translated,yes,,
evkgbLwl,Kosi,科西,bak_strings.xml,translated,yes,,
HILwjvTW,Edo,江户,bak_strings.xml,translated,yes,,
y6BfVEdo,"No city in Japan is greater than Edo, the seat of the Shogunate. From here reign the Tokugawa shoguns, and it is here that over one million people live in the peace that is the Edo period. The center of Japan in many ways, Edo is the center of culture, administration, the economy, and the military. The influence it had upon Japan in this period cannot be overstated, and it is here that the deals and alliances that led to the fall of the Bakufu were formed.",日本没有哪个城市比幕府所在地江户更伟大。德川幕府从这里统治，这里有超过一百万人生活在江户时代的和平之中。江户在很多方面都是日本的中心，是文化、行政、经济和军事的中心。它在这一时期对日本的影响不容小觑，导致幕府垮台的交易和联盟就是在这里形成的。,bak_strings.xml,translated,yes,,
n6nnkLxD,Daimyo {RULER.NAME},大名 {RULER.NAME},bak_strings.xml,translated,yes,{RULER.NAME},{RULER.NAME}
UdiPb3Lo,Lord {RULER.NAME},领主 {RULER.NAME},bak_strings.xml,translated,yes,{RULER.NAME},{RULER.NAME}
9TCedFd1,the Choshu,长州,bak_strings.xml,translated,yes,,
LiAaSgTz,Choshu,长州,bak_strings.xml,translated,yes,,
OOBz6Cho,"Chōshū occupies the western tip of Honshu, with rugged mountains and jagged coasts that have long shaped the character of its people. The Mōri clan has ruled here for generations, cultivating a culture of fierce independence and hatred of the Shogunate. Samurai from Chōshū are known for their sharp swords, quick thinking, and readiness to defy authority when necessary. In recent years, Choshu has emerged as a hotbed of political action, containing many of the most radical ishin shishi in Japan.",长州岛位于本州岛的西端，崎岖的山脉和锯齿状的海岸长期以来塑造了该州人民的性格。毛利氏族世代统治这里，培育了强烈的独立和仇恨幕府的文化。长州武士以其锋利的刀剑、敏捷的思维以及在必要时随时准备反抗权威而闻名。近年来，长州已成为政治行动的温床，这里聚集了许多日本最激进的维新志士。,bak_strings.xml,translated,yes,,
qi7Awili,Ichiro,一郎,bak_strings.xml,translated,yes,,
4DPIxoKe,Hisi,感觉,bak_strings.xml,translated,yes,,
9TCedFHi,the Hiroshima,广岛,bak_strings.xml,translated,yes,,
HiAaSgTz,Hiroshima,广岛,bak_strings.xml,translated,yes,,
OOBz6Hir,"Hiroshima Domain sprawls across the fertile delta of the Ota River, with the castle town at its center serving as both administrative hub and cultural heart. The Asano clan has ruled here for generations, known for disciplined samurai and a stable, well-organized administration. The domain has long fostered artisans, merchants, and schools, giving it a reputation for both martial and cultural refinement. Politically, Hiroshima maintains a careful balance: its samurai enforce order and support the shogunate when called upon, but the radicals of Choshu force them further towards the sonno-joi side.",广岛藩横跨太田河肥沃的三角洲，其中心的城下町既是行政中心，也是文化中心。浅野氏族世代统治这里，以纪律严明的武士和稳定、组织良好的政府而闻名。该藩长期以来培育了工匠、商人和流派，使其享有军事和文化精致的声誉。在政治上，广岛保持着谨慎的平衡：其武士执行命令并在需要时支持幕府，但长州的激进分子迫使他们进一步偏向园奴制一方。,bak_strings.xml,translated,yes,,
9TCedFTo,the Tottori,鸟取县,bak_strings.xml,translated,yes,,
ToAaSgTz,Tottori,鸟取,bak_strings.xml,translated,yes,,
Totz6uxY,"Tottori-han, ruled by the Ikeda, has long been close with the Shogunate. Their daimyo are allowed to use the Matsudaira name and crest, they have the right to carry their swords into Edo castle, and their daimyo is the half brother of the man who will one day become the last shogun, Tokugawa Yoshinobu. However, they also have many proponents of the Imperial cause within, and just the year ago a pro-Imperial samurai assassinated a pro-Shogunate official within their domain.",池田氏统治的鸟取藩长期以来与幕府关系密切。他们的大名获准使用松平姓氏和家纹，并有权佩刀进入江户城；而鸟取藩主还是后来成为末代将军的德川庆喜的同父异母兄弟。不过，藩内也有许多支持王政复古的一派，就在一年前，一名尊王派武士还在藩内刺杀了一名佐幕派官员。,bak_strings.xml,translated,yes,,
9TCedFOk,the Okayama,冈山,bak_strings.xml,translated,yes,,
OkaySgTz,Okayama,冈山,bak_strings.xml,translated,yes,,
OOBz6uOk,"One of the few Tozama daimyo to serve under the Shogunate, the Ikeda of Okayama domain are relatively sonno-joi, but still support the Shogunate. During the Boshin War, seeing the threat, the daimyo adopted a more pro-imperial successor and retired, so as to allow the domain to take the winning side without violating his own beliefs. While the domain itself avoided joining the war, many units formed in the domain would go fight in the north.",冈山藩的池田是为数不多的在幕府统治下任职的外样大名之一，虽然相对尊王，但仍然支持幕府。戊辰战争期间，大名看到威胁，选择了更亲帝国的继任者并退休，以便让藩主在不违背自己信仰的情况下占据胜利的一方。虽然藩本身避免参战，但藩内组建的许多部队都会前往北方作战。,bak_strings.xml,translated,yes,,
KuruabnX,the Kurume,三月,bak_strings.xml,translated,yes,,
Kusg7Oum,Kurume,行进,bak_strings.xml,translated,yes,,
BTSZWKur,"Kurume domain is a fierce battleground between Sonno-Joi and Shogunate supporters, both originating from the Tenpo School. Following the death of Arima Yorinaga in 1846, they split into the Gai-doshi, a radical sonno-joi traditionalist faction, and Nai-doshi, a reformer, pro-western, pro-shogunate factions. Currently, the Nai-doshi hold sway, but who knows if that will change.",久留米藩是来自天保派的尊王攘夷派和幕府支持者之间的激烈战场。 1846 年有马赖永去世后，他们分裂为激进的尊王攘夷传统派系外道士和改革派、亲西方、亲幕府派系内道士。目前，内导师占据主导地位，但谁知道这种情况是否会改变。,bak_strings.xml,translated,yes,,
Xufzvdj8,Sukesaburo,助三郎,bak_strings.xml,translated,yes,,
SQPfPWOw,Yuna,尤娜,bak_strings.xml,translated,yes,,
KumuabnX,the Kumamoto,熊本,bak_strings.xml,translated,yes,,
KMsg7Oum,Kumamoto,熊本,bak_strings.xml,translated,yes,,
BTSZWKum,"One of the wealthiest domains in Japan, Kumamoto is ruled by the Hosokawa clan, one of the most powerful clans in Japan. They are more hesitant to join the Emperor than many of the more radical domains, but are still a powerful modern domain.",熊本是日本最富有的藩之一，由日本最强大的氏族之一细川氏族统治。他们比许多更激进的藩更犹豫是否加入皇帝，但仍然是一个强大的现代藩。,bak_strings.xml,translated,yes,,
HitoabnX,the Hitoyoshi,人吉,bak_strings.xml,translated,yes,,
Hiog7Oum,Hitoyoshi,人吉,bak_strings.xml,translated,yes,,
BTSZWHit,"Nestled in the valleys of southern Kyushu, Hitoyoshi is a small but proud domain, its hills and rivers shaping life as much as the Sagara clan that rules it. Their samurai, like so many others in the period, are deeply split between the Shogunate and Emperor, leading to their own internal clashes.",人吉坐落在九州南部的山谷中，是一个虽小但令人自豪的藩，它的山丘和河流与统治它的相良氏族一样塑造着人们的生活。他们的武士，就像那个时期的许多其他武士一样，在幕府和天皇之间存在着深深的分歧，导致了他们自己的内部冲突。,bak_strings.xml,translated,yes,,
FuKuabnX,the Fukuoka,福冈,bak_strings.xml,translated,yes,,
FMsg7Ouk,Fukuoka,福冈,bak_strings.xml,translated,yes,,
BTSZFuku,"Fukuoka is very prominently Sonno-joi, so much so that the Shogunate is considering arresting their daimyo on suspicion of rebellion. However, they are unwilling to actually dedicate their own troops to the cause, instead using forces they consider expendable, cobbled together from what the dregs of society to war against the Shogunate.",福冈是非常著名的尊王攘夷，以至于幕府正在考虑以涉嫌叛乱为由逮捕他们的大名。然而，他们并不愿意真正将自己的军队投入到这项事业中，而是使用他们认为可以消耗的、从社会渣滓中拼凑出来的军队来对抗幕府。,bak_strings.xml,translated,yes,,
KoKuabnX,the Kokura,小仓,bak_strings.xml,translated,yes,,
KMsg7Ook,Kokura,关于,bak_strings.xml,translated,yes,,
BTSZWkKo,"Kokura is the rare Shogunate loyalist in the southwest, supporting the Shogun even despite being surrounded by larger, more pro-Imperial domains. This attitude remains ever despite losses against the sonno-joi forces, an almost admirable attitude if it didn't end up with a burning castle.",小仓是西南地区罕见的幕府忠诚者，尽管周围被更大、更亲帝国的藩包围，但他仍然支持幕府将军。尽管在与尊王攘夷军队的战斗中遭受损失，这种态度仍然存在，如果最终没有导致一座燃烧的城堡，这种态度几乎是令人钦佩的。,bak_strings.xml,translated,yes,,
SaguabnX,the Saga,传奇,bak_strings.xml,translated,yes,,
SMsg7Oag,Saga,佐贺,bak_strings.xml,translated,yes,,
BTSZWSaga,"Saga is perhaps the most modern domain in Japan. The Nabeshima have invested in steam engines, steel refining, artillery, and modern firearms, alongside vaccination programs and significant domain reforms, modernizing even before the Black Ships arrived in 1853. There are few domains friendlier to the west than Saga.",佐贺也许是日本最现代化的藩。锅岛家族投资了蒸汽机、炼钢、火炮和现代火器，同时还进行了疫苗接种计划和重大藩改革，甚至在 1853 年黑船抵达之前就实现了现代化。很少有藩比佐贺对西方更加友好。,bak_strings.xml,translated,yes,,
SaTuabnX,the Satsuma,萨摩,bak_strings.xml,translated,yes,,
SMsg7Oat,Satsuma,萨摩,bak_strings.xml,translated,yes,,
BTSZWSat,"Satsuma occupies a unique position in the late Bakumatsu. The Shimazu joined the shogunate under their own terms due to their distance from the rest of Japan and their military power, providing them with a semi-independent status. The domain is highly militarized, with more samurai than any other domain in Japan, and samurai renowned for their loyalty, identifying first as Satsuma men before anything else. They are also rapidly reforming, forming some of the most modern troops in Japan.",萨摩在幕末末期占有独特的地位。由于与日本其他地区的距离及其军事实力，岛津氏按照自己的条件加入了幕府，为他们提供了半独立的地位。该藩是高度军事化的，拥有比日本任何其他藩都多的武士，武士以忠诚而闻名，首先被认为是萨摩男人。他们也在迅速改革，组建了日本最现代化的军队。,bak_strings.xml,translated,yes,,
Ahstr123,"Sir, I have been granted leave to attend within the castle. If you have business with me, I will answer as I am able.",先生，我已获准在城堡内参加活动。如果您有事找我，我会尽力回答。,bak_strings.xml,translated,yes,,
5btjxLtj,"I am honored to be received here. If you wish to examine arms or equipment, I am prepared to present them.",我很荣幸能在这里受到接待。如果您想检查武器或装备，我准备好向您展示。,bak_strings.xml,translated,yes,,
QsddX3eh,"My lord, it is a rare honor to address you within these walls. I await your direction.",陛下，能在这些墙内向您讲话是一种难得的荣幸。我等待你的指示。,bak_strings.xml,translated,yes,,
Wtb31Hs3,"If it would not trouble you, might I look over the firearms and artillery you have for sale?",如果不麻烦您的话，我可以看一下你们出售的枪械和火炮吗？,bak_strings.xml,translated,yes,,
mva5nyTl,I am reviewing available firearms and artillery. Show me what you can provide.,我正在审查可用的枪支和火炮。告诉我你能提供什么。,bak_strings.xml,translated,yes,,
8TuyK72M,Present the catalogue of firearms and artillery presently in your possession.,出示您目前拥有的枪支和火炮目录。,bak_strings.xml,translated,yes,,
OM89d4ck,"I was also hoping to see what uniforms or military dress you handle, if any.",我还想看看你穿什么制服或军装（如果有的话）。,bak_strings.xml,translated,yes,,
AuTzBWN7,I will examine your Western-style uniforms and military equipment.,我会检查你们的西式制服和军事装备。,bak_strings.xml,translated,yes,,
uPJkgdGD,Lay out the patterns and specifications of the uniforms you supply.,列出您提供的制服的图案和规格。,bak_strings.xml,translated,yes,,
ZFQR3SvO,I thank you. I will see that the matter is recorded and reported properly.,我谢谢你。我会确保此事得到妥善记录和报告。,bak_strings.xml,translated,yes,,
Nx38bSD2,Your commission will be conveyed through the proper channels. You have my thanks.,您的佣金将通过适当的渠道传达。我对你表示感谢。,bak_strings.xml,translated,yes,,
pqJd9JUm,I accept this commission with humility. I will ensure it is carried out with due care.,我谦虚地接受这个委托。我将确保以应有的谨慎态度进行这项工作。,bak_strings.xml,translated,yes,,
xVLc7xwo,I will take my leave.,我要告辞了。,bak_strings.xml,translated,yes,,
ZKHy2fwB,Your clan is now at war with {QUEST_GIVER.LINK}'s realm. Your agreement with {QUEST_GIVER.LINK} was canceled.,你的氏族现在正与 {QUEST_GIVER.LINK} 的藩交战。您与 {QUEST_GIVER.LINK} 的协议已取消。,bak_strings.xml,translated,yes,{QUEST_GIVER.LINK} | {QUEST_GIVER.LINK},{QUEST_GIVER.LINK} | {QUEST_GIVER.LINK}
4ULpJzxb,Your actions have started a war with {QUEST_GIVER.LINK}'s faction. {?QUEST_GIVER.GENDER}She{?}He{\\?} cancels your agreement and the quest is a failure.,你的行为已经引发了与 {QUEST_GIVER.LINK} 派系的战争。 {?QUEST_GIVER.GENDER}她{?}他{\?}取消你的协议，任务失败。,bak_strings.xml,translated,no,{QUEST_GIVER.LINK} | {?QUEST_GIVER.GENDER} | {?} | {\\?},{QUEST_GIVER.LINK} | {?QUEST_GIVER.GENDER} | {?} | {\?}
JBODfHad,Lord Needs Modern Firearms,主需要现代枪械,bak_strings.xml,translated,yes,,
8I7rnZgU,{QUEST_GIVER.LINK} asks you to provide them firearms for their military campaign.,{QUEST_GIVER.LINK} 要求您为他们的军事行动提供枪支。,bak_strings.xml,translated,yes,{QUEST_GIVER.LINK},{QUEST_GIVER.LINK}
eFZZnz5R,"{QUEST_GIVER.LINK}, a retainer of the {QUEST_GIVER_FACTION} has told you that they need smoothbore Geweer for their upcoming military campaign. {?QUEST_GIVER.GENDER}She{?}He{\\?} wanted you to deliver {SMOOTHBORE_AMOUNT} Geweer guns and although it's not necessary, to provide {RIFLE_AMOUNT} Minieru rifles and {CARTRIDGE_AMOUNT} cartridge boxes. {?QUEST_GIVER.GENDER}she{?}he{\\?} would appreciate it.",{QUEST_GIVER.LINK}，{QUEST_GIVER_FACTION} 的一名随从告诉您，他们需要滑膛蓋貝爾槍来应对即将到来的军事行动。 {?QUEST_GIVER.GENDER}她{?}他{\?} 希望你提供 {SMOOTHBORE_AMOUNT}蓋貝爾槍枪，尽管没有必要，但提供 {RIFLE_AMOUNT} 米涅步枪和 {CARTRIDGE_AMOUNT} 弹盒。 {?QUEST_GIVER.GENDER}她{?}他{\?} 将不胜感激。,bak_strings.xml,translated,no,{QUEST_GIVER.LINK} | {QUEST_GIVER_FACTION} | {?QUEST_GIVER.GENDER} | {?} | {\\?} | {SMOOTHBORE_AMOUNT} | {RIFLE_AMOUNT} | {CARTRIDGE_AMOUNT} | {?QUEST_GIVER.GENDER} | {?} | {\\?},{QUEST_GIVER.LINK} | {QUEST_GIVER_FACTION} | {?QUEST_GIVER.GENDER} | {?} | {\?} | {SMOOTHBORE_AMOUNT} | {RIFLE_AMOUNT} | {CARTRIDGE_AMOUNT} | {?QUEST_GIVER.GENDER} | {?} | {\?}
w5ewvISR,You have successfully delivered the weapons as requested.,您已按照要求成功交付了武器。,bak_strings.xml,translated,yes,,
u8acevoA,You have failed to deliver the weapons in time.,你们未能及时交付武器。,bak_strings.xml,translated,yes,,
HGgXm9vO,You have left {QUEST_GIVER_FACTION}. Your agreement with {QUEST_GIVER.LINK} is terminated.,您已离开 {QUEST_GIVER_FACTION}。您与 {QUEST_GIVER.LINK} 的协议终止。,bak_strings.xml,translated,yes,{QUEST_GIVER_FACTION} | {QUEST_GIVER.LINK},{QUEST_GIVER_FACTION} | {QUEST_GIVER.LINK}
bPu4G6n5,Collected Smoothbore Amount,收集的滑膛数量,bak_strings.xml,translated,yes,,
wpZCGO2b,Collected Minieru Amount (Optional),收集的 米涅步枪 金额（可选）,bak_strings.xml,translated,yes,,
B7DazJe3,Collected Cartridge Amount (Optional),收集的墨盒数量（可选）,bak_strings.xml,translated,yes,,
ZTxn6upe,You have collected all the weapons that the retainer requested. Return to their party and deliver the firearms,您已收集了家臣要求的所有武器。返回他们的队伍并交付枪支,bak_strings.xml,translated,yes,,
sUgW9gby,You have collected enough smoothbores that the retainer requested. Return to their party and deliver the firearms,您已收集了保持器所要求的足够的滑膛。返回他们的队伍并交付枪支,bak_strings.xml,translated,yes,,
hQjI73CI,"We are preparing for a major engagement, but my arsenal is dangerously lacking in modern firearms. Without rifles and ammunition, my troops will be hopelessly outmatched. I cannot spare any of my own captains for this task, so I need someone else to secure a sufficient supply and deliver it to me without delay. Can you do this?",我们正在准备一场重大交战，但我的武器库严重缺乏现代枪支。没有步枪和弹药，我的部队将毫无希望地处于劣势。我无法抽出自己的任何一个队长来完成这项任务，所以我需要其他人来确保足够的补给并立即将其交付给我。你能做到吗？,bak_strings.xml,translated,yes,,
CAF3byiv,Of course I can supply you with weapons. What do you need?,当然，我可以为你提供武器。你需要什么？,bak_strings.xml,translated,yes,,
KrY6pO4T,"We need {SMOOTHBORE_AMOUNT} Geweer muskets to meet our basic needs. And if you can find {RIFLE_AMOUNT} Minieru or Geberu and {CARTRIDGE_AMOUNT} of ammunition, that would be a great favor. Better weapons are a great advantage.",我们需要 {SMOOTHBORE_AMOUNT}蓋貝爾槍步枪来满足我们的基本需求。如果你能找到 {RIFLE_AMOUNT} 米涅步枪 或 恩菲爾德步槍 和 {CARTRIDGE_AMOUNT} 弹药，那将是一个很大的帮助。更好的武器是一个很大的优势。,bak_strings.xml,translated,yes,{SMOOTHBORE_AMOUNT} | {RIFLE_AMOUNT} | {CARTRIDGE_AMOUNT},{SMOOTHBORE_AMOUNT} | {RIFLE_AMOUNT} | {CARTRIDGE_AMOUNT}
J1fGA6AF,"I'll deliver {SMOOTHBORE_AMOUNT} Geweer muskets as soon as possible {?QUEST_GIVER.GENDER}lady{?}sir{\\?}, and try to find some Minieru and cartridges as you requested.",我会尽快交付{SMOOTHBORE_AMOUNT} 蓋貝爾槍步枪{?QUEST_GIVER.GENDER}女士{?}先生{\?}，并按照您的要求尽力找到一些米涅步枪和弹药筒。,bak_strings.xml,translated,no,{SMOOTHBORE_AMOUNT} | {?QUEST_GIVER.GENDER} | {?} | {\\?},{SMOOTHBORE_AMOUNT} | {?QUEST_GIVER.GENDER} | {?} | {\?}
G1KdJiXD,"Very well. Don't worry, all your expenses will be covered.",很好。不用担心，您的所有费用都会得到补偿。,bak_strings.xml,translated,yes,,
8ixXU8Nr,Have you brought our firearms?,你带我们的枪了吗？,bak_strings.xml,translated,yes,,
0EszIjuf,"Yes commander, I have brought your Geweer, Minieru, and cartridges as you requested.",是的，指挥官，我已经按照您的要求带来了您的蓋貝爾槍、米涅步枪和弹药筒。,bak_strings.xml,translated,yes,,
V5udi1Xh,"Yes commander, I have brought your Geweer and Minieru as you requested.",是的，指挥官，我按照您的要求带来了您的格维尔和米涅鲁。,bak_strings.xml,translated,yes,,
OD88mtYy,"Yes commander, I have brought your Geweer and cartridges as you requested.",是的，指挥官，我已经按照您的要求带来了您的蓋貝爾槍和弹药筒。,bak_strings.xml,translated,yes,,
JGgYyIoJ,"Yes commander, I have brought your Geweer as you requested.",是的，指挥官，我已经按照您的要求带来了您的蓋貝爾槍。,bak_strings.xml,translated,yes,,
XKd7mvR2,Not yet commander. I'm still working on it.,还不是指挥官。我还在努力。,bak_strings.xml,translated,yes,,
tPprUTs1,"Splendid. I will never forget your service, my friend.",灿烂。我永远不会忘记你的服务，我的朋友。,bak_strings.xml,translated,yes,,
MZtHSWQD,Thank you. Your service will be remembered.,谢谢。您的服务将被记住。,bak_strings.xml,translated,yes,,
HVb55Sz8,Good. We need them as soon as possible.,好的。我们尽快需要它们。,bak_strings.xml,translated,yes,,
wK5gBuZh,Merchants can't sell foreign firearms in {ISSUE_GIVER_SETTLEMENT},{ISSUE_GIVER_SETTLEMENT} 商人不能出售外国枪械,bak_strings.xml,translated,yes,{ISSUE_GIVER_SETTLEMENT},{ISSUE_GIVER_SETTLEMENT}
CqaJXXVp,Merchant can't sell foreign guns,商人不能出售外国枪支,bak_strings.xml,translated,yes,,
ia427Wig,The laws of {ISSUE_GIVER_SETTLEMENT} dictate that only Japanese-made firearms may be bought or sold by in town. Now the merchants wish to smuggle the guns out to sell in other towns.,{ISSUE_GIVER_SETTLEMENT} 的法律规定，只有日本制造的枪支才可以在镇上买卖。现在，商人希望将枪支走私到其他城镇出售。,bak_strings.xml,translated,yes,{ISSUE_GIVER_SETTLEMENT},{ISSUE_GIVER_SETTLEMENT}
7QnWKCcZ,The smiths are watching the merchants fiercely. I bet {QUEST_GIVER.NAME} is planning a way to sell off their foreign stock right now.,铁匠们正严密地盯着商人。我敢打赌，{QUEST_GIVER.NAME} 此刻正在设法把手中的外国货物库存出手。,bak_strings.xml,translated,yes,{QUEST_GIVER.NAME},{QUEST_GIVER.NAME}
zZlOr4dD,{ISSUE_GIVER.LINK} a merchant from {ISSUE_GIVER_SETTLEMENT} has complained to you about not being able to sell foreign made firearms in the town. {?ISSUE_GIVER.GENDER}She{?}He{\\?} will pay {REWARD}{GOLD_ICON} for you to take the guns to another town. You have tasked {COMPANION.LINK} and {ALTERNATIVE_SOLUTION_TROOP_COUNT} men to smuggle {?ISSUE_GIVER.GENDER}her{?}his{\\?} goods to a “friend” in {TARGET_TOWN}. They will return to you in {RETURN_DAYS} days with a sizable sum of {REWARD}{GOLD_ICON}.,{ISSUE_GIVER.LINK} 来自 {ISSUE_GIVER_SETTLEMENT} 的商人向您抱怨无法在镇上销售外国制造的枪支。 {?ISSUE_GIVER.GENDER}她{?}他{\?} 将支付 {REWARD}{GOLD_ICON} 让你把枪带到另一个城镇。您已指派 {COMPANION.LINK} 和 {ALTERNATIVE_SOLUTION_TROOP_COUNT} 人员将 {?ISSUE_GIVER.GENDER}她的{?}他的{\?} 货物走私给 {TARGET_TOWN} 的“朋友”。他们将在 {RETURN_DAYS} 天后返回给您，并携带相当大的金额 {REWARD}{GOLD_ICON}。,bak_strings.xml,translated,no,{ISSUE_GIVER.LINK} | {ISSUE_GIVER_SETTLEMENT} | {?ISSUE_GIVER.GENDER} | {?} | {\\?} | {REWARD} | {GOLD_ICON} | {COMPANION.LINK} | {ALTERNATIVE_SOLUTION_TROOP_COUNT} | {?ISSUE_GIVER.GENDER} | {?} | {\\?} | {TARGET_TOWN} | {RETURN_DAYS} | {REWARD} | {GOLD_ICON},{ISSUE_GIVER.LINK} | {ISSUE_GIVER_SETTLEMENT} | {?ISSUE_GIVER.GENDER} | {?} | {\?} | {REWARD} | {GOLD_ICON} | {COMPANION.LINK} | {ALTERNATIVE_SOLUTION_TROOP_COUNT} | {?ISSUE_GIVER.GENDER} | {?} | {\?} | {TARGET_TOWN} | {RETURN_DAYS} | {REWARD} | {GOLD_ICON}
y6l0Z6qH,{QUEST_GIVER.LINK} a merchant from {QUEST_GIVER_SETTLEMENT} has complained to you about not being able to sell their stock of foreign guns because of the unfair local laws. {?QUEST_GIVER.GENDER}She{?}He{\\?} will pay {REWARD_AMOUNT}{GOLD_ICON} for you to take the guns to another town. You agreed to take {?QUEST_GIVER.GENDER}her{?}his{\\?} guns to {TARGET_HERO.LINK} in {TARGET_SETTLEMENT}.,{QUEST_GIVER.LINK} 一位来自 {QUEST_GIVER_SETTLEMENT} 的商人向您抱怨，由于当地法律不公平，他们无法出售他们库存的外国枪支。 {?QUEST_GIVER.GENDER}她{?}他{\?} 将支付 {REWARD_AMOUNT}{GOLD_ICON} 让你把枪带到另一个城镇。您同意将 {?QUEST_GIVER.GENDER}她的{?}他的{\?} 枪带到 {TARGET_SETTLEMENT} 的 {TARGET_HERO.LINK}。,bak_strings.xml,translated,no,{QUEST_GIVER.LINK} | {QUEST_GIVER_SETTLEMENT} | {?QUEST_GIVER.GENDER} | {?} | {\\?} | {REWARD_AMOUNT} | {GOLD_ICON} | {?QUEST_GIVER.GENDER} | {?} | {\\?} | {TARGET_HERO.LINK} | {TARGET_SETTLEMENT},{QUEST_GIVER.LINK} | {QUEST_GIVER_SETTLEMENT} | {?QUEST_GIVER.GENDER} | {?} | {\?} | {REWARD_AMOUNT} | {GOLD_ICON} | {?QUEST_GIVER.GENDER} | {?} | {\?} | {TARGET_SETTLEMENT} | {TARGET_HERO.LINK}
84ZkcDua,Delivered {RIFLE},已交付{RIFLE},bak_strings.xml,translated,yes,{RIFLE},{RIFLE}
g7jLAowc,{QUEST_GIVER.LINK} sends {?QUEST_GIVER.GENDER}her{?}his{\\?} regards for a fine job done with the {REWARD}{GOLD_ICON} {?QUEST_GIVER.GENDER}she{?}he{\\?} promised.,{QUEST_GIVER.LINK} 向 {?QUEST_GIVER.GENDER}她的{?}他的{\?} 致以问候，祝贺 {REWARD}{GOLD_ICON} {?QUEST_GIVER.GENDER}她{?}他{\?} 所承诺的工作做得很好。,bak_strings.xml,translated,no,{QUEST_GIVER.LINK} | {?QUEST_GIVER.GENDER} | {?} | {\\?} | {REWARD} | {GOLD_ICON} | {?QUEST_GIVER.GENDER} | {?} | {\\?},{QUEST_GIVER.LINK} | {?QUEST_GIVER.GENDER} | {?} | {\?} | {REWARD} | {GOLD_ICON} | {?QUEST_GIVER.GENDER} | {?} | {\?}
h3Peswv5,You have failed to deliver {REQUESTED_AMOUNT} {.%}{?(REQUESTED_AMOUNT > 1)}rifles{?}rifle{\\?}{.%} to {TARGET_SETTLEMENT} in time as {QUEST_GIVER.LINK} asked you.,您未能按照 {QUEST_GIVER.LINK} 的要求及时将 {REQUESTED_AMOUNT} {.%}{?(REQUESTED_AMOUNT > 1)}步枪{?}步枪{\?}{.%} 交付给 {TARGET_SETTLEMENT}。,bak_strings.xml,translated,no,{REQUESTED_AMOUNT} | {.%} | {?(REQUESTED_AMOUNT > 1)} | {?} | {\\?} | {.%} | {TARGET_SETTLEMENT} | {QUEST_GIVER.LINK},{QUEST_GIVER.LINK} | {REQUESTED_AMOUNT} | {.%} | {?(REQUESTED_AMOUNT > 1)} | {?} | {\?} | {.%} | {TARGET_SETTLEMENT}
NqFagpyg,You refused to hand over the items. {QUEST_GIVER.LINK} must be furious.,你拒绝交出物品。 {QUEST_GIVER.LINK}一定很愤怒。,bak_strings.xml,translated,yes,{QUEST_GIVER.LINK},{QUEST_GIVER.LINK}
K3X6XuPz,"I move more than most in these markets, yet my purse stays thin. Some trades are tied by law, others by who watches the coin. The goods that could change fortunes must sometimes find their way quietly, to the right hands, or they gather dust.[if:convo_annoyed]",我在这些市场上的移动次数比大多数人都多，但我的钱包却很薄弱。有些交易受法律约束，另一些则受监管者约束。能够改变命运的货物有时必须悄悄地到达正确的人手中，否则就会积满灰尘。[if:convo_annoyed],bak_strings.xml,translated,yes,,
jxC6tvL0,How can I help?,我能提供什么帮助吗？,bak_strings.xml,translated,yes,,
NJGmstlZ,"I need you to deliver {REQUESTED_AMOUNT} {.%}{?(REQUESTED_AMOUNT > 1)}{PLURAL(RIFLES)}{?}{RIFLES}{\?}{.%} to my contact {TARGET_HERO.LINK} in {TARGET_SETTLEMENT}. Keep it quiet—what we're moving isn't exactly welcome at the market. The town's authorities and merchants might sniff around, but as long as it reaches him intact, that's all that matters.",我需要您将 {REQUESTED_AMOUNT} {.%}{?(REQUESTED_AMOUNT > 1)}{PLURAL(RIFLES)}{?}{RIFLES}{\?}{.%} 交给我在 {TARGET_SETTLEMENT} 的联系人 {TARGET_HERO.LINK}。保持安静——我们正在开发的产品在市场上并不受欢迎。镇上的当局和商人可能会四处嗅探，但只要它完好无损地到达他手中，这才是最重要的。,bak_strings.xml,translated,yes,{REQUESTED_AMOUNT} | {.%} | {?(REQUESTED_AMOUNT > 1)} | {PLURAL(RIFLES)} | {?} | {RIFLES} | {\?} | {.%} | {TARGET_HERO.LINK} | {TARGET_SETTLEMENT},{REQUESTED_AMOUNT} | {.%} | {?(REQUESTED_AMOUNT > 1)} | {PLURAL(RIFLES)} | {?} | {RIFLES} | {\?} | {.%} | {TARGET_SETTLEMENT} | {TARGET_HERO.LINK}
RiI7PuFu,"If you aren't going towards {TARGET_SETTLEMENT}, maybe you could have some of your men take my goods and bring back the profit? It shouldn't take more than {ALTERNATIVE_SOLUTION_MEN_AMOUNT} men and one of your trusted lieutenants with decent grasp of trade. They can go and be back in about {RETURN_DAYS} days.[if:convo_annoyed]",如果你不打算{TARGET_SETTLEMENT}，也许你可以让你的一些人拿走我的货物并带回利润？这只需要 {ALTERNATIVE_SOLUTION_MEN_AMOUNT} 人和一位你信任的、对贸易有相当了解的副官就可以了。他们可以去并在大约 {RETURN_DAYS} 天后回来。[if:convo_annoyed],bak_strings.xml,translated,yes,{TARGET_SETTLEMENT} | {ALTERNATIVE_SOLUTION_MEN_AMOUNT} | {RETURN_DAYS},{TARGET_SETTLEMENT} | {ALTERNATIVE_SOLUTION_MEN_AMOUNT} | {RETURN_DAYS}
rpAeFiru,"You could change this law, my {?PLAYER.GENDER}lady{?}lord{\\?}. All of us would be grateful. and we're willing to donate {REWARD}{GOLD_ICON} to show our thanks...",你可以改变这条法律，我的{?PLAYER.GENDER}女士{?}领主{\?}。我们所有人都会感激不尽。我们愿意捐赠 {REWARD}{GOLD_ICON} 以表示感谢......,bak_strings.xml,translated,no,{?PLAYER.GENDER} | {?} | {\\?} | {REWARD} | {GOLD_ICON},{?PLAYER.GENDER} | {?} | {\?} | {REWARD} | {GOLD_ICON}
vRVYf3fc,I will issue a decree to remove the restrictions on the sale of firearms.,我将颁布法令取消枪支销售限制。,bak_strings.xml,translated,yes,,
pnnMDlGh,You need to be the owner of this settlement!,您需要成为该定居点的所有者！,bak_strings.xml,translated,yes,,
Gg2Q9lOH,"You issued a decree to remove the restrictions on the sale of firearms, as the merchants had requested.",按照商人的要求，您发布了一项法令，取消了对枪支销售的限制。,bak_strings.xml,translated,yes,,
apQbh0Sp,"My {?PLAYER.GENDER}lady{?}lord{\\?}, that would be very good. The artisans won't like it but hard-working merchants like me will be grateful to you.",我的{?PLAYER.GENDER}女士{?}领主{\?}，那就太好了。工匠们不会喜欢它，但像我这样勤劳的商人会感激你的。,bak_strings.xml,translated,no,{?PLAYER.GENDER} | {?} | {\\?},{?PLAYER.GENDER} | {?} | {\?}
wbfpKxTZ,(One of the artisans in the town comes to talk as you are preparing to depart.),（当你准备离开时，镇上的一位工匠过来说话。）,bak_strings.xml,translated,yes,,
mi2RZIty,"My {?PLAYER.GENDER}lady{?}lord{\\?}, we heard that you wish to issue a decree allowing the sale of foreign weapons. This will devastate the business of our smithies who have toiled for generations. Please reconsider this.",我的{?PLAYER.GENDER}女士{?}领主{\?}，我们听说您希望颁布一项允许出售外国武器的法令。这将毁掉我们几代人辛苦劳作的铁匠们的生意。请重新考虑这一点。,bak_strings.xml,translated,no,{?PLAYER.GENDER} | {?} | {\\?},{?PLAYER.GENDER} | {?} | {\?}
OJ99XYAc,"I understand. I'll hold off on the decree, then.",我明白。那我就暂缓执行法令吧。,bak_strings.xml,translated,yes,,
hc7G86ft,That's the right call. Thank you for listening to the voice of reason.,这是正确的决定。感谢您聆听理性的声音。,bak_strings.xml,translated,yes,,
mi1zGfb3,"After listening to the town artisans, you decided to keep the restrictions on the sale of firearms. Your decision made the artisans happy but disappointed the {QUEST_GIVER.LINK}.",听了镇上工匠的意见后，您决定保留对枪支销售的限制。你的决定让工匠们高兴，但让 {QUEST_GIVER.LINK} 失望。,bak_strings.xml,translated,yes,{QUEST_GIVER.LINK},{QUEST_GIVER.LINK}
EItqPPaR,"Sorry, I have to do it.",抱歉，我必须这么做。,bak_strings.xml,translated,yes,,
bys96mgQ,"That's your right, my {?PLAYER.GENDER}lady{?}lord{\\?}. But if you can't get the support of the artisans here when you next need it, well, don't say no one said anything.",这是你的权利，我的 {?PLAYER.GENDER}女士{?}领主{\?}。但是，如果您下次需要时无法获得这里工匠的支持，那么，请不要说没有人说什么。,bak_strings.xml,translated,no,{?PLAYER.GENDER} | {?} | {\\?},{?PLAYER.GENDER} | {?} | {\?}
NizER6fW,I can take your “goods” to {TARGET_HERO.LINK} in {TARGET_SETTLEMENT} myself.,我可以亲自将您的“货物”带到{TARGET_SETTLEMENT}的{TARGET_HERO.LINK}。,bak_strings.xml,translated,yes,{TARGET_HERO.LINK} | {TARGET_SETTLEMENT},{TARGET_SETTLEMENT} | {TARGET_HERO.LINK}
8U7Cqtte,Excellent. I'll have the goods delivered to you right away.[if:convo_nonchalant],出色的。我会马上把货送到您手中.[if:convo_nonchalant],bak_strings.xml,translated,yes,,
03E9TCrn,I believe the goods have been delivered to you.,我相信货物已经交付给您了。,bak_strings.xml,translated,yes,,
6ZCAQ1S9,Great. I will be heading out soon.,伟大的。我很快就要出发了。,bak_strings.xml,translated,yes,,
3SBDbPjD,Good to hear that! Safe journeys.,很高兴听到这个消息！旅途安全。,bak_strings.xml,translated,yes,,
JOaD2BlP,In due time. Let's not be too hasty here.,在适当的时候。我们不要太仓促。,bak_strings.xml,translated,yes,,
ppi6eVos,As you wish.,如你所愿。,bak_strings.xml,translated,yes,,
dS9S5DR5,"We have heard rumors that you have purchased foreign firearms from {QUEST_GIVER.NAME}. Well, our laws require that only domestic firearms may be bought or sold here.[if:convo_annoyed][ib:hip]",我们听说你从 {QUEST_GIVER.NAME} 那里购买了外国枪械。嗯，本地法律规定这里只能买卖国产枪械。[if:convo_annoyed][ib:hip],bak_strings.xml,translated,yes,{QUEST_GIVER.NAME},{QUEST_GIVER.NAME}
4EB6Mc7G,"I'm sure what you did was an honest mistake, but there are laws. Hand over the contraband to me, and this will be the end of it.",我确信你的所作所为是无心之过，但法律是有的。把违禁品交给我，事情就到此为止了。,bak_strings.xml,translated,yes,,
FfBgIdhQ,This town has laws about unauthorized trade. Turn over the guns to me now.,这个镇有关于未经授权的贸易的法律。现在把枪交给我。,bak_strings.xml,translated,yes,,
nTKr0Mhx,I don't want to break the law. You can take the guns.,我不想触犯法律。你可以拿枪。,bak_strings.xml,translated,yes,,
ihsNfbUv,That's the right call. You seem a responsible type.[if:convo_nonchalant],这是正确的决定。你看起来是一个负责任的类型.[if:convo_nonchalant],bak_strings.xml,translated,yes,,
ZBqrd46y,That's just robbery under the cover of law. I'm not giving you anything.,这只是打着法律幌子的抢劫行为。我不会给你任何东西。,bak_strings.xml,translated,yes,,
dD1PdT8o,"Respectfully, you're making a big mistake and I think you're going to regret it.[if:convo_furious]",恕我直言，你犯了一个大错误，我想你会后悔的。[if:convo_furious],bak_strings.xml,translated,yes,,
XQvqkFkO,"My {?PLAYER.GENDER}lady{?}lord{\\?}, we have heard rumors that you have purchased foreign firearms from {QUEST_GIVER.NAME}.[ib:demure] Surely this cannot be true. Our laws require that only Japanese-made firearms may be bought or sold here.",我的{?PLAYER.GENDER}女士{?}领主{\?}，我们听说您从{QUEST_GIVER.NAME}.[ib:demure]购买了外国枪支，这当然不是真的。我们的法律规定，这里只能买卖日本制造的枪支。,bak_strings.xml,translated,no,{?PLAYER.GENDER} | {?} | {\\?} | {QUEST_GIVER.NAME},{?PLAYER.GENDER} | {?} | {\?} | {QUEST_GIVER.NAME}
JqjY2Kz1,"Perhaps, my {?PLAYER.GENDER}lady{?}lord{\\?}, it was a mistake? If you were to relinquish the goods, it would avoid a situation that might appear, well, a bit unseemly.",也许，我的{?PLAYER.GENDER}女士{?}领主{\?}，这是一个错误？如果你放弃货物，就可以避免出现可能看起来有点不体面的情况。,bak_strings.xml,translated,no,{?PLAYER.GENDER} | {?} | {\\?},{?PLAYER.GENDER} | {?} | {\?}
6xFbPCqg,I suppose the laws of this town bind me as well. You can take the guns.,我想这个镇的法律也对我有约束力。你可以拿枪。,bak_strings.xml,translated,yes,,
wXCkhAih,"A just decision, my {?PLAYER.GENDER}lady{?}lord{\\?}.",这是一个公正的决定，我的 {?PLAYER.GENDER}女士{?}领主{\?}。,bak_strings.xml,translated,no,{?PLAYER.GENDER} | {?} | {\\?},{?PLAYER.GENDER} | {?} | {\?}
8BYZOARX,"I decide how the law here is applied, merchant.",我决定这里的法律如何适用，商人。,bak_strings.xml,translated,yes,,
36fxek2x,"Respectfully, my {?PLAYER.GENDER}lady{?}lord{\\?}, I must protest this. But of course you are free to do what you will.",尊敬的，我的 {?PLAYER.GENDER}女士{?}领主{\?}，我必须对此表示抗议。但当然，你可以自由地做你想做的事。,bak_strings.xml,translated,no,{?PLAYER.GENDER} | {?} | {\\?},{?PLAYER.GENDER} | {?} | {\?}
X6XhPEx0,You can have one of my companions and {REQUIRED_TROOP_AMOUNT} of my men to take your “goods” to {TARGET_TOWN},你可以让我的一名同伴和我的手下{REQUIRED_TROOP_AMOUNT}把你的“货物”带到{TARGET_TOWN},bak_strings.xml,translated,yes,{REQUIRED_TROOP_AMOUNT} | {TARGET_TOWN},{REQUIRED_TROOP_AMOUNT} | {TARGET_TOWN}
WO3YxOLJ,Thank you my {?PLAYER.GENDER}lady{?}lord{\\?}. I am sure your men will take care of the problem.,谢谢你，我的 {?PLAYER.GENDER}女士{?}领主{\?}。我相信你的人会解决这个问题的。,bak_strings.xml,translated,no,{?PLAYER.GENDER} | {?} | {\\?},{?PLAYER.GENDER} | {?} | {\?}
kbfCQVn1,I am still waiting for news from {TARGET_SETTLEMENT}. Thanks again for sparing your men.,我还在等待 {TARGET_SETTLEMENT} 的消息。再次感谢您饶恕了您的人。,bak_strings.xml,translated,yes,{TARGET_SETTLEMENT},{TARGET_SETTLEMENT}
WPOZWfEx,About the task {QUEST_GIVER.LINK} gave me...,关于 {QUEST_GIVER.LINK} 给我的任务...,bak_strings.xml,translated,yes,{QUEST_GIVER.LINK},{QUEST_GIVER.LINK}
jBuerjt5,Yes... {QUEST_GIVER.LINK} sent word to us. We are expecting the {.%}{RIFLES}{.%} that {?QUEST_GIVER.GENDER}she{?}he{\\?} had.,是的... {QUEST_GIVER.LINK} 给我们发了消息。我们期待 {?QUEST_GIVER.GENDER}她{?}他{\?} 拥有的 {.%}{RIFLES}{.%} 。,bak_strings.xml,translated,no,{QUEST_GIVER.LINK} | {.%} | {RIFLES} | {.%} | {?QUEST_GIVER.GENDER} | {?} | {\\?},{QUEST_GIVER.LINK} | {?QUEST_GIVER.GENDER} | {?} | {\?} | {.%} | {RIFLES} | {.%}
KzO8KtgQ,Have you brought {REQUESTED_AMOUNT} {.%}{?(REQUESTED_AMOUNT > 1)}rifles{?}rifle{\\?}{.%}? I have a fat purse of {REWARD}{GOLD_ICON} for you as promised.,你带了 {REQUESTED_AMOUNT} {.%}{?(REQUESTED_AMOUNT > 1)}步枪{?}步枪{\?}{.%} 了吗？正如我所承诺的，我有一个 {REWARD}{GOLD_ICON} 的大钱包给你。,bak_strings.xml,translated,no,{REQUESTED_AMOUNT} | {.%} | {?(REQUESTED_AMOUNT > 1)} | {?} | {\\?} | {.%} | {REWARD} | {GOLD_ICON},{REQUESTED_AMOUNT} | {.%} | {?(REQUESTED_AMOUNT > 1)} | {?} | {\?} | {.%} | {REWARD} | {GOLD_ICON}
1X5EGsW5,Yes. I have the goods right here. I brought {REQUESTED_AMOUNT} {.%}{?(REQUESTED_AMOUNT > 1)}rifles{?}rifle{\\?}{.%} as we agreed.,是的。我这里有货。按照我们约定，我带了{REQUESTED_AMOUNT} {.%}{?(REQUESTED_AMOUNT > 1)}步枪{?}步枪{\?}{.%}。,bak_strings.xml,translated,no,{REQUESTED_AMOUNT} | {.%} | {?(REQUESTED_AMOUNT > 1)} | {?} | {\\?} | {.%},{REQUESTED_AMOUNT} | {.%} | {?(REQUESTED_AMOUNT > 1)} | {?} | {\?} | {.%}
LiSVfbAw,Very good! Here is your money. Thank you.[if:convo_grateful],非常好！这是你的钱。谢谢.[if:convo_grateful],bak_strings.xml,translated,yes,,
ZA6nv3x4,You have delivered the goods from {QUEST_GIVER.NAME}.,您已从 {QUEST_GIVER.NAME} 发货。,bak_strings.xml,translated,yes,{QUEST_GIVER.NAME},{QUEST_GIVER.NAME}
C2nMCGgX,"Most of the goods are here, but I lost some of them along the way. I have {AVAILABLE_AMOUNT} with me.",大部分货物都在这里，但我在途中丢失了一些。我带着{AVAILABLE_AMOUNT}。,bak_strings.xml,translated,yes,{AVAILABLE_AMOUNT},{AVAILABLE_AMOUNT}
mBSHMLJX,"Yes, things come up, but my agreement with {QUEST_GIVER.LINK} was for a fixed amount of goods. I don't want to negotiate a new deal. Please come back when you can get the full amount.[if:convo_nervous2][ib:closed]",是的，事情发生了，但我与 {QUEST_GIVER.LINK} 的协议是固定数量的货物。我不想谈判新协议。请在拿到全额后回来。[if:convo_nervous2][ib:closed],bak_strings.xml,translated,yes,{QUEST_GIVER.LINK},{QUEST_GIVER.LINK}
3PoEAXXg,You have delivered {DELIVERED_ITEM_COUNT} rifles from {QUEST_GIVER.NAME}.,您已从 {QUEST_GIVER.NAME} 交付了 {DELIVERED_ITEM_COUNT} 步枪。,bak_strings.xml,translated,yes,{DELIVERED_ITEM_COUNT} | {QUEST_GIVER.NAME},{QUEST_GIVER.NAME} | {DELIVERED_ITEM_COUNT}
jOUTl8Ap,You have to bring in amount {REQUIRED_AMOUNT} more to fulfill your end of the deal.,您必须多存入 {REQUIRED_AMOUNT} 金额才能完成交易。,bak_strings.xml,translated,yes,{REQUIRED_AMOUNT},{REQUIRED_AMOUNT}
vDcOjrxO,Sorry. I don't have anything for you this time.,对不起。这次我没有什么可以给你的。,bak_strings.xml,translated,yes,,
bS7WJIMq,"Well, try to bring it soon.[if:convo_thinking][ib:closed]",好吧，试着尽快把它带来.[if:convo_thinking][ib:closed],bak_strings.xml,translated,yes,,
U722hDoU,"You know, these goods are worth more to me than what you'll paying. I will keep them.",你知道，这些商品对我来说比你付的钱更值钱。我会保留它们。,bak_strings.xml,translated,yes,,
HvJERw0E,What? That's a breach of contract. {QUEST_GIVER.LINK} will certainly hear about this...[if:convo_grave][ib:aggressive],什么？这就是违约行为。 {QUEST_GIVER.LINK} 肯定会听说这个...[if:convo_grave][ib:aggressive],bak_strings.xml,translated,yes,{QUEST_GIVER.LINK},{QUEST_GIVER.LINK}
bFwPCPzN,Escort Foreign Merchant,护航外商,bak_strings.xml,translated,yes,,
mcYqVaNp,"There's been a real surge of radical activity around here recently. I don't know if it's because the lords are away fighting or something else, but it's a miracle if a foreigner can make three leagues beyond the gates without being set upon by shishi. As the host of one such merchant, I must ensure his safety.",最近这里的激进活动确实激增。不知是诸侯外出打仗，还是别的什么原因，洋人能走出门外三里而不被师师攻击，那就是奇迹了。作为这样一个商人的主人，我必须确保他的安全。,bak_strings.xml,translated,yes,,
AA5OOS8p,Things have gotten a lot worse recently with the shishi radicals on the roads around town. I cannot risk the safety of my guest when he leaves the city.,最近，城镇周围道路上的尊攘激进派的情况变得更糟。当我的客人离开这座城市时，我不能拿他的安全冒险。,bak_strings.xml,translated,yes,,
NRUYf35y,Go on.,继续。,bak_strings.xml,translated,yes,,
mA9UXRxz,"My foreign guest wishes to go on a trade mission, but I fear he will be murdered before along the way. So I am looking for some good fighters who can escort him until he finds his footing and visits a couple of settlements.",我的外国客人想去出差，但我担心他会在途中被谋杀。所以我正在寻找一些优秀的战士来护送他，直到他站稳脚跟并访问几个定居点。,bak_strings.xml,translated,yes,,
CRaOL9Y9,Caravan of the {NATION},{NATION} 的商队,bak_strings.xml,translated,yes,{NATION},{NATION}
vvj4J3GI,Ishin Shishi Radicals,这是尊攘激进派,bak_strings.xml,translated,yes,,
Bk6bWGnc,"I will be willing to pay generously {BASE_REWARD}{GOLD_ICON} for each day the foreigner is on the road. It will be more than I usually pay for guards, but you look like the type who send a message to these radicals, that foreign merchants aren't to be messed with.",我愿意为外国人在路上的每一天慷慨地支付{BASE_REWARD}{GOLD_ICON}。这比我通常付给警卫的钱要多，但你看起来像是那种向这些激进分子发出信息的人，外国商人不要惹麻烦。,bak_strings.xml,translated,yes,{BASE_REWARD} | {GOLD_ICON},{BASE_REWARD} | {GOLD_ICON}
TXI42rzU,"I will be willing to pay generously {BASE_REWARD}{GOLD_ICON} for each day the foreigner is on the road. It will be more than I usually pay for guards, but figure maybe you can scare these radicals off. I can't afford the cost of a foreign reprisal just because some fools hate outsiders.",我愿意为外国人在路上的每一天慷慨地支付{BASE_REWARD}{GOLD_ICON}。这将比我通常支付的警卫费用还要高，但我想也许你可以吓跑这些激进分子。我无法承担仅仅因为一些傻瓜憎恨外来者而遭受外国报复的代价。,bak_strings.xml,translated,yes,{BASE_REWARD} | {GOLD_ICON},{BASE_REWARD} | {GOLD_ICON}
rmRGFaXP,"Don't worry, I'll escort the foreigner myself.",你放心，我会亲自护送外国人的。,bak_strings.xml,translated,yes,,
ADNlFhdf,I'll assign one of my companions and {NEEDED_MEN_COUNT} of my men to protect your guest for {RETURN_DAYS} days.,我将指派一名同伴和 {NEEDED_MEN_COUNT} 名手下保护您的客人 {RETURN_DAYS} 天。,bak_strings.xml,translated,yes,{NEEDED_MEN_COUNT} | {RETURN_DAYS},{NEEDED_MEN_COUNT} | {RETURN_DAYS}
1vtMvEHX,"I am sure your men are as capable as you are and will look after my guest. Thanks again for your help, my friend.",我相信你们的手下和你们一样有能力，会照顾我的客人。再次感谢您的帮助，我的朋友。,bak_strings.xml,translated,yes,,
bkTnHGbI,"Thank you, {?PLAYER.GENDER}madam{?}sir{\\?}, I think they will be enough.",谢谢您，{?PLAYER.GENDER}女士{?}先生{\?}，我想它们就足够了。,bak_strings.xml,translated,no,{?PLAYER.GENDER} | {?} | {\\?},{?PLAYER.GENDER} | {?} | {\?}
E9rOQzPT,"{ISSUEGIVER.LINK}, a merchant from {SETTLEMENT}, has told you about {?ISSUEGIVER.GENDER}her{?}his{\\?} recent problems with shishi radicals. {?ISSUEGIVER.GENDER}She{?}he{\\?} asked you to guard {?ISSUEGIVER.GENDER}her{?}his{\\?} foreign guest for a while and deal with any attackers. In return {?ISSUEGIVER.GENDER}she{?}he{\\?} offered you {GOLD}{GOLD_ICON} for each day your troops spend on escort duty.{newline}You agreed to lend {?ISSUEGIVER.GENDER}her{?}him{\\?} {NEEDED_MEN_COUNT} men. They should be enough to turn away most of the radicals. Your troops should return after {RETURN_DAYS} days.",来自{SETTLEMENT}的商人{ISSUEGIVER.LINK}向您讲述了{?ISSUEGIVER.GENDER}她的{?}他的{\?}最近的尊攘激进派的问题。 {?ISSUEGIVER.GENDER}她{?}他{\?}要求你暂时看守{?ISSUEGIVER.GENDER}她的{?}他的{\?}外宾并处理任何袭击者。作为回报，{?ISSUEGIVER.GENDER}她{?}他{\?} 为您的部队每天护送任务提供 {GOLD}{GOLD_ICON}。{newline}您同意借出 {?ISSUEGIVER.GENDER}她的{?}他{\?} {NEEDED_MEN_COUNT} 人员。它们应该足以赶走大多数激进分子。你的部队应该在 {RETURN_DAYS} 天后返回。,bak_strings.xml,translated,no,{ISSUEGIVER.LINK} | {SETTLEMENT} | {?ISSUEGIVER.GENDER} | {?} | {\\?} | {?ISSUEGIVER.GENDER} | {?} | {\\?} | {?ISSUEGIVER.GENDER} | {?} | {\\?} | {?ISSUEGIVER.GENDER} | {?} | {\\?} | {GOLD} | {GOLD_ICON} | {newline} | {?ISSUEGIVER.GENDER} | {?} | {\\?} | {NEEDED_MEN_COUNT} | {RETURN_DAYS},{SETTLEMENT} | {ISSUEGIVER.LINK} | {?ISSUEGIVER.GENDER} | {?} | {\?} | {?ISSUEGIVER.GENDER} | {?} | {\?} | {?ISSUEGIVER.GENDER} | {?} | {\?} | {?ISSUEGIVER.GENDER} | {?} | {\?} | {GOLD} | {GOLD_ICON} | {newline} | {?ISSUEGIVER.GENDER} | {?} | {\?} | {NEEDED_MEN_COUNT} | {RETURN_DAYS}
8Hulmn4B,Your companion has protected the foreign merchant from {SETTLEMENT} as promised. {?ISSUE_GIVER.GENDER}She{?}He{\\?} was happy with your work.,你的同伴已经按照承诺保护了外国商人免受{SETTLEMENT}的侵害。 {?ISSUE_GIVER.GENDER}她{?}他{\?} 对您的工作感到满意。,bak_strings.xml,translated,no,{SETTLEMENT} | {?ISSUE_GIVER.GENDER} | {?} | {\\?},{SETTLEMENT} | {?ISSUE_GIVER.GENDER} | {?} | {\?}
e1rRz5fw,A foreign merchant needs an escort for protection against ishin shishi radicals.,外国商人需要护卫来抵御异端邪教激进分子。,bak_strings.xml,translated,yes,,
Lbhu9Pg9,"{ISSUE_GIVER.LINK}, a merchant from {SETTLEMENT}, has told you about {?ISSUE_GIVER.GENDER}her{?}his{\\?} recent problems with shishi radicals. {?ISSUE_GIVER.GENDER}She{?}He{\\?} asked you to guard {?ISSUE_GIVER.GENDER}her{?}his{\\?} foreign guest for a while and deal with any attackers. In return {?ISSUE_GIVER.GENDER}she{?}he{\\?} offered you {GOLD}{GOLD_ICON} denars for each day you spend on escort duty.{newline}You have agreed to guard him yourself until he visits {NUMBER_OF_SETTLEMENTS} settlements.",来自{SETTLEMENT}的商人{ISSUE_GIVER.LINK}向您讲述了{?ISSUE_GIVER.GENDER}她的{?}他的{\?}最近的尊攘激进派的问题。 {?ISSUE_GIVER.GENDER}她{?}他{\?}要求你暂时看守{?ISSUE_GIVER.GENDER}她的{?}他的{\?}外宾并处理任何袭击者。作为回报，{?ISSUE_GIVER.GENDER}她{?}他{\?} 为您每天执行护送任务提供 {GOLD}{GOLD_ICON} 第纳尔。{newline}您已同意亲自看守他，直到他访问 {NUMBER_OF_SETTLEMENTS} 定居点。,bak_strings.xml,translated,no,{ISSUE_GIVER.LINK} | {SETTLEMENT} | {?ISSUE_GIVER.GENDER} | {?} | {\\?} | {?ISSUE_GIVER.GENDER} | {?} | {\\?} | {?ISSUE_GIVER.GENDER} | {?} | {\\?} | {?ISSUE_GIVER.GENDER} | {?} | {\\?} | {GOLD} | {GOLD_ICON} | {newline} | {NUMBER_OF_SETTLEMENTS},{SETTLEMENT} | {ISSUE_GIVER.LINK} | {?ISSUE_GIVER.GENDER} | {?} | {\?} | {?ISSUE_GIVER.GENDER} | {?} | {\?} | {?ISSUE_GIVER.GENDER} | {?} | {\?} | {?ISSUE_GIVER.GENDER} | {?} | {\?} | {GOLD} | {GOLD_ICON} | {newline} | {NUMBER_OF_SETTLEMENTS}
JtNLRexB,The merchant was killed. Quest failed.,商人被杀了。任务失败。,bak_strings.xml,translated,yes,,
xPGULV91,You have lost the track of the merchant. Your agreement with {ISSUE_GIVER.LINK} is failed.,你已经失去了商人的踪迹。您与 {ISSUE_GIVER.LINK} 的协议失败。,bak_strings.xml,translated,yes,{ISSUE_GIVER.LINK},{ISSUE_GIVER.LINK}
gdwEkklF,The merchant was killed by Shishi radicals. Your agreement with {ISSUE_GIVER.LINK} is failed.,商人被尊攘激进派杀害。您与 {ISSUE_GIVER.LINK} 的协议失败。,bak_strings.xml,translated,yes,{ISSUE_GIVER.LINK},{ISSUE_GIVER.LINK}
rr1JIrHP,You have attacked the merchant.,你攻击了商人。,bak_strings.xml,translated,yes,,
G5F2rg6G,"The merchant is traveling between ports, and you do not have enough ships to follow. Your agreement with {QUEST_GIVER.LINK} was canceled and they have paid you for the merchant's progress.",商人正在港口之间航行，而你没有足够的船只可以跟随。您与 {QUEST_GIVER.LINK} 的协议已取消，他们已向您支付商家进度费用。,bak_strings.xml,translated,yes,{QUEST_GIVER.LINK},{QUEST_GIVER.LINK}
10j7vXkT,All profitable trade routes of the foreign merchant are blocked by recent wars. He has decided to return until the situation gets better. {QUEST_GIVER.LINK} was happy with your service and sent you {REWARD}{GOLD_ICON} as promised.,外国商人所有有利可图的贸易路线都因最近的战争而被封锁。他决定回来，直到情况好转。 {QUEST_GIVER.LINK} 对您的服务感到满意，并按照承诺向您发送了 {REWARD}{GOLD_ICON}。,bak_strings.xml,translated,yes,{QUEST_GIVER.LINK} | {REWARD} | {GOLD_ICON},{QUEST_GIVER.LINK} | {REWARD} | {GOLD_ICON}
RlMNWer2,You have protected the foreign merchant from {SETTLEMENT} as promised. He was happy with your work.,您已按照承诺保护外国商人免受 {SETTLEMENT} 的侵害。他对你的工作很满意。,bak_strings.xml,translated,yes,{SETTLEMENT},{SETTLEMENT}
i3hC6h7B,Visited Settlements,参观过的定居点,bak_strings.xml,translated,yes,,
gF7k2Z7p,Thank you. You can find the foreigner just outside the settlement.,谢谢。你可以在定居点外面找到那个外国人。,bak_strings.xml,translated,yes,,
O0XnHdx6,"I feel good knowing that you're looking after the foreigner. Safe journeys, my friend!",知道你在照顾那个外国人，我感觉很好。旅途平安，我的朋友！,bak_strings.xml,translated,yes,,
ASrnwfgv,I feel safe knowing that you're looking after us. Please continue to follow us my friend!,知道你在照顾我们，我感到很安全。请朋友继续关注我们！,bak_strings.xml,translated,yes,,
mMP5n9dT,Greetings. This caravan is under the authority of the President of the United States of America and is guaranteed by {MERCHANT.LINK} of {SETTLEMENT}. How may we be of service?[if:convo_normal],问候。该商队受美利坚合众国总统管辖，并由 {SETTLEMENT} 的 {MERCHANT.LINK} 担保。我们可以提供什么服务？[if:convo_normal],bak_strings.xml,translated,yes,{MERCHANT.LINK} | {SETTLEMENT},{SETTLEMENT} | {MERCHANT.LINK}
Khi1HFAj,"Greetings. This caravan is under the protection of Her Majesty, Queen Victoria of the United Kingdom of Great Britain and Ireland, and is guaranteed by {MERCHANT.LINK} of {SETTLEMENT}. How may we assist you?[if:convo_normal]",问候。该商队受到大不列颠及爱尔兰联合藩国维多利亚女王陛下的保护，并由 {SETTLEMENT} 的 {MERCHANT.LINK} 担保。我们可以如何帮助您？[if:convo_normal],bak_strings.xml,translated,yes,{MERCHANT.LINK} | {SETTLEMENT},{SETTLEMENT} | {MERCHANT.LINK}
Zo06Fz4z,"Greetings. This caravan travels under the authority of His Imperial Majesty, Napoleon III of the French Empire, and is guaranteed by {MERCHANT.LINK} of {SETTLEMENT}. How may we be of service?[if:convo_normal]",问候。这支商队在法兰西帝国拿破仑三世陛下的授权下行驶，并由 {SETTLEMENT} 的 {MERCHANT.LINK} 担保。我们可以提供什么服务？[if:convo_normal],bak_strings.xml,translated,yes,{MERCHANT.LINK} | {SETTLEMENT},{SETTLEMENT} | {MERCHANT.LINK}
xdlx5HK7,Greetings. This caravan travels under the authority of the President of the Third French Republic and is guaranteed by {MERCHANT.LINK} of {SETTLEMENT}. How may we be of service?[if:convo_normal],问候。该车队在法兰西第三共和国总统的授权下行驶，并由 {SETTLEMENT} 的 {MERCHANT.LINK} 担保。我们可以提供什么服务？[if:convo_normal],bak_strings.xml,translated,yes,{MERCHANT.LINK} | {SETTLEMENT},{SETTLEMENT} | {MERCHANT.LINK}
uyzr5G62,"Greetings. These goods are secured by His Majesty, King Wilhelm I of Prussia and is guaranteed by {MERCHANT.LINK} of {SETTLEMENT}. How may we help you?[if:convo_normal]",问候。这些货物由普鲁士国王威廉一世陛下担保，并由 {MERCHANT.LINK} 或 {SETTLEMENT} 担保。我们能为您提供什么帮助？[if:convo_normal],bak_strings.xml,translated,yes,{MERCHANT.LINK} | {SETTLEMENT},{MERCHANT.LINK} | {SETTLEMENT}
1UbGKna4,"Greetings. These goods are secured by His Majesty, Wilhelm I, German Emperor and King of Prussia, and is guaranteed by {MERCHANT.LINK} of {SETTLEMENT}. How may we help you?[if:convo_normal]",问候。这些货物由德国皇帝兼普鲁士国王威廉一世陛下担保，并由 {MERCHANT.LINK} 或 {SETTLEMENT} 担保。我们能为您提供什么帮助？[if:convo_normal],bak_strings.xml,translated,yes,{MERCHANT.LINK} | {SETTLEMENT},{MERCHANT.LINK} | {SETTLEMENT}
kbBJ7Sby,"Greetings. This caravan operates under the protection of His Majesty, King William III of the Netherlands, and is guaranteed by {MERCHANT.LINK} of {SETTLEMENT}. How may we assist you?[if:convo_normal]",问候。该商队在荷兰国王威廉三世陛下的保护下运营，并由 {SETTLEMENT} 的 {MERCHANT.LINK} 提供担保。我们可以如何帮助您？[if:convo_normal],bak_strings.xml,translated,yes,{MERCHANT.LINK} | {SETTLEMENT},{SETTLEMENT} | {MERCHANT.LINK}
FmCDGaIG,The merchant you are protecting is ambushed by shishi radicals!,你所保护的商人遭到了狮狮激进分子的伏击！,bak_strings.xml,translated,yes,,
IMmMRUaR,{MALE_LESSER_NOBLE_NAME}{.o} {ALIGNMENT} Revolt,{MALE_LESSER_NOBLE_NAME}{.o} {ALIGNMENT} 反抗,bak_strings.xml,translated,yes,{MALE_LESSER_NOBLE_NAME} | {.o} | {ALIGNMENT},{MALE_LESSER_NOBLE_NAME} | {.o} | {ALIGNMENT}
O0aur7dN,"{ISSUE_GIVER.LINK}, lord of {SETTLEMENT}, says that a {MALE_LESSER_NOBLE_TITLE} named {MALE_LESSER_NOBLE_NAME} is stirring up unrest in the countryside. You asked your companion to deal with {MALE_LESSER_NOBLE_NAME}'s band. They should rejoin your party in {RETURN_DAYS} days",{SETTLEMENT} 的领主 {ISSUE_GIVER.LINK} 说，一个名为 {MALE_LESSER_NOBLE_NAME} 的 {MALE_LESSER_NOBLE_TITLE} 正在乡村煽动骚乱。你让你的同伴来对付{MALE_LESSER_NOBLE_NAME}的乐队。他们应该在 {RETURN_DAYS} 天后重新加入您的队伍,bak_strings.xml,translated,yes,{ISSUE_GIVER.LINK} | {SETTLEMENT} | {MALE_LESSER_NOBLE_TITLE} | {MALE_LESSER_NOBLE_NAME} | {MALE_LESSER_NOBLE_NAME} | {RETURN_DAYS},{SETTLEMENT} | {ISSUE_GIVER.LINK} | {MALE_LESSER_NOBLE_NAME} | {MALE_LESSER_NOBLE_TITLE} | {MALE_LESSER_NOBLE_NAME} | {RETURN_DAYS}
hQc8EEzS,{QUEST_GIVER.LINK} says that a {MALE_LESSER_NOBLE_TITLE} named {MALE_LESSER_NOBLE_NAME} is stirring up unrest in the countryside. {?QUEST_GIVER.GENDER}She{?}He{\\?} asked you to disperse {MALE_LESSER_NOBLE_NAME}'s band using whatever means necessary before the movement gets enough support.,{QUEST_GIVER.LINK} 说，一个名为 {MALE_LESSER_NOBLE_NAME} 的 {MALE_LESSER_NOBLE_TITLE} 正在乡村煽动骚乱。 {?QUEST_GIVER.GENDER}她{?}他{\?} 要求您在运动获得足够支持之前使用任何必要的手段驱散 {MALE_LESSER_NOBLE_NAME} 的乐队。,bak_strings.xml,translated,no,{QUEST_GIVER.LINK} | {MALE_LESSER_NOBLE_TITLE} | {MALE_LESSER_NOBLE_NAME} | {?QUEST_GIVER.GENDER} | {?} | {\\?} | {MALE_LESSER_NOBLE_NAME},{QUEST_GIVER.LINK} | {MALE_LESSER_NOBLE_NAME} | {MALE_LESSER_NOBLE_TITLE} | {?QUEST_GIVER.GENDER} | {?} | {\?} | {MALE_LESSER_NOBLE_NAME}
5ET5J1bf,{QUEST_GIVER}{.o} informants reported that {MALE_LESSER_NOBLE_NAME}{.o} party has been seen near {VILLAGE}.,{QUEST_GIVER}{.o} 线人报告说，{MALE_LESSER_NOBLE_NAME}{.o} 队伍在 {VILLAGE} 附近被发现。,bak_strings.xml,translated,yes,{QUEST_GIVER} | {.o} | {MALE_LESSER_NOBLE_NAME} | {.o} | {VILLAGE},{QUEST_GIVER} | {.o} | {MALE_LESSER_NOBLE_NAME} | {.o} | {VILLAGE}
pK1cyTKG,You were convinced by {MALE_LESSER_NOBLE_NAME} to let him gather support. {QUEST_GIVER.LINK} will be very upset about this.,你被 {MALE_LESSER_NOBLE_NAME} 说服让他获得支持。 {QUEST_GIVER.LINK} 会对此感到非常不安。,bak_strings.xml,translated,yes,{MALE_LESSER_NOBLE_NAME} | {QUEST_GIVER.LINK},{MALE_LESSER_NOBLE_NAME} | {QUEST_GIVER.LINK}
AFm4CMvA,You failed to stop {MALE_LESSER_NOBLE_NAME} before he stirred up unrest in the countryside. {QUEST_GIVER.LINK} will be very upset about this.,在 {MALE_LESSER_NOBLE_NAME} 在乡村煽动骚乱之前，你没能阻止他。 {QUEST_GIVER.LINK} 会对此感到非常不安。,bak_strings.xml,translated,yes,{MALE_LESSER_NOBLE_NAME} | {QUEST_GIVER.LINK},{MALE_LESSER_NOBLE_NAME} | {QUEST_GIVER.LINK}
f4f2bzaP,You lost the battle against {MALE_LESSER_NOBLE_NAME} and failed to help {QUEST_GIVER.LINK} as promised.,你输掉了与 {MALE_LESSER_NOBLE_NAME} 的战斗，也未能按照承诺帮助 {QUEST_GIVER.LINK}。,bak_strings.xml,translated,yes,{MALE_LESSER_NOBLE_NAME} | {QUEST_GIVER.LINK},{MALE_LESSER_NOBLE_NAME} | {QUEST_GIVER.LINK}
IFH3fzAZ,{QUEST_GIVER.LINK} has left {KINGDOM}. Your agreement with {?QUEST_GIVER.GENDER}her{?}him{\\?} has been canceled.,{QUEST_GIVER.LINK} 已离开 {KINGDOM}。您与 {?QUEST_GIVER.GENDER}她的{?}他{\?} 的协议已取消。,bak_strings.xml,translated,no,{QUEST_GIVER.LINK} | {KINGDOM} | {?QUEST_GIVER.GENDER} | {?} | {\\?},{QUEST_GIVER.LINK} | {KINGDOM} | {?QUEST_GIVER.GENDER} | {?} | {\?}
9pJsnMgo,You have persuaded {MALE_LESSER_NOBLE_NAME} to disband his party and return home. You received {REWARD}{GOLD_ICON} in return for your service.,您已说服 {MALE_LESSER_NOBLE_NAME} 解散他的政党并返回家园。您收到 {REWARD}{GOLD_ICON} 作为您服务的回报。,bak_strings.xml,translated,yes,{MALE_LESSER_NOBLE_NAME} | {REWARD} | {GOLD_ICON},{MALE_LESSER_NOBLE_NAME} | {REWARD} | {GOLD_ICON}
xuBLopmE,You have defeated {MALE_LESSER_NOBLE_NAME} and helped {QUEST_GIVER.LINK} as promised. You received {REWARD}{GOLD_ICON} in return for your service.,你已经按照承诺击败了 {MALE_LESSER_NOBLE_NAME} 并帮助了 {QUEST_GIVER.LINK}。您收到 {REWARD}{GOLD_ICON} 作为您服务的回报。,bak_strings.xml,translated,yes,{MALE_LESSER_NOBLE_NAME} | {QUEST_GIVER.LINK} | {REWARD} | {GOLD_ICON},{MALE_LESSER_NOBLE_NAME} | {QUEST_GIVER.LINK} | {REWARD} | {GOLD_ICON}
YcpUKz3W,Support level of {MALE_LESSER_NOBLE_NAME},支持级别 {MALE_LESSER_NOBLE_NAME},bak_strings.xml,translated,yes,{MALE_LESSER_NOBLE_NAME},{MALE_LESSER_NOBLE_NAME}
0D9sHq49,{MALE_LESSER_NOBLE_NAME}{.o} {ALIGNMENT} Party,{MALE_LESSER_NOBLE_NAME}{.o} {ALIGNMENT} 聚会,bak_strings.xml,translated,yes,{MALE_LESSER_NOBLE_NAME} | {.o} | {ALIGNMENT},{MALE_LESSER_NOBLE_NAME} | {.o} | {ALIGNMENT}
tMeStSOS,{ISSUE_GIVER.LINK} wants you to stop the {MALE_LESSER_NOBLE_NAME}'s movement before it turns into a strong resistance.,{ISSUE_GIVER.LINK} 希望您在 {MALE_LESSER_NOBLE_NAME} 的运动变成强大阻力之前阻止它。,bak_strings.xml,translated,yes,{ISSUE_GIVER.LINK} | {MALE_LESSER_NOBLE_NAME},{ISSUE_GIVER.LINK} | {MALE_LESSER_NOBLE_NAME}
J4oQk0mR,"Yes... As you know, this realm is deeply divided between the Imperial and Shogunate cause. Despite the stance taken by the great lords, many of our lower retainers hold an opposing stance. A few of us, myself included, wish to take a stronger stance. I don't know how we will end up acting, but rumors of it have gotten out in my district, and many of the kachi are growing restless. Now, most of us are doing their part to keep a lid on things. But there's one, {MALE_LESSER_NOBLE_NAME}, who I am ashamed to say was once a {TOP_TIER_CAV_TITLE} under my banner, who's been going around the countryside, stirring up trouble. He's gathered a following and they have a whole list of demands, including a requirement that our domain take a {OPP_STANCE} stance. I'd take care of him myself, but that would imply I can't control my own men. Maybe you can help?[if:convo_thinking][ib:closed2]",是的……如你所知，这个藩在帝国和幕府之间有着深刻的分歧。尽管各大领主都采取了立场，但我们的许多下级家臣却持反对立场。我们中的一些人，包括我自己，希望采取更强硬的立场。我不知道我们最终会如何行动，但有关此事的谣言已经在我的地区流传开来，许多卡奇人变得焦躁不安。现在，我们大多数人都在尽自己的一份力量来控制事情的发展。但有一个{MALE_LESSER_NOBLE_NAME}，说来惭愧，他曾经是我旗下的{TOP_TIER_CAV_TITLE}，一直在乡下闹事。他聚集了一批追随者，他们提出了一整套要求，包括要求我们的藩采取 {OPP_STANCE} 立场。我会亲自照顾他，但这意味着我无法控制自己的手下。也许你能帮忙？[if:convo_thinking][ib:closed2],bak_strings.xml,translated,yes,{MALE_LESSER_NOBLE_NAME} | {TOP_TIER_CAV_TITLE} | {OPP_STANCE},{MALE_LESSER_NOBLE_NAME} | {TOP_TIER_CAV_TITLE} | {OPP_STANCE}
IALbJ6to,Maybe. What do you need exactly?,或许。你到底需要什么？,bak_strings.xml,translated,yes,,
ZFHyr785,"His band has been going about from village to village. Find him and stop him. You can tell him he's guilty of sedition, and if he doesn't disperse, then you can use force.[if:convo_thinking][ib:hip2]",他的乐队一直在各个村庄巡回演出。找到他并阻止他。你可以告诉他他犯了煽动罪，如果他不驱散，你就可以使用武力。[if:convo_thinking][ib:hip2],bak_strings.xml,translated,yes,,
M1kjUlYl,Is there any other way to solve this problem?,还有其他方法可以解决这个问题吗？,bak_strings.xml,translated,yes,,
FlnCOwS1,"Not that I can think of. But if you don't want to do it, you can nominate someone from your party. It's not going to be easy, though. Whoever you name should be a good leader and have a good knowledge of tactics, and should take along at least {ALTERNATIVE_SOLUTION_NEEDED_MAN_COUNT} men. I'm ready to pay {REWARD}{GOLD_ICON} for your service. And if it comes to a fight, you can take whatever loot you want as spoils of war.[if:convo_thinking]",我想不到。但如果您不想这样做，您可以提名您所在政党的某人。但这并不容易。无论您指定的人是谁，都应该是一位优秀的领导者，并且具有丰富的战术知识，并且应该至少带领 {ALTERNATIVE_SOLUTION_NEEDED_MAN_COUNT} 人。我已准备好为您的服务支付 {REWARD}{GOLD_ICON} 费用。如果发生战斗，你可以拿走任何你想要的战利品作为战利品。[if:convo_thinking],bak_strings.xml,translated,yes,{ALTERNATIVE_SOLUTION_NEEDED_MAN_COUNT} | {REWARD} | {GOLD_ICON},{ALTERNATIVE_SOLUTION_NEEDED_MAN_COUNT} | {REWARD} | {GOLD_ICON}
rPtBmUau,I'll find them and put a stop to what they're doing.,我会找到他们并制止他们的所作所为。,bak_strings.xml,translated,yes,,
OMhPSSTm,"Thank you. {MALE_LESSER_NOBLE_NAME} is always on the move, so finding him might be tricky. But don't worry, I get regular reports from the landowners around here and I'll keep you updated on his movements...[if:convo_undecided_closed]",谢谢。 {MALE_LESSER_NOBLE_NAME} 总是在移动，所以找到他可能很棘手。但别担心，我会定期收到附近土地所有者的报告，我会随时向您通报他的最新动向……[if:convo_undecided_closed],bak_strings.xml,translated,yes,{MALE_LESSER_NOBLE_NAME},{MALE_LESSER_NOBLE_NAME}
cqIoRnBL,Don't worry. I will send my best men to deal with this.,不用担心。我会派我最好的人来处理这件事。,bak_strings.xml,translated,yes,,
j74yIXRJ,Thank you.[if:convo_relaxed_happy] I hope your men deal with them as soon as possible.,谢谢.[if:convo_relaxed_happy] 我希望你的人尽快处理他们。,bak_strings.xml,translated,yes,,
QxPyfgaF,Have you put a stop to {MALE_LESSER_NOBLE_TITLE}{.s}?[if:convo_undecided_open],你停止{MALE_LESSER_NOBLE_TITLE}{.s}了吗？[if:convo_undecided_open],bak_strings.xml,translated,yes,{MALE_LESSER_NOBLE_TITLE} | {.s},{MALE_LESSER_NOBLE_TITLE} | {.s}
Qg9ggtOm,"Yes, we know where he is. It's just a matter of time to catch them.",是的，我们知道他在哪里。抓住他们只是时间问题。,bak_strings.xml,translated,yes,,
LAMDOGev,Good. I count on you.[if:convo_relaxed_happy],好的。我指望你.[if:convo_relaxed_happy],bak_strings.xml,translated,yes,,
z6WZwsTu,We are working on it.,我们正在努力。,bak_strings.xml,translated,yes,,
4KSZcsTW,Very well. But every day he's out there spreading sedition make things more dangerous for all of us.[if:convo_undecided_closed],很好。但他每天都在那里散布煽动叛乱，这让我们所有人的处境变得更加危险。[if:convo_undecided_closed],bak_strings.xml,translated,yes,,
SHoWDmG2,"Greetings, {?PLAYER.GENDER}madame{?}sir{\\?}. May I help you?",您好，{?PLAYER.GENDER}夫人{?}先生{\?}。我可以帮你吗？,bak_strings.xml,translated,no,{?PLAYER.GENDER} | {?} | {\\?},{?PLAYER.GENDER} | {?} | {\?}
ZkMqeK65,Anything else to say?,还有什么要说的吗？,bak_strings.xml,translated,yes,,
r588MwWh,Sedition? You have been misinformed. My men and I are loyal servants of {RULER_NAME_AND_TITLE}. We are simply going about informing the people that our {RULER_TITLE} is surrounded by bad advisers who are advocating for the treasonous {ALIGNMENT} cause. We petition {RULER.NAME} to listen to us and join the righteous movement.[if:convo_normal][ib:hip],煽动叛乱？你被误导了。我和我的手下都是 {RULER_NAME_AND_TITLE} 的忠实仆人。我们只是要告诉人们，我们的 {RULER_TITLE} 周围都是坏顾问，他们鼓吹叛国的 {ALIGNMENT} 事业。我们请求{RULER.NAME}听我们的意见并加入正义运动。[if:convo_normal][ib:hip],bak_strings.xml,translated,yes,{RULER_NAME_AND_TITLE} | {RULER_TITLE} | {ALIGNMENT} | {RULER.NAME},{RULER_NAME_AND_TITLE} | {RULER_TITLE} | {ALIGNMENT} | {RULER.NAME}
qcOnI5AG,Consequences? You would shed the blood of {RULER.NAME}'s loyal servants just for raising their voices against a wicked cause?[if:convo_confused_normal][ib:closed],结果？你会仅仅因为{RULER.NAME}的忠诚仆人大声反对邪恶的事业而让他们流血吗？[if:convo_confused_normal][ib:closed],bak_strings.xml,translated,yes,{RULER.NAME},{RULER.NAME}
m4ykHih7,"Yes, that's sedition all right. Disperse now or face the consequences.",是的，这就是煽动叛乱。立即散去，否则后果自负。,bak_strings.xml,translated,yes,,
9kt3ZjGJ,I will talk no more. Get ready to fight.,我不再说话了。准备好战斗吧。,bak_strings.xml,translated,yes,,
4ysdp0dV,The Heavens will grant victory to the just![ib:warrior][if:convo_contemptuous],上天会赐予正义者胜利！[ib:warrior][if:convo_contemptuous],bak_strings.xml,translated,yes,,
qdRwGOmg,"No, I don't want to shed your blood.",不，我不想让你流血。,bak_strings.xml,translated,yes,,
59ooBNpU,Wise decision.[if:convo_undecided_closed][ib:normal],明智的决定.[if:convo_undecided_closed][ib:normal],bak_strings.xml,translated,yes,,
uqe1N18S,"Well, I have indeed been misinformed. You may go on your way...",嗯，确实是我被误导了。你可以继续你的路了...,bak_strings.xml,translated,yes,,
xXSjHp5p,"You're doing a good thing, {?PLAYER.GENDER}madame{?}sir{\\?}. Our great cause will remember your kindness",你做得很好，{?PLAYER.GENDER}夫人{?}先生{\?}。我们伟大的事业会铭记您的恩情,bak_strings.xml,translated,no,{?PLAYER.GENDER} | {?} | {\\?},{?PLAYER.GENDER} | {?} | {\?}
pKjYnoKr,Let me try to talk some sense into you...,让我试着和你谈谈一些道理......,bak_strings.xml,translated,yes,,
rSLgT9yU,"If you start a rebellion, you're just going to get a lot of samurai around here killed...",如果你发动叛乱，你只会让这里的很多武士被杀……,bak_strings.xml,translated,yes,,
kdDoqJxM,"The nobles aren't trying to defend a wicked cause, but they cannot risk the domain's destruction by its enemies.",贵族们并不想捍卫邪恶的事业，但他们不能冒藩被敌人毁灭的风险,bak_strings.xml,translated,yes,,
5T9v3DNk,"You know the dark hearts of men... Those who start as rebels end up turning bandit. Rebellion brings anarchy, not justice.",你知道人心的黑暗……那些一开始是叛逆者的人最终会变成强盗。叛乱带来的是无政府状态，而不是正义。,bak_strings.xml,translated,yes,,
kxdkmOPu,Thus always spoke the wicked to the just! We can only pray that the Heavens help the righteous cause. Now stay out of my way.[if:convo_undecided_closed][ib:closed],恶人总是这样对义人说话！只能祈求老天爷保佑正义事业。现在别挡我的路。[if:convo_undecided_closed][ib:closed],bak_strings.xml,translated,yes,,
MciIqod6,Couch Lance,沙发兰斯,bak_strings.xml,translated,yes,,
DaP0zCuL,Saber,军刀,bak_strings.xml,translated,yes,,
PiHpR4QL,One Handed,一只手,bak_strings.xml,translated,yes,,
YDassFgV,"A scroll depicting the techniques of Hōzōin-ryū school, a spear martial arts specialised in the use of the Jumonji sickle spear to enable diverse offensive and defensive techniques.",描绘宝藏院流派技法的卷轴，宝藏院流派是一种专门使用十文字镰刀枪来实现多种进攻和防御技术的枪术。,bak_strings.xml,translated,yes,,
R6gnCH7g,Kouno Castle,河野城,bak_strings.xml,translated,yes,,
k1yojJ4A,Nishino,西野,bak_strings.xml,translated,yes,,
KEX5sbP0,REPLACE_DESCRIPTION,替换描述,bak_strings.xml,translated,yes,,
fOUsLdZR,Pasture,牧场,bak_strings.xml,translated,yes,,
66Mzk0NZ,Thicket,灌木丛,bak_strings.xml,translated,yes,,
iXA5SttU,Bog,沼泽,bak_strings.xml,translated,yes,,
Nw6vXG2r,Chiburi,知武里,bak_strings.xml,translated,yes,,
UvTpCUpH,Kushizaki,串崎,bak_strings.xml,translated,yes,,
BDnW3J67,"Strategically located in the westernmost part of the San'yō region, near the Kanmon Straits that separate Honshu from Kyushu, Kushizaki is a port castle town originally by the Naitō clan, from which it is possible to control the sea and the flow of trade and people across the western provinces.",串崎位于山阳地区最西端，靠近分隔本州和九州的关门海峡，地理位置优越，是内藤氏族最初的港口城堡城镇，可以控制西部省份的海洋以及贸易和人员流动。,bak_strings.xml,translated,yes,,
stpD675i,Backstreet,后街,bak_strings.xml,translated,yes,,
fR2M5ZdV,Clearing,清算,bak_strings.xml,translated,yes,,
MAusOuPK,Waterfront,海滨,bak_strings.xml,translated,yes,,
kD3Q4P0u,Akamagazeki,赤中关,bak_strings.xml,translated,yes,,
VIWC07Rb,Chofu,长府,bak_strings.xml,translated,yes,,
GuFaRjgy,Aio,艾欧,bak_strings.xml,translated,yes,,
kO0l01wy,Sanbonmatsu,三本松,bak_strings.xml,translated,yes,,
sRgUwjnw,"Positioned near the confluence of several key trade routes in the Chūgoku region, the castle town of Sanbonmatsu has become a target for expanding warlords. While its military importance seems negligible, its location along vital supply routes makes it a key target for forces looking to consolidate control over the region.",三本松城下町位于中国地区几条主要贸易路线的交汇处，已成为军阀扩张的目标。虽然其军事重要性似乎可以忽略不计，但其位于重要供应路线上的位置使其成为寻求巩固对该地区控制的部队的关键目标。,bak_strings.xml,translated,yes,,
vHOOBCB9,Hagi,萩,bak_strings.xml,translated,yes,,
aK0HSc4W,Oi,大井,bak_strings.xml,translated,yes,,
GxkGnl8i,Mikazura,三葛,bak_strings.xml,translated,yes,,
NSAkQv1M,Yoshida-Koriyama,吉田郡山,bak_strings.xml,translated,yes,,
mW8IM8PG,"Originally built as a small fortified residence for the Mōri clan this coastal castle town grew in importance along with the expansion of its inhabitants' power, while its hilltop location ensures control over the surrounding territories and sea routes.",这座沿海城堡小镇最初是为毛利氏族建造的小型防御住所，随着居民势力的扩张，其重要性也日益增强，而其山顶位置确保了对周围领土和海上航线的控制。,bak_strings.xml,translated,yes,,
ntbMy243,Togouchi,户河内,bak_strings.xml,translated,yes,,
uxffoc1I,Kabe,天房,bak_strings.xml,translated,yes,,
nVDIrAUN,Miyoshi,三好,bak_strings.xml,translated,yes,,
ihU3yZM0,Iwami,石见,bak_strings.xml,translated,yes,,
GYTyXmZN,"Iwami is famed for its rich silver mines, which have made it one of the most valuable settlements in Japan. The most powerful daimyos of the region have long battled for control of the Iwami ginzan, which has most recently fallen to the Mōri clan.",石见以其丰富的银矿而闻名，这使其成为日本最有价值的定居点之一。该地区最强大的大名长期以来一直在争夺石见银山的控制权，该地区最近落入毛利氏族之手。,bak_strings.xml,translated,yes,,
ryejJvC5,Tomogaura,友浦,bak_strings.xml,translated,yes,,
VDGlQJwd,Ishigane,石金,bak_strings.xml,translated,yes,,
r5ANVqKb,Hane,羽根,bak_strings.xml,translated,yes,,
5CN8ewVp,Gassantoda,月山富田,bak_strings.xml,translated,yes,,
eDhJwiwf,"Gassantoda is a castle town in San'in that traces its origins back to the Kamakura period and before that to the Heian period when a fortress was built to protect trade routes and the renowned local steel production. More recently, Gassantoda became the stage for the last stand of the once dominant Amago clan against the ascendant Ōuchi and Mōri clans, with the conquest by Mōri Motonari marking the definitive shift of power in the region.",月山都田是山阴的一座城下町，其历史可以追溯到镰仓时代，更早的是平安时代，当时建造了一座堡垒来保护贸易路线和当地著名的钢铁生产。最近，月山田田成为曾经占主导地位的天子氏族对抗崛起的大内氏族和毛利氏族的最后一战的舞台，毛利元成的征服标志着该地区权力的最终转移。,bak_strings.xml,translated,yes,,
LwUShO8j,Yasugi,安来,bak_strings.xml,translated,yes,,
EOMv6L5Q,Mihonoseki,美保关,bak_strings.xml,translated,yes,,
9aMOSRHh,Yodoe,淀江,bak_strings.xml,translated,yes,,
qti2YofG,Okayama,冈山,bak_strings.xml,translated,yes,,
ALnnHm7B,"Okayama is a castle town located in the western part of the Chūgoku region, providing both military and economic advantages through access to maritime trade routes and strategic passage between Honshu and Shikoku",冈山是位于中国地区西部的城下町，通过海上贸易路线以及本州和四国之间的战略通道提供军事和经济优势,bak_strings.xml,translated,yes,,
7MPxSfAc,Kibitsu,吉备津,bak_strings.xml,translated,yes,,
U5Vy1oxO,Hachihama,八滨,bak_strings.xml,translated,yes,,
wwAiZo2v,Saidaiji,西大寺,bak_strings.xml,translated,yes,,
sZfJiRtF,Aratakiyama Castle,新滝山城,bak_strings.xml,translated,yes,,
rdMHs0On,Hiju,比寿,bak_strings.xml,translated,yes,,
Tk7cr6rz,Setozaki,濑户崎,bak_strings.xml,translated,yes,,
ggBeWjpi,Kounomine Castle,高岭城,bak_strings.xml,translated,yes,,
hYa3ko4i,Mitajiri,三田尻,bak_strings.xml,translated,yes,,
vuFxEg9A,Miyaichi,宫一,bak_strings.xml,translated,yes,,
vsTEVmuj,Shimoseyama Castle,下瀬山城,bak_strings.xml,translated,yes,,
ScnAHUPM,Susa,苏萨,bak_strings.xml,translated,yes,,
jX87tqV5,Nakazu,保证,bak_strings.xml,translated,yes,,
CKaQktOo,Mitsuodake Castle,三津岳城,bak_strings.xml,translated,yes,,
s36OCLVb,Murozumi,室住,bak_strings.xml,translated,yes,,
P01HZUoY,Iwakuni,岩国,bak_strings.xml,translated,yes,,
xkmklOPf,Sakurao Castle,桜尾城,bak_strings.xml,translated,yes,,
OPAS78bG,Kuba,因为,bak_strings.xml,translated,yes,,
glsWfxE7,Itsukushima,严岛,bak_strings.xml,translated,yes,,
9iUfpjzA,Hinoyama Castle,日野山城,bak_strings.xml,translated,yes,,
1nlzOWW9,Misumiminato,米墨米托,bak_strings.xml,translated,yes,,
p15FKoXR,Goutsu,豪苏,bak_strings.xml,translated,yes,,
rQfnY5ul,Noumi Castle,能美城,bak_strings.xml,translated,yes,,
dZN5LLR7,Seto,濑户,bak_strings.xml,translated,yes,,
jIQ8ABmU,Kure,吴,bak_strings.xml,translated,yes,,
cw2phJPG,Matsuo Castle,松尾城,bak_strings.xml,translated,yes,,
dYC6hZpp,Takehara,犯罪,bak_strings.xml,translated,yes,,
eqDZ9V5G,Shiraichi,白一,bak_strings.xml,translated,yes,,
MGzfCArb,Misawa Castle,三泽城,bak_strings.xml,translated,yes,,
QNTlHbu0,Kizuki,木月,bak_strings.xml,translated,yes,,
BSLeHhbG,Shirakata,白方,bak_strings.xml,translated,yes,,
H4uQyBi6,Kurushima Castle,来岛城,bak_strings.xml,translated,yes,,
i2U342nt,Oji,王子,bak_strings.xml,translated,yes,,
ZyJVH3pK,Miyaura,三由浦,bak_strings.xml,translated,yes,,
D2EylgG7,Aoki Castle,青木城,bak_strings.xml,translated,yes,,
gqR6QX1Z,Nakanosho,中之庄,bak_strings.xml,translated,yes,,
6lrC1jYV,Setoda,濑户田,bak_strings.xml,translated,yes,,
nag3Cuo5,Niitakayama Castle,新高山城,bak_strings.xml,translated,yes,,
E9fVF5iD,Onomichi,尾道,bak_strings.xml,translated,yes,,
MCoAiEZz,Kasaoka,笠冈,bak_strings.xml,translated,yes,,
RYsEuRur,Kouzan Castle,甲山城,bak_strings.xml,translated,yes,,
uyVTNrO8,Tsuarjima,津阿尔岛,bak_strings.xml,translated,yes,,
bBkiYp7q,Shimotsu,下津,bak_strings.xml,translated,yes,,
p6Qi9gzt,Hogi Castle,保木城,bak_strings.xml,translated,yes,,
v81uLwPi,Ushimado,牛窗,bak_strings.xml,translated,yes,,
qMUrlmZh,Inbe,因部,bak_strings.xml,translated,yes,,
aWGi78Ll,Tenjinyama Castle,天神山城,bak_strings.xml,translated,yes,,
Nr6GaOhH,Shioyu,盐汤,bak_strings.xml,translated,yes,,
MTe8tb9b,Togawa,十川,bak_strings.xml,translated,yes,,
6ccxu05w,Ueshi Castle,羽衣石城,bak_strings.xml,translated,yes,,
0WX9hA8s,Hashizu,桥津,bak_strings.xml,translated,yes,,
04PwDqo1,Kara,卡拉,bak_strings.xml,translated,yes,,
VqVNevKA,Ichijodani,一乘谷,bak_strings.xml,translated,yes,,
0GYO9OBo,"Ichijodani is a fortified town in western Hokuriku, surrounded on all sides by the natural defences of rivers and mountains, making it a difficult target for any besieger. Built by the Asakura clan, Ichijodani has grown into a centre of culture, craftsmanship and religion thanks to the hospitality afforded by the Asakura clan to refugees fleeing Kyoto during the Ōnin War, making it a jewel rivaling the Imperial Capital itself.",一乘谷是北陆西部的一座防御城镇，四面被河流和山脉的天然防御所包围，使其成为任何围攻者的困难目标。一乘谷由朝仓氏建造，由于朝仓氏在应仁之乱期间热情接待了逃离京都的难民，一乘谷已发展成为文化、工艺和宗教的中心，使其成为与皇都本身相媲美的一颗宝石。,bak_strings.xml,translated,yes,,
cT34Ebdw,Mizuochi,水落,bak_strings.xml,translated,yes,,
t2wPJnTl,Kitanosho,北庄,bak_strings.xml,translated,yes,,
6yl5DIfX,Heisenji,平泉寺,bak_strings.xml,translated,yes,,
6PgvlbUT,Oyama,小山,bak_strings.xml,translated,yes,,
lVVZzX8n,"Originally a fortified temple complex of the Kaga Ikko movement, Oyama has evolved into a significant stronghold in the Hokuriku region and its strategic and religious value has drawn the attention of powerful neighbors.",大山最初是加贺一光运动的一座坚固的寺庙建筑群，现已发展成为北陆地区的重要据点，其战略和宗教价值引起了强大邻国的关注。,bak_strings.xml,translated,yes,,
JyG9eqDR,Byakusan,白山,bak_strings.xml,translated,yes,,
6HTGkGwu,Ataka,攻击,bak_strings.xml,translated,yes,,
VPbrsyV3,Miyakoshi,宫越,bak_strings.xml,translated,yes,,
WYXGfvnF,Nanao,七尾,bak_strings.xml,translated,yes,,
EGOIuaaC,"A Nanao, the stronghold of the Hatakeyama clan, is one of the most important castle towns along the Noto Peninsula. Surrounded by mountains and the sea, its defenses are strong, and its harbor allows for active maritime trade.",七尾是畠山氏的据点，是能登半岛最重要的城下町之一。依山傍海，防御坚固，港口贸易活跃。,bak_strings.xml,translated,yes,,
JwZnAQwK,Fukuura,福浦,bak_strings.xml,translated,yes,,
NgWPLmrQ,Hakui,薄井,bak_strings.xml,translated,yes,,
30Bb9CUF,Himi,冰见,bak_strings.xml,translated,yes,,
O2PYgcG1,Kasugayama,春日山,bak_strings.xml,translated,yes,,
uk2xGbQl,"Perched atop a steep mountain, the castle town of Kasugayama was originally a possession of the Nagao clan, but has served as the seat of the powerful Uesugi clan since Uesugi Kenshin, born a Nagao,  took over. Kenshin turned Kasugayama into a center of military power in Echigo from which he departed several times at the head of his armies to challenge the Takeda clan.",春日山城下町坐落在陡峭的山顶上，原本是长尾氏的藩，但自长尾出身的上杉谦信接管以来，一直是强大的上杉氏的所在地。谦信将春日山变成了越后的军事中心，他多次率领军队出征挑战武田氏。,bak_strings.xml,translated,yes,,
POZGi4zI,Funai,船内,bak_strings.xml,translated,yes,,
fLVmeCsk,Naoetsu,直江津,bak_strings.xml,translated,yes,,
RVCdQOAQ,Arai,新井,bak_strings.xml,translated,yes,,
CK6roQ1s,Niigata,新泻,bak_strings.xml,translated,yes,,
mhnNNG3m,"Situated on the coast of Echigo Province, Niigata is a prosperous port town benefiting from maritime trade and fertile agricultural lands. The Shinano River provides an essential route for transporting rice and goods inland. The town falls under the influence of Uesugi Kenshin, whose strong rule ensures stability in the region. Fishermen, salt merchants, and shipbuilders contribute to Niigata’s economy, making it an important asset for Kenshin’s war efforts.",新泻位于越后省海岸，是一个繁荣的港口城镇，受益于海上贸易和肥沃的农业土地。信浓川是向内陆运输大米和货物的重要路线。该镇受到上杉谦信的影响，他的强有力的统治确保了该地区的稳定。渔民、盐商和造船厂为新泻的经济做出了贡献，使其成为剑心战争的重要资产。,bak_strings.xml,translated,yes,,
2UhVzhNg,Kanbara,神原,bak_strings.xml,translated,yes,,
FXLQqRDx,Shibata,柴田,bak_strings.xml,translated,yes,,
4Hvmfg62,Tsugawa,津川,bak_strings.xml,translated,yes,,
vwKTR3B3,Fukashi,深志,bak_strings.xml,translated,yes,,
bF0R3AqG,"Fukashi is a castle town built amongst the mountains of Shinano to protect the domains of the Ogasawara clan until it was taken over by its parent clan following a famous siege by Takeda Shingen, who subsequently converted it into one of the outposts of the expanding Takeda clan.",深志是一座建在信浓山脉之间的城堡城镇，旨在保护小笠原氏族的藩，直到武田信玄著名的围城战后被其母氏族接管，随后将其转变为不断扩张的武田氏族的前哨基地之一。,bak_strings.xml,translated,yes,,
4J5DeSPz,Shiojiri,盐尻,bak_strings.xml,translated,yes,,
Epzs9bvB,Asaka,朝霞,bak_strings.xml,translated,yes,,
jewHO3R5,Suwa,诹访,bak_strings.xml,translated,yes,,
za4xFjbt,Kofu,甲府,bak_strings.xml,translated,yes,,
G1Gwql28,"Kōfu, a castle town in the heart of Kai Province in the southern part of the Tōsan region, has been the home of the Takena clan since its beginnings, but has only recently grown considerably thanks to Takeda Shingen, who has made it the centre of his expanding domain and undertaken major flood control projects to increase agricultural production and quality of life",甲府是东山地区南部甲斐国腹地的一座城下町，自武田氏兴起以来一直是其根据地，但直到武田信玄将其作为不断扩张的藩中心，并实施重大治水工程以提高农业产量和生活质量后，这里才得到显著发展。,bak_strings.xml,translated,yes,,
9ZpFMf9j,Iwama,岩间,bak_strings.xml,translated,yes,,
etBS08Ko,Uwato,上户,bak_strings.xml,translated,yes,,
hKFfL2SM,Enzan,缘山,bak_strings.xml,translated,yes,,
D5Jcm1JC,Sunpu,骏府,bak_strings.xml,translated,yes,,
KoEdsC34,"Sunpu has served as the seat of the powerful Imagawa clan for decades, during which the castle town has flourished as a center of governance, trade and culture, benefiting from its location along the strategic Tōkaidō road. However, the Imagawa’s power has declined significantly since their crushing defeat at the hands of Oda Nobunaga exposing Sunpu and other Imagawa domains to the thirst for conquest of neighbouring lords.",几十年来，骏府一直是强大的今川氏族的所在地，在此期间，这座城下町得益于其战略性的东海道道路的地理位置，作为治理、贸易和文化中心而蓬勃发展。然而，自从被织田信长惨败之后，今川的实力已显着下降，使得骏府和其他今川藩面临着征服邻国领主的渴望。,bak_strings.xml,translated,yes,,
RiByzBoT,Ishizu,石津,bak_strings.xml,translated,yes,,
BUEoaNBS,Kunoujii,久能寺,bak_strings.xml,translated,yes,,
RLbLgutH,Shimizu,清水,bak_strings.xml,translated,yes,,
o7IPA6R2,Hamamatsu,滨松,bak_strings.xml,translated,yes,,
Bt4eiXyI,"Hamamatsu is a castle town in Tokai, built by the Imagawa clan to guard the access the access to the vital Tōkaidō highway, it was then taken over by the rising Tokugawa Ieyasu in the aftermath of the battle of Okehazama.",滨松是东海的一座城下町，由今川氏族建造，以守卫通往重要的东海道高速公路的通道，然后在桶狭间战役后被崛起的德川家康接管。,bak_strings.xml,translated,yes,,
piCQps0D,Kakezuka,加计冢,bak_strings.xml,translated,yes,,
TCosghZ8,Asawa,丈夫,bak_strings.xml,translated,yes,,
pQeaKfeW,Hamanoura,滨浦,bak_strings.xml,translated,yes,,
CrOG8PLd,Okazaki,冈崎,bak_strings.xml,translated,yes,,
pZBrZ9j6,"Okazaki, the birthplace of the rising lord Tokugawa Ieyasu, is a vital castle town in Mikawa Province. Under Tokugawa rule, it has been reinforced as a military base, securing the clan’s control over the region. The castle town is flourishing, with a growing population of samurai, merchants, and craftsmen. Its position along the Tōkaidō road makes it an essential stop for travelers and military movements.",冈崎是新晋领主德川家康的出生地，是三河国的重要城下町。在德川家族的统治下，它作为军事基地得到了加强，确保了德川氏族对该地区的控制。城下町十分繁荣，武士、商人和工匠的人口不断增加。它沿着东海道的位置使其成为旅行者和军事行动的重要停靠站。,bak_strings.xml,translated,yes,,
DDYwxAgB,Utsumi,内海,bak_strings.xml,translated,yes,,
Unk1zUdF,Ohama,大滨,bak_strings.xml,translated,yes,,
yXgoIejT,Kariya,刈谷,bak_strings.xml,translated,yes,,
7o6576n8,Kiyosu,清须,bak_strings.xml,translated,yes,,
iyxZXmq2,"Built in the Kamakura period to guard the highways between Kyoto and the Shogunal capital, Kiyosu has long been the seat of the Oda clan of Owari and the site of political intrigue and military conflicts surrounding the clan, at least until the young lord Oda Nobunaga chose to move his seat to Gifu. Although the relocation of the court weakened its position, Kiyosu remains an important fortified city bustling with activity.",清洲建于镰仓时代，是为了守卫京都和幕府首都之间的高速公路，长期以来一直是尾张织田氏的所在地，也是围绕该氏族的政治阴谋和军事冲突的场所，至少在年轻的领主织田信长选择将其所在地迁往岐阜之前是这样。尽管宫廷的搬迁削弱了它的地位，清须仍然是一个热闹的重要防御城市。,bak_strings.xml,translated,yes,,
vJbZkdX7,Tsushima,对马岛,bak_strings.xml,translated,yes,,
YiKQhjoQ,Nagono,本能地,bak_strings.xml,translated,yes,,
JjNW477Q,Atsuta,热田,bak_strings.xml,translated,yes,,
lXdj1TtH,Sakurabora,樱原,bak_strings.xml,translated,yes,,
nYD2Zvp6,"Hidden deep within the mountainous interior of the Tosan region, Sakurabora has long served as the fortified residence of the Anekouji, guarding key approaches into central Japan. Its elevated position offers commanding views of the rugged valleys below, making it a valuable asset in controlling travel and communication through the region.",樱洞隐藏在东山地区的山区腹地深处，长期以来一直是姊小寺的防御住所，守卫着进入日本中部的重要通道。其地势较高，可以俯瞰下方崎岖山谷的景色，使其成为控制该地区旅行和通讯的宝贵资产。,bak_strings.xml,translated,yes,,
3rm0moPF,Gero,然后,bak_strings.xml,translated,yes,,
5MsVakpv,Maze,间濑,bak_strings.xml,translated,yes,,
yOZsTIzn,Hagiwara,萩原,bak_strings.xml,translated,yes,,
2TMu4lC2,Gifu,岐阜,bak_strings.xml,translated,yes,,
zIIebF6g,"“The one who controls Gifu controls Japan” is a common saying that emphasises the strategic location of this castle town. Once a possession of the Saitō clan and recently seized by Oda Nobunaga, who chose to rename it after the legendary mountain where most of ancient china was unified and the birthplace of Confucious, signalling to everyone his intention to unify the whole of Japan.",“谁控制了岐阜，谁就控制了日本”是一句俗话，强调了这座城下町的战略位置。曾经是斋藤氏族的藩，最近被织田信长占领，并选择以统一古代中国大部分地区的传奇山和孔子的诞生地来重新命名它，向所有人表明他想要统一整个日本的意图。,bak_strings.xml,translated,yes,,
bjDeU9E6,Kani,卡尼,bak_strings.xml,translated,yes,,
yjHtAEEM,Kakamigahara,各务原,bak_strings.xml,translated,yes,,
HTo81wy6,Tenzutsu Castle,天筒城,bak_strings.xml,translated,yes,,
BdXzJLer,Tsuruga,敦贺,bak_strings.xml,translated,yes,,
ijmNcreb,Obama,小浜,bak_strings.xml,translated,yes,,
kePZsN6S,Fuchu Castle,府中城,bak_strings.xml,translated,yes,,
qEewJDux,Kawanoura,河之浦,bak_strings.xml,translated,yes,,
DUDOlYTC,Fuchu,府中,bak_strings.xml,translated,yes,,
BznGdbFo,Mizoe Castle,水尾城,bak_strings.xml,translated,yes,,
P5SW4Or6,Mikuniminato,三国港,bak_strings.xml,translated,yes,,
9VFHLA3r,Kanazu,金津,bak_strings.xml,translated,yes,,
Y7mNSs2D,Daishoji Castle,大聖寺城,bak_strings.xml,translated,yes,,
T2Q4WFMt,Yoshizaki,吉崎,bak_strings.xml,translated,yes,,
Ecd8IGJg,Miyukizuka,美雪冢,bak_strings.xml,translated,yes,,
MXbySYjt,Masuyama Castle,益山城,bak_strings.xml,translated,yes,,
y0hE60ln,Hojozu,北城津,bak_strings.xml,translated,yes,,
CepFf3AB,Uozu,鱼津,bak_strings.xml,translated,yes,,
p9IiDYf9,Anamizu Castle,穴水城,bak_strings.xml,translated,yes,,
xvGZzqHc,Nakai,中井,bak_strings.xml,translated,yes,,
h7DlJtQC,Wajima,强制性的,bak_strings.xml,translated,yes,,
4atk7P2g,Nechi Castle,根知城,bak_strings.xml,translated,yes,,
5rC2HuFe,Oumi,近江,bak_strings.xml,translated,yes,,
6sQmsU2E,Nou,能,bak_strings.xml,translated,yes,,
OZD9byGd,Saruge Castle,猿毛城,bak_strings.xml,translated,yes,,
7JtnPd3c,Kakizaki,柿崎,bak_strings.xml,translated,yes,,
VB9q8lt1,Kasiwazaki,柏崎,bak_strings.xml,translated,yes,,
fhMckOAE,Yoita Castle,与板城,bak_strings.xml,translated,yes,,
vcwfVYcz,Izumosaki,出云崎,bak_strings.xml,translated,yes,,
Lsn74WcF,Teradomari,寺泊,bak_strings.xml,translated,yes,,
c149C2cR,Shishiga Castle,狮子贺城,bak_strings.xml,translated,yes,,
7t3vyHmx,Sawane,萨万,bak_strings.xml,translated,yes,,
d7QHPRHE,Matsugasaki,松崎,bak_strings.xml,translated,yes,,
HwZEw9mI,Hirabayashi Castle,平林城,bak_strings.xml,translated,yes,,
8qvbF7TU,Hirabayashi,平林,bak_strings.xml,translated,yes,,
hWQ6aSCk,Iwafune,岩船,bak_strings.xml,translated,yes,,
BSK7ThAp,Honjyo Castle,本庄城,bak_strings.xml,translated,yes,,
Ko1h36Co,Murakami,村上,bak_strings.xml,translated,yes,,
J9ywrIPV,Sarusawa,猿泽,bak_strings.xml,translated,yes,,
NudqZujm,Tochio Castle,栃尾城,bak_strings.xml,translated,yes,,
n7NdjTwb,Zaodo,藏王堂,bak_strings.xml,translated,yes,,
F0FJSIJ3,Sanjo,三条,bak_strings.xml,translated,yes,,
6MHOv64n,Sakato Castle,坂户城,bak_strings.xml,translated,yes,,
RJ7ntwZm,Iiyama,饭山,bak_strings.xml,translated,yes,,
1soJweIO,Yuzawa,汤泽,bak_strings.xml,translated,yes,,
JDqrBEiT,Kaizu Castle,海津城,bak_strings.xml,translated,yes,,
ESwxpHkr,Imoi,今井,bak_strings.xml,translated,yes,,
0auCw7Uk,Higano,东野,bak_strings.xml,translated,yes,,
cRX7KAze,Ueda Castle,上田城,bak_strings.xml,translated,yes,,
Hu5KORDr,Sakaki,离婚,bak_strings.xml,translated,yes,,
whinybNk,Yamabe,糟糕的,bak_strings.xml,translated,yes,,
Hd7GiElO,Komoro Castle,小諸城,bak_strings.xml,translated,yes,,
RLsQENAd,Tateshina,蓼科,bak_strings.xml,translated,yes,,
YsHcsOZG,Iwamurada,岩村田,bak_strings.xml,translated,yes,,
W35XhvjQ,Iwadonoyama Castle,岩殿山城,bak_strings.xml,translated,yes,,
jDTmVPMc,Yoshida,吉田,bak_strings.xml,translated,yes,,
RbZ6aQZJ,Tsuru,鹤,bak_strings.xml,translated,yes,,
ZlC6XmVV,Yamanaka Castle,山中城,bak_strings.xml,translated,yes,,
N3c8Rw9g,Oka-miya,冈宫,bak_strings.xml,translated,yes,,
gx1JDkqp,Mishima,三岛,bak_strings.xml,translated,yes,,
tJhgPPS6,Nagahama Castle,长滨城,bak_strings.xml,translated,yes,,
XZY1KrYO,Numazu,沼津,bak_strings.xml,translated,yes,,
ckiCB6KN,Dohi,土肥,bak_strings.xml,translated,yes,,
TbEP7yGe,Shimoda Castle,下田城,bak_strings.xml,translated,yes,,
0rDc1SBx,Kokura,小仓,bak_strings.xml,translated,yes,,
nykU8Y8J,Shimoda,下田,bak_strings.xml,translated,yes,,
VqLXxRhc,Omiya Castle,大宫城,bak_strings.xml,translated,yes,,
u3qEz2Sj,Omiya,大宫,bak_strings.xml,translated,yes,,
uGXJfGNs,Yoshiwara,吉原,bak_strings.xml,translated,yes,,
gJxWqKpJ,Kakegawa Castle,挂川城,bak_strings.xml,translated,yes,,
9u6MWvx2,Kakegawa,挂川,bak_strings.xml,translated,yes,,
BAkfKBd7,Sagara-Minato,相良港,bak_strings.xml,translated,yes,,
pP3Z8ZKy,Iidani Castle,饭谷城,bak_strings.xml,translated,yes,,
zulU0Gkq,Murakushi,村久,bak_strings.xml,translated,yes,,
2chHj54l,Yoshida Castle,吉田城,bak_strings.xml,translated,yes,,
Z1I0sr9p,Muro,室,bak_strings.xml,translated,yes,,
1rfay3TH,Komatsubara,小松原,bak_strings.xml,translated,yes,,
OzxYpqps,Ogaki Castle,大垣城,bak_strings.xml,translated,yes,,
63YZvplM,Miyakawa,宫川,bak_strings.xml,translated,yes,,
gVfxpn0b,Yoro,养老,bak_strings.xml,translated,yes,,
d1uSH7Lb,Joganji Castle,常愿寺城,bak_strings.xml,translated,yes,,
drRb1eJx,Joganj,乔甘杰,bak_strings.xml,translated,yes,,
ZwLyRZ4l,Maeba,鸽子,bak_strings.xml,translated,yes,,
bMmdlGU7,Kiun Castle,归云城,bak_strings.xml,translated,yes,,
ccQlu1Kg,Kiun,归云,bak_strings.xml,translated,yes,,
ckPgXqYM,Shirakawa,白川,bak_strings.xml,translated,yes,,
yyGbsWow,Nabeyama Castle,锅山城,bak_strings.xml,translated,yes,,
RYgkBrwy,Hachiga,八贺,bak_strings.xml,translated,yes,,
JddcPSQa,Yoshiki,芳树,bak_strings.xml,translated,yes,,
3iExDKs3,Kotakari Castle,小鹰利城,bak_strings.xml,translated,yes,,
zNtx1PQ0,Furukawa,古川,bak_strings.xml,translated,yes,,
AIzmEXqU,Kojima,哪些,bak_strings.xml,translated,yes,,
NY1GGm2P,Mori Castle,森城,bak_strings.xml,translated,yes,,
sNI8ZZHb,Ikeda,池田,bak_strings.xml,translated,yes,,
Jo0WieRJ,Sakishina,咲科,bak_strings.xml,translated,yes,,
JXcJCRXa,Kiso-Fukushima Castle,木曾福岛城,bak_strings.xml,translated,yes,,
4nFCr6ZB,Seba,濑波,bak_strings.xml,translated,yes,,
qVMNO1bw,Tsumago,妻笼,bak_strings.xml,translated,yes,,
xsrz8R6S,Takato Castle,高远城,bak_strings.xml,translated,yes,,
kpvsA1WL,Tera,泰拉,bak_strings.xml,translated,yes,,
Gc9lqI9K,Fukuchi,福地,bak_strings.xml,translated,yes,,
SPg1xeg2,Nirasaki,韭崎,bak_strings.xml,translated,yes,,
A3cOvSag,Ichikawa,市川,bak_strings.xml,translated,yes,,
6JVWOV78,Odawara,小田原,bak_strings.xml,translated,yes,,
Kpqqt4hJ,"A Odawara, the stronghold of the powerful Hojo clan, stands as an impregnable fortress in the Kanto region. With its vast network of walls, moats, and outlying fortifications, it is considered one of the most well-defended castles in Japan. The city below is a thriving center of trade, with merchants, farmers, and artisans benefiting from Hojo governance. Odawara’s strategic location allows the Hojo to control access to eastern Japan, ensuring their dominance over the region.",小田原是北条氏的据点，是关东地区坚不可摧的堡垒。凭借其庞大的城墙、护城河和外围防御工事网络，它被认为是日本防守最严密的城堡之一。下面的城市是一个繁荣的贸易中心，商人、农民和工匠都受益于北条的统治。小田原的战略位置使北条氏族能够控制进入日本东部的通道，确保他们对该地区的统治地位。,bak_strings.xml,translated,yes,,
rSHDe4X7,Atami,热海,bak_strings.xml,translated,yes,,
wpQ2ndaa,Suga,菅,bak_strings.xml,translated,yes,,
w4XrPFPx,Kamakura,镰仓,bak_strings.xml,translated,yes,,
0V7RNUk1,Edo,江户,bak_strings.xml,translated,yes,,
xs9RSzg0,"Originally developed from a small fishing village as a fortified residence for a local noble of the Heian Period, Edo was later fortified to become the castle town that currently towers over the Musashino Plateau and Edo Bay. The recent turmoil in Kantō has seen Edo shift between the different warring Clans and has severely hampered its development, but the city still retains its enormous potential.",江户最初是由一个小渔村发展而来，作为平安时代当地贵族的防御住所，后来经过强化，成为如今高耸于武藏野高原和江户湾的城下町。最近关东的动乱导致江户在不同的交战氏族之间转移，严重阻碍了它的发展，但这座城市仍然保留着巨大的潜力。,bak_strings.xml,translated,yes,,
dIIiTxyA,Shinagawa,品川,bak_strings.xml,translated,yes,,
TbCoWKJH,Funabashi,船桥,bak_strings.xml,translated,yes,,
aTuhwpl9,Ota,太田,bak_strings.xml,translated,yes,,
Jco28GN3,"Originally the seat of the namesake clan, Ota is a castle town in Kantō in close proximity to the vital Tōkaidō road, which connects the region to the capital Kyoto, making it an important military and administrative center.",大田原本是同名氏族的所在地，是关东的一座城下町，紧邻连接该地区与首都京都的重要东海道道路，使其成为重要的军事和行政中心。,bak_strings.xml,translated,yes,,
3afDSFUm,Nukada,观点,bak_strings.xml,translated,yes,,
OeVsHQQJ,Kuzihama,取代他们,bak_strings.xml,translated,yes,,
BEXJ1F23,Okubo,占据,bak_strings.xml,translated,yes,,
9iMMapjE,Nagaoka,长冈,bak_strings.xml,translated,yes,,
6B4SIOWm,"First built in the Heian period,  the castle town of Utsunomiya was the seat of the clan of the same name for centuries and one of the most important centres in the Kantō region which exerts control over many of the local land routes.",宇都宫城下町始建于平安时代，几个世纪以来一直是同名氏族的所在地，也是关东地区最重要的中心之一，控制着许多当地的陆路。,bak_strings.xml,translated,yes,,
71698EPm,Kanuma,鹿沼,bak_strings.xml,translated,yes,,
jVHfshhL,Liyama,利亚马,bak_strings.xml,translated,yes,,
9hFMeM35,Shioya,盐谷,bak_strings.xml,translated,yes,,
g5NTSS2Y,Minowa,三之轮,bak_strings.xml,translated,yes,,
luiLYflb,"Built as the fortified residence of the Nagano clan, the castle town of Minowa has long been a critical stronghold for the control of the surrounding region, which made it a mandatory target in the confrontation between the Uesugi and Takeda clans, until the forces of Takeda Shingen seized Minowa resulting in the demise of the Nagano clan and the death of all its members.",作为长野氏的堡垒住宅，三之轮城下町长期以来一直是控制周边地区的重要据点，这使得它成为上杉氏和武田氏之间对抗的强制性目标，直到武田信玄的军队占领了三之轮，导致长野氏的灭亡和所有成员的死亡。,bak_strings.xml,translated,yes,,
BuDdh2hN,Annaka,安中,bak_strings.xml,translated,yes,,
IwK2OW0t,Kuragano,仓贺野,bak_strings.xml,translated,yes,,
BYtxHdvg,Umayabashi,马桥,bak_strings.xml,translated,yes,,
qmGxdT6U,Misaki Castle,三崎城,bak_strings.xml,translated,yes,,
m6eYZWMH,Misaki,美咲,bak_strings.xml,translated,yes,,
AcrA0peb,Uraga,万岁,bak_strings.xml,translated,yes,,
mQQksGbP,Kozukue Castle,小筑城,bak_strings.xml,translated,yes,,
UmtiRMvI,Mutsura,六郎,bak_strings.xml,translated,yes,,
qsDR6nPt,Kanagawa,神奈川,bak_strings.xml,translated,yes,,
JkjaieKD,Motosakura Castle,本佐仓城,bak_strings.xml,translated,yes,,
8K5XNHMS,Sakura,樱花,bak_strings.xml,translated,yes,,
8uc0Kj7G,Narita,成田,bak_strings.xml,translated,yes,,
MKOOPTCF,Toke Castle,土气城,bak_strings.xml,translated,yes,,
4Qm8SgWv,Ichihara,市原,bak_strings.xml,translated,yes,,
Gv5tERn8,Oyumi,大弓,bak_strings.xml,translated,yes,,
CfzXQacm,Siizu Castle,西伊津城,bak_strings.xml,translated,yes,,
VBw6AtIt,Kisarazu,木更津,bak_strings.xml,translated,yes,,
6OLFNFPW,Shiizu,椎津,bak_strings.xml,translated,yes,,
fUMpuOOb,Sanuki Castle,赞岐城,bak_strings.xml,translated,yes,,
1s4zTkO1,Sanuki,赞岐,bak_strings.xml,translated,yes,,
cPnEh9c9,Futtsu,富津,bak_strings.xml,translated,yes,,
Ij0Ax0W7,Okamoto Castle,冈本城,bak_strings.xml,translated,yes,,
o9lZQluw,Tateyama,立山,bak_strings.xml,translated,yes,,
3vIIUJfX,Hota,保田,bak_strings.xml,translated,yes,,
LWEAx25N,Otaki Castle,大泷城,bak_strings.xml,translated,yes,,
JaeqMZbL,Kominato,小凑,bak_strings.xml,translated,yes,,
1czltRYb,Katsuura,胜浦,bak_strings.xml,translated,yes,,
wP9NMb9t,Kururi Castle,久留里城,bak_strings.xml,translated,yes,,
mlDukSZk,Kururi,库鲁里,bak_strings.xml,translated,yes,,
vRxccLfw,Mariyatsu,真里谷,bak_strings.xml,translated,yes,,
zSObBDHa,Iinuma Castle,飯沼城,bak_strings.xml,translated,yes,,
2cLzFoE1,Hatsukaichi,二十日市,bak_strings.xml,translated,yes,,
vehvdeEq,Iinuma,饭沼,bak_strings.xml,translated,yes,,
63kkGmr0,Takahama,高滨,bak_strings.xml,translated,yes,,
t7zPXy1y,Hokota,鉾田,bak_strings.xml,translated,yes,,
5GFPjyZy,Mito Castle,水户城,bak_strings.xml,translated,yes,,
unBMdPnQ,Mito,水户,bak_strings.xml,translated,yes,,
S3r12ca1,Nakaminato,那珂凑,bak_strings.xml,translated,yes,,
QR0ARLZq,Karasuyama Castle,乌山城,bak_strings.xml,translated,yes,,
dr8GFyIJ,Fukuhara,福原,bak_strings.xml,translated,yes,,
EalLYsws,Otawara,大田原,bak_strings.xml,translated,yes,,
r6clYwLT,Numata Castle,沼田城,bak_strings.xml,translated,yes,,
GuVB0o4t,Shibukawa,涩川,bak_strings.xml,translated,yes,,
yNbrNqwD,Numata,沼田,bak_strings.xml,translated,yes,,
1BrRu6lB,Kunimine Castle,国峰城,bak_strings.xml,translated,yes,,
t1inD5Lx,Obata,小幡,bak_strings.xml,translated,yes,,
o57onn7Q,Okudaira,奥平,bak_strings.xml,translated,yes,,
PWixu1jO,Oshi Castle,忍城,bak_strings.xml,translated,yes,,
9FKbt4zD,Fukaya,深谷,bak_strings.xml,translated,yes,,
J65jYwD3,Kumagaya,熊谷,bak_strings.xml,translated,yes,,
4PWgvY7u,Kawagoe Castle,川越城,bak_strings.xml,translated,yes,,
JndaZB2w,Kawagoe,川越,bak_strings.xml,translated,yes,,
zRanyUdc,Urawa,浦和,bak_strings.xml,translated,yes,,
x0qpsNZw,Kanayama Castle,金山城,bak_strings.xml,translated,yes,,
8UOoxztL,Nitta,新田,bak_strings.xml,translated,yes,,
rZXDni5c,Tatebayashi,馆林,bak_strings.xml,translated,yes,,
fVwXqwlO,Karasawayama Castle,唐泽山城,bak_strings.xml,translated,yes,,
xRwhSNem,Akami,赤美,bak_strings.xml,translated,yes,,
TuSOLp1h,Sano,佐野,bak_strings.xml,translated,yes,,
C8avRQxs,Yuki Castle,结城城,bak_strings.xml,translated,yes,,
VWIh1O6T,Mibu,壬生,bak_strings.xml,translated,yes,,
CwUpZL5t,Shimodate,下馆,bak_strings.xml,translated,yes,,
Rw5bAtwn,Masuko Castle,益子城,bak_strings.xml,translated,yes,,
GXGaCaHX,Haga,芳贺,bak_strings.xml,translated,yes,,
9OKrr8tM,Mooka,真冈,bak_strings.xml,translated,yes,,
S931liPY,Kasama Castle,笠間城,bak_strings.xml,translated,yes,,
uapC71GC,Kasama,笠间,bak_strings.xml,translated,yes,,
lKDCjpUw,Akasawa,赤泽,bak_strings.xml,translated,yes,,
2nt5o1X2,Oda Castle,小田城,bak_strings.xml,translated,yes,,
Z31UOoXV,Oda,尾田,bak_strings.xml,translated,yes,,
XneOdQah,Tsuchiura,土浦,bak_strings.xml,translated,yes,,
UWvQEtSF,Ushiku Castle,牛久城,bak_strings.xml,translated,yes,,
5JkMs0GN,Ushiku,牛久,bak_strings.xml,translated,yes,,
Q2NujO9N,Yatabe,矢田部,bak_strings.xml,translated,yes,,
RvzQHYRy,Iwatsuki Castle,岩槻城,bak_strings.xml,translated,yes,,
B0U7VE21,Kogane,小金,bak_strings.xml,translated,yes,,
02LbyErE,Matsuyama,松山,bak_strings.xml,translated,yes,,
dteKiJUQ,Koga Castle,古河城,bak_strings.xml,translated,yes,,
XpOX5VFs,Koga,古贺,bak_strings.xml,translated,yes,,
kX8k2MwY,Sekiyado,关宿,bak_strings.xml,translated,yes,,
lwTLUV3T,Kashima Castle,鹿岛城,bak_strings.xml,translated,yes,,
qtzqW2Oy,Sahara,佐原,bak_strings.xml,translated,yes,,
dvlPiU2U,Kashima,鹿岛,bak_strings.xml,translated,yes,,
VMkkWy2l,Hachigata Castle,八方城,bak_strings.xml,translated,yes,,
KHJX6ldN,Fujita,藤田,bak_strings.xml,translated,yes,,
dVLQGITS,Chichibu,秩父,bak_strings.xml,translated,yes,,
Ix4mcLNc,Himeji,姬路,bak_strings.xml,translated,yes,,
gECCFBvx,"Himeji was originally built in the early Muromachi period by the Akamatsu clan as a small fortified outpost atop Himeyama Hill and along the western route to capital Kyoto, but underwent several demolitions and reconstructions until it reached its present form as a mighty castle town barring the way to would-be invaders.",姬路最初是由赤松氏族于室町时代早期建造的，作为姬山山顶和通往首都京都的西线沿线的一个小型防御哨所，但经历了多次拆除和重建，直到成为现在的招式，成为一个强大的城堡城镇，阻挡了潜在的入侵者。,bak_strings.xml,translated,yes,,
LSCpqFPj,Naba,纳巴,bak_strings.xml,translated,yes,,
xqyUiSCO,Muro,室,bak_strings.xml,translated,yes,,
hl01ZaFi,Aga,但,bak_strings.xml,translated,yes,,
wFbatASK,Osaka,大阪,bak_strings.xml,translated,yes,,
TGw7giTg,"Dominated by the temple fortress of Ishiyama Hongan-ji, Osaka has grown into a major center of religious and economic activity. The temple fortress, controlled by the militant Ikkō-ikki, serves as the stronghold of the Jōdo Shinshū sect, resisting the rule of samurai warlords.",以石山本愿寺寺庙堡垒为主导，大阪已发展成为宗教和经济活动的主要中心。寺庙堡垒由好战的一光一揆控制，是净土真宗抵抗武士军阀统治的据点。,bak_strings.xml,translated,yes,,
qMS6rcJ7,Amagasaki,尼崎,bak_strings.xml,translated,yes,,
PNF5BqUL,Hirakata,枚方,bak_strings.xml,translated,yes,,
NU4XA4XB,Wakae,若江,bak_strings.xml,translated,yes,,
m6qrzyCa,Sakai,坂井,bak_strings.xml,translated,yes,,
WV6XuHT5,"Sakai, one of the wealthiest and most autonomous cities in Japan, thrives as a center of commerce. The city’s merchant guilds operate independently of the warring daimyōs, maintaining direct trade with China and Portuguese traders. Famous for its high-quality firearms, swords, and luxury goods, Sakai’s economy flourishes even as war ravages the surrounding regions.",堺是日本最富有、自治程度最高的城市之一，作为商业中心而蓬勃发展。该市的商人行会独立于交战的大名运作，与中国和葡萄牙商人保持直接贸易。堺市以其高品质的枪械、刀剑和奢侈品而闻名，尽管周边地区战火蹂躏，但堺市的经济依然蓬勃发展。,bak_strings.xml,translated,yes,,
qh0lJtT0,Kusabe,很可怕,bak_strings.xml,translated,yes,,
43fknY0a,Haze,阴霾,bak_strings.xml,translated,yes,,
gvK789wT,Nara,奈良,bak_strings.xml,translated,yes,,
Rfd9cOAd,"Once the great imperial capital of Japan, Nara remains a center of Buddhist influence and cultural heritage. The massive temples of Tōdaiji and Kōfukuji stand as reminders of its former glory, housing powerful monastic factions.",奈良曾经是日本伟大的皇都，现在仍然是佛教影响和文化遗产的中心。东大寺和兴福寺的巨大寺庙让人想起它昔日的辉煌，拥有强大的寺院派系。,bak_strings.xml,translated,yes,,
YJwLUC98,Koriyama,它不生长,bak_strings.xml,translated,yes,,
HPJqbRGp,Ikaruga,斑鸠,bak_strings.xml,translated,yes,,
kEOZW3MW,Imai,今井,bak_strings.xml,translated,yes,,
nvCkXHAa,Kyoto,京都,bak_strings.xml,translated,yes,,
bYxqhFC3,"Kyoto, once the unrivaled capital of Japan, emerged almost completely destroyed by the struggles for control over the central power. The authority of the Ashikaga Shogunate has crumbled, leaving the city at the mercy of the warring daimyos, while the Imperial Court sits back and watches helplessly. Nevertheless, Kyoto remains the depository of secular traditions and while its days as the true centre of power seem to be over, its religious and cultural influence persists.",京都曾经是日本无与伦比的首都，但由于中央权力的控制权斗争而几乎完全被摧毁。足利幕府的权威已经崩溃，这座城市任由交战的大名摆布，而朝廷则袖手旁观。尽管如此，京都仍然是世俗传统的保存地，虽然它作为真正权力中心的时代似乎已经结束，但它的宗教和文化影响仍然存在。,bak_strings.xml,translated,yes,,
UombAy1F,Kameoka,龟冈,bak_strings.xml,translated,yes,,
fc4uciRX,Otsu,草本,bak_strings.xml,translated,yes,,
SqhunkSg,Yamashina,山科,bak_strings.xml,translated,yes,,
fxIwAwp3,Kannonji,观音寺,bak_strings.xml,translated,yes,,
8xv7T88d,"A seemingly quiet castle town built atop Mount Kinugasa, Kannonji has been repeatedly embroiled in the conflicts of its ancestral owners, the Rokkaku clan, and only the castle’s natural defenses have allowed it to resist several sieges.",观音寺是一座看似安静的城堡小镇，建在衣笠山顶上，但它却屡次卷入其祖先六角氏的冲突，只有城堡的天然防御才使它能够抵御数次围攻。,bak_strings.xml,translated,yes,,
svF9a3AO,Sakamoto,坂本,bak_strings.xml,translated,yes,,
zPlJZ4Et,Katata,坚田,bak_strings.xml,translated,yes,,
GdmtbPuu,Azuchi,安土,bak_strings.xml,translated,yes,,
RL5Xo8fq,Odani,忠诚,bak_strings.xml,translated,yes,,
OZsf12k6,"Built as the fortified seat of the Azai clan to rule over the surrounding region, the castle town of Odani sits atop a steep ridge, its defenses making it a formidable stronghold, while its position along key trade routes ensure the growing prosperity of the settlement.",城下町小谷是浅井氏族统治周边地区的要塞，坐落在陡峭的山脊上，其防御工事使其成为一个强大的据点，而其在主要贸易路线上的位置也确保了该定居点的日益繁荣。,bak_strings.xml,translated,yes,,
Z6IR3pmc,Nagahama,长滨,bak_strings.xml,translated,yes,,
nvn46but,Kunitomo,大部头书,bak_strings.xml,translated,yes,,
idWuOFGc,Shiozu,盐津,bak_strings.xml,translated,yes,,
4fxOILfF,Shiota Castle,盐田城,bak_strings.xml,translated,yes,,
8zJovLxd,Shisou,志总,bak_strings.xml,translated,yes,,
fif8CY4b,Iwa,岩,bak_strings.xml,translated,yes,,
UORxMVZv,Ikuno Castle,生野城,bak_strings.xml,translated,yes,,
B4rIgAXu,Asago,朝来,bak_strings.xml,translated,yes,,
kvIfk7Pn,Awaga,鼓励,bak_strings.xml,translated,yes,,
b5ROKqKn,Konosumiyama Castle,今乃隅山城,bak_strings.xml,translated,yes,,
FQrxDEty,Youfu,阳夫,bak_strings.xml,translated,yes,,
AKm44xSa,Shirosaki,白崎,bak_strings.xml,translated,yes,,
jIlbYCaV,Takebeyama Castle,竹部山城,bak_strings.xml,translated,yes,,
31sB29eI,Miyazu,宫津,bak_strings.xml,translated,yes,,
I64Wuxzl,Tanabe,田边,bak_strings.xml,translated,yes,,
R4vwFE7h,Gochaku Castle,御着城,bak_strings.xml,translated,yes,,
TNmMVECR,Oshio,押尾,bak_strings.xml,translated,yes,,
wjCmFvz8,Takasago,高砂,bak_strings.xml,translated,yes,,
9HBXGwhM,Miki Castle,三木城,bak_strings.xml,translated,yes,,
ZqMNObKk,Miki,三木,bak_strings.xml,translated,yes,,
CQHwBFdV,Akashi,明石,bak_strings.xml,translated,yes,,
M0osfYXn,Takiyama Castle,泷山城,bak_strings.xml,translated,yes,,
TA6vAIHp,Hyogo,兵库县,bak_strings.xml,translated,yes,,
HCBBJbxX,Kurume,久留米,bak_strings.xml,translated,yes,,
PKP1FMJk,Akutagawayama Castle,芥川山城,bak_strings.xml,translated,yes,,
1lijcoPq,Itami,伊丹,bak_strings.xml,translated,yes,,
8RAd0mOi,Tona,戸名,bak_strings.xml,translated,yes,,
eqwquYnl,Kutsuki Castle,久月城,bak_strings.xml,translated,yes,,
ssuKNazT,Kaizu,海津,bak_strings.xml,translated,yes,,
XqDclA04,Sawayama Castle,泽山城,bak_strings.xml,translated,yes,,
kJ7GSg2b,Taga,多贺,bak_strings.xml,translated,yes,,
eiBJgTd6,Koura,高浦,bak_strings.xml,translated,yes,,
VDk55ikU,Shigisan Castle,信贵山城,bak_strings.xml,translated,yes,,
8BeZLj90,Tomi,富美,bak_strings.xml,translated,yes,,
d6koZFZX,Heguri,赫古里,bak_strings.xml,translated,yes,,
X1XNarZc,Takaya Castle,高屋城,bak_strings.xml,translated,yes,,
H96dzZca,Kyuhouji,久法寺,bak_strings.xml,translated,yes,,
hJXbIbcC,Tondabayashi,富田林,bak_strings.xml,translated,yes,,
JHkqe79H,Kishiwada Castle,岸和田城,bak_strings.xml,translated,yes,,
jxkb3kzF,Kaizuka,贝冢,bak_strings.xml,translated,yes,,
zDhlobyA,Tannowa,淡轮,bak_strings.xml,translated,yes,,
PYM45AKb,Sumoto Castle,洲本城,bak_strings.xml,translated,yes,,
AvIvF9cQ,Yura,由良,bak_strings.xml,translated,yes,,
4E2Osk84,Fukura,福仓,bak_strings.xml,translated,yes,,
3XWs4TyE,Iwamuro Castle,岩室城,bak_strings.xml,translated,yes,,
LZQI2qYV,Koda,科达,bak_strings.xml,translated,yes,,
JiCy0cGU,Kinominato,木之凑,bak_strings.xml,translated,yes,,
My5AlIjm,Toya Castle,洞爷城,bak_strings.xml,translated,yes,,
dfHStZUp,Yuasa,汤浅,bak_strings.xml,translated,yes,,
dXkBXUQ2,Kii-Yura,纪伊由良,bak_strings.xml,translated,yes,,
td8qkkz0,Toba Castle,鸟羽城,bak_strings.xml,translated,yes,,
scbRMDG2,Kunisak,抓住我,bak_strings.xml,translated,yes,,
Z06Isd7R,Ominato,不祥的,bak_strings.xml,translated,yes,,
t2ioc3tv,Tsu Castle,津城,bak_strings.xml,translated,yes,,
vYdmdRjj,Aritaki,领导,bak_strings.xml,translated,yes,,
mV7Ib8JR,Hosokumi,细久美,bak_strings.xml,translated,yes,,
hN7GTqtN,Anotsu,安野津,bak_strings.xml,translated,yes,,
iYjZ69ZO,Ueno Castle,上野城,bak_strings.xml,translated,yes,,
WhNyyoAt,Nabari,明显地,bak_strings.xml,translated,yes,,
t93lkmYo,Tsuge,隔断,bak_strings.xml,translated,yes,,
5Dg2vkaC,Hino Castle,日野城,bak_strings.xml,translated,yes,,
DT6ynFvP,Minakuchi,水口,bak_strings.xml,translated,yes,,
vecUUwJp,Otowa,音羽,bak_strings.xml,translated,yes,,
rogs3NNl,Sakuma-Kameyama Castle,佐久间龟山城,bak_strings.xml,translated,yes,,
4VCQnnAN,Shirako,白子,bak_strings.xml,translated,yes,,
8ikUEhbQ,Kusu,一块,bak_strings.xml,translated,yes,,
tJBWAjyZ,Nagashima Castle,长岛城,bak_strings.xml,translated,yes,,
ZnlA58aj,Kuwana,桑名,bak_strings.xml,translated,yes,,
P5GkX0F8,Nakaei,中荣,bak_strings.xml,translated,yes,,
1VIjjKWB,Shoryuji Castle,升龙寺城,bak_strings.xml,translated,yes,,
JrStOL0U,Oyamazaki,大山崎,bak_strings.xml,translated,yes,,
02pX6hRh,Uji,宇治,bak_strings.xml,translated,yes,,
RmvKSL4R,Kii-Kameyama Castle,基-龟山城,bak_strings.xml,translated,yes,,
HbMqTOlK,Gobo,蘑菇,bak_strings.xml,translated,yes,,
bbUOxTCp,Koyama,小山,bak_strings.xml,translated,yes,,
7o1ufRGz,"Koyama is strategic stronghold in Southern Kyushu, nestled in the rugged terrain of Higo Province, where mountain passes connect inland domains to the western coast.",小山是九州南部的战略要塞，坐落在肥后省崎岖的地形上，山口将内陆地区与西海岸连接起来。,bak_strings.xml,translated,yes,,
a0MVffcN,Backstreet,后街,bak_strings.xml,translated,yes,,
LWHIVshb,Clearing,清算,bak_strings.xml,translated,yes,,
Rr1cy5Sk,Waterfront,海滨,bak_strings.xml,translated,yes,,
j25R8lHH,Takasu,高须,bak_strings.xml,translated,yes,,
kWIpce0W,Aira,艾拉,bak_strings.xml,translated,yes,,
LUmsTlq0,Kanoya,独木舟,bak_strings.xml,translated,yes,,
DvfCu92X,Uchi,蜂蜜,bak_strings.xml,translated,yes,,
GyIr6NHT,"A small but strategically located settlement, Uchi serves as a waypoint for travelers and merchants moving through its province. The town’s location makes it valuable to any daimyo seeking control over the surrounding region.",内奇是一个规模虽小但地理位置优越的定居点，是穿越该省的旅行者和商人的中转站。该镇的地理位置对于任何寻求控制周边地区的大名来说都很有价值。,bak_strings.xml,translated,yes,,
L6kjepZF,Kawakami,川上,bak_strings.xml,translated,yes,,
p6O0gMzu,Imuta,学习,bak_strings.xml,translated,yes,,
eJyaOfUD,Chiran,知览,bak_strings.xml,translated,yes,,
9w6vlX8J,Sadowara,佐渡原,bak_strings.xml,translated,yes,,
7zKX3k7y,"The castle town of Sadowara, located in the southern portion of Kyushu, has served as the seat of the Itō clan for generations. Benefiting from fertile plains and proximity to maritime routes, Sadowara has flourished as both an administrative and agricultural center becoming the epicenter of the Itō clan's expansion attempts in the region.",位于九州南部的城下町佐渡原，世代以来都是伊藤氏族的居所。得益于肥沃的平原和靠近海上航线的优势，佐渡原作为行政和农业中心而蓬勃发展，成为伊藤氏族在该地区扩张尝试的中心。,bak_strings.xml,translated,yes,,
4XJg880P,Miyazaki,宫崎,bak_strings.xml,translated,yes,,
SVbVfUM2,Kiwaki,猕猴桃,bak_strings.xml,translated,yes,,
BNks4KgV,Yuyae,汤八江,bak_strings.xml,translated,yes,,
bXE3Eti6,Hitoyoshi,人吉,bak_strings.xml,translated,yes,,
reqICg9a,"A castle town nestled deep in the mountains of South-western Kyushu, Hitoyoshi has served as the seat of the Sagara clan since the Kamakura period. It is said that during the construction work a moon-shaped stone was unearthed, thus giving rise to the alternative folk name of moon castle. Popular tales aside, Hitoyoshi stands as an imposing fortification that has only once been attacked by an enemy and with a fatal outcome.",人吉是一座坐落在九州西南部山区深处的城下町，自镰仓时代以来一直是相良氏的所在地。据说，在修建过程中，挖出了一块月亮形状的石头，因而有了“月亮堡”的俗名。撇开流行的故事不谈，人吉是一座雄伟的防御工事，只被敌人袭击过一次，并造成了致命的后果。,bak_strings.xml,translated,yes,,
4HuxiIxy,Okoba,大河内,bak_strings.xml,translated,yes,,
oFXG6Da7,Kinoue,木上,bak_strings.xml,translated,yes,,
5eaNziO9,Yamada,山田,bak_strings.xml,translated,yes,,
sgEq01Iv,Nyushima,入岛,bak_strings.xml,translated,yes,,
1OHDyEtH,"Benefiting from its position along key maritime trade routes and its proximity to the island’s northern provinces, Nyushima has grown into a prosperous castle town, also thanks to the influence of the Ōtomo clan, that has promoted the town as a center of local governance.",得益于其在主要海上贸易路线上的位置以及靠近该岛北部省份的优势，入岛已发展成为一个繁荣的城下町，这也得益于大友氏族的影响力，该镇已成为地方治理的中心。,bak_strings.xml,translated,yes,,
ffcYS6qW,Hikiji,引地,bak_strings.xml,translated,yes,,
sRoPcqQk,Isshiyakuya,一役屋,bak_strings.xml,translated,yes,,
HHWkdmFT,Kiidani,木谷,bak_strings.xml,translated,yes,,
DFE7hHDt,"Nestled within the rugged highlands of northern Kyushu, Kiidani has long served as a fortified settlement, guarding the access to the western island of Japan. Its position overlooking vital inland routes has given it strategic relevance amid the growing contest for control over Kyushu and has already turned Kiidani into a conflict point between the Ouchi and Otomo in the past.",木谷谷坐落在九州北部崎岖的高地上，长期以来一直是一个防御工事的定居点，守卫着通往日本西部岛屿的通道。它俯瞰重要内陆路线的位置使其在九州控制权争夺日益激烈的情况下具有战略意义，并且过去已经使木井谷成为大内氏和大友氏之间的冲突点。,bak_strings.xml,translated,yes,,
ASyaMblp,Shonai,庄内,bak_strings.xml,translated,yes,,
ZqZ1vTUG,Hirotsu,广津,bak_strings.xml,translated,yes,,
mlSVyux6,Urustu,管理,bak_strings.xml,translated,yes,,
p7K9495f,Yanagawa,柳川,bak_strings.xml,translated,yes,,
fOOOFAf4,"Located in north-western Kyushu, Yanagawa is strategically located on the banks of the Chikugo River, at the crossroads of trade routes connecting much of the region, which facilitates both trade and military movements.",柳川位于九州西北部，战略性地位于筑后川沿岸，位于连接该地区大部分地区的贸易路线的十字路口，这有利于贸易和军事活动。,bak_strings.xml,translated,yes,,
HsmYTQSG,Shiozuka,盐冢,bak_strings.xml,translated,yes,,
ul6hJmhX,Sarukaki,猿崎,bak_strings.xml,translated,yes,,
FfxSAyD5,Tachiarai,立荒井,bak_strings.xml,translated,yes,,
k2e9Z4Cn,Kumamoto,熊本,bak_strings.xml,translated,yes,,
JwSGTyTV,"Well-positioned between coastal trade routes and mountain strongholds of western Kyushu, Kumamoto has enjoyed steady growth thanks to the flow of trade and local production that made it a thriving and well-defended castle town.",熊本位于沿海贸易路线和九州西部山地要塞之间，地理位置优越，贸易流通和当地生产使其成为一个繁荣且防御严密的城下町，一直保持着稳定的增长。,bak_strings.xml,translated,yes,,
r0VfhBU0,Mifune,已删除,bak_strings.xml,translated,yes,,
RGjU5dz5,Umeo,熟练,bak_strings.xml,translated,yes,,
DAWFhgck,Kikuchi,菊地,bak_strings.xml,translated,yes,,
tfwfgbGr,Tachibanayama,立花山,bak_strings.xml,translated,yes,,
QK5trJCE,"Perched on a prominent hill in northern Kyushu, Tachibanayama was originally built for its namesake Tachibana clan as a fortified town, whose control over the surrounding areas remains vital for securing key trade routes and access to both land and sea.",立花山坐落在九州北部的一座著名山丘上，最初是为其同名立花氏族建造的一座防御城镇，立花山对周边地区的控制对于确保主要贸易路线以及陆地和海上通道的安全至关重要。,bak_strings.xml,translated,yes,,
vAe5refA,Mizuki,水木,bak_strings.xml,translated,yes,,
CpUJiWgf,Komono,菰野,bak_strings.xml,translated,yes,,
eL3o2vmZ,Muranaka,村中,bak_strings.xml,translated,yes,,
kw7kEnWY,"Muranaka has long served as a local stronghold in Western Kyushu, functioning as a minor seat of governance under the protection of the Aso clan, whose authority once extended across the central highlands. With the Aso clan’s power sharply declined under pressure from the Shimazu to the south and the Ōtomo to the east, Muranaka is now left vulnerable.",村中长期以来一直是西九州的地方据点，在麻生氏的保护下充当小统治所在地，其势力一度遍及中部高地。由于麻生氏的势力在南部的岛津河和东部的大友河的压力下急剧下降，村中现在变得脆弱不堪。,bak_strings.xml,translated,yes,,
XVb1ehch,Tokushima,德岛,bak_strings.xml,translated,yes,,
0aitRUqP,Sarushi,猿,bak_strings.xml,translated,yes,,
NjWKX8LI,Hinoe,日野江,bak_strings.xml,translated,yes,,
rRdiqxwR,"The castle town of Hinoe sits on the west coast of Kyushu on the Shimabara Peninsula. Built in the early Kamakura period, Hinoe has since served as the home base and major source of profits for the Arima clan, who from here controlled maritime trade routes and more recently the Nanban foreign trade.",日野江城下町位于九州西海岸的岛原半岛。日野江建于镰仓时代早期，自此成为有马氏族的大本营和主要利润来源，有马氏族从这里控制海上贸易路线，以及最近的南蛮对外贸易。,bak_strings.xml,translated,yes,,
EjeToav7,Kuchinotsu,口之津,bak_strings.xml,translated,yes,,
9YfwfCjt,Koujiro,小次郎,bak_strings.xml,translated,yes,,
UxE57P3d,Hamano,滨野,bak_strings.xml,translated,yes,,
oAgVFI62,Tomita Castle,富田城,bak_strings.xml,translated,yes,,
rRgHbmlr,Nejime,根吉姆,bak_strings.xml,translated,yes,,
WZH3w9tF,Noma,野间,bak_strings.xml,translated,yes,,
MoJR4iq9,Shibushi Castle,志布志城,bak_strings.xml,translated,yes,,
tQmhIOIF,Shibushitsu,指室,bak_strings.xml,translated,yes,,
OIi5cXVf,Anraku,安乐,bak_strings.xml,translated,yes,,
72CP6gNY,Kasedaga Castle,卡世达加城,bak_strings.xml,translated,yes,,
1Fr3VoTo,Tarumizu,垂水,bak_strings.xml,translated,yes,,
hLETw6Gd,Nogata,野方,bak_strings.xml,translated,yes,,
Z6xvSsd1,Miyakono Castle,宫古野城,bak_strings.xml,translated,yes,,
GKxseaL3,Umekita,梅北,bak_strings.xml,translated,yes,,
NH7hv1F0,Takarabe,宝部,bak_strings.xml,translated,yes,,
VDOHxziL,Kajiki Castle,加治木城,bak_strings.xml,translated,yes,,
yIiSFFeh,Kamou,加茂,bak_strings.xml,translated,yes,,
NahCzVBn,Hiramatsu,平松,bak_strings.xml,translated,yes,,
V4l3uOOV,Izaku Castle,伊作城,bak_strings.xml,translated,yes,,
DHj4tjcO,Tajiri,田尻,bak_strings.xml,translated,yes,,
J9ojWArl,Bonotsu,芳津,bak_strings.xml,translated,yes,,
YlHG1uim,Ei Castle,頴娃城,bak_strings.xml,translated,yes,,
1PXeijMQ,Yamagawa,山川,bak_strings.xml,translated,yes,,
f1qlejME,Ibusuki,指宿,bak_strings.xml,translated,yes,,
cVBxmTT1,Iino Castle,饭野城,bak_strings.xml,translated,yes,,
fCbUH9xs,Ikejima,池岛,bak_strings.xml,translated,yes,,
ABY7N8bq,Shiratori,白鸟,bak_strings.xml,translated,yes,,
kQ3nFXBb,Ichiuji Castle,一氏寺城,bak_strings.xml,translated,yes,,
5cBCgUn1,Kushikino,紧握,bak_strings.xml,translated,yes,,
fzrGQOuD,Fujikawa,藤川,bak_strings.xml,translated,yes,,
e0V4GJYO,Izumi Castle,和泉城,bak_strings.xml,translated,yes,,
FKAHnPeI,Akune,帐户,bak_strings.xml,translated,yes,,
HT1TJQRB,Dozaki,土崎,bak_strings.xml,translated,yes,,
m9VjNH76,Obi Castle,饫肥城,bak_strings.xml,translated,yes,,
cXYrWwnD,Sakatani,坂谷,bak_strings.xml,translated,yes,,
hih1prHh,Aburanotsu,油乃津,bak_strings.xml,translated,yes,,
0peuGHvI,Kiyotake Castle,清武城,bak_strings.xml,translated,yes,,
JHhvCoXG,Kagamizu,加贺水,bak_strings.xml,translated,yes,,
o7OrcwcK,Soi,巷,bak_strings.xml,translated,yes,,
UVF2azp9,Aya Castle,绫城,bak_strings.xml,translated,yes,,
3DfoUkQy,Nojiri,野尻,bak_strings.xml,translated,yes,,
UysYG0ST,Minou,猫咪,bak_strings.xml,translated,yes,,
0LHvahhd,Kadogawa Castle,门川城,bak_strings.xml,translated,yes,,
qiAah3xb,Shiomi,盐见,bak_strings.xml,translated,yes,,
8sz0tXhd,Sasouzu,佐曾津,bak_strings.xml,translated,yes,,
J0Mo41hV,Nabe Castle,鍋城,bak_strings.xml,translated,yes,,
RnY20xbi,Kume,久米,bak_strings.xml,translated,yes,,
xRmEtOTl,Okuchi Castle,大口城,bak_strings.xml,translated,yes,,
7CLX8g0B,Hatsuki,初木,bak_strings.xml,translated,yes,,
UiKJPgNh,Ushikusoin,牛久院,bak_strings.xml,translated,yes,,
dENmoFnW,Furufumoto Castle,古府本城,bak_strings.xml,translated,yes,,
VtJMB9Su,Tokubuchitsu,德渊,bak_strings.xml,translated,yes,,
MnzEGhcs,Sashiki,佐敷,bak_strings.xml,translated,yes,,
kXl5DF4d,Tsurusaki Castle,鹤崎城,bak_strings.xml,translated,yes,,
3E9YRaFR,Terajihama,寺治滨,bak_strings.xml,translated,yes,,
TLZ8fwHD,Senzai,仙哉,bak_strings.xml,translated,yes,,
r0l7lIjW,Oka Castle,冈城,bak_strings.xml,translated,yes,,
RJwm8sOR,Fujikita,藤北,bak_strings.xml,translated,yes,,
OHnTDMNl,Ichimada,市田,bak_strings.xml,translated,yes,,
6weMf3aJ,Kitsuki Castle,杵筑城,bak_strings.xml,translated,yes,,
QsnLEOc2,Nata,纳塔,bak_strings.xml,translated,yes,,
GP8I3F8l,Takada,高田,bak_strings.xml,translated,yes,,
HrvBj1b6,Takaidake Castle,高井城,bak_strings.xml,translated,yes,,
dCD739MX,Ishimatsu,石松,bak_strings.xml,translated,yes,,
MfCOiZMx,Yamashita Castle,山下城,bak_strings.xml,translated,yes,,
eBLaHjSJ,Mizoguchi,沟口,bak_strings.xml,translated,yes,,
YIGWJwKV,Yabe,矢部,bak_strings.xml,translated,yes,,
EOUbYBPk,Tamaoka Castle,玉冈城,bak_strings.xml,translated,yes,,
5OrsY3Wz,Maki,真木,bak_strings.xml,translated,yes,,
Ucg7oX28,Takaba,寡妇,bak_strings.xml,translated,yes,,
LKUxUR8Y,Kawaradake Castle,河原岳城,bak_strings.xml,translated,yes,,
aopAmhHp,Okurayama,大仓山,bak_strings.xml,translated,yes,,
XqBNIq9G,Ousaka,大坂,bak_strings.xml,translated,yes,,
Eux6uT73,Matsuyama Castle,松山城,bak_strings.xml,translated,yes,,
0QTdZKo2,Moji,门司,bak_strings.xml,translated,yes,,
aALll4Gm,Nagano,长野,bak_strings.xml,translated,yes,,
lJKoL9IH,Hasuike Castle,莲池城,bak_strings.xml,translated,yes,,
qTl7CJAl,Kanoe,独木舟,bak_strings.xml,translated,yes,,
5u0Pc117,Sakimura,崎村,bak_strings.xml,translated,yes,,
Qhvj6XO9,Seifukuji Castle,青福寺城,bak_strings.xml,translated,yes,,
SBckHhdZ,Chifu,首席,bak_strings.xml,translated,yes,,
2lDJWmDh,Imayama,它站着,bak_strings.xml,translated,yes,,
bsA0vCZ7,Kajimine Castle,鹿峰城,bak_strings.xml,translated,yes,,
TMiJJOHo,Hazama,狭间,bak_strings.xml,translated,yes,,
kYDrfyq9,Haruke,春克,bak_strings.xml,translated,yes,,
MBqlRZU5,Sanjo Castle,三条城,bak_strings.xml,translated,yes,,
nBaMGgNo,Iwamatsu,岩松,bak_strings.xml,translated,yes,,
b7yO79tn,Nagasaki,长崎,bak_strings.xml,translated,yes,,
40woqJi6,Suko Castle,须古城,bak_strings.xml,translated,yes,,
0AIh4sLQ,Ojima,小岛,bak_strings.xml,translated,yes,,
pyqR4PGc,Kishima,木岛,bak_strings.xml,translated,yes,,
DhFnievF,Mifune Castle,御船城,bak_strings.xml,translated,yes,,
j1XEMyqn,Mashiki,益木,bak_strings.xml,translated,yes,,
Tr73jAZQ,Udo,乌多,bak_strings.xml,translated,yes,,
TvyJMitP,Iwao Castle,岩尾城,bak_strings.xml,translated,yes,,
y19oi5PN,Katashida,片田,bak_strings.xml,translated,yes,,
ROS1fAAN,Kusa,几乎,bak_strings.xml,translated,yes,,
Xycc7oGz,Nakamura,中村,bak_strings.xml,translated,yes,,
RzWkXm61,"Nakamura, is a castle town in Western Shikoku. Surrounded by rivers and mountains, it enjoys a natural defensive advantage, benefitting from the fertile lands that produce rice and timber.",中村是四国西部的城下町。这里依山傍水，土地肥沃，出产水稻和木材，具有天然的防御优势。,bak_strings.xml,translated,yes,,
r2zh2zgG,Kashiwajima,柏岛,bak_strings.xml,translated,yes,,
htHL9YA2,Simizu,清水,bak_strings.xml,translated,yes,,
v1JzXhFl,Irino,入野,bak_strings.xml,translated,yes,,
2W7Fq6SK,Kurose,黑濑,bak_strings.xml,translated,yes,,
lhPHAUHU,"Located in the inland reaches of Shikoku, Kurose is a strategically placed castle town that provides control over the inland routes and a valuable defensive position against neighbouring domains.",黑濑位于四国的内陆地区，是一座战略位置优越的城下町，可以控制内陆路线，并且是对抗邻近藩的宝贵防御阵地。,bak_strings.xml,translated,yes,,
nP4eDvur,Itashima,板岛,bak_strings.xml,translated,yes,,
5RlNrax2,Yawatahama,八幡滨,bak_strings.xml,translated,yes,,
Y3U6iVbc,Hoketsu,宝结,bak_strings.xml,translated,yes,,
buxaDLVS,Yuzuki,柚木,bak_strings.xml,translated,yes,,
nyUeGzWY,"Yuzuki is a fortified port town in western Shikoku, built by the Kōno clan as as a gateway to maritime commerce. Despite its modest size, Yuzuki has prospered thanks to the Kōno clan's unofficial alliance with local pirates and the castle's defensive position.",柚木是四国西部的一座港口城镇，由河野氏族建造，作为海上贸易的门户。尽管规模不大，柚月却因河野氏族与当地海盗的非正式联盟以及城堡的防御地位而繁荣起来。,bak_strings.xml,translated,yes,,
cOkHyAGW,Ebara,荏原,bak_strings.xml,translated,yes,,
nlTcnzDH,Masaki,正树,bak_strings.xml,translated,yes,,
wQMWYpmM,Mitsuhama,三津滨,bak_strings.xml,translated,yes,,
BkQ18hKt,Okou,当然,bak_strings.xml,translated,yes,,
wWXECumA,"Okou is a castle town located in a a key strategic location in the southern part of Shikoku, that has been serving as the ancestral seat of the Chōsokabe clan since the Kamakura period. Okou recently played a crucial role in the consolidation of power by Chōsokabe Motochika.",大高城是位于四国南部战略要地的城下町，自镰仓时代以来一直是长宗我部氏的祖地。大高城在长宗我部元亲巩固势力的过程中发挥了重要作用。,bak_strings.xml,translated,yes,,
q6ybFEVI,Urado,浦户,bak_strings.xml,translated,yes,,
7XDTcaQb,Motoyama,本山,bak_strings.xml,translated,yes,,
nmm8Bu6b,Kouso,库索,bak_strings.xml,translated,yes,,
uqoP6awr,Amagiri,天雾,bak_strings.xml,translated,yes,,
QF8vgBEz,"Amagiri is a fortified town on top of the namesake Mountain, built by the Kagawa Clan as its seat in the Northern part of Shikoku. Thanks to its strategically fortified location and access to the Inland Sea coast, Amagiri is an important centre for controlling the surrounding territory and trade routes.",天雾是一座位于同名山山顶的防御城镇，由香川氏族建造，作为四国北部的所在地。由于其战略要塞和通往内海沿岸的通道，天雾是控制周边领土和贸易路线的重要中心。,bak_strings.xml,translated,yes,,
AnrHVvKK,Nio,仁王,bak_strings.xml,translated,yes,,
aMpkMmHq,Tadotsu,多度津,bak_strings.xml,translated,yes,,
0R2n2Ghr,Ushiki,粘性,bak_strings.xml,translated,yes,,
McWUwCaM,"Ushiki is a castle town in eastern Kyushu built by the Daimyo Ōtomo Sōrin as the main base for his expanding domain. Located on what is virtually an island connected to the rest of Kyushu only during low tides, Ushiki dominates the eponymous bay.",牛城是九州东部的一座城下町，由大名大友宗凛建造，作为其扩张藩的主要基地。牛木位于一个几乎只有在退潮时才与九州其他地区相连的岛屿上，占据着同名海湾的主导地位。,bak_strings.xml,translated,yes,,
ku69fD7c,Tachibana,立花,bak_strings.xml,translated,yes,,
x0ujuUWA,Hirashima,平岛,bak_strings.xml,translated,yes,,
vOc88PUp,Yuki,由希,bak_strings.xml,translated,yes,,
KDinodgg,Himenono Castle,姫野々城,bak_strings.xml,translated,yes,,
k2dvsiaD,Yotsu,与津,bak_strings.xml,translated,yes,,
vEYNurYp,No Description,无描述,bak_strings.xml,translated,yes,,
nAzazSPE,Susaki,须崎,bak_strings.xml,translated,yes,,
gv26VlxV,Ozu Castle,大洲城,bak_strings.xml,translated,yes,,
kPVN94M0,Uchiko,内子,bak_strings.xml,translated,yes,,
xnMIkc2w,Tokiwa Castle,常盘城,bak_strings.xml,translated,yes,,
IOanxV4Y,Fukaura,深浦,bak_strings.xml,translated,yes,,
zmnn621o,Sukumo,宿毛,bak_strings.xml,translated,yes,,
PLiqyrst,Kokubuyama Castle,科布阿玛城,bak_strings.xml,translated,yes,,
VtFXe1Li,Imabari,今治,bak_strings.xml,translated,yes,,
FmvBJPlM,Oura,大浦,bak_strings.xml,translated,yes,,
WZE9iw0B,Kira Castle,基拉城,bak_strings.xml,translated,yes,,
Tz4Dextk,Ino,井野,bak_strings.xml,translated,yes,,
Dt7tVVZ2,Usa,美国,bak_strings.xml,translated,yes,,
mFN2WlLP,Kaneko Castle,金子城,bak_strings.xml,translated,yes,,
jdzhgkfo,Niihama,新居滨,bak_strings.xml,translated,yes,,
NR5KAE14,Kawanoe,川之江,bak_strings.xml,translated,yes,,
ehKkRG65,Onishi Castle,大西城,bak_strings.xml,translated,yes,,
3Gtl1ZWV,Umaji,马路,bak_strings.xml,translated,yes,,
Ydi2eMWL,Shuzu,守津,bak_strings.xml,translated,yes,,
o1iKzaRQ,Aki Castle,安艺城,bak_strings.xml,translated,yes,,
FMZ0ghV3,Inoguchi,猪口,bak_strings.xml,translated,yes,,
NbT4Swom,Nahari,奈哈里,bak_strings.xml,translated,yes,,
PlKW3dYT,Sakihama Castle,崎滨城,bak_strings.xml,translated,yes,,
BwdDTePk,Murotsu,室津,bak_strings.xml,translated,yes,,
tC73LOrW,Kannoura,菅浦,bak_strings.xml,translated,yes,,
cvw8Hsv2,Sogo Castle,崇光城,bak_strings.xml,translated,yes,,
hxnWpK6g,Kozai,科西,bak_strings.xml,translated,yes,,
hE6MmVcF,Shido,士道,bak_strings.xml,translated,yes,,
PaZTWp5t,Tosadomari Castle,土佐泊城,bak_strings.xml,translated,yes,,
5Y2Acdc9,Bekku,别克,bak_strings.xml,translated,yes,,
yMHAPvF7,Komatsushima,小松岛,bak_strings.xml,translated,yes,,
5avzU4Vd,Kurokawa,黑川,bak_strings.xml,translated,yes,,
eIQDsF1J,"The castle town of Kurokawa was built by the Ashina clan as its seat in the southernmost part of Ōu region, an isolated area that ensured that Kurokawa could grow while avoiding the worst of the conflicts between neighbouring lords.",黑川城下町是由芦名氏族在奥地区最南端建造的，作为其所在地，这是一个与世隔绝的地区，确保黑川能够发展，同时避免邻近领主之间最严重的冲突。,bak_strings.xml,translated,yes,,
qZJxFCAP,Kouzashi,神指,bak_strings.xml,translated,yes,,
lUgrIbsy,Shingu,新宫,bak_strings.xml,translated,yes,,
x3I1aFDf,Sakigawa,崎川,bak_strings.xml,translated,yes,,
RCqlfDCy,Yonezawa,米泽,bak_strings.xml,translated,yes,,
mq4zhe9z,"Built during the Kamakura period, the castle town of Yonezawa has served as the seat of the Date clan since they drove out the previous lords and from here they plan the domination of neighbouring domains.",米泽城建于镰仓时代，是伊达氏族的所在地，他们驱逐了前代领主，并从这里计划统治邻近的藩。,bak_strings.xml,translated,yes,,
ucQBmrCG,Nagai,永井,bak_strings.xml,translated,yes,,
F5azEbwE,Komatsu,小松,bak_strings.xml,translated,yes,,
2vWUQEjx,Takahata,高畠,bak_strings.xml,translated,yes,,
dzB5r5rJ,Yamagata,山形,bak_strings.xml,translated,yes,,
ullPdzCT,"Yamagata has been the seat of the Mogami since before they adopted this name, its location marked by the many mountains and rivers that shield it and at the same time make it an important connection centre for the surrounding regions.",山形在最上氏族采用这个名字之前就一直是他们的所在地，它的位置被许多山脉和河流所保护，同时也使其成为与周边地区的重要联系中心。,bak_strings.xml,translated,yes,,
gaUB4BnH,Kashikura,柏仓,bak_strings.xml,translated,yes,,
df4bDfVc,Narusawa,鸣泽,bak_strings.xml,translated,yes,,
tVLZhzFJ,Iwanami,岩波,bak_strings.xml,translated,yes,,
dedDT7v0,Ishinomaki,石卷,bak_strings.xml,translated,yes,,
P7woV3wC,"Ishinomaki is a bustling coastal town in the southern part of the Ōu region that has grown as an important port for trade and fishing as Matsushima Bay provides natural protection and  the Kitakami River serves as a vital route for transporting goods inland. Although its strategic location has ensured its prosperity, it also makes it an important military target for the plans of expansion of the local clans.",石卷是奥羽地区南部的一个繁华的沿海城镇，由于松岛湾提供自然保护，而北上市河是内陆货物运输的重要路线，因此它已发展成为重要的贸易和渔业港口。虽然其战略位置保证了其繁荣，但也使其成为当地氏族扩张计划的重要军事目标。,bak_strings.xml,translated,yes,,
uz57gbic,Monou,莫努,bak_strings.xml,translated,yes,,
I7PkmB8a,Yokoura,横浦,bak_strings.xml,translated,yes,,
7rgGkG5A,Hagihama,萩滨,bak_strings.xml,translated,yes,,
iIBfwKXU,Sakata,坂田,bak_strings.xml,translated,yes,,
69FUsSqB,"Sakata is a a key port in the northern part of the Tōhoku region, the castle town has grown into a vital hub for trade, particularly due to its access to the Sea of Japan and its proximity to the rich agricultural lands of the surrounding region.",坂田是东北地区北部的一个重要港口，这座城下町已发展成为重要的贸易枢纽，特别是因为它通往日本海并靠近周边地区肥沃的农田。,bak_strings.xml,translated,yes,,
mv5V2ut6,Fukiura,吹浦,bak_strings.xml,translated,yes,,
HYWVIvb5,Kamegasaki,龟崎,bak_strings.xml,translated,yes,,
hMUcPr79,Dewa-Oura,出羽大浦,bak_strings.xml,translated,yes,,
KGp4U6ZT,Tzuchizaki-Minato,土崎港,bak_strings.xml,translated,yes,,
QBjyZBVp,"Situated along the windswept coastline of northern Honshu, Tzuchizaki‑Minato has long served as a crucial point for maritime trade and the transport of goods between the main islands and the northern provinces.",土崎港位于本州岛北部多风的海岸线，长期以来一直是主要岛屿和北部省份之间海上贸易和货物运输的关键点。,bak_strings.xml,translated,yes,,
31TCIXhh,Wakimoto,胁本,bak_strings.xml,translated,yes,,
74v8alVP,Akitanada,秋棚田,bak_strings.xml,translated,yes,,
H1j9IJpL,Toyoshima,丰岛,bak_strings.xml,translated,yes,,
YUFX5LdB,Sannohoe,三户,bak_strings.xml,translated,yes,,
4i6COw8g,"Located along a key mountain pass, Sannohoe is a fortified town that serves as a military outpost, guarding vital routes for trade and troop movements on the borders of competing powers.",三户市位于一个重要的山口沿线，是一座坚固的城镇，是军事前哨基地，守卫着竞争大国边界上的贸易和军队调动的重要路线。,bak_strings.xml,translated,yes,,
REnRF8j7,Okuze,曾经,bak_strings.xml,translated,yes,,
g5nOB4NF,Tonai,户内,bak_strings.xml,translated,yes,,
JD0A5H5Z,Tago,田子,bak_strings.xml,translated,yes,,
d2r4B3vq,Tosaminato,托萨米尼德,bak_strings.xml,translated,yes,,
oUeaHLhb,"Located in the northernmost reaches of Honshu, Tosaminato serves as a key trade hub with the Ainu people of Hokkaido although the harsh winters and isolation make it difficult to defend, leaving it vulnerable to raids. Once a thriving port and administrative center of the Andō clan, Tosaminato has declined following the clan’s expulsion.",土佐港位于本州最北端，是北海道阿伊努人的重要贸易枢纽，尽管严冬和与世隔绝使其难以防御，容易遭受袭击。土佐港曾经是安藤氏族的繁荣港口和行政中心，随着安藤氏族被驱逐而衰落。,bak_strings.xml,translated,yes,,
PUlURumW,Minma,米玛,bak_strings.xml,translated,yes,,
fBj65a4D,Isamatsu,矶松,bak_strings.xml,translated,yes,,
1SYbPUL2,Ushiogata,潮形,bak_strings.xml,translated,yes,,
cSv4dDYF,Funaoka Castle,船冈城,bak_strings.xml,translated,yes,,
bQNPHfvT,Sekishiba,关芝,bak_strings.xml,translated,yes,,
QaEH7Dir,Funaoka,船冈,bak_strings.xml,translated,yes,,
Yz5C61wb,Inawashiro Castle,猪苗代城,bak_strings.xml,translated,yes,,
0nigus9o,Shirozu,白津,bak_strings.xml,translated,yes,,
DYJqFlFJ,Inawashiro,猪苗代,bak_strings.xml,translated,yes,,
s7rze40X,Nihonmatsu Castle,二本松城,bak_strings.xml,translated,yes,,
PyJrv2Zi,Adachi,安达,bak_strings.xml,translated,yes,,
6EjtiE1h,Nihonmatsu,二本松,bak_strings.xml,translated,yes,,
yHyulJvD,Miharu Castle,三春城,bak_strings.xml,translated,yes,,
umB4cBex,Tamura,田村,bak_strings.xml,translated,yes,,
4JR9iFkF,Sukagawa Castle,须贺川城,bak_strings.xml,translated,yes,,
gJ8oFcbF,Iwase,岩濑,bak_strings.xml,translated,yes,,
YYwosnpB,Iinotaira Castle,饭平城,bak_strings.xml,translated,yes,,
uJ6CdWHi,Shirado,白户,bak_strings.xml,translated,yes,,
7Hq10uGX,Funao,功能,bak_strings.xml,translated,yes,,
f2CeLPNG,Odaka Castle,小高城,bak_strings.xml,translated,yes,,
i3yQgaJa,Kusano,草野,bak_strings.xml,translated,yes,,
QF5ogRWa,Odaka,泥巴,bak_strings.xml,translated,yes,,
WyYgoD82,Soma-Nakamura Castle,相马中村城,bak_strings.xml,translated,yes,,
C2H4DaQK,Kakeda,挂田,bak_strings.xml,translated,yes,,
6lW35QHG,Nakamuta,中牟田,bak_strings.xml,translated,yes,,
2O1LTj6A,Yanagawa Castle,柳川城,bak_strings.xml,translated,yes,,
QOPgjGHV,Nishiyama,西山,bak_strings.xml,translated,yes,,
bD7XR9fp,Marumori,丸森,bak_strings.xml,translated,yes,,
UZpcsghh,Watari Castle,渡城,bak_strings.xml,translated,yes,,
FXqfnZn9,Sakatsuda,坂津田,bak_strings.xml,translated,yes,,
ZwoRpuj0,Watari,亘理,bak_strings.xml,translated,yes,,
oaO9LGPD,Tendo Castle,天童城,bak_strings.xml,translated,yes,,
bK3dj8lF,Shiraiwa,白岩,bak_strings.xml,translated,yes,,
gBu1s21m,Aterazawa,阿寺泽,bak_strings.xml,translated,yes,,
uUTWektF,Iwakiri Castle,岩切城,bak_strings.xml,translated,yes,,
OMLWJ5Fr,Shiogama,盐灶,bak_strings.xml,translated,yes,,
vsV1qXqp,Sendai,仙台,bak_strings.xml,translated,yes,,
iB14AOiv,Nakaniida Castle,中新田城,bak_strings.xml,translated,yes,,
FvBaL0TE,Ohira,大平,bak_strings.xml,translated,yes,,
sofCUqLo,Iwadeyama Castle,岩出山城,bak_strings.xml,translated,yes,,
76tvhW5p,Ichikuri,仍在增长,bak_strings.xml,translated,yes,,
Z4W1hXLz,Isoda,苏打,bak_strings.xml,translated,yes,,
eehsgWjf,Takashimizu Castle,高清水城,bak_strings.xml,translated,yes,,
wqtco3R9,Miyazawa,宫泽,bak_strings.xml,translated,yes,,
WyzxYdII,Furukawa,古川,bak_strings.xml,translated,yes,,
KySQHYm3,Teraike Castle,寺池城,bak_strings.xml,translated,yes,,
nWaehi3F,Sanuma,佐沼,bak_strings.xml,translated,yes,,
hodlaZbm,Matsuzaki,松崎,bak_strings.xml,translated,yes,,
bdNND23Q,Nobesawa Castle,延泽城,bak_strings.xml,translated,yes,,
9FV8t8dZ,Ohanazawa,大花泽,bak_strings.xml,translated,yes,,
pJZ7r6bs,Nobesawa,延泽,bak_strings.xml,translated,yes,,
xyaQJs4i,Sakenobe Castle,酒延城,bak_strings.xml,translated,yes,,
Zofovajl,Kisakata,喜坂,bak_strings.xml,translated,yes,,
UKEAbrPY,Niwatsuki,庭月,bak_strings.xml,translated,yes,,
RDni1NjO,Nikaho Castle,仁贺保城,bak_strings.xml,translated,yes,,
Slnm1ecp,Akaotsu,赤大津,bak_strings.xml,translated,yes,,
ocaoj1QX,Kanaura,卡纳乌拉,bak_strings.xml,translated,yes,,
v3MePHaA,Inaniwa Castle,稲庭城,bak_strings.xml,translated,yes,,
vjlhfzst,Iwasaki,岩崎,bak_strings.xml,translated,yes,,
Euog4rMA,Yokote Castle,横手城,bak_strings.xml,translated,yes,,
Izs9VpaL,Inooka,井冈,bak_strings.xml,translated,yes,,
6gi0UGoC,Nabekura,锅仓,bak_strings.xml,translated,yes,,
P9LlpXym,Akaiwa Castle,赤岩城,bak_strings.xml,translated,yes,,
BONgbdKq,Karakuwa,唐桑,bak_strings.xml,translated,yes,,
hEKTynbL,Kesennuma,气仙沼,bak_strings.xml,translated,yes,,
ZT8MEupe,Yokota Castle,横田城,bak_strings.xml,translated,yes,,
7CRT9rFq,Tono,应用,bak_strings.xml,translated,yes,,
7wjzzonU,Otsuchi,大土,bak_strings.xml,translated,yes,,
c6WgdqDP,Sentoku Castle,圣德城,bak_strings.xml,translated,yes,,
UogO5FoZ,Takusari,拓刈,bak_strings.xml,translated,yes,,
5c3BJNVM,Miyako,宫子,bak_strings.xml,translated,yes,,
2UZWHWxt,Kousuiji Castle,高水寺城,bak_strings.xml,translated,yes,,
pbXTKvQy,Kozukata,小津方,bak_strings.xml,translated,yes,,
AzsAhFFD,Toyagasaki,户矢崎,bak_strings.xml,translated,yes,,
Aq4agpBP,Kakunodate Castle,角馆城,bak_strings.xml,translated,yes,,
FVZd8Tl0,Naraoka,被取出来了,bak_strings.xml,translated,yes,,
o9liYcr7,Tomaki,富木,bak_strings.xml,translated,yes,,
Ob5vJ7q3,Hiyama Castle,桧山城,bak_strings.xml,translated,yes,,
YxF2cu41,Noshiro,能代,bak_strings.xml,translated,yes,,
0V9ZvruS,Yonaizawa,米内泽,bak_strings.xml,translated,yes,,
ld7y4DJs,Odate Castle,大馆城,bak_strings.xml,translated,yes,,
uces05JF,Hanaoka,花冈,bak_strings.xml,translated,yes,,
YlXMYatL,Sugisawa,杉泽,bak_strings.xml,translated,yes,,
YSsAfEU9,Kunohe Castle,九户城,bak_strings.xml,translated,yes,,
QZ9ZAS3I,Joho-ji,净法寺,bak_strings.xml,translated,yes,,
kcAqbMj0,Kuzumaki,葛卷,bak_strings.xml,translated,yes,,
MR2TmeTe,Kuji Castle,久慈城,bak_strings.xml,translated,yes,,
IrLmW3mx,Kuji,久慈,bak_strings.xml,translated,yes,,
uk7bwWFE,Tamagawa,玉川,bak_strings.xml,translated,yes,,
4gUUbuqA,Ne Castle,内城堡,bak_strings.xml,translated,yes,,
pAmrC57D,Hachinohe,它不存在,bak_strings.xml,translated,yes,,
Yyc80YCh,Shichinohe Castle,七户城,bak_strings.xml,translated,yes,,
j8k6HP7X,Yokohama,横滨,bak_strings.xml,translated,yes,,
aUExdpE1,Nobeji,野边二,bak_strings.xml,translated,yes,,
fVzszw07,Oura Castle,大浦城,bak_strings.xml,translated,yes,,
0gDY3o31,Azhigasawa,阿智泽,bak_strings.xml,translated,yes,,
2YQh9dGU,Icchoda,一町田,bak_strings.xml,translated,yes,,
FHNWihyd,Namioka Castle,波冈城,bak_strings.xml,translated,yes,,
EUW4qdGe,Aburakawa,油川,bak_strings.xml,translated,yes,,
hXqRZVEA,Hirota,广田,bak_strings.xml,translated,yes,,
FTjRvoSv,Junpo-ji Castle,淳宝寺城,bak_strings.xml,translated,yes,,
w65n9Jva,Ohata,大畑,bak_strings.xml,translated,yes,,
ojRLdFub,Hideout,藏身处,bak_strings.xml,translated,yes,,
8dDNWHR4,The Retreat,静修处,bak_strings.xml,translated,yes,,
pTwgbeAF,This is the retirement retreat location.,这是退休休养地。,bak_strings.xml,translated,yes,,
iPw8cWlo,"I can share my story with you, if you have the time.",如果你有时间的话，我可以和你分享我的故事。,bak_strings.xml,translated,yes,,
47t2GEk5,"I served a small fudai domain for twelve years. My lord was a decent man, but his chief councillors were parasites who spent more time arguing over stipends than preparing for the storm that is coming.",我在一个小小的福代藩服务了十二年。我的主人是一个正派的人，但他的首席议员都是寄生虫，他们花更多的时间争论津贴，而不是为即将到来的风暴做准备。,bak_strings.xml,translated,yes,,
irhL16IF,"When Commodore Perry arrived, I said we should modernize our troops. When Choshu began arming with Western weapons, I said we should do the same. They called me reckless. Then they bought rifles themselves and pretended it had been their idea all along.",当佩里准将到达时，我说我们应该对我们的军队进行现代化改造。当中国开始装备西方武器时，我说我们也应该这样做。他们说我鲁莽。然后他们自己买了步枪，并假装这一直是他们的主意。,bak_strings.xml,translated,yes,,
YLn5hxVB,"I spoke too openly in council. Now I travel without a stipend, without a master, and without patience for men who mistake caution for wisdom.",我在议会中发言过于公开。现在，我旅行时没有津贴，没有主人，对那些误认为谨慎为智慧的人没有耐心。,bak_strings.xml,translated,yes,,
T07xEuQR,A noble decision!,一个崇高的决定！,bak_strings.xml,translated,yes,,
cPpWwCU9,How virtue has crumbled since the old days.,自古以来，道德已经崩溃了。,bak_strings.xml,translated,yes,,
EQzHDnlS,"At any rate, I'll fight for any man willing to take the same risks that his men face.",无论如何，我会为任何愿意承担与他的手下所面临的同样风险的人而战。,bak_strings.xml,translated,yes,,
y4EHUEhJ,I have not betrayed my lord. I merely refused to flatter fools.,我没有背叛我的主。我只是拒绝奉承傻瓜。,bak_strings.xml,translated,yes,,
fbkhftUI,"You know, you'd think this place could serve proper sake, instead of this piss... Sorry, where were we? Ah yes, my story.",你知道，你会认为这个地方可以提供正宗的清酒，而不是这些尿……抱歉，我们说到哪儿了？啊，是的，我的故事。,bak_strings.xml,translated,yes,,
q4PcHv5B,"I was born the son of a village headman, but I studied in a domain school where the teachers spoke of loyalty to the Throne and the corruption of Edo.",我出生于一个村长的儿子，但我在一所藩校学习，那里的老师谈论对王位的忠诚和江户的腐败。,bak_strings.xml,translated,yes,,
8LJhHcdn,"The Shogunate signs treaties with foreigners, bows to foreign demands, and allows foreign ships into our waters. Every year the old order grows weaker, yet the officials tell us to remain calm.",幕府与外国人签订条约，屈服于外国的要求，并允许外国船只进入我们的水藩。旧秩序一年比一年弱，但官员却告诉我们要保持冷静。,bak_strings.xml,translated,yes,,
ZshQMkvF,"I have not joined any conspiracy. Not yet. But if a man truly intends to restore honor to the realm, I would hear him out before I hear another speech from a Tokugawa bureaucrat.",我没有参与任何阴谋。还没有。但如果一个人真的想恢复国家的荣誉，我会在听到德川官僚的另一次演讲之前先听他说完。,bak_strings.xml,translated,yes,,
bMHFQgVE,"Aye, real honor is as scarce as hen's teeth these days.",是啊，现在真正的荣誉就像母鸡的牙齿一样稀缺。,bak_strings.xml,translated,yes,,
4u0yW6NO,"A disappointing thing, that so few are willing to die for His Imperial Majesty.",令人失望的是，愿意为皇帝陛下而死的人太少了。,bak_strings.xml,translated,yes,,
mwP0qLdr,"Let me tell you something - I'm sick of cowardice, sick of those who don't come forth to serve their Emperor.",让我告诉你一件事——我厌倦了懦弱，厌倦了那些不出来侍奉他们的皇帝的人。,bak_strings.xml,translated,yes,,
9LgUgtje,The Emperor sits in Kyoto while weak men rule in his name.,天皇坐在京都，弱者以他的名义统治。,bak_strings.xml,translated,yes,,
56VPnxQd,"You're a nosy one, I see.",我看你是个爱管闲事的人。,bak_strings.xml,translated,yes,,
NJBOYpT8,"I served with a patrol force outside Osaka. We escorted tax shipments, guarded roads, and kept hot-headed young samurai from turning every argument into a blood feud.",我在大阪郊外的一支巡逻队服役。我们护送税收货物，守卫道路，并阻止头脑发热的年轻武士将每一次争吵变成血海深仇。,bak_strings.xml,translated,yes,,
QYtKUuSG,"These days everyone talks about restoring this or expelling that. Fine words. But when merchants are robbed and villages burn, it is still Tokugawa officials who restore order.",现在大家都在谈论恢复这个或驱逐那个。好话。但当商人被抢劫、村庄被烧毁时，恢复秩序的仍然是德川官员。,bak_strings.xml,translated,yes,,
5wQ8SVFg,"The Shogunate is imperfect. So is every government ever created by men. I have no love for corrupt magistrates, but I fear chaos more than I fear reformers.",幕府是不完美的。每一个由人类创建的政府也是如此。我不喜欢腐败的地方官员，但我害怕混乱胜过害怕改革者。,bak_strings.xml,translated,yes,,
0SnKUaex,No doubt a sad state of affairs. So what do you do?,毫无疑问，这是一种悲伤的状况。那你怎么办？,bak_strings.xml,translated,yes,,
tZoZqI4J,What? Does no one respect their lords anymore?,什么？没有人再尊重他们的主人了吗？,bak_strings.xml,translated,yes,,
DVoKPeYg,"The Shogunate will stand with or without me. It has reigned for 250 years, and it will undoubtedly rule for another 1000.",无论有没有我，幕府都会支持。它已经统治了250年，而且毫无疑问还将再统治1000年。,bak_strings.xml,translated,yes,,
KsvWPyis,Everyone complains about Edo until bandits appear on the road.,每个人都抱怨江户，直到路上出现强盗。,bak_strings.xml,translated,yes,,
B3UQTCRE,Refill my glass and I'll tell you.,给我的杯子续满，我会告诉你。,bak_strings.xml,translated,yes,,
B3FYzxuX,"A younger son of a samurai family, I was sent to Edo to study at a famous d┼ìj┼ì. Every evening the students argued politics more fiercely than they crossed swords.",我是一个武士家庭的小儿子，被送到江户去著名的道场学习。每天晚上，学生们的政治争论比剑拔弩张还要激烈。,bak_strings.xml,translated,yes,,
76PZeDr8,"Some swore the Emperor must rule directly. Others said the Tokugawa alone kept the peace. I came to master the blade, not speeches.",有些人发誓必须由皇帝直接统治。其他人则说德川独自维持了和平。我是来掌握刀锋的，而不是演讲的。,bak_strings.xml,translated,yes,,
j8Uu9hDq,"After too many duels over matters that had nothing to do with technique, I left. Steel cuts the same no matter whose crest is painted on the scabbard.",在与技术无关的事情上进行了太多的决斗后，我离开了。无论刀鞘上画的是谁的徽章，钢铁的切割效果都是一样的。,bak_strings.xml,translated,yes,,
WcIRq8oJ,Indeed. Nobody is more important than a skilled swordsman.,的确。没有人比熟练的剑客更重要。,bak_strings.xml,translated,yes,,
CrgC7TT9,Resentment is poison to a friendship. Men must learn to follow the natural flow.,怨恨是友谊的毒药。男人必须学会顺应自然潮流。,bak_strings.xml,translated,yes,,
VZvFRGVj,I studied the sword to perfect myself. Now everyone wants me to choose a side.,我学剑是为了完善自己。现在每个人都希望我选择立场。,bak_strings.xml,translated,yes,,
tes9mQpC,"My father traded through Nagasaki, where I first saw Dutch books, foreign instruments, and machines unlike anything made in Japan. While other boys practiced the sword, I struggled through foreign texts, determined to understand the secrets they contained.",我父亲在长崎做生意，在那里我第一次看到荷兰书籍、外国乐器和不同于日本制造的机器。当其他男孩练习剑时，我努力阅读外国文本，决心了解其中所包含的秘密。,bak_strings.xml,translated,yes,,
8D9bBLDI,"The more I learned, the clearer it became that the outside world was changing faster than we were. Some say Western knowledge is poison. Others worship it without question. I think both are fools.",我了解得越多，就越清楚外部世界的变化比我们更快。有人说西方知识是毒药。其他人毫无疑问地崇拜它。我觉得两个都是傻子。,bak_strings.xml,translated,yes,,
ZirqXvvL,"I do not seek to make Japan into the West. I only wish to learn whatever can strengthen her. So I travel where knowledge can be found, serving any lord wise enough to value skill over tradition alone.",我并不寻求让日本成为西方国家。我只想学习任何能让她坚强的东西。因此，我旅行到能找到知识的地方，为任何明智的、重视技能而不是传统的领主服务。,bak_strings.xml,translated,yes,,
WQCAanal,"Ah, the old days. And no doubt back then they complained about the older days. I've heard enough.",啊，旧时光。毫无疑问，当时他们抱怨过去的日子。我已经听够了。,bak_strings.xml,translated,yes,,
QxLnNYYP,"Well, I can't just sit around and drink myself to death, so I sell my sword to anyone worth following. I'm a good trainer - I don't bother with horsemen or archers, but if you've got good steady footmen I can do a lot with them.",好吧，我不能只是坐在那里喝酒致死，所以我把我的剑卖给任何值得追随的人。我是一名优秀的训练师——我不介意骑兵或弓箭手，但如果你有优秀稳定的步兵，我可以用他们做很多事情。,bak_strings.xml,translated,yes,,
eTnx78E4,Most men think the world ends at Japan's shores. I know better.,大多数人认为日本海岸就是世界的尽头。我更了解。,bak_strings.xml,translated,yes,,
1Slubhxc,It's not many who ask that question.,问这个问题的人并不多。,bak_strings.xml,translated,yes,,
STrkPNAu,"I spent years riding between castle towns carrying my lord's messages. Most were dullΓÇötax records, supply requests, invitations to banquetsΓÇöbut now and then I was entrusted with letters sealed so tightly that men would kill to read them. I never broke a seal. I never asked questions. A messenger who lives long learns when not to be curious.",我花了数年时间在城堡城镇之间骑行，传递我领主的信息。大多数都是乏味的税务记录、供应请求、宴会邀请函，但有时我会被委托处理密封得如此严密的信件，以至于人们会为了阅读而杀人。我从来没有打破过封印。我从来没有问过问题。长寿的使者学会什么时候不好奇。,bak_strings.xml,translated,yes,,
GwBLUOvp,"Still, it was impossible not to notice the country changing. Every road carried more soldiers than merchants. Every castle wanted rifles, powder, or foreign books. Men who smiled at one another in spring refused to speak by autumn.",尽管如此，我们还是不可能不注意到这个国家的变化。每条道路承载的士兵都多于商人。每个城堡都需要步枪、火药或外国书籍。春天里相视一笑的人们，到了秋天就不再说话了。,bak_strings.xml,translated,yes,,
Q24HJPaK,"When my lord died, his heir dismissed half the household to save money. I kept my horse and my knowledge of the roads. Those have served me better than any official seal ever did.",当我的主人去世时，他的继承人为了省钱解雇了一半的家庭。我保留了我的马和我对道路的了解。这些对我来说比任何官方印章都更有用。,bak_strings.xml,translated,yes,,
mR659A6K,What? Does no one respect messengers anymore?,什么？难道没有人再尊重使者了吗？,bak_strings.xml,translated,yes,,
udY7HF3U,"Well, I can't just sit around and drink myself to death, so I sell my sword to anyone worth following. I'm a good scout, anything you want me to find I will.",好吧，我不能只是坐在那里喝酒致死，所以我把我的剑卖给任何值得追随的人。我是一名优秀的侦察员，任何你想让我找到的东西我都会做。,bak_strings.xml,translated,yes,,
6Jv713W9,"If you carry enough letters, you begin to understand the people who write them.",如果你携带足够多的信件，你就会开始了解写信的人。,bak_strings.xml,translated,yes,,
cyE7XNwX,Infanterie de Ligne,线列步兵,bak_strings.xml,translated,yes,,
qaYb5hje,Chasseurs a Pied,徒步猎人,bak_strings.xml,translated,yes,,
BUWEaHih,Dragons de l'Imperatrice,皇后的龙,bak_strings.xml,translated,yes,,
UtOwd7s7,Royal Marines Light Infantry,皇家海軍陸戰隊輕步兵,bak_strings.xml,translated,yes,,
AxePLDNN,Royal Marines Light Infantry Veteran,皇家海軍陸戰隊輕步兵老兵,bak_strings.xml,translated,yes,,
yAchbdS0,Matsudaira Yoshinaga,松平义长,bak_strings.xml,translated,yes,,
92Plru2R,Hosokawa Tsuneko,细川常子,bak_strings.xml,translated,yes,,
m28lOKlG,Matsudaira Yasu,松平泰,bak_strings.xml,translated,yes,,
PeZKtHl4,Matsudaira Mochiaki,松平持昭,bak_strings.xml,translated,yes,,
10GS8hh6,Koga Sachiko,古贺幸子,bak_strings.xml,translated,yes,,
zHzGUOYl,Honda Fukumoto,本田福本,bak_strings.xml,translated,yes,,
nTqCvCWT,Honda Kiyoko,本田清子,bak_strings.xml,translated,yes,,
byu8D8HC,Honda Tomiyoshi,本田富吉,bak_strings.xml,translated,yes,,
maSOGXrZ,Honda Chiyo,本田千代,bak_strings.xml,translated,yes,,
X5qVfju7,Honda Fukumasa,本田福正,bak_strings.xml,translated,yes,,
K5vrtqxW,Honda Otatsu,本田大辰,bak_strings.xml,translated,yes,,
MxewE2UB,Honda Fukuyoshi,本田福吉,bak_strings.xml,translated,yes,,
LrsfIPm8,Honda Fukuyasu,本田福康,bak_strings.xml,translated,yes,,
FjN0SPCO,Koma Takakatsu,驹高胜,bak_strings.xml,translated,yes,,
edubnNQh,Koma Yoshiko,驹芳子,bak_strings.xml,translated,yes,,
DGRdBFWD,Koma Rinnosuke,驹凛之介,bak_strings.xml,translated,yes,,
YiN0QUpV,Koma Haruko,驹晴子,bak_strings.xml,translated,yes,,
htAMl2eb,Koma Takamune,返回高宗,bak_strings.xml,translated,yes,,
Bhxb1sTw,Nakane Yukie,中根由纪惠,bak_strings.xml,translated,yes,,
aCNFnmpJ,Nakane Tose,东濑中根,bak_strings.xml,translated,yes,,
eqgaZO03,Nakane Morotatsu,中根诸辰,bak_strings.xml,translated,yes,,
NagaZO03,Nakane Cho,中根町,bak_strings.xml,translated,yes,,
MNaaZO03,Nakane Mitsu,中根满,bak_strings.xml,translated,yes,,
FXVHs6Rl,Yokoi Shonan,横井湘南,bak_strings.xml,translated,yes,,
pTApzZjo,Yajima Tsuseko,矢岛津子,bak_strings.xml,translated,yes,,
ZctOTbV9,Yokoi Tokio,横井东京,bak_strings.xml,translated,yes,,
zCTOTbV9,Yokoi Miya,横井美弥,bak_strings.xml,translated,yes,,
jGCv6Uil,Hasebe Yoshitsura,长谷部义连,bak_strings.xml,translated,yes,,
YuKkGPsJ,Yuri Kimimasa,尤里君正,bak_strings.xml,translated,yes,,
jaNkGPsJ,Murata Ujihisa,村田氏久,bak_strings.xml,translated,yes,,
8NfTd97s,Sakai Tadauiji,堺忠荣寺,bak_strings.xml,translated,yes,,
khSBd7oA,Sakai Ryoko,酒井良子,bak_strings.xml,translated,yes,,
zgHNjeAc,Sakai Tadaaki,酒井忠明,bak_strings.xml,translated,yes,,
Ozp8uVH2,Sakai Eiko,酒井英子,bak_strings.xml,translated,yes,,
3t8eBlK9,Sakai Tadamichi,酒井忠道,bak_strings.xml,translated,yes,,
50rxSxoL,Sakai Hisako,酒井久子,bak_strings.xml,translated,yes,,
YS6J1DSx,Sakai Hisao,酒井久夫,bak_strings.xml,translated,yes,,
ChLVdmm5,Sakai Tadayori,酒井忠顺,bak_strings.xml,translated,yes,,
fllPpIHN,Sakai Tatsu,酒井达,bak_strings.xml,translated,yes,,
rmn0keBY,Ban Nobuchika,坂信近,bak_strings.xml,translated,yes,,
pOV36qLw,Ban Hisa,班希萨,bak_strings.xml,translated,yes,,
Mwzg4d94,Ban Nobutomo,坂信友,bak_strings.xml,translated,yes,,
BUaB2CAs,Ban Mio,班米奥,bak_strings.xml,translated,yes,,
reQL1Reg,Sakai Tadamasu,酒井忠增,bak_strings.xml,translated,yes,,
ZAVB59DI,Sakai Rakuko,你说洛子,bak_strings.xml,translated,yes,,
x5bCceO3,Sakai Tadae,你说多田,bak_strings.xml,translated,yes,,
0wP2NHjx,Sakai Aki,酒井亚纪,bak_strings.xml,translated,yes,,
BFpJOH9B,Sakai Tadatsune,酒井忠恒,bak_strings.xml,translated,yes,,
oWMNADvQ,Itakura Sada,伊塔库拉·萨达,bak_strings.xml,translated,yes,,
iDawiizs,Sakai Tadaaki,酒井忠明,bak_strings.xml,translated,yes,,
VkHrE7QN,Sakai Tadayuki,酒井忠之,bak_strings.xml,translated,yes,,
8Njl5F1v,Sakai Yoshiko,酒井芳子,bak_strings.xml,translated,yes,,
XOj9DW3l,Sakai Toyo,堺东洋,bak_strings.xml,translated,yes,,
zzPufQWW,Matsudaira Yorihide,松平赖秀,bak_strings.xml,translated,yes,,
Uq5GEfN0,Abe Sadako,安倍贞子,bak_strings.xml,translated,yes,,
uWclrYkK,Matsudaira Yorisato,松平赖里,bak_strings.xml,translated,yes,,
L7cUrjNA,Ichijo Michiko,一条美智子,bak_strings.xml,translated,yes,,
MzeRfL4G,Matsudaira Sumiko,松平纯子,bak_strings.xml,translated,yes,,
Ykm1ZcKt,Kuno Sumikata,久野住方,bak_strings.xml,translated,yes,,
54P6AoCQ,Kuno Matsu,久野松,bak_strings.xml,translated,yes,,
BH4qApyf,Kuno Masazumi,古代正纯,bak_strings.xml,translated,yes,,
mxxEQmKL,Kuno Toshimasa,久野春,bak_strings.xml,translated,yes,,
6UGnlTvg,Mizuno Masatomo,水野正友,bak_strings.xml,translated,yes,,
mtpjGuCC,Mizuno Tatsu,水野达,bak_strings.xml,translated,yes,,
JoEyAqpB,Mizuno Masayoshi,水野正芳,bak_strings.xml,translated,yes,,
zfaBVnTz,Miura Tamemoto,三浦为本,bak_strings.xml,translated,yes,,
PkUrZWtb,Kinoshita Haru,木下春,bak_strings.xml,translated,yes,,
9LHg8tSs,Miura Tameaki,三浦为明,bak_strings.xml,translated,yes,,
PySBB1Zv,Miura Sada,三浦现在,bak_strings.xml,translated,yes,,
1zGy3GLa,Miura Jiro,三浦二郎,bak_strings.xml,translated,yes,,
uNnrQHZs,Miura Tame,三浦为,bak_strings.xml,translated,yes,,
8ZM8IWIL,Maeda Nariyasu,前田成康,bak_strings.xml,translated,yes,,
X37Mxlbd,Maeda Tomoko,前田智子,bak_strings.xml,translated,yes,,
XY7oOzvJ,Maeda Narinaga,前田成永,bak_strings.xml,translated,yes,,
16wGsj58,Maeda Takako,前田隆子,bak_strings.xml,translated,yes,,
gUfblyxg,Maeda Yoshiyasu,前田义康,bak_strings.xml,translated,yes,,
HNxdD6bx,Maeda Noriko,前田典子,bak_strings.xml,translated,yes,,
KkMduqEv,Maeda Reiko,前田玲子,bak_strings.xml,translated,yes,,
37zNtHHt,Maeda Hime,前田姬,bak_strings.xml,translated,yes,,
pm7cjBgT,Maeda Toshitsugu,前田俊次,bak_strings.xml,translated,yes,,
DCmCs5kM,Maeda Kane,前田凯恩,bak_strings.xml,translated,yes,,
qPinCtuZ,Maeda Toshikata,前田利方,bak_strings.xml,translated,yes,,
o6NRDplP,Maeda Toshiatsu,前田俊笃,bak_strings.xml,translated,yes,,
6cjX925Z,Maeda Naokata,前田直方,bak_strings.xml,translated,yes,,
pVCYrGIa,Maeda Toshiyasu,前田俊康,bak_strings.xml,translated,yes,,
JJRp7jcS,Maeda Kumi,前田来美,bak_strings.xml,translated,yes,,
EAijrwwg,Maeda Toshitomo,前田俊智,bak_strings.xml,translated,yes,,
nO8nbFeD,Yokoyama Takahira,横山贵平,bak_strings.xml,translated,yes,,
YJnCp2Ng,Yokoyama Matsu,横山松,bak_strings.xml,translated,yes,,
ELQ0jKOQ,Yokoyama Takataka,横山隆隆,bak_strings.xml,translated,yes,,
HkWcWG8X,Yokoyama Takaaki,横山隆明,bak_strings.xml,translated,yes,,
6EDf32QW,Yokoyama Takaoki,横山隆兴,bak_strings.xml,translated,yes,,
JkG837Se,Yokoyama Tama,横山玉,bak_strings.xml,translated,yes,,
ttOsDrht,Okumura Naoharu,奥村直治,bak_strings.xml,translated,yes,,
v3KNHiGz,Okumura Kiyo,奥村清,bak_strings.xml,translated,yes,,
vJhGvDMI,Okumura Atsuteru,奥村敦辉,bak_strings.xml,translated,yes,,
xnKhOXA6,Okumura Tadanao,奥村忠直,bak_strings.xml,translated,yes,,
Eh5FcIr3,Murai Nagaakira,村井长明,bak_strings.xml,translated,yes,,
HBQgU0KK,Murai Kane,村井凯恩,bak_strings.xml,translated,yes,,
YxadjwHu,Murai Mataroku,村井又六,bak_strings.xml,translated,yes,,
dTVh9niZ,Murai Nagasada,村井长定,bak_strings.xml,translated,yes,,
uWUgquZb,Murai Tsune,村井恒,bak_strings.xml,translated,yes,,
EDp1Ip1P,Murai Nagamichi,村井长道,bak_strings.xml,translated,yes,,
FOuyGkLb,Watanabe Aritsuna,渡边有纲,bak_strings.xml,translated,yes,,
WM3E1lhn,Watanabe Mitsu,渡边满,bak_strings.xml,translated,yes,,
YMwxPbeL,Watanabe Hirotsuna,渡边广纲,bak_strings.xml,translated,yes,,
ADvtqTtw,Watanabe Chiyo,渡边千代,bak_strings.xml,translated,yes,,
nvlUciWt,Watanabe Yuki,渡边由纪,bak_strings.xml,translated,yes,,
CkNry5Sa,Watanabe Tsunamichi,渡边纲道,bak_strings.xml,translated,yes,,
lQFaxxIJ,Watanabe Ikuko,渡边郁子,bak_strings.xml,translated,yes,,
1R17d0b8,Watanabe Tsunaaki,渡边纲明,bak_strings.xml,translated,yes,,
SKcB9YGC,Ishikawa Mitsushige,石川光重,bak_strings.xml,translated,yes,,
L05jsNrJ,Ishikawa Akiyo,石川昭代,bak_strings.xml,translated,yes,,
3qxBLbew,Ishikawa Mitsuaki,石川光明,bak_strings.xml,translated,yes,,
XLXbashl,Ishikawa Setsu,石川节,bak_strings.xml,translated,yes,,
3QxBLbew,Ishikawa Mitsuhiro,石川光宏,bak_strings.xml,translated,yes,,
XLXbAShl,Ishikawa Matsu,石川松,bak_strings.xml,translated,yes,,
3qxBLbEW,Ishikawa Mitsuho,石川光穗,bak_strings.xml,translated,yes,,
lhX5bcSW,Tokugawa Iemochi,德川家茂,bak_strings.xml,translated,yes,,
0VxHt8iA,Kazu-no-miya Chikako,一之宫,bak_strings.xml,translated,yes,,
KPL2cW75,Tokugawa Iesada,德川家定,bak_strings.xml,translated,yes,,
zHBbLO7U,Tenshoin ,天书院,bak_strings.xml,translated,yes,,
T7whzugC,Tokugawa Ieyoshi,德川家吉,bak_strings.xml,translated,yes,,
TokHiYos,Tokugawa Yoshinobu,德川庆喜,bak_strings.xml,translated,yes,,
TokHiMik,Tokugawa Mikako,德川美佳子,bak_strings.xml,translated,yes,,
TokHiMoc,Tokugawa Mochinaga,德川持永,bak_strings.xml,translated,yes,,
TokHiMas,Tokugawa Masahime,德川正姬,bak_strings.xml,translated,yes,,
TokTaYoy,Tokugawa Yoshiyori,德川义赖,bak_strings.xml,translated,yes,,
TokTaYko,Tokugawa Yoshiko,德川芳子,bak_strings.xml,translated,yes,,
TokTaKik,Tokugawa Kiku,德川菊,bak_strings.xml,translated,yes,,
TokTaTch,Tokugawa Takachiyo,德川高千代,bak_strings.xml,translated,yes,,
TokTaIet,Tokugawa Ietada,德川家忠,bak_strings.xml,translated,yes,,
ttXuqvjP,Honda Tadamoto,本田忠本,bak_strings.xml,translated,yes,,
wTE64EJ5,Honda Eiko,本田英子,bak_strings.xml,translated,yes,,
pzKWxRoL,Honda Tadahide,本田忠英,bak_strings.xml,translated,yes,,
BDFqD8yc,Honda Hisa,本田雅阁,bak_strings.xml,translated,yes,,
9DY2gzT7,Honda Tadanao,本田忠直,bak_strings.xml,translated,yes,,
OfpHBzpT,Honda Tadatane,本田塔塔塔内,bak_strings.xml,translated,yes,,
oGp9i8O6,Honda Tadanaka,本田忠中,bak_strings.xml,translated,yes,,
NIaOPKNj,Honda Sachi,本田幸,bak_strings.xml,translated,yes,,
g4maTpNu,Honda Yasushige,本田康重,bak_strings.xml,translated,yes,,
TYa3IRFt,Honda Toshiko,本田俊子,bak_strings.xml,translated,yes,,
MpF2HDx9,Honda Yasunao,本田康直,bak_strings.xml,translated,yes,,
Ha5aVxa5,Honda Yasutora,本田康虎,bak_strings.xml,translated,yes,,
SMr29glZ,Honda Yasutsugu,本田康继,bak_strings.xml,translated,yes,,
cZMqkGId,Honda Misaohime,本田美佐姬,bak_strings.xml,translated,yes,,
dID6ayTM,Honda Yasuaki,本田康明,bak_strings.xml,translated,yes,,
9gdMPNbq,Honda Nobuhime,本田信姬,bak_strings.xml,translated,yes,,
4RHGzzz5,Honda Eiko,本田正萨莫里,bak_strings.xml,translated,yes,,
bp0JE7lD,Honda Mutsumi,本田雅德,bak_strings.xml,translated,yes,,
p9CqbJC5,Honda Masayoshi,本田雅芳,bak_strings.xml,translated,yes,,
e0sW01xt,Honda Hikari,本田光,bak_strings.xml,translated,yes,,
ulF9F7Xm,Honda Masahiro,本田雅宏,bak_strings.xml,translated,yes,,
0Kytj7yK,Honda Masasada,本田政田,bak_strings.xml,translated,yes,,
2nmhylAz,Honda Masaharu,本田雅治,bak_strings.xml,translated,yes,,
HrxOrz25,Honda Kazuko,本田和子,bak_strings.xml,translated,yes,,
3fFAXVUS,Honda Fujiko,本田助重,bak_strings.xml,translated,yes,,
Q3mn8U0b,Honda Nobue,本田伸江,bak_strings.xml,translated,yes,,
fdPNZSo0,Honda Sukezane,本田辅真,bak_strings.xml,translated,yes,,
9eEzhPnB,Honda Yamato,本田大和,bak_strings.xml,translated,yes,,
So0Nn6DM,Honda Suketaka,本田助隆,bak_strings.xml,translated,yes,,
cYVbPLNq,Honda Sukejun,本田辅淳,bak_strings.xml,translated,yes,,
mdI2AIhF,Honda Sanekata,本田实方,bak_strings.xml,translated,yes,,
6S59Qnpu,Honda Suketsugu,本田佑次,bak_strings.xml,translated,yes,,
vSW8NxqF,Honda Mitsuru,本田满,bak_strings.xml,translated,yes,,
rfdnxhDr,Honda Suketoshi,本田助利,bak_strings.xml,translated,yes,,
A8v1L7R2,Sakakibara Masataka,榊原正孝,bak_strings.xml,translated,yes,,
46c1t4F9,Arima Kuniko,有马邦子,bak_strings.xml,translated,yes,,
7TBN1cQm,Sakakibara Toshiko,榊原敏子,bak_strings.xml,translated,yes,,
Hns8bp7I,Sakakibara Masachika,榊原正亲,bak_strings.xml,translated,yes,,
pe2Jt1Xd,Sakakibara Kura,榊原藏,bak_strings.xml,translated,yes,,
9BdMPNbq,Sakakibara Masanori,榊原正则,bak_strings.xml,translated,yes,,
W5wJGTC8,Matsudaira Tadanari,松平忠成,bak_strings.xml,translated,yes,,
MESMSv9a,Matsudaira Tadaatsu,松平忠笃,bak_strings.xml,translated,yes,,
5O1LWXJp,Matsudaira Tadataka,松平忠敬,bak_strings.xml,translated,yes,,
RuCWEn4I,Matsudaira Yoshi,村上京,bak_strings.xml,translated,yes,,
yGFHfoKI,Matsudaira Tadakata,松平忠方,bak_strings.xml,translated,yes,,
TCUOLBRT,Matsudaira Mitsuko,松平光子,bak_strings.xml,translated,yes,,
qmR0GKfJ,Matsudaira Chikayoshi,松平亲吉,bak_strings.xml,translated,yes,,
DM691On9,Matsudaira Eiko,松平英子,bak_strings.xml,translated,yes,,
fMcQDpxT,Matsudaira Chikataka,松平近隆,bak_strings.xml,translated,yes,,
fy68erIy,Matsudaira Hide,松平秀,bak_strings.xml,translated,yes,,
wr8Xrdq3,Matsudaira Chikaakira,松平亲明,bak_strings.xml,translated,yes,,
jKoS0rtx,Matsudaira Kameko,松平龟子,bak_strings.xml,translated,yes,,
Hkshvmje,Ando Nobumasa,安藤信正,bak_strings.xml,translated,yes,,
vbIJLnaE,Ando Chiyo,安藤千代,bak_strings.xml,translated,yes,,
0glR6o3S,Ando Nobutami,安藤信民,bak_strings.xml,translated,yes,,
hCph1y6W,Ando Nobutake,安藤信武,bak_strings.xml,translated,yes,,
Uh8eLrzj,Ando Nobumori,安藤信守,bak_strings.xml,translated,yes,,
CST4VZ3y,Ando Okuko,安藤幸子,bak_strings.xml,translated,yes,,
duYGUbdI,Ikeda Mochimasa,池田持正,bak_strings.xml,translated,yes,,
Ry3yD8SW,Ikeda Manjuko,池田万寿子,bak_strings.xml,translated,yes,,
ZO4sRBgt,Ikeda Akimasa,池田昭正,bak_strings.xml,translated,yes,,
U5BbLUHL,Ikeda Akishi,池田明志,bak_strings.xml,translated,yes,,
UAYyU8nN,Ikeda Michiko,池田美智子,bak_strings.xml,translated,yes,,
KncY4a2p,Ikeda Yoshimasa,池田义正,bak_strings.xml,translated,yes,,
d6GG2W3X,Ikeda Utako,池田歌子,bak_strings.xml,translated,yes,,
R2xuV24U,Toda Tadayuki,户田忠之,bak_strings.xml,translated,yes,,
Dg5B2zhF,Toda Shimako,户田岛子,bak_strings.xml,translated,yes,,
g45BojcX,Toda Tadatomo,户田忠友,bak_strings.xml,translated,yes,,
zF6jIhMK,Toda Tadaharu,户田忠治,bak_strings.xml,translated,yes,,
diLqkUYp,Doi Toshinori,土居利德,bak_strings.xml,translated,yes,,
LkcZ0r5Y,Doi Shinsei-in,土井新生院,bak_strings.xml,translated,yes,,
Yq8SOeXP,Doi Toshiyo,土井俊代,bak_strings.xml,translated,yes,,
KDNU2gvn,Doi Toshinari,土居利成,bak_strings.xml,translated,yes,,
ecShe0I2,Doi Haruko,土井晴子,bak_strings.xml,translated,yes,,
foSkGqkk,Doi Toshiyoshi,土井俊吉,bak_strings.xml,translated,yes,,
HjUZWMTO,Doi Nishiki,锦土居,bak_strings.xml,translated,yes,,
YXIWbWf0,Doi Toshinori,土居利德,bak_strings.xml,translated,yes,,
92oaxFYB,Doi Toshisuke,土井俊介,bak_strings.xml,translated,yes,,
0mCx7j50,Doi Mitsuru,土井满,bak_strings.xml,translated,yes,,
GgnkEyTV,Sakai Tadatoshi,酒井忠利,bak_strings.xml,translated,yes,,
rrFghyqq,Sakai Rei,坂井丽,bak_strings.xml,translated,yes,,
A626l0Gm,Sakai Tadaaki,酒井忠明,bak_strings.xml,translated,yes,,
60W9WGjN,Sakai Keiko,酒井惠子,bak_strings.xml,translated,yes,,
B626l0Gm,Sakai Tadatsune,酒井忠恒,bak_strings.xml,translated,yes,,
nOD4Gqu3,Okubo Tadayoshi,大久保忠义,bak_strings.xml,translated,yes,,
LLDSUh4P,Harada Kinu,原田飞往中国,bak_strings.xml,translated,yes,,
wcz0nDz4,Okubo Tadayori,大久保忠顺,bak_strings.xml,translated,yes,,
xCBCWoyE,Nakagawa Hisaaki,中川久明,bak_strings.xml,translated,yes,,
Juq9azQr,Nakagawa Toyoko,中川丰子,bak_strings.xml,translated,yes,,
WVGige9a,Nakagawa Hisanari,中川久成,bak_strings.xml,translated,yes,,
kgkhqmWv,Nakagawa Hisatomo,中川久里,bak_strings.xml,translated,yes,,
8GNzUWme,Nakagawa Eiko,中川英子,bak_strings.xml,translated,yes,,
RxAnenAt,Nakagawa Yoshiko,中川芳子,bak_strings.xml,translated,yes,,
SrBZhW62,Nakagawa Hisanori,中川久典,bak_strings.xml,translated,yes,,
p6u25ahF,Nakagawa Iku,中川育,bak_strings.xml,translated,yes,,
6qygzS4a,Toda Ujiakira,户田氏明,bak_strings.xml,translated,yes,,
kQx9hdpB,Toda Sachiko,户田幸子,bak_strings.xml,translated,yes,,
H9SHda0i,Toda Ujimasa,户田氏政,bak_strings.xml,translated,yes,,
subHFWkG,Toda Oya,户田大谷,bak_strings.xml,translated,yes,,
NxcRsCiG,Toda Ujiyoshi,户田氏吉,bak_strings.xml,translated,yes,,
NMWHcNzI,Toda Ujitaka,户田氏隆,bak_strings.xml,translated,yes,,
CGW3d2m1,Matsudaira Naokatsu,松平直胜,bak_strings.xml,translated,yes,,
pMatiznR,Matsudaira Sachiko,松平幸子,bak_strings.xml,translated,yes,,
p5ZVom76,Matsudaira Naoyuki,松平直之,bak_strings.xml,translated,yes,,
MatTsYTo,Matsudaira Yoshitomo,松平义智,bak_strings.xml,translated,yes,,
MatTsGiH,Matsudaira Gihime,松平仪姬,bak_strings.xml,translated,yes,,
MatTsNaT,Matsudaira Naritami,松平成民,bak_strings.xml,translated,yes,,
MatTsBiH,Matsudaira Binhime,松平备姬,bak_strings.xml,translated,yes,,
MatTsYaT,Matsudaira Yasutomo,松平康友,bak_strings.xml,translated,yes,,
MatAkYTo,Matsudaira Yoshinori,松平义德,bak_strings.xml,translated,yes,,
MatAkHaH,Matsudaira Harihime,松平张姬,bak_strings.xml,translated,yes,,
MatAkNar,Matsudaira Naritsugu,松平成次,bak_strings.xml,translated,yes,,
MatAkNao,Matsudaira Naomune,松平直宗,bak_strings.xml,translated,yes,,
MatItNay,Matsudaira Naoyasu,松平直康,bak_strings.xml,translated,yes,,
MatItNah,Matsudaira Naoharu,松平尚春,bak_strings.xml,translated,yes,,
MatItKum,Matsudaira Kuma,松平熊,bak_strings.xml,translated,yes,,
HiHaKaKi,Katsu Kaishu,胜海舟,bak_strings.xml,translated,yes,,
HiHaEnTa,Enomoto Takeaki,榎本武明,bak_strings.xml,translated,yes,,
HiHaOgTa,Oguri Tadamasa,小栗忠政,bak_strings.xml,translated,yes,,
HiHaMiTa,Mizuno Tadanori,水野忠则,bak_strings.xml,translated,yes,,
HiHaOtKe,Otori Keisuke,大鸟圭介,bak_strings.xml,translated,yes,,
HiHaMaNo,Matsudaira Norikata,松平则方,bak_strings.xml,translated,yes,,
HiHaKuJo,Kurimoto Jo'un,栗本城云,bak_strings.xml,translated,yes,,
HiHaOkIc,Okubo Ichio,大久保一夫,bak_strings.xml,translated,yes,,
HiHaImNo,Imai Nobuo,今井伸夫,bak_strings.xml,translated,yes,,
HiHaYaTe,Yamaoka Tesshu,山冈铁舟,bak_strings.xml,translated,yes,,
HiHaTaDe,Takahashi Deishu,高桥泥舟,bak_strings.xml,translated,yes,,
HiHaAbeM,Abe Masato,安倍正人,bak_strings.xml,translated,yes,,
qNbyhQaj,Uesugi Narinori,上杉成教,bak_strings.xml,translated,yes,,
6etIEETB,Uesugi Narisada,上杉成定,bak_strings.xml,translated,yes,,
Weis43hU,Uesugi Taki,上杉泷,bak_strings.xml,translated,yes,,
8Iv9ecNC,Uesugi Mochinori,松平郁子,bak_strings.xml,translated,yes,,
shVCPmCc,Matsudaira Yuki,松平由纪,bak_strings.xml,translated,yes,,
RWQCCx4o,Uesugi Katsukata,上杉胜方,bak_strings.xml,translated,yes,,
RWQCCxTa,Uesugi Tadataka,上杉忠敬,bak_strings.xml,translated,yes,,
shVCPmEi,Uesugi Eiko,上杉英子,bak_strings.xml,translated,yes,,
shVCPmYu,Uesugi Yukiko,上杉由纪子,bak_strings.xml,translated,yes,,
Cg9EoY4r,Makino Tadayasu,牧野忠康,bak_strings.xml,translated,yes,,
6z9bSHa7,Makino Fusako,牧野房子,bak_strings.xml,translated,yes,,
luKhUhXh,Makino Chiyoko,牧野千代子,bak_strings.xml,translated,yes,,
bSqEzLcJ,Makino Tadayoshi,牧野忠义,bak_strings.xml,translated,yes,,
XgIyv7bL,Naito Nobuchika,内藤信近,bak_strings.xml,translated,yes,,
wOt7PGWW,Sakai Kinyo,酒井金野,bak_strings.xml,translated,yes,,
RNZWsztn,Naito Nobutami,内藤信民,bak_strings.xml,translated,yes,,
UX8SD6t0,Naito Nobutomi,内藤信富,bak_strings.xml,translated,yes,,
CQuYOgRo,Naito Masatoshi,内藤正敏,bak_strings.xml,translated,yes,,
9zniFw6a,Naito Masuko,内藤增子,bak_strings.xml,translated,yes,,
aizCBXYO,Naito Masayasu,内藤雅康,bak_strings.xml,translated,yes,,
4yJ1D3Lk,Oda Nobumichi,织田信通,bak_strings.xml,translated,yes,,
N5nPQ9iT,Oda Itoko,小田糸子,bak_strings.xml,translated,yes,,
jeDlQqJW,Oda Nobumi,秩序和公民身份,bak_strings.xml,translated,yes,,
LVyZvRCD,Oda Asako,浅子颂,bak_strings.xml,translated,yes,,
Vnl5lCcr,Oda Nobutoshi,织田信利,bak_strings.xml,translated,yes,,
msDDZ9zQ,Oda Suemaru,小田末丸,bak_strings.xml,translated,yes,,
lTQNNnd4,Mizuno Tadakiyo,水野忠清,bak_strings.xml,translated,yes,,
hVSyu2fz,Mizuno Ai,水野爱,bak_strings.xml,translated,yes,,
TbOZeUsx,Mizuno Tadahiro,水野忠宏,bak_strings.xml,translated,yes,,
6HJv9QVb,Mizuno Shizuko,水野静子,bak_strings.xml,translated,yes,,
rctAbfBY,Mizuno Tadami,水野忠己,bak_strings.xml,translated,yes,,
Bs8eZQFC,Mizuno Kiyoko,水野清子,bak_strings.xml,translated,yes,,
Yb8Jirco,Ishihara Shigetoki,石原重时,bak_strings.xml,translated,yes,,
NDluCjrj,Ishihara Hana,石原花,bak_strings.xml,translated,yes,,
Ng1qk1bc,Ishihara Shigemitsu,石原重光,bak_strings.xml,translated,yes,,
9107Gylz,Ishihara Mine,石原峰,bak_strings.xml,translated,yes,,
7U80DoRY,Ishihara Shigemi,石原重美,bak_strings.xml,translated,yes,,
5LpGgkPs,Sakai Tadakata,酒井忠方,bak_strings.xml,translated,yes,,
1oAT3tap,Sakai Kameyo,酒井龟代,bak_strings.xml,translated,yes,,
3MdGZMX4,Sakai Ryotsune,酒井良常,bak_strings.xml,translated,yes,,
CmHdCNgW,Sakai Tadashige,酒井忠重,bak_strings.xml,translated,yes,,
4i6fDyD8,Sakai Enhime,堺延姬,bak_strings.xml,translated,yes,,
zKMW1v8g,Sakai Tadateru,酒井忠照,bak_strings.xml,translated,yes,,
Jc58jQNn,Sakai Fumiko,酒井富美子,bak_strings.xml,translated,yes,,
86eH8vEV,Sakai Tadahiro,酒井忠宏,bak_strings.xml,translated,yes,,
v3Z4a3yT,Sakai Tamako,酒井玉子,bak_strings.xml,translated,yes,,
DaR7ks4O,Sakai Tadataka,酒井忠敬,bak_strings.xml,translated,yes,,
oDOj9SD6,Sakai Kiso,酒井木曾,bak_strings.xml,translated,yes,,
xpuvPs14,Sakai Tadanori,酒井忠德,bak_strings.xml,translated,yes,,
y03WXHuV,Sakai Tadayuki,酒井忠之,bak_strings.xml,translated,yes,,
1TVdy9aJ,Sakai Tadatoshi,酒井忠利,bak_strings.xml,translated,yes,,
AnDrohq6,Sakai Ise,伊势,bak_strings.xml,translated,yes,,
XTtGyQDW,Sakai Kayoko,酒井佳代子,bak_strings.xml,translated,yes,,
08ToFFXf,Sakai Tadakuni,酒井忠国,bak_strings.xml,translated,yes,,
zTstz8YU,Sakai Tadaaki,酒井忠明,bak_strings.xml,translated,yes,,
Kr9vJDJr,Sakai Tadayasu,酒井忠康,bak_strings.xml,translated,yes,,
mf6qRfQ9,Kawai Yoshiomi,河井良臣,bak_strings.xml,translated,yes,,
g6O5UTIU,Kawai Kisa,河合喜佐,bak_strings.xml,translated,yes,,
sUPNtt42,Kawai Yoshihiro,河井义博,bak_strings.xml,translated,yes,,
DHiUrEoe,Kawai Mitsu,河合充,bak_strings.xml,translated,yes,,
fcNnjXsC,Kawai Tetsugoro,河合哲五郎,bak_strings.xml,translated,yes,,
3qyP1ctn,Kawai Yoshikan,河井义馆,bak_strings.xml,translated,yes,,
gz7lL74b,Kawai Michiomi,河合道臣,bak_strings.xml,translated,yes,,
njGs760D,Kawai Yasuko,河井靖子,bak_strings.xml,translated,yes,,
SJcxjwoG,Matsudaira Katsumichi,松平胜通,bak_strings.xml,translated,yes,,
JaOi7kxn,Matsudaira Hisashi,松平尚,bak_strings.xml,translated,yes,,
PTuEiwT5,Matsudaira Sadanobu,松平贞信,bak_strings.xml,translated,yes,,
6F0GOTMx,Matsudaira Katsushige,松平胜茂,bak_strings.xml,translated,yes,,
iREsPn2R,Sakai Hagane,堺羽金,bak_strings.xml,translated,yes,,
LPbuuBT7,Matsudaira Sadaaki,松平定明,bak_strings.xml,translated,yes,,
tCqVkzwq,Matsudaira Katsuyoshi,松平胜义,bak_strings.xml,translated,yes,,
TyQ6HZYx,Sakai Kuma,酒井熊,bak_strings.xml,translated,yes,,
OO1CZVQY,Matsudaira Reihime,松平丽姬,bak_strings.xml,translated,yes,,
OJ0Bt41g,Matsudaira Kuni,松平国,bak_strings.xml,translated,yes,,
QsBBAV6a,Matsudaira Sadakoto,松平贞琴,bak_strings.xml,translated,yes,,
c9kHua0I,Takayama Iwao,高山岩男,bak_strings.xml,translated,yes,,
Fo5zfzvM,Takayama Sada,高山贞,bak_strings.xml,translated,yes,,
GtQEM4H1,Takayama Naoki,高山直树,bak_strings.xml,translated,yes,,
R6QFv61S,Takayama Otsuyu,高山大津,bak_strings.xml,translated,yes,,
1dudFqAY,Takayama Morie,高山守江,bak_strings.xml,translated,yes,,
BmHwTG2p,Takayama Eisuke,高山荣介,bak_strings.xml,translated,yes,,
R0oRncp7,Okudaira Sadaomi,奥平贞臣,bak_strings.xml,translated,yes,,
P1UiQyME,Okudaira Tatsu,奥平达,bak_strings.xml,translated,yes,,
r9MHER6o,Okudaira Sadahiro,奥平定博,bak_strings.xml,translated,yes,,
mteALoQA,Okudaira Yuki,奥平由纪,bak_strings.xml,translated,yes,,
jDEOJ3VU,Okudaira Sadamasa,奥平港,bak_strings.xml,translated,yes,,
RGfPAqxo,Okudaira Saki,奥平沙希,bak_strings.xml,translated,yes,,
9yB1OZBM,Okudaira Sadatsugu,奥平贞继,bak_strings.xml,translated,yes,,
NzPVJZQJ,Okudaira Rui,奥平瑠衣,bak_strings.xml,translated,yes,,
22eOrkcg,Okudaira Masatoshi,奥平正俊,bak_strings.xml,translated,yes,,
FCzQSXcq,Okudaira Masakage,奥平正景,bak_strings.xml,translated,yes,,
PsuvJwcR,Ii Naonori,纳奥诺里斯,bak_strings.xml,translated,yes,,
hznl27AL,Ii Yoshiko,井伊芳子,bak_strings.xml,translated,yes,,
eeY8Wqqk,Ii Naosuke,井伊直介,bak_strings.xml,translated,yes,,
xF9RihZf,Ii Riwa,前往里瓦,bak_strings.xml,translated,yes,,
usy9v6yR,Ii Naoaki,井伊直树,bak_strings.xml,translated,yes,,
pK7A2Rp7,Mori Takachika,森高亲,bak_strings.xml,translated,yes,,
fov5Mzy7,Mori Tomiko,森富子,bak_strings.xml,translated,yes,,
x08M6xh2,Mori Motonori,森元德,bak_strings.xml,translated,yes,,
HzJdFNL7,Mori Yasuko,森泰子,bak_strings.xml,translated,yes,,
DjUMn7At,Mori Motoaki,机动车辆,bak_strings.xml,translated,yes,,
14vUfETg,Mori Narihiro,森成弘,bak_strings.xml,translated,yes,,
BSWxMZFE,Mori Kazuhime,森一姬,bak_strings.xml,translated,yes,,
TmaAlQZ0,Mori Motochika,森元亲,bak_strings.xml,translated,yes,,
YqOXyWEZ,Mori Matsuko,森松子,bak_strings.xml,translated,yes,,
GdKyldZW,Mori Mototoshi,森元俊,bak_strings.xml,translated,yes,,
wMYFNM6X,Mori Koshi,科西拿走了,bak_strings.xml,translated,yes,,
BXLhyQKn,Hosokawa Shusai,细川周斋,bak_strings.xml,translated,yes,,
N2Z8yCGx,Mori Motoyuki,森元之,bak_strings.xml,translated,yes,,
EHBZVYCj,Mori Kinko,森金工,bak_strings.xml,translated,yes,,
f846iOIo,Mori Motomitsu,森元光,bak_strings.xml,translated,yes,,
aNxr9NcV,Mori Yaeko,森八重子,bak_strings.xml,translated,yes,,
tAxoidEM,Mori Sumiko,森纯子,bak_strings.xml,translated,yes,,
uIHSWACL,Mori Motoyoshi,森元吉,bak_strings.xml,translated,yes,,
MWaaoXcS,Mori Yasuko,森泰子,bak_strings.xml,translated,yes,,
dlXo3cfH,Mori Hiroshige,森广重,bak_strings.xml,translated,yes,,
s4Imj6GD,Mori Takise,森泷濑,bak_strings.xml,translated,yes,,
VUZ97dN1,Mori Motozumi,森元住,bak_strings.xml,translated,yes,,
U4DnOQh4,Mori Masako,森雅子,bak_strings.xml,translated,yes,,
gYclqkoJ,Mori Sadako,森贞子,bak_strings.xml,translated,yes,,
WCuytuAF,Mori Mototada,森元忠,bak_strings.xml,translated,yes,,
WCuyKiAF,Mori Mototsugu,森元继,bak_strings.xml,translated,yes,,
3gl90OC4,Kikkawa Tsunemasa,吉川常政,bak_strings.xml,translated,yes,,
ujpvQZRt,Kikkawa Nobuko,吉川信子,bak_strings.xml,translated,yes,,
tMK6TwxL,Kikkawa Tsunetake,吉川常武,bak_strings.xml,translated,yes,,
O6uSZlqz,Kikkawa Chokichi,吉川长吉,bak_strings.xml,translated,yes,,
p4gAtQ44,Kikkawa Tsuneakira,吉川常明,bak_strings.xml,translated,yes,,
fFw7eVr9,Kikkawa Seisoin,吉川清院,bak_strings.xml,translated,yes,,
JBy4izdl,Shishido Chikamoto,志户近本,bak_strings.xml,translated,yes,,
3t890NFw,Shishido Kinko,宍户金子,bak_strings.xml,translated,yes,,
IoiBIuNR,Shishido Norihiro,宍户典弘,bak_strings.xml,translated,yes,,
fA2yEMQT,Shishido Genrei,志士風格,bak_strings.xml,translated,yes,,
vsXnQaY3,Shishido Toyoko,宍户东横子,bak_strings.xml,translated,yes,,
3WRBgvB5,Fukuhara Echigo,福原越后,bak_strings.xml,translated,yes,,
Y4IdPEjO,Fukuhara Eiko,福原英子,bak_strings.xml,translated,yes,,
Num8z5UZ,Fukuhara Yoshimichi,福原义道,bak_strings.xml,translated,yes,,
JNbU5CCb,Fukuhara Hikoshichi,福原彦七,bak_strings.xml,translated,yes,,
0LcWeO9q,Fukuhara Takako,福原贵子,bak_strings.xml,translated,yes,,
0VdMZ0JH,Fukuhara Eitaro,福原英太郎,bak_strings.xml,translated,yes,,
gzGocQQH,Masuda Chikanobu,增田近信,bak_strings.xml,translated,yes,,
e97cGhbY,Masuda Hisako,增田久子,bak_strings.xml,translated,yes,,
VDpeZ1bz,Masuda Akiyoshi,增田昭吉,bak_strings.xml,translated,yes,,
OCQRIum4,Masuda Chikayoshi,增田亲吉,bak_strings.xml,translated,yes,,
5v6c3AmS,Mori Motosuke,森元介,bak_strings.xml,translated,yes,,
MQjGjSgA,Mori Mitsuko,森光子,bak_strings.xml,translated,yes,,
8ZbntjPj,Mori Chikanobu,森亲信,bak_strings.xml,translated,yes,,
qU1saRSl,Mori Yoshihisa,森吉久,bak_strings.xml,translated,yes,,
9BscWFYJ,Mori Motoyoshi,森元吉,bak_strings.xml,translated,yes,,
PqjmlE5W,Mori Teiko,森定子,bak_strings.xml,translated,yes,,
QnqH5KZ0,Mori Naoki,森直树,bak_strings.xml,translated,yes,,
3OyxaM6M,Mori Fusaakira,森房明,bak_strings.xml,translated,yes,,
0wrHmcK7,Mori Chikatami,森近民,bak_strings.xml,translated,yes,,
BrDafz9a,Mori Motokazu,森元和,bak_strings.xml,translated,yes,,
akFMV6yS,Mori Iyoko,森伊代子,bak_strings.xml,translated,yes,,
UENAABaj,Mori Chikanao,森近尚,bak_strings.xml,translated,yes,,
BDvDn7EA,Mori Jusuke,森重介,bak_strings.xml,translated,yes,,
3PJdgQiO,Mori Chikahiko,森亲彦,bak_strings.xml,translated,yes,,
unkJIljQ,Mori Takiko,森泷子,bak_strings.xml,translated,yes,,
tZTNsQR1,Mori Chikatsune,森近胜,bak_strings.xml,translated,yes,,
9tqn5PPq,Mori Michiaki,森道明,bak_strings.xml,translated,yes,,
Zrq9XCGa,Mori Tsune,森恒,bak_strings.xml,translated,yes,,
ljrQK9ik,Mori Hiroyori,森博赖,bak_strings.xml,translated,yes,,
VQH0SYq0,Mori Iseko,森伊势子,bak_strings.xml,translated,yes,,
eqnHNZTn,Mori Chikaaki,森亲明,bak_strings.xml,translated,yes,,
FjERkhTK,Mori Toshiko,森俊子,bak_strings.xml,translated,yes,,
wREIyLQ0,Mori Norimasa,森典政,bak_strings.xml,translated,yes,,
ljrQKaKT,Kido Junichiro,木户纯一郎,bak_strings.xml,translated,yes,,
ljrQKaMa,Kido Matsuko,木户松子,bak_strings.xml,translated,yes,,
ljrQKaKs,Katsura Katsusaburo,桂胜三郎,bak_strings.xml,translated,yes,,
ljrQWaMa,Wada Masakage,和田正景,bak_strings.xml,translated,yes,,
ljrQKuHa,Kuruhara Haruko,外租房,bak_strings.xml,translated,yes,,
ljrQKuRy,Kuruhara Ryozo,来原良三,bak_strings.xml,translated,yes,,
ljrQKaTa,Kido Takamasa,木户隆正,bak_strings.xml,translated,yes,,
ljrQKaSh,Kido Shojiro,木户正二郎,bak_strings.xml,translated,yes,,
ChSeiSuM,Sufu Masanosuke,毛正之介,bak_strings.xml,translated,yes,,
ChSeiKuC,Kunishi Chikasuke,国西近介,bak_strings.xml,translated,yes,,
ChSeiTaS,Takasugi Shinsaku,高杉慎作,bak_strings.xml,translated,yes,,
ChSeiInK,Inoue Kaoru,井上薰,bak_strings.xml,translated,yes,,
ChSeiAkT,Akane Taketo,武人茜,bak_strings.xml,translated,yes,,
ChSeiYaA,Yamagata Aritomo,山形有友,bak_strings.xml,translated,yes,,
ChSeiKaM,Masataka Kawase,河濑正孝,bak_strings.xml,translated,yes,,
ChSeiItH,Ito Hirobumi,伊藤博文,bak_strings.xml,translated,yes,,
ChSeiMiK,Mihori Kosuke,三堀浩介,bak_strings.xml,translated,yes,,
ChSeiMaI,Maebara Issei,前原一诚,bak_strings.xml,translated,yes,,
ChSeiYoK,Yoshitomi Kanichi,兼一义富,bak_strings.xml,translated,yes,,
ChSeiOmM,Omura Masujiro,大村增二郎,bak_strings.xml,translated,yes,,
ChSeiShC,Shimizu Chikatomo,清水近友,bak_strings.xml,translated,yes,,
ChSeiShM,Shishido Masumi,孺户真澄,bak_strings.xml,translated,yes,,
ChSeiYaM,Yamada Matasuke,山田又介,bak_strings.xml,translated,yes,,
ChSeiMaM,Maeda Magoemon,前田孙右卫门,bak_strings.xml,translated,yes,,
ChSeiMoN,Mori Noboru,森升,bak_strings.xml,translated,yes,,
ChSeiMaG,Matsushima Gozo,松岛五佐,bak_strings.xml,translated,yes,,
ChSeiYaY,Yamato Yahachiro,大和八八郎,bak_strings.xml,translated,yes,,
ChSeiWaK,Watanabe Kurata,渡边仓田,bak_strings.xml,translated,yes,,
ChZokMuT,Mukunashi Tota,向无户太,bak_strings.xml,translated,yes,,
ChZokNaU,Nakagawa Uemon,中川右卫门,bak_strings.xml,translated,yes,,
ChZokAwC,Awaya Chikatada,绫谷近忠,bak_strings.xml,translated,yes,,
ChZokIsM,Isuke Muraoka,从村冈出发,bak_strings.xml,translated,yes,,
ChZokInK,Inoue Kaisetsu,井上会雪,bak_strings.xml,translated,yes,,
ChZokIiK,Iida Kozo,开斋节,bak_strings.xml,translated,yes,,
ChTokHiS,Hirosawa Saneomi,广泽实臣,bak_strings.xml,translated,yes,,
ChTokSaM,Sakurai Mikizo,樱井美纪三,bak_strings.xml,translated,yes,,
ChTokSuM,Sugi Magoshichiro,杉孙七郎,bak_strings.xml,translated,yes,,
ChTokUrM,Ura Mototoshi,浦本俊,bak_strings.xml,translated,yes,,
ChTokNeK,Negoro Kazusa,根戈罗和佐,bak_strings.xml,translated,yes,,
ChShiSaS,Sanjo Sanetomi,三条实富,bak_strings.xml,translated,yes,,
ChShiSNS,Sanjo Nishi Suetomo,三条西末友,bak_strings.xml,translated,yes,,
ChShiShT,Shijo Takauta,四条高歌,bak_strings.xml,translated,yes,,
ChShiHiM,Higashikuze Michitomi,东久濑道富,bak_strings.xml,translated,yes,,
ChShiMiM,Mibu Motoosa,莫图萨岁月,bak_strings.xml,translated,yes,,
ChShiNiY,Nishikikoji Yorinori,锦小路赖则,bak_strings.xml,translated,yes,,
ChShiSaN,Sawa Nobuyoshi,泽信义,bak_strings.xml,translated,yes,,
BakAaNag,Asano Nagamichi,浅野长道,bak_strings.xml,translated,yes,,
BakAaShu,Asano Shun,浅野舜,bak_strings.xml,translated,yes,,
BakAaNaG,Asano Nagakoto,浅野长琴,bak_strings.xml,translated,yes,,
BakAsTsu,Yamauchi Tsunahime,浅野纲姬,bak_strings.xml,translated,yes,,
BakAaNAt,Asano Nagatoshi,浅野长俊,bak_strings.xml,translated,yes,,
BakAaNos,Hisamitsu Noshika,野志久光,bak_strings.xml,translated,yes,,
BakAaTos,Asano Toshitsugu,浅野俊次,bak_strings.xml,translated,yes,,
BakAaUnk,Asano ?,浅野？,bak_strings.xml,translated,yes,,
BakAaNaa,Asano Nagaatsu,浅野长津,bak_strings.xml,translated,yes,,
BakAaMam,Asano Mamoru,浅野守,bak_strings.xml,translated,yes,,
BakMiATd,Asano Tadashi,浅野正,bak_strings.xml,translated,yes,,
BakMiATt,Asano Tadataka,浅野忠敬,bak_strings.xml,translated,yes,,
BakMiATy,Asano Tadayoshi,浅野忠义,bak_strings.xml,translated,yes,,
BakMiAIs,Asano Ise,浅野伊势,bak_strings.xml,translated,yes,,
BakToAMi,Asano Michioki,浅野道兴,bak_strings.xml,translated,yes,,
BakToAMc,Asano Michiko,浅野美智子,bak_strings.xml,translated,yes,,
BakToATa,Ueda Tadashi,上田正,bak_strings.xml,translated,yes,,
BakToAKa,Asano Kame,浅野龟,bak_strings.xml,translated,yes,,
BakUeYas,Ueda Yasuatsu,上田康笃,bak_strings.xml,translated,yes,,
BakUeYaT,Ueda Yasutsugu,上田康继,bak_strings.xml,translated,yes,,
BakUeYao,Ueda Yasutoki,上田康时,bak_strings.xml,translated,yes,,
BakUeUnk,Ueda ?,上田？,bak_strings.xml,translated,yes,,
BakUeDan,Ueda Danshoku,上田男色,bak_strings.xml,translated,yes,,
cndf29xy,Matsudaira Sadayasu,松平定康,bak_strings.xml,translated,yes,,
3jEENNGd,Matsudaira Kohime,松平小姫,bak_strings.xml,translated,yes,,
hJUC1nK9,Matsudaira Naoki,松平直树,bak_strings.xml,translated,yes,,
yGggICSa,Matsudaira Naritoki,松平成时,bak_strings.xml,translated,yes,,
e5jJlTcT,Matsudaira Hikari,松平光,bak_strings.xml,translated,yes,,
qYih12OY,Matsudaira Naoya,松平直哉,bak_strings.xml,translated,yes,,
HhM0uBm3,Matsudaira Naotoshi,松平直俊,bak_strings.xml,translated,yes,,
fdzr5fWf,Matsudaira Yoshimura,松平吉村,bak_strings.xml,translated,yes,,
lDbNEfEh,Matsudaira Naomi,松平直美,bak_strings.xml,translated,yes,,
07juHC01,Matsudaira Naoaki,松平直明,bak_strings.xml,translated,yes,,
DFrIaaPX,Matsudaira Naohiro,松平直宏,bak_strings.xml,translated,yes,,
WFQ0UuXw,Matsudaira ?,松平？,bak_strings.xml,translated,yes,,
Aa6selTk,Matsudaira Takesato,松平武里,bak_strings.xml,translated,yes,,
npZ70oDb,Matsudaira Toshiko,松平敏子,bak_strings.xml,translated,yes,,
2qyQ5uu7,Matsudaira Takenari,松平武成,bak_strings.xml,translated,yes,,
t4DRKSAY,Inoue Masanao,井上正直,bak_strings.xml,translated,yes,,
asA0b5mz,Inoue Yoshi,井上义,bak_strings.xml,translated,yes,,
6U06bX7V,Inoue Masaharu,井上正治,bak_strings.xml,translated,yes,,
k7pTFu2E,Inoue Eiko,井上英子,bak_strings.xml,translated,yes,,
SRa7FYKy,Inoue Masamoto,井上正元,bak_strings.xml,translated,yes,,
cy3gpggj,Inoue Kihime,井上喜姬,bak_strings.xml,translated,yes,,
7lHBstOq,Inoue Masahide,井上正英,bak_strings.xml,translated,yes,,
Z6vTfYje,Inoue Masaaki,井上正明,bak_strings.xml,translated,yes,,
K4rav43o,Inoue Masanao,井上正直,bak_strings.xml,translated,yes,,
zVUgQ4Mr,Inoue Masakane,井上正兼,bak_strings.xml,translated,yes,,
ZPjH5pVz,Inoue Kiyo,井上清,bak_strings.xml,translated,yes,,
9IFe41L8,Inoue Masato,井上正人,bak_strings.xml,translated,yes,,
nSIP71V7,Ota Sukemoto,以助本,bak_strings.xml,translated,yes,,
Q4wQhlze,Ota Ryo,太田亮,bak_strings.xml,translated,yes,,
yWf4nQeJ,Ota Sukekatsu,太田助胜,bak_strings.xml,translated,yes,,
V5SvHfO0,Ota Misao,太田思想,bak_strings.xml,translated,yes,,
b3YDzA8r,Ota Kiyoko,太田清子,bak_strings.xml,translated,yes,,
ZiQq8JDT,Ota Sukeyoshi,太田佑吉,bak_strings.xml,translated,yes,,
uog9xjJ7,Sakai Takiko,酒井泷子,bak_strings.xml,translated,yes,,
P3zTiZCm,Tokugawa Yoshiatsu,德川义笃,bak_strings.xml,translated,yes,,
RSvvwQuG,Hirohata Kyoko,广畑恭子,bak_strings.xml,translated,yes,,
fpxfCA95,Tokugawa Nariaki,德川齐昭,bak_strings.xml,translated,yes,,
w54S5I3N,Tokugawa Yoshiko,德川芳子,bak_strings.xml,translated,yes,,
pizr75r3,Tokugawa Yoriko,德川顺子,bak_strings.xml,translated,yes,,
1agVt6tW,Tokugawa Atsuyoshi,德川敦义,bak_strings.xml,translated,yes,,
iUvP6aFv,Tokugawa Atsumori,德川笃守,bak_strings.xml,translated,yes,,
fAdkH6BS,Tokugawa Akinori,德川昭德,bak_strings.xml,translated,yes,,
Ihhdccnz,Tokugawa Tsuchiya,德川土屋,bak_strings.xml,translated,yes,,
I6HLatlC,Tokugawa Akitake,德川昭武,bak_strings.xml,translated,yes,,
XT3whBO1,Tokugawa Akichika,德川昭亲,bak_strings.xml,translated,yes,,
HMftyqYc,Tokugawa Sadako,德川贞子,bak_strings.xml,translated,yes,,
IFVBo0UW,Matsudaira Yoritsugu,松平赖继,bak_strings.xml,translated,yes,,
Koe4GEO4,Matsudaira Karu,松平轻,bak_strings.xml,translated,yes,,
uzEB7rTO,Matsudaira Yorifumi,松平赖文,bak_strings.xml,translated,yes,,
1ME4J4P8,Matsudaira Mamoru,松平守,bak_strings.xml,translated,yes,,
GXvLySIv,Matsudaira Masako,松平雅子,bak_strings.xml,translated,yes,,
ViSD5Bbn,Matsudaira Yasuko,松平泰子,bak_strings.xml,translated,yes,,
tgMbwfiE,Matsudaira Yorihisa,松平依久,bak_strings.xml,translated,yes,,
zDjE64TE,Matsudaira Toshi,松平敏,bak_strings.xml,translated,yes,,
IOihIX4O,Matsudaira Yorinori,松平赖则,bak_strings.xml,translated,yes,,
N7FUZLza,Matsudaira Yorinaga,松平赖永,bak_strings.xml,translated,yes,,
8rJWmjlH,Matsudaira Yorimi,松平赖美,bak_strings.xml,translated,yes,,
WSOVFn2s,Matsudaira Yoritoshi,松平赖利,bak_strings.xml,translated,yes,,
iSVGS3Xg,Matsudaira Chiyoko,松平千代子,bak_strings.xml,translated,yes,,
hbrNLVoD,Matsudaira Yoritane,松平赖种,bak_strings.xml,translated,yes,,
KxM5VRa1,Matsudaira Fumihime,松平文姬,bak_strings.xml,translated,yes,,
zp5C0etl,Matsudaira Hisako,松平久子,bak_strings.xml,translated,yes,,
lsVY4d0J,Matsudaira Yoshiakira,松平义明,bak_strings.xml,translated,yes,,
wTLH9970,Matsudaira Yoriyasu,松平赖康,bak_strings.xml,translated,yes,,
f3MMiYMN,Nakayama Nobuaki,中山信明,bak_strings.xml,translated,yes,,
HxDyc3ql,Nakayama Tsuruko,中山鹤子,bak_strings.xml,translated,yes,,
nDpdaTzx,Nakayama Nobuzane,中山信真,bak_strings.xml,translated,yes,,
Id4pOfky,Nakayama Nobuaki,中山信明,bak_strings.xml,translated,yes,,
BEOaffU2,Nakayama Nobuteru,中山信辉,bak_strings.xml,translated,yes,,
PgAQVzbF,Nakayama Nobumori,中山信守,bak_strings.xml,translated,yes,,
gSd6sI0U,Nakayama Iro,中山色郎,bak_strings.xml,translated,yes,,
szgwXx0f,Nakayama Nobutomi,中山信富,bak_strings.xml,translated,yes,,
SwQ02lSF,Yamanobe Yoshimi,山边义经,bak_strings.xml,translated,yes,,
Vm16qd8L,Yamanobe Shizuka,山边美奈,bak_strings.xml,translated,yes,,
HvKdwFFQ,Yamanobe Yoshimoto,山边义元,bak_strings.xml,translated,yes,,
ZDygI93n,Yamanobe Hisa,山边久,bak_strings.xml,translated,yes,,
QWiufJBx,Yamanobe Iwahime,山边岩姬,bak_strings.xml,translated,yes,,
z0hkNFGC,Yamanobe Yoshimasa,山边义政,bak_strings.xml,translated,yes,,
KrY4IEpg,Suzuki Shigemune,铃木重宗,bak_strings.xml,translated,yes,,
WYTqPJNj,Suzuki Misa,铃木千代,bak_strings.xml,translated,yes,,
RUVHqSha,Hasuda Takasada,铃木重德,bak_strings.xml,translated,yes,,
zsUPpaIN,Suzuki Haru,铃木春,bak_strings.xml,translated,yes,,
BSQ982ou,Suzuki Haritaro,铃木张太郎,bak_strings.xml,translated,yes,,
lHQ3t4SP,Suzuki Jinjiro,铃木阵次郎,bak_strings.xml,translated,yes,,
jdtXL2lm,Suzuki Shigekyo,铃木茂京,bak_strings.xml,translated,yes,,
o7IMZNBt,Suzuki Misa,铃木玛斯,bak_strings.xml,translated,yes,,
N0wdIy1B,Ota Sukenobu,竹助信,bak_strings.xml,translated,yes,,
vC6z8WVM,Ota Misao,太田思想,bak_strings.xml,translated,yes,,
oBXKUC02,Ota Sukemoto,以助本,bak_strings.xml,translated,yes,,
lIMwYkmk,Ota Ryo,太田亮,bak_strings.xml,translated,yes,,
73thINiW,Ota Suketoki,太田佑吉,bak_strings.xml,translated,yes,,
40uzrYwA,Ota Takara,太田宝,bak_strings.xml,translated,yes,,
KDNrkROu,Ota Cho,太田町,bak_strings.xml,translated,yes,,
QYDzg3jA,Ota Enhime,太田延姬,bak_strings.xml,translated,yes,,
lVNG6nvY,Hida Hamagoro,飞騨滨五郎,bak_strings.xml,translated,yes,,
OjtJRVA8,Hida Kiyo,飞騨清,bak_strings.xml,translated,yes,,
2dwqNcV0,Hida Haruyasu,飞騨春康,bak_strings.xml,translated,yes,,
aVzIfT5b,Hida Nobu,飞驒信,bak_strings.xml,translated,yes,,
jTPsXTQs,Hida Shosaku,飞驒正作,bak_strings.xml,translated,yes,,
CimHJY3v,Hida Ine,飞驒伊根,bak_strings.xml,translated,yes,,
HxOIq1UO,Hida Harutatsu,飞騨晴达,bak_strings.xml,translated,yes,,
TtRVEzF9,Hida Kuni,飞驒国,bak_strings.xml,translated,yes,,
OjNzZ4z7,Hida Daisuke,飞田大辅,bak_strings.xml,translated,yes,,
l0dKAD1a,Hasuda Hiroyasu,莲田博康,bak_strings.xml,translated,yes,,
HyfCYlLK,Hasuda Sumako,莲田投降,bak_strings.xml,translated,yes,,
wAcogWf3,Hasuda Shihoko,莲田志保子,bak_strings.xml,translated,yes,,
fLSGAgYC,Hasuda Hiromi,莲田博美,bak_strings.xml,translated,yes,,
qjnRwQly,Hasuda Sakurao,莲田樱尾,bak_strings.xml,translated,yes,,
r8PNf9r5,Hasuda Sode,莲田袖,bak_strings.xml,translated,yes,,
L4V95dkR,Hasuda Tozo,羡慕费,bak_strings.xml,translated,yes,,
olSVCZmf,Hasuda Hiroichi,莲田宏一,bak_strings.xml,translated,yes,,
tCf4lIPu,Ichikawa Sanzaemon,市川三左卫门,bak_strings.xml,translated,yes,,
NxaysxUC,Asahina Yataro,朝比奈弥太郎,bak_strings.xml,translated,yes,,
O06DIhu2,Sato Tosho,佐藤东照,bak_strings.xml,translated,yes,,
MsX1Hln6,Oi Kanzaburo,大井勘三郎,bak_strings.xml,translated,yes,,
9zqTKcqA,Tomobe Yataro,友部弥太郎,bak_strings.xml,translated,yes,,
2cUjpzfQ,Watanabe Iemon,渡边右卫门,bak_strings.xml,translated,yes,,
F9XMsCHI,Oiwa Banjiro,大岩万次郎,bak_strings.xml,translated,yes,,
peuTgDWX,Takeda Kounsai,武田光云斋,bak_strings.xml,translated,yes,,
2axdqLeU,Takeda Nobuko,武田信子,bak_strings.xml,translated,yes,,
l7gGIVfb,Takeda Hikoemon,武田彦右卫门,bak_strings.xml,translated,yes,,
KaW2u7Wt,Tamaru Inanoemon,稻之右卫门田丸,bak_strings.xml,translated,yes,,
3dRiCHIH,Yamakuni Hyobu,山国兵部,bak_strings.xml,translated,yes,,
WNXdlC6n,Hayashi Tadataka,林忠敬,bak_strings.xml,translated,yes,,
mF93OB0Z,Hayashi Chie,林千惠,bak_strings.xml,translated,yes,,
45HFAruq,Hayashi Tadaakira,林忠明,bak_strings.xml,translated,yes,,
WIMsWqlV,Hayashi Toyo,林东洋,bak_strings.xml,translated,yes,,
1VsYAGf0,Hayashi Tadafusa,林忠房,bak_strings.xml,translated,yes,,
Sl8tIOAe,Hayashi Sakae,林荣,bak_strings.xml,translated,yes,,
ZOyxIYLt,Hayashi Tadakata,忠方林,bak_strings.xml,translated,yes,,
RZW4u1bw,Hayashi Kiyoko,林清子,bak_strings.xml,translated,yes,,
BLEI9odB,Hayashi Tadahiro,林忠宏,bak_strings.xml,translated,yes,,
BijTmjLN,Hayashi Tadaoki,林忠兴,bak_strings.xml,translated,yes,,
mSLw5dla,Hayashi Chiyo,林千代,bak_strings.xml,translated,yes,,
ojHJapKr,Hayashi Tadasada,林忠定,bak_strings.xml,translated,yes,,
XsI6P4Lw,Hayashi Tadamasa,林忠正,bak_strings.xml,translated,yes,,
Ae4oJ078,Hayashi Kanako,林加奈子,bak_strings.xml,translated,yes,,
3u6MPLG6,Maeda Toshika,前田敏香,bak_strings.xml,translated,yes,,
wTQEOpa7,Maeda Hisashi,前田尚,bak_strings.xml,translated,yes,,
r9bbr3VW,Maeda Toshimichi,前田利典,bak_strings.xml,translated,yes,,
AWwPQ7GP,Maeda Shogen-in,前田正元院,bak_strings.xml,translated,yes,,
NClTemsw,Maeda Kameko,前田龟子,bak_strings.xml,translated,yes,,
y968PY0G,Maeda Toshihira,前田利平,bak_strings.xml,translated,yes,,
10oV0mMQ,Maeda Ai,成功了,bak_strings.xml,translated,yes,,
jysbc6Uf,Okumura Noritomo,奥村典朝,bak_strings.xml,translated,yes,,
FxCpKg3G,Okumura Hatsu,奥村初,bak_strings.xml,translated,yes,,
MHd8ZnPH,Okumura Mine,奥村峰,bak_strings.xml,translated,yes,,
P3Qi7ksg,Okumura Atsunori,奥村敦典,bak_strings.xml,translated,yes,,
UkMRMuYI,Okumura Tora,奥村虎,bak_strings.xml,translated,yes,,
EnNxr4sS,Maeda Naonobu,前田直信,bak_strings.xml,translated,yes,,
L3rcTXEN,Maeda Riyo,前田里代,bak_strings.xml,translated,yes,,
4Ve0NOnj,Maeda Nobuyoshi,前田信义,bak_strings.xml,translated,yes,,
4UF3c1YO,Makino Tadayuki,牧野忠之,bak_strings.xml,translated,yes,,
k8YjNpOk,Makino Cho,牧野町,bak_strings.xml,translated,yes,,
YMsdSa5O,Makino Tadakuni,牧野忠国,bak_strings.xml,translated,yes,,
gwB9W7mm,Inagaki Shigemitsu,稻垣重光,bak_strings.xml,translated,yes,,
J0VnbU4a,Inagaki Kane,稻垣兼,bak_strings.xml,translated,yes,,
0xmB7XJS,Inagaki Shigeyasu,稻垣重康,bak_strings.xml,translated,yes,,
l2brrFCq,Inagaki Etsuko,稻垣悦子,bak_strings.xml,translated,yes,,
WO5zvxR8,Inagaki Gonichi,稻垣权一,bak_strings.xml,translated,yes,,
tGEgf2XE,Inagaki Mitsu,稻垣充,bak_strings.xml,translated,yes,,
7vqf8p1x,Yamamoto Yoshimichi,山本义道,bak_strings.xml,translated,yes,,
B55gNGt8,Yamamoto Chiyo,山本千代,bak_strings.xml,translated,yes,,
GhX1cQFn,Yamamoto Yoshikazu,山本义和,bak_strings.xml,translated,yes,,
u6pL0K8t,Yamamoto Yumi,山本弓,bak_strings.xml,translated,yes,,
qs5YLGCM,Yamamoto Ihoko,山本伊保子,bak_strings.xml,translated,yes,,
IpGWXGXO,Satake Yoshitaka,佐竹义隆,bak_strings.xml,translated,yes,,
lTEN0uBO,Satake Taki,佐竹泷,bak_strings.xml,translated,yes,,
lEBzZaFW,Satake Yoshichika,佐竹芳亲,bak_strings.xml,translated,yes,,
NGUNB04b,Satake Setsuko,佐竹节子,bak_strings.xml,translated,yes,,
cS0BYmEj,Satake Yoshitaka,佐竹义隆,bak_strings.xml,translated,yes,,
O91iIET8,Satake Kotobuki,佐竹寿,bak_strings.xml,translated,yes,,
TO3KcPYq,Satake Yoshinobu,佐竹义宣,bak_strings.xml,translated,yes,,
di3hvLje,Satake Masako,佐竹雅子,bak_strings.xml,translated,yes,,
RlQJPV7D,Satake Kaname,佐竹要,bak_strings.xml,translated,yes,,
f5XYXxSk,Satake Yoshitomo,佐竹美智,bak_strings.xml,translated,yes,,
tLFdyt4x,Satake Naka,佐竹中,bak_strings.xml,translated,yes,,
isJ2mg9v,Satake Yoshihisa,佐竹义久,bak_strings.xml,translated,yes,,
pRzOVEbH,Tagaya Chikasada,田谷木定,bak_strings.xml,translated,yes,,
iK6pKdiD,Tagaya Mitsu,田谷充,bak_strings.xml,translated,yes,,
JrCw7IOL,Tagaya Atsutaka,田谷厚隆,bak_strings.xml,translated,yes,,
ad2F8T2d,Tagaya Okuri,田谷大栗,bak_strings.xml,translated,yes,,
mWRFq0Y2,Tagaya Mutsuaki,前往六明,bak_strings.xml,translated,yes,,
RHgM2Jbk,Tagaya Yuichi,田谷雄一,bak_strings.xml,translated,yes,,
fFzatPZB,Satake Yoshikatsu,佐竹义胜,bak_strings.xml,translated,yes,,
P0Rdtbsk,Satake Yoshitoki,佐竹芳时,bak_strings.xml,translated,yes,,
lK0BVLKk,Satake Nami,佐竹奈美,bak_strings.xml,translated,yes,,
wOWbGCUg,Satake Sai,佐竹斋,bak_strings.xml,translated,yes,,
e3yhg6Dv,Satake Yoshimasa,佐竹义正,bak_strings.xml,translated,yes,,
Nc8F0LEf,Shibue Daizen,涩江大善,bak_strings.xml,translated,yes,,
xuJSkGe4,Shibue Nao,涩江尚,bak_strings.xml,translated,yes,,
wGuR0ntw,Shibue Myomitsu,涩江明光,bak_strings.xml,translated,yes,,
aYVxNbSo,Shibue Kakumitsu,涩江觉光,bak_strings.xml,translated,yes,,
g1hC3I76,Shibue Tokomitsu,涩江常光,bak_strings.xml,translated,yes,,
iqtWNEZR,Shibue Nobumitsu,涩江信光,bak_strings.xml,translated,yes,,
WAlIagfl,Iwaki Takakuni,岩城贵国,bak_strings.xml,translated,yes,,
Niu6EEIX,Hotta Mariko,堀田真理子,bak_strings.xml,translated,yes,,
BiJQ3gwj,Iwaki Takaaki,岩城贵明,bak_strings.xml,translated,yes,,
vgzjShtW,Iwaki Ryuji,岩木隆二,bak_strings.xml,translated,yes,,
uq93RE5H,Kuroda Nagahiro,黑田长宏,bak_strings.xml,translated,yes,,
zFfxKok8,Kuroda Sumiko,黑田纯子,bak_strings.xml,translated,yes,,
q2wWaf6n,Kuroda Nagatomo,黑田长友,bak_strings.xml,translated,yes,,
vpp0X2di,Kuroda Toyoko,黑田丰子,bak_strings.xml,translated,yes,,
nbMsupjp,Tsukigata Senzo,黑田圭,bak_strings.xml,translated,yes,,
WBljkXLV,Kuroda Naganori,黑田永则,bak_strings.xml,translated,yes,,
tPBBMN4Z,Kuroda Yukiko,黑田由纪子,bak_strings.xml,translated,yes,,
qgu18aBw,Kuroda Nagamoto,黑田长本,bak_strings.xml,translated,yes,,
jqDkyoQZ,Kuroda Keiko,黑田惠子,bak_strings.xml,translated,yes,,
Oew1Bf9P,Kuroda Nagayoshi,黑田长吉,bak_strings.xml,translated,yes,,
FZ1Eq6lh,Kuroda Kenoko,黑田健乃子,bak_strings.xml,translated,yes,,
kLlP5rni,Nomura Touma,野村当麻,bak_strings.xml,translated,yes,,
tUcpDeTS,Nomura Chiyo,野村千代,bak_strings.xml,translated,yes,,
nR1sGRoK,Nomura Sukuharu,野村数晴,bak_strings.xml,translated,yes,,
pRDHDfAf,Kuroda Kazuyoshi,黑田播磨,bak_strings.xml,translated,yes,,
YrKWMZru,Kuroda Rihoko,黑田里穗子,bak_strings.xml,translated,yes,,
AptV40KY,Kuroda Kazumi,黑田和美,bak_strings.xml,translated,yes,,
awh97eY4,Kuroda Chiyoko,黑田千代子,bak_strings.xml,translated,yes,,
964hRB7s,Kuroda Kazuo,黑田和夫,bak_strings.xml,translated,yes,,
So1hDGim,Kato Shisho,加藤志章,bak_strings.xml,translated,yes,,
vbW4lVBo,Kato Yasuko,加藤泰子,bak_strings.xml,translated,yes,,
apqhx41m,Kato Tokuhiro,加藤德宏,bak_strings.xml,translated,yes,,
dO3CawFk,Kato Sen,加藤千,bak_strings.xml,translated,yes,,
Brly3Pam,Kato Taketake,原加藤,bak_strings.xml,translated,yes,,
VYrrxnX9,Kato Daishiro,加藤大四郎,bak_strings.xml,translated,yes,,
19IdACYb,Tsukigata Senzo,月形千三,bak_strings.xml,translated,yes,,
gzC7F4fo,Tsukigata Hana,月形花,bak_strings.xml,translated,yes,,
PVVSjRbo,Tsukigata Shinzo,月形真三,bak_strings.xml,translated,yes,,
qRHfzyUs,Tsukigata Yasuko,月形泰子,bak_strings.xml,translated,yes,,
MYV9KYo1,Tsukigata Shoka,月形翔香,bak_strings.xml,translated,yes,,
pyD59qMo,Mori Muramasa,森村正,bak_strings.xml,translated,yes,,
pvqqQutQ,Mori Sayo,森小夜,bak_strings.xml,translated,yes,,
0VHC3xFH,Mori Murasei,森村清,bak_strings.xml,translated,yes,,
Boxu3rYM,Mori Murakoshi,森村越,bak_strings.xml,translated,yes,,
3Cbdw30u,Ikoma Nagai,生驹永井,bak_strings.xml,translated,yes,,
QZU9vMWY,Ikoma Sen,生驹泉,bak_strings.xml,translated,yes,,
DakzCL2f,Ikoma Nagasada,生驹长定,bak_strings.xml,translated,yes,,
pDYIBBAa,Ikoma Ryu,生驹龙,bak_strings.xml,translated,yes,,
M8CaIjW3,Ikoma Nagasu,生驹长洲,bak_strings.xml,translated,yes,,
Xe63ilYA,Takechi Hanpeita,武市半平太,bak_strings.xml,translated,yes,,
sTM8QM4l,Takechi Tomiko,武地富子,bak_strings.xml,translated,yes,,
us2k9KPi,Shibata Katsumi,柴田胜美,bak_strings.xml,translated,yes,,
L3NzXFr3,Hirai Masami,平井雅美,bak_strings.xml,translated,yes,,
pnoyota2,Goro Yoshikazu,五郎义一,bak_strings.xml,translated,yes,,
v8k486Cv,Tani Tateki,谷立木,bak_strings.xml,translated,yes,,
kZUzygaP,Motoyama Shigetou,本山茂藤,bak_strings.xml,translated,yes,,
D6cW9BRv,Oishi Yataro,大石弥太郎,bak_strings.xml,translated,yes,,
vwBchbKt,Shimamura Ekichi,岛村惠吉,bak_strings.xml,translated,yes,,
YP2fV2hW,Masaki Tetsuma,正树哲真,bak_strings.xml,translated,yes,,
pAupiXnj,Kadota Tamenosuke,门田为之助,bak_strings.xml,translated,yes,,
z8vSvDSj,Kono Togama,河野户伽,bak_strings.xml,translated,yes,,
bPdxO4MG,Nakamichi Shimamoto,岛本中道,bak_strings.xml,translated,yes,,
FlzkbFch,Ihara Asaaki,伊原朝明,bak_strings.xml,translated,yes,,
o05gJRtq,Ihara Yuki,井原佑希,bak_strings.xml,translated,yes,,
lhA4QmHy,Ihara Asamitsu,伊原朝光,bak_strings.xml,translated,yes,,
hsD5bJui,Ihara Mutsu,伊原陆奥,bak_strings.xml,translated,yes,,
dKcLiTvb,Ihara Asahiro,足利义英,bak_strings.xml,translated,yes,,
DavzUQup,Nagano Shuzen,长野修善,bak_strings.xml,translated,yes,,
EmiPhqA0,Takino Taki,支票 支票,bak_strings.xml,translated,yes,,
HQiKv4QF,Tada Tatewaki,立胁多田,bak_strings.xml,translated,yes,,
DtWZ2i3N,Nagano Nariyoshi,长野成吉,bak_strings.xml,translated,yes,,
iYqL2Vy6,Nagano Naritoshi,长野成利,bak_strings.xml,translated,yes,,
7oUfZNuF,Nagano Narimasa,长野成政,bak_strings.xml,translated,yes,,
CHalr5aK,Kimata Moritaka,木俣森隆,bak_strings.xml,translated,yes,,
ruz4z36n,Kimata Hiwa,木田日和,bak_strings.xml,translated,yes,,
CzufOZcO,Kimata Moriyasu,木田守康,bak_strings.xml,translated,yes,,
RurSjEyY,Kimata Tora,木又虎,bak_strings.xml,translated,yes,,
K0rUvzyH,Kimata Morimichi,木田森通,bak_strings.xml,translated,yes,,
Ez9wouSk,Kimata Matsu,木田守亲,bak_strings.xml,translated,yes,,
oNEiBB2d,Saigo Tozaemon,西乡藤左卫门,bak_strings.xml,translated,yes,,
kJXoV9Pb,Saigo Ritsu,西乡律,bak_strings.xml,translated,yes,,
NmILYBIw,Saigo Morinobu,西乡守信,bak_strings.xml,translated,yes,,
nMjExeXI,Saigo Chika,西乡千花,bak_strings.xml,translated,yes,,
QbkbZH6B,Saigo Yoshikuni,西乡义国,bak_strings.xml,translated,yes,,
vs49SDks,Tokugawa Mochitsugu,德川望继,bak_strings.xml,translated,yes,,
BeVxuHbe,Tokugawa Nariyuki,德川成之,bak_strings.xml,translated,yes,,
eHD3yI8F,Toyoko Konoe,近江丰子,bak_strings.xml,translated,yes,,
0TdWVoYC,Tokugawa Noriko,德川纪子,bak_strings.xml,translated,yes,,
9QUwXAo6,Tokugawa Hisako,德川久子,bak_strings.xml,translated,yes,,
kYtWhJo4,Tokugawa Takako,德川隆子,bak_strings.xml,translated,yes,,
ACqEvloB,Tokugawa Chofuku-maru,德川长福丸,bak_strings.xml,translated,yes,,
PbADW8O5,Mizuno Tadamoto,水野忠本,bak_strings.xml,translated,yes,,
JrNemg5t,Mizuno Yae,水野八重,bak_strings.xml,translated,yes,,
iMqha8Z4,Mizuno Tadayoshi,水野忠义,bak_strings.xml,translated,yes,,
Rrbu472n,Mizuno Tadahiro,水野忠宏,bak_strings.xml,translated,yes,,
wCCzDL2D,Mizuno Tamako,水野玉子,bak_strings.xml,translated,yes,,
fcAG1QqW,Ando Naohiro,安藤直宏,bak_strings.xml,translated,yes,,
3QhK8vOe,Toda Sada,所有萨达,bak_strings.xml,translated,yes,,
WCJsiBsB,Ando Naonori,安藤直典,bak_strings.xml,translated,yes,,
rCZzutl7,Miura Iku,三浦育,bak_strings.xml,translated,yes,,
QQ62CWn2,Ando Naoki,安藤直树,bak_strings.xml,translated,yes,,
Bqky19ae,Ando Haru,安藤春,bak_strings.xml,translated,yes,,
NbKeRcPM,Ando Naoyuki,安藤直之,bak_strings.xml,translated,yes,,
vVdUl9kZ,Okumura Eimichi,奥村荣通,bak_strings.xml,translated,yes,,
uhGVlVcb,Okumura Nami,奥村奈美,bak_strings.xml,translated,yes,,
ZHgHiq5g,Okumura Eishige,奥村英重,bak_strings.xml,translated,yes,,
dLk4Mfmb,Okumura Asao,奥村浅男,bak_strings.xml,translated,yes,,
CGMTB5IR,Maeda Takanori,前田刚典,bak_strings.xml,translated,yes,,
RqrjjOwd,Maeda Rin,前田凛,bak_strings.xml,translated,yes,,
dcTmgzR2,Maeda Takanaka,前田不错,bak_strings.xml,translated,yes,,
KyBM4EGe,Matsudaira Sadamichi,松平定道,bak_strings.xml,translated,yes,,
YKfuhIdz,Matsudaira Sadako,松平贞子,bak_strings.xml,translated,yes,,
5c4QE4T3,Matsudaira Sadaaki,松平定明,bak_strings.xml,translated,yes,,
f4nYiBuo,Matsudaira Hatsuko,松平初子,bak_strings.xml,translated,yes,,
0TCCnJ52,Matsudaira Sadanori,松平定则,bak_strings.xml,translated,yes,,
ejRgtgY3,Matsudaira Sadayuki,松平贞之,bak_strings.xml,translated,yes,,
rUBu7S4M,Tatsumi Naofumi,辰巳直文,bak_strings.xml,translated,yes,,
3d9HHjwb,Machida Takesuke,町田武辅,bak_strings.xml,translated,yes,,
FD9LbBC5,Tatsumi Hisashi,辰巳尚,bak_strings.xml,translated,yes,,
GM8rv4Ak,Komai Shigetada,驹井重忠,bak_strings.xml,translated,yes,,
SuEovhqt,Komai Shigenori,驹井繁德,bak_strings.xml,translated,yes,,
2wRgcvgX,Sakai Magohachiro,堺孙八郎,bak_strings.xml,translated,yes,,
iZkMYp72,Tokugawa Yoshikatsu,德川庆胜,bak_strings.xml,translated,yes,,
rvDsCUpk,Tokugawa Kane,德川兼,bak_strings.xml,translated,yes,,
qIzG5074,Tokugawa Yoshinori,德川庆德,bak_strings.xml,translated,yes,,
RF8JjIdu,Tokugawa Koko,德川幸子,bak_strings.xml,translated,yes,,
Av28pOpi,Tokugawa Michi,德川道,bak_strings.xml,translated,yes,,
VBrMcD42,Tokugawa Yoshitoshi,德川义俊,bak_strings.xml,translated,yes,,
WbWoS8l0,Matsudaira Yoshitake,松平义武,bak_strings.xml,translated,yes,,
RsCPH7VE,Matsudaira Nobu,松平信,bak_strings.xml,translated,yes,,
rwB3k83J,Matsudaira Yoshitake,松平义武,bak_strings.xml,translated,yes,,
99ZeqWCB,Tokugawa Nori,德川纪,bak_strings.xml,translated,yes,,
xz7VtMCD,Matsudaira Yoshikazu,松平义和,bak_strings.xml,translated,yes,,
dme8x5FX,Matsudaira Yoshinari,松平义成,bak_strings.xml,translated,yes,,
A73fNqDB,Naruse Masamitsu,成濑正光,bak_strings.xml,translated,yes,,
wATMO4SF,Naruse Kei,成濑庆,bak_strings.xml,translated,yes,,
ZkYr4Q04,Naruse Masao,成濑正男,bak_strings.xml,translated,yes,,
MRwSxq1k,Naruse Yoshio,成濑义雄,bak_strings.xml,translated,yes,,
6F2ikYXs,Naruse Tamiko,成濑民子,bak_strings.xml,translated,yes,,
VejCmIYn,Naruse Masaatsu,成濑正笃,bak_strings.xml,translated,yes,,
kHIiTY6k,Takekoshi Masatomi,竹越正美,bak_strings.xml,translated,yes,,
aNr0aTAb,Takekoshi Ryu,竹越龙,bak_strings.xml,translated,yes,,
5wrVt0wH,Takekoshi Masamoto,竹越正本,bak_strings.xml,translated,yes,,
BzIGHgCx,Naka Takako,中贵子,bak_strings.xml,translated,yes,,
WvVFYg9z,Shimizu Tadahiro,清水忠宏,bak_strings.xml,translated,yes,,
eqrjET0Q,Shimizu Kame,清水龟,bak_strings.xml,translated,yes,,
HGBst1md,Shimizu Tadakane,清水忠兼,bak_strings.xml,translated,yes,,
quPWUb7d,Shimizu Asahi,清水朝日,bak_strings.xml,translated,yes,,
wqjEk0zZ,Todo Takayuki,藤堂孝之,bak_strings.xml,translated,yes,,
aCLFE9fV,Todo Sayo,藤堂小夜,bak_strings.xml,translated,yes,,
6fpqsOCb,Todo Takasawa,高泽藤堂,bak_strings.xml,translated,yes,,
WKW8zGVB,Todo Kikaru,藤堂喜瑠,bak_strings.xml,translated,yes,,
3k7drsea,Todo Takasato,藤堂高里,bak_strings.xml,translated,yes,,
0JPVJU94,Todo Iwa,藤堂岩,bak_strings.xml,translated,yes,,
ITHpOHC1,Todo Takakiyo,藤堂贵清,bak_strings.xml,translated,yes,,
XFJfiBaw,Todo Ryoko,东堂凉子,bak_strings.xml,translated,yes,,
Asdctfqh,Todo Tonosuke,藤堂土之助,bak_strings.xml,translated,yes,,
7whQnMzi,Todo Takatsugu,藤堂高继,bak_strings.xml,translated,yes,,
8BhkuRWC,Todo Takaaki,藤堂隆明,bak_strings.xml,translated,yes,,
Jn0K7PNf,Todo Eiko,藤堂英子,bak_strings.xml,translated,yes,,
Z6OKK1nA,Todo Takakuni,藤堂贵国,bak_strings.xml,translated,yes,,
v5MbvJJH,Todo Sawako,藤堂泽子,bak_strings.xml,translated,yes,,
VuO1uj5T,Todo Takaaki,藤堂隆明,bak_strings.xml,translated,yes,,
6DNrUFap,Todo Fumiko,藤堂文子,bak_strings.xml,translated,yes,,
JmzS3yub,Todo Takayori,藤堂高赖,bak_strings.xml,translated,yes,,
3tcSrSZS,Todo Toku,东都德,bak_strings.xml,translated,yes,,
DEN7nvP0,Todo Takayuki,藤堂孝之,bak_strings.xml,translated,yes,,
rV9fvZPM,Todo Naganori,藤堂长则,bak_strings.xml,translated,yes,,
zccColGo,Todo Yoshiko,藤堂芳子,bak_strings.xml,translated,yes,,
1Auqkl29,Todo Naganori,藤堂长则,bak_strings.xml,translated,yes,,
llqgj9e4,Todo Yu,东堂佑,bak_strings.xml,translated,yes,,
9GlIn49d,Todo Takayoshi,藤堂孝义,bak_strings.xml,translated,yes,,
I0VAUSEq,Todo Tsuruko,藤堂鹤子,bak_strings.xml,translated,yes,,
XWDbAYjm,Todo Nagachika,藤堂永近,bak_strings.xml,translated,yes,,
sPSLtwCr,Todo Waku,藤堂氏,bak_strings.xml,translated,yes,,
B4oQXBYc,Todo Kago,藤堂加护,bak_strings.xml,translated,yes,,
KvnteUqO,Todo Takasetsu,藤堂高节,bak_strings.xml,translated,yes,,
sc9FjP2E,Todo Motoshige,藤堂元重,bak_strings.xml,translated,yes,,
C67lGw7D,Todo Hyun,全炫,bak_strings.xml,translated,yes,,
eYxUCzZl,Todo Motonobu,藤堂元信,bak_strings.xml,translated,yes,,
iMc2zSg8,Todo Tsune,东堂恒,bak_strings.xml,translated,yes,,
Ey1d5pwc,Todo Mototaka,藤堂元隆,bak_strings.xml,translated,yes,,
wCNIpIB4,Todo Yae,藤堂八重,bak_strings.xml,translated,yes,,
JTzieEQH,Todo Takakatsu,藤堂高胜,bak_strings.xml,translated,yes,,
cq8VOWkD,Todo Ryoko,东堂凉子,bak_strings.xml,translated,yes,,
H2FsCrUJ,Todo Takafumi,藤堂贵文,bak_strings.xml,translated,yes,,
f3DEuNXC,Todo Nagauji,藤堂长氏,bak_strings.xml,translated,yes,,
PtY5O0oR,Todo Takashige,藤堂隆重,bak_strings.xml,translated,yes,,
wbEuy9q4,Todo Takakiyo,藤堂贵清,bak_strings.xml,translated,yes,,
P1AgeXcD,Todo Takahisa,藤堂贵久,bak_strings.xml,translated,yes,,
Q50kWDFW,Todo Shigeko,藤堂茂子,bak_strings.xml,translated,yes,,
gqt0QIl5,Kinoshita Toshimasa,木下利则,bak_strings.xml,translated,yes,,
eBydZ8UR,Kinoshita Ayako,木下绫子,bak_strings.xml,translated,yes,,
9zZwFuMM,Kinoshita Toshiatsu,木下俊笃,bak_strings.xml,translated,yes,,
YCkbvrI5,Kinoshita Kagami,木下加贺美,bak_strings.xml,translated,yes,,
iu9a9wWD,Kinoshita Toshikata,木下利方,bak_strings.xml,translated,yes,,
nerTByza,Kinoshita Masa,木下正,bak_strings.xml,translated,yes,,
TDa0KpyV,Matsudaira Ujiyoshi,松平氏吉,bak_strings.xml,translated,yes,,
LmtF2OEL,Matsudaira Mitsutsune,松平光常,bak_strings.xml,translated,yes,,
78tz8gaC,Matsudaira Ihoko,松平伊保子,bak_strings.xml,translated,yes,,
7s4dxFt3,Shimazu Hisamitsu,久光,bak_strings.xml,translated,yes,,
gv3wrMe3,Shimazu Chiyoko,岛津千代子,bak_strings.xml,translated,yes,,
czGM0U4X,Shimazu Osada,岛津大田,bak_strings.xml,translated,yes,,
yquLAovd,Shimazu Tadayoshi,岛津忠义,bak_strings.xml,translated,yes,,
p9NeUjUw,Shimazu Tadatsune,岛津忠恒,bak_strings.xml,translated,yes,,
8fj2kDNi,Shimazu Tadanari,岛津忠成,bak_strings.xml,translated,yes,,
vI3iTRAa,Shimazu Nariakira,岛津成平,bak_strings.xml,translated,yes,,
X2sLljXc,Shimazu Narioki,岛津成树,bak_strings.xml,translated,yes,,
hShr91A7,Shimazu Yahime,岛津八姬,bak_strings.xml,translated,yes,,
PRLxNKTC,Shimazu Takaatsu,岛津高津,bak_strings.xml,translated,yes,,
BgW75GXX,Shimazu Yao,岛津尧,bak_strings.xml,translated,yes,,
bCEeQkkF,Shimazu Takanori,岛津刚典,bak_strings.xml,translated,yes,,
LvRRedWW,Shimazu Oguri,岛津小栗,bak_strings.xml,translated,yes,,
UdtsY26m,Shimazu Tadahiro,岛津忠宏,bak_strings.xml,translated,yes,,
a5ytpM6f,Shimazu Misao,岛津美佐绪,bak_strings.xml,translated,yes,,
gJxQjIhn,Shimazu Tadaakira,岛津忠明,bak_strings.xml,translated,yes,,
60Aeo2HK,Shimazu Takeo,岛津武夫,bak_strings.xml,translated,yes,,
t99JjHho,Shimazu Tadafuyu,岛津庆次郎,bak_strings.xml,translated,yes,,
xTIL6Lf0,Shimazu Tadayuki,岛津忠之,bak_strings.xml,translated,yes,,
j5q1b0ZO,Shimazu Suihime,岛津水姬,bak_strings.xml,translated,yes,,
YiDzP43I,Shimazu Tadayuki,岛津忠之,bak_strings.xml,translated,yes,,
ltdCwtlK,Shimazu Kuni,岛津国,bak_strings.xml,translated,yes,,
CtPTpklz,Shimazu Tadakata,岛津忠方,bak_strings.xml,translated,yes,,
0PAYYOYo,Shimazu Iwao,岛津岩雄,bak_strings.xml,translated,yes,,
t99JjHhO,Shimazu Tadafuyu,岛津忠冬,bak_strings.xml,translated,yes,,
a7Bus3qz,Katsura Hisatake,桂久武,bak_strings.xml,translated,yes,,
YBDz0cMr,Katsura Keiko,桂惠子,bak_strings.xml,translated,yes,,
SpjpkISo,Katsura Hisakaya,桂久谷,bak_strings.xml,translated,yes,,
jp7XzhCN,Katsura Kogichi,桂小吉,bak_strings.xml,translated,yes,,
9j0CtAEy,Katsura Hisakira,桂久明,bak_strings.xml,translated,yes,,
Fm7HitzI,Katsura Riyo,桂里代,bak_strings.xml,translated,yes,,
qyCDkM5m,Tanegashima Shojuin,种子岛书斋院,bak_strings.xml,translated,yes,,
QF3JI70b,Tanegashima Hisamichi,种子岛寿道,bak_strings.xml,translated,yes,,
zy3vzsD2,Tanegashima Hisanao,种子岛寿道,bak_strings.xml,translated,yes,,
V9EPyj3M,Tanegashima Nobu,种子岛信,bak_strings.xml,translated,yes,,
XCSdjqll,Tanegashima Hatsu,种子岛初,bak_strings.xml,translated,yes,,
L1wnB6pW,Komatsu Chika,小松清华门,bak_strings.xml,translated,yes,,
92pspLlK,Komatsu Kiyonao,小松清尚,bak_strings.xml,translated,yes,,
qb7Z1U5h,Komatsu Kiyotaka,小松清隆,bak_strings.xml,translated,yes,,
QeuaL3cf,Kuroda Kiyotaka,黑田清隆,bak_strings.xml,translated,yes,,
V6jIFhcG,Matsukata Masayoshi,松方正义,bak_strings.xml,translated,yes,,
TLxsl5iX,Godai Tomoatsu,五代友厚,bak_strings.xml,translated,yes,,
k3CpNDG5,Oyama Iwao,小山岩男,bak_strings.xml,translated,yes,,
eCNnvQM4,Murata Shinpachi,村田新八,bak_strings.xml,translated,yes,,
ODtiTkOv,Beppu Shinsuke,别府信介,bak_strings.xml,translated,yes,,
CaWfkO0p,Kawamura Sumiyoshi,河村住吉,bak_strings.xml,translated,yes,,
Ht8hAJcl,Yamamoto Gonnohyoe,山本权兵卫,bak_strings.xml,translated,yes,,
emI5NXQu,Terashima Munenori,寺岛宗则,bak_strings.xml,translated,yes,,
Ax7ZFxHb,Narahara Shigeru,楢原茂,bak_strings.xml,translated,yes,,
fexWXUPu,Nishi Tokujiro,西德二郎,bak_strings.xml,translated,yes,,
HjyxWWhy,Togo Heihachiro,东乡平八郎,bak_strings.xml,translated,yes,,
u6vPOWe7,Nozu Michitsura,野津道连,bak_strings.xml,translated,yes,,
KhqU55r0,Shimazu Chinhiko,岛津钦彦,bak_strings.xml,translated,yes,,
3vLKX0xu,Shimazu Noriko,岛津法子,bak_strings.xml,translated,yes,,
JMd4a3AO,Shimazu Tadakimi,岛津忠己,bak_strings.xml,translated,yes,,
5iU3TdnF,Shimazu Tomoko,岛津智子,bak_strings.xml,translated,yes,,
Otv143ry,Shimazu Tadatsura,岛津忠连,bak_strings.xml,translated,yes,,
ELhVncx1,Shimazu Oiki,岛津大木,bak_strings.xml,translated,yes,,
o1LMD9ny,Kimotsuki Kaneyoshi,木茂月兼吉,bak_strings.xml,translated,yes,,
vXMcTPtw,Kimotsuki Kaneko,木茂月金子,bak_strings.xml,translated,yes,,
tb6JqqiB,Kimotsuki Kanefuru,木茂兼兼,bak_strings.xml,translated,yes,,
yU00LUuA,Kimotsuki Toyoko,木月东横,bak_strings.xml,translated,yes,,
dcCPC5JH,Shimazu Hisataka,岛津久隆,bak_strings.xml,translated,yes,,
uOiEhWdc,Shimazu Mitsuko,岛津光子,bak_strings.xml,translated,yes,,
VHFYSwnu,Shimazu Hisanaga,岛津久永,bak_strings.xml,translated,yes,,
we21zLIb,Shimazu Kaneko,岛津金子,bak_strings.xml,translated,yes,,
8SPgT8lv,Shimazu Hisanori,岛津久典,bak_strings.xml,translated,yes,,
JhlzLqNk,Shimazu Rin,岛津凛,bak_strings.xml,translated,yes,,
B8yOZDB1,Shimazu Hisaji,岛津久二,bak_strings.xml,translated,yes,,
wqENKt24,Shimazu Takako,岛津隆子,bak_strings.xml,translated,yes,,
NkRdYQ2Z,Shimazu Nagamaru,岛津长丸,bak_strings.xml,translated,yes,,
BosSaKic,Saigo Kichibei,西乡吉兵卫,bak_strings.xml,translated,yes,,
BosShMas,Shiihara Masa,椎原正,bak_strings.xml,translated,yes,,
BosTakam,Saigo Takamori,西乡隆森,bak_strings.xml,translated,yes,,
BosIchKo,Ichiki Koto,琴一木,bak_strings.xml,translated,yes,,
BosKichi,Saigo Kichijiro,西乡吉二郎,bak_strings.xml,translated,yes,,
BosSaiTa,Saigo Taka,西乡隆,bak_strings.xml,translated,yes,,
BosSJudo,Saigo Judo,西乡柔道,bak_strings.xml,translated,yes,,
BosKohei,Saigo Kohei,西乡耕平,bak_strings.xml,translated,yes,,
BosSaAri,Arikana,阿里卡纳,bak_strings.xml,translated,yes,,
BosIchMa,Ichiki Masanao,一木正之介,bak_strings.xml,translated,yes,,
BosSMasu,Saigo Masu,西乡增,bak_strings.xml,translated,yes,,
BosKiyok,Saigo Kiyoko,西乡清子,bak_strings.xml,translated,yes,,
BosKikuj,Saigo Kikujiro,西乡菊二郎,bak_strings.xml,translated,yes,,
BosIchKa,Ichiki Tsugu,一木继,bak_strings.xml,translated,yes,,
BosIchKr,Ichiki Kanroku,一木甘六,bak_strings.xml,translated,yes,,
BosOkToh,Okubo Toshiyo,大久保俊代,bak_strings.xml,translated,yes,,
BosOkFuk,Minayoshi Fuku,福美吉,bak_strings.xml,translated,yes,,
BosOkTos,Okubo Toshimichi,大久保敏道,bak_strings.xml,translated,yes,,
BosOkMas,Okubo Masuko,大久保益子,bak_strings.xml,translated,yes,,
BosOkTok,Okubo Toshikazu,大久保敏和,bak_strings.xml,translated,yes,,
BosOkNob,Okubo Nobukuma,大久保信隈,bak_strings.xml,translated,yes,,
BosNiiNa,Niiro Naka,新郎中,bak_strings.xml,translated,yes,,
BosNiiTa,Niiro Tatsou,新郎辰,bak_strings.xml,translated,yes,,
BosIsKic,Ishihara Kichi,石原吉,bak_strings.xml,translated,yes,,
BosIsCha,Ishihara Chikayoshi,石原近正,bak_strings.xml,translated,yes,,
BosYaSum,Yamada Suma,山田须磨,bak_strings.xml,translated,yes,,
BosYaAri,Yamada Aritsune,山田有常,bak_strings.xml,translated,yes,,
BosYaHik,Yamada Hikohachi,山田彦八,bak_strings.xml,translated,yes,,
BosYaNao,Yamada Naoya,山田直也,bak_strings.xml,translated,yes,,
BosIsMin,Ishihara Mine,石原峰,bak_strings.xml,translated,yes,,
J1KrYoB2,Matsudaira Yorinori,松平赖则,bak_strings.xml,translated,yes,,
blCzYNBm,Matsudaira Mitsumi,松平光美,bak_strings.xml,translated,yes,,
aUgD8yWg,Matsudaira Yoritaka,松平赖隆,bak_strings.xml,translated,yes,,
Ywbdn3tH,Matsudaira Yasu,松平泰,bak_strings.xml,translated,yes,,
xk81zGz1,Matsudaira Yoritsune,松平赖经,bak_strings.xml,translated,yes,,
Z7OeNcGK,Matsudaira Yorihira,松平赖平,bak_strings.xml,translated,yes,,
N5VldQQt,Matsudaira Ko,松平子,bak_strings.xml,translated,yes,,
A8Iz9ZZT,Koshiro Fujita,藤田耕四郎,bak_strings.xml,translated,yes,,
XTnJEsYW,Ogasawara Tadayoshi,小笠原忠义,bak_strings.xml,translated,yes,,
Zo5RCGJQ,Ogasawara Shigeko,小笠原茂子,bak_strings.xml,translated,yes,,
4atnqu27,Ogasawara Kin,小笠原金,bak_strings.xml,translated,yes,,
uihfZdNy,Ogasawara Tadanobu,小笠原忠信,bak_strings.xml,translated,yes,,
zc3RATLY,Ogasawara Sadamasa,小笠原贞正,bak_strings.xml,translated,yes,,
bi2KysQW,Ogasawara Himeko,小笠原姬子,bak_strings.xml,translated,yes,,
lVI3T9fG,Ogasawara Sadanori,小笠原贞德,bak_strings.xml,translated,yes,,
85Bsa0wA,Ogasawara Sadayasu,小笠原定康,bak_strings.xml,translated,yes,,
2CvJRlY1,Ogasawara Sadazane,小笠原贞真,bak_strings.xml,translated,yes,,
ioFUZ0oL,Ogasawara Ryoko,小笠原凉子,bak_strings.xml,translated,yes,,
peaJoNOB,Ogasawara Nagatake,小笠原长武,bak_strings.xml,translated,yes,,
rOnLD0w7,Ogasawara Tsuna,小笠原纲,bak_strings.xml,translated,yes,,
Zyip3QcN,Miyamoto Sadaaki,宫本定则,bak_strings.xml,translated,yes,,
Uf3QK6ng,Miyamoto Chiyo,宫本千代,bak_strings.xml,translated,yes,,
ZtJyjDvr,Miyamoto Hatsu,宫本发,bak_strings.xml,translated,yes,,
IGRDYaLn,Shimamura Shizuma,岛村静真,bak_strings.xml,translated,yes,,
kxPhkWeY,Shimamura Tsuchi,岛村土,bak_strings.xml,translated,yes,,
a0POjhcf,Shimamura Sokichi,岛村宗吉,bak_strings.xml,translated,yes,,
zE5EwPDa,Komiya Minbu,小宫南部,bak_strings.xml,translated,yes,,
4EowmW3n,Komiya Tsune,小宫恒,bak_strings.xml,translated,yes,,
5eZfB982,Sagara Yorimoto,相良赖本,bak_strings.xml,translated,yes,,
qLcsYHM7,Uesugi Sakae,上杉荣,bak_strings.xml,translated,yes,,
HAtmAA4A,Sagara Suzu,相良铃,bak_strings.xml,translated,yes,,
5GMpq6XY,Sagara Motosaburo,相良元三郎,bak_strings.xml,translated,yes,,
NutJCPcj,Sagara Hiroko,佐仓裕子,bak_strings.xml,translated,yes,,
NWi3RA0H,Sagara Nagatomi,长富相乐,bak_strings.xml,translated,yes,,
dvyfGKTU,Okudaira Misao,奥平思想,bak_strings.xml,translated,yes,,
bbvlOOs5,Sagara Yoritsugu,相良赖继,bak_strings.xml,translated,yes,,
YNU67geV,Sagara Yoriyuki,相良赖之,bak_strings.xml,translated,yes,,
916pH86X,Kamei Oga,男鹿龟井,bak_strings.xml,translated,yes,,
dKC0bSr2,Matsumoto Ryoichiro,松本良一郎,bak_strings.xml,translated,yes,,
0K6M8tdY,Matsumoto Hana,松本花,bak_strings.xml,translated,yes,,
EmtnyFBl,Matsumoto Miyanosuke,松本宫之介,bak_strings.xml,translated,yes,,
MSsRSBtV,Matsumoto Chiyo,松本千代,bak_strings.xml,translated,yes,,
nnG2BZn7,Shingu Gyozo,新宫饺子,bak_strings.xml,translated,yes,,
L9k5QuOT,Shingu Kisa,木佐真宫,bak_strings.xml,translated,yes,,
MF8e93EW,Nasu Shihosuke,那须志穗介,bak_strings.xml,translated,yes,,
3kwAqpNa,Nasu Rin,那须凛,bak_strings.xml,translated,yes,,
16V5w91f,Kikuchi Shichirozaemon,金世新八,bak_strings.xml,translated,yes,,
57TkTUlx,Kikuchi Mitsu,菊地充,bak_strings.xml,translated,yes,,
Knylet1a,Inaba Masakuni,成为佐久尼,bak_strings.xml,translated,yes,,
UIKx01xx,Inaba Koto,稻叶琴,bak_strings.xml,translated,yes,,
7sbPoa0a,Inaba Masanao,稻叶正直,bak_strings.xml,translated,yes,,
a5rohL3A,Inaba Masayoshi,稻叶正义,bak_strings.xml,translated,yes,,
acpnamQM,Inaba Masamori,稻叶正盛,bak_strings.xml,translated,yes,,
HgdZp0Wl,Inaba Iwa,稻叶岩,bak_strings.xml,translated,yes,,
5HotxjQe,Inaba Masanori,稻叶雅则,bak_strings.xml,translated,yes,,
svKW968A,Inaba Sadako,稻叶贞子,bak_strings.xml,translated,yes,,
TzTHrzds,Tago Yotaro,田乡与太郎,bak_strings.xml,translated,yes,,
z3dbPelZ,Tago Eiko,田子英子,bak_strings.xml,translated,yes,,
k92lOXHJ,Tanabe Gondayu,田边权太夫,bak_strings.xml,translated,yes,,
teYikAqn,Tanabe Matsuko,田边松子,bak_strings.xml,translated,yes,,
SqbUj7yq,Tanabe Nobuharu,田边信治,bak_strings.xml,translated,yes,,
bS8yxN7k,Tanabe Harunosuke,田边晴之介,bak_strings.xml,translated,yes,,
iIKYURwu,Tanabe Kiyoko,田边清子,bak_strings.xml,translated,yes,,
QhQNpW8c,Tanabe Shinsen,田边信泉,bak_strings.xml,translated,yes,,
vTJsC4OH,Tanabe Itoko,田边伊藤,bak_strings.xml,translated,yes,,
99cmIBLl,Honda Masahito,本田雅人,bak_strings.xml,translated,yes,,
IqQ6wbYX,Honda Masako,本田雅子,bak_strings.xml,translated,yes,,
3DxSAP5P,Honda Masakazu,本田雅一,bak_strings.xml,translated,yes,,
m9ddTE2d,Honda Suzu,本田铃木,bak_strings.xml,translated,yes,,
wq7KfqBC,Honda Masazane,本田疯狂,bak_strings.xml,translated,yes,,
USrCyCPN,Honda Masamichi,本田正道,bak_strings.xml,translated,yes,,
lKbRz6eD,Cho Tsurayasu,鹤安町,bak_strings.xml,translated,yes,,
0Y43uQrL,Cho Kono,河野町,bak_strings.xml,translated,yes,,
Sj68FhWp,Cho Naritsura,曹成连,bak_strings.xml,translated,yes,,
NkhLWVag,Cho Hiroshi,张宏,bak_strings.xml,translated,yes,,
lpweWPGd,Cho Katsura,桂町,bak_strings.xml,translated,yes,,
LeuCYp9y,Cho Tsurahiro,致鹤广,bak_strings.xml,translated,yes,,
dmMvttf2,Cho Yasu,曹泰,bak_strings.xml,translated,yes,,
E46uMtvl,Kawai Tsugunosuke,河合继之助,bak_strings.xml,translated,yes,,
ILKZCqYF,Kawai Suga,河井菅,bak_strings.xml,translated,yes,,
2GaQofVb,Kawai Akiaki,河合明秋,bak_strings.xml,translated,yes,,
uBCOrdQV,Kawai Sada,河合定,bak_strings.xml,translated,yes,,
Z2GCOUtm,Kawai Yasuko,河井靖子,bak_strings.xml,translated,yes,,
x6R93cIi,Kawai Matsu,移动一下,bak_strings.xml,translated,yes,,
m19CQd6x,Makino Tsuneko,牧野常子,bak_strings.xml,translated,yes,,
1yDEuokr,Makino Tadakatsu,牧野忠胜,bak_strings.xml,translated,yes,,
XoV0TPFq,Hosokawa Yoshikuni,细川芳国,bak_strings.xml,translated,yes,,
saxrxGki,Hosokawa Mine,细川矿山,bak_strings.xml,translated,yes,,
7eurlUtR,Hosokawa Narimori,细川成盛,bak_strings.xml,translated,yes,,
SRSldKIW,Hosokawa Masu,细川真须,bak_strings.xml,translated,yes,,
jpK0zLw5,Hosokawa Morihisa,细川守久,bak_strings.xml,translated,yes,,
cCBVwKSj,Hosokawa Hiro,细川宏,bak_strings.xml,translated,yes,,
4ZWfBLHb,Nagaoka Moriyoshi,长冈守吉,bak_strings.xml,translated,yes,,
NYlbLufq,Matsui Akinori,松井昭则,bak_strings.xml,translated,yes,,
fo7AmZvZ,Matsui Chiyo,松井千代,bak_strings.xml,translated,yes,,
VwVczw6S,Matsui Tameyuki,松井为之,bak_strings.xml,translated,yes,,
LRFeUoJn,Matsui Toshiyuki,松井敏之,bak_strings.xml,translated,yes,,
9rmhZ9SX,Hosokawa Yukimasa,细川幸正,bak_strings.xml,translated,yes,,
AwDyF3fr,Hosokawa Yukifumi,细川幸文,bak_strings.xml,translated,yes,,
0YMRJmlt,Hosokawa Mitsuko,细川光子,bak_strings.xml,translated,yes,,
0dn4iBEk,Hosokawa Tatsunori,细川龙典,bak_strings.xml,translated,yes,,
1erzaD8X,Hosokawa Kei,细川圭,bak_strings.xml,translated,yes,,
nCvG3JeX,Hosokawa Toshinaga,细川利长,bak_strings.xml,translated,yes,,
ZQpSL7UA,Utsu Suzuko,宇津铃子,bak_strings.xml,translated,yes,,
SQP2yZeu,Hosokawa Toshiyoshi,细川俊义,bak_strings.xml,translated,yes,,
KrF8FmSs,Hosokawa Tomoko,细川智子,bak_strings.xml,translated,yes,,
1btPFqMR,Hosokawa Tadatomi,细川忠富,bak_strings.xml,translated,yes,,
lNlmN4wG,Miyabe Teizo,宫部祯藏,bak_strings.xml,translated,yes,,
85PKWhYi,Miyabe Haruzo,宫部春三,bak_strings.xml,translated,yes,,
ahYt1SDs,Todorobu Bei,都郎兵卫,bak_strings.xml,translated,yes,,
GA5dFkPJ,Takagi Motoemon,高木元右卫门,bak_strings.xml,translated,yes,,
q4kHT4nt,Sassa Junjiro,佐佐纯二郎,bak_strings.xml,translated,yes,,
ccbI0eaO,Ariyoshi Tatsuhiro,有吉辰弘,bak_strings.xml,translated,yes,,
l20Tre0E,Ariyoshi Rin,有吉凛,bak_strings.xml,translated,yes,,
mZZiN58r,Ariyoshi Tatsuo,有吉辰夫,bak_strings.xml,translated,yes,,
4UMLD8VG,Ariyoshi Mine,有吉峰,bak_strings.xml,translated,yes,,
BQpT7Ot2,Ariyoshi Tosei,东正有吉,bak_strings.xml,translated,yes,,
PhtIj0GH,Ariyoshi Hana,有吉花,bak_strings.xml,translated,yes,,
NkAfByDU,Yoneda Koretake,虚幻米田,bak_strings.xml,translated,yes,,
c5eoivff,Yoneda Korekata,米田是方,bak_strings.xml,translated,yes,,
ovVdGXOn,Yoneda Koreyasu,米田是康,bak_strings.xml,translated,yes,,
ZlHul9Zt,Shimotsu Kyuma,下津久间,bak_strings.xml,translated,yes,,
HQk5m5lx,Motoda Nagazane,本田长真,bak_strings.xml,translated,yes,,
b9gzn2hY,Ogi Masakuni,小木正国,bak_strings.xml,translated,yes,,
EALX2wiH,Arima Yorishige,有马赖重,bak_strings.xml,translated,yes,,
Zf2ThTMe,Arima Shoko,有马祥子,bak_strings.xml,translated,yes,,
bqlAf3Ep,Arima Yoriko,有马依子,bak_strings.xml,translated,yes,,
8KGtAWLM,Arima Chiyo,有马千代,bak_strings.xml,translated,yes,,
P5bd2ucF,Arima Yorimasa,有马赖政,bak_strings.xml,translated,yes,,
B67b5TXq,Arima Yorimitsu,有马赖光,bak_strings.xml,translated,yes,,
HbzP5AAB,Arima Yorito,有马赖人,bak_strings.xml,translated,yes,,
DrxNkMPh,Maki Yasuomi,真纪康臣,bak_strings.xml,translated,yes,,
adfnCVYV,Mizuno Masana,水野正奈,bak_strings.xml,translated,yes,,
i2ihnVmH,Ogawa Masafumi,小川正文,bak_strings.xml,translated,yes,,
38sUEkUk,Sasaki Kinpei,佐佐木金平,bak_strings.xml,translated,yes,,
Y7RBrR1o,Tsuji Ichizaemon,辻氏左卫门,bak_strings.xml,translated,yes,,
hPnLYYJO,Arima Masanaga,有马正长,bak_strings.xml,translated,yes,,
UxSkwZcc,Imai Sakae,今井荣,bak_strings.xml,translated,yes,,
iqiu9axQ,Fuwa Masahiro,不破雅宏,bak_strings.xml,translated,yes,,
M9fL4iOG,Nozaki Heihachi,野崎平八,bak_strings.xml,translated,yes,,
S9l95YBY,Arimatsu Seijiro,有松诚二郎,bak_strings.xml,translated,yes,,
4hhMmQZv,Honjo Eizoro,本所荣藏郎,bak_strings.xml,translated,yes,,
gP7qZ1sx,Matsuoka Denjuro,松冈传十郎,bak_strings.xml,translated,yes,,
xzrz8EdV,Inoue Tetsuji,井上哲二,bak_strings.xml,translated,yes,,
0u4eOAjF,Nakata Honsho,中田本庄,bak_strings.xml,translated,yes,,
EJFqZ0Re,Nabeshima Naotada,我很欣赏直忠,bak_strings.xml,translated,yes,,
GJikOBTs,Nabeshima Naotora,锅岛恒子,bak_strings.xml,translated,yes,,
IunQmBW8,Nabeshima Naomaru,锅岛直丸,bak_strings.xml,translated,yes,,
TVY3ysQM,Nabeshima Naotomo,锅岛直友,bak_strings.xml,translated,yes,,
pKRWlHY2,Nabeshima Suiko,锅岛翠子,bak_strings.xml,translated,yes,,
BpNWO1VW,Nabeshima Naosuke,锅岛直介,bak_strings.xml,translated,yes,,
sLjMUtzo,Nabeshima Yuiko,锅岛由子,bak_strings.xml,translated,yes,,
afjOzd7v,Nabeshima Naotora,锅岛直虎,bak_strings.xml,translated,yes,,
dJrycT5U,Nabeshima Haruko,我在说谎 春子,bak_strings.xml,translated,yes,,
Bun8uTcC,Nabeshima Naoyoshi,锅岛直义,bak_strings.xml,translated,yes,,
QoJqPtiQ,Nabeshima Kuzuko,锅岛葛子,bak_strings.xml,translated,yes,,
1U8b3UIP,Nabeshima Naonaga,锅岛直长,bak_strings.xml,translated,yes,,
tITu2Ofm,Nabeshima Choshun-in,锅岛长春院,bak_strings.xml,translated,yes,,
jmFzBD6r,Nabeshima Shigemasa,锅岛重正,bak_strings.xml,translated,yes,,
oKY3txxT,Nabeshima Tameko,锅岛为子,bak_strings.xml,translated,yes,,
uPz1Xvdn,Nabeshima Shigetomo,锅岛重友,bak_strings.xml,translated,yes,,
UOIYnsPP,Nabeshima Matsu,锅岛松,bak_strings.xml,translated,yes,,
IuaPQ3Jf,Nabeshima Shigemasa,锅岛重正,bak_strings.xml,translated,yes,,
8SJ7vUnX,Nabeshima Iku,锅岛郁,bak_strings.xml,translated,yes,,
5vMME1MH,Nabeshima Hidemasa,锅岛秀正,bak_strings.xml,translated,yes,,
MRn4lWn1,Isahaya Ichigaku,谏早氏学,bak_strings.xml,translated,yes,,
ZjiY3efx,Isahaya En,谏早缘,bak_strings.xml,translated,yes,,
XUnjjMXE,Isahaya Ietaka,谏早家隆,bak_strings.xml,translated,yes,,
GVedNuqp,Taku Shigetsugu,重次拓,bak_strings.xml,translated,yes,,
SNVHLgax,Taku Yotsu,与卓,bak_strings.xml,translated,yes,,
25ZutWwE,Nabeshima Naohiro,锅岛直宏,bak_strings.xml,translated,yes,,
3WB4WKAb,Nabeshima Taneko,锅岛种子,bak_strings.xml,translated,yes,,
v3bb1Q5X,Nabeshima Naomasa,锅岛直正,bak_strings.xml,translated,yes,,
Jnx18tIy,Nabeshima Fude,锅岛笔德,bak_strings.xml,translated,yes,,
0YuKB1a0,Nabeshima Naoteru,锅岛,bak_strings.xml,translated,yes,,
vHYZgp4m,Nabeshima Yukiko,锅岛由纪子,bak_strings.xml,translated,yes,,
glmLovBF,Nabeshima Naotaka,锅岛直隆,bak_strings.xml,translated,yes,,
aBevKeGx,Murata Masatada,村田正则,bak_strings.xml,translated,yes,,
MLD6QUoN,Murata Rin,村田凛,bak_strings.xml,translated,yes,,
0WWMrnLV,Eto Shinpei,江藤新平,bak_strings.xml,translated,yes,,
Duy1yvLw,Shima Yoshitake,岛义武,bak_strings.xml,translated,yes,,
VhUaonxW,Asakura Naotake,朝仓直武,bak_strings.xml,translated,yes,,
LfZC8oxt,Okuma Shigenobu,雷丁重信,bak_strings.xml,translated,yes,,
YazRHukF,Sano Tsunetami,佐野恒民,bak_strings.xml,translated,yes,,
PJm0OEPx,Oki Takato,大木隆人,bak_strings.xml,translated,yes,,
Xup6gETO,Soejima Taneomi,副岛种臣,bak_strings.xml,translated,yes,,
vAL4CzPc,Edayoshi Shinyo,江田义真阳,bak_strings.xml,translated,yes,,
Vz6OtTyq,Edayoshi Nanbori,江田芳南堀,bak_strings.xml,translated,yes,,
XbjCzJTi,Tanaka Hisashige,田中久重,bak_strings.xml,translated,yes,,
W3XjwTmf,Muta Bunnosuke,武田文之介,bak_strings.xml,translated,yes,,
aACMcMnP,Ishii Tadasuke,石井忠介,bak_strings.xml,translated,yes,,
ROAQ3r08,Kondo Isami,近藤勇,bak_strings.xml,translated,yes,,
tDyOs33I,Hijikata Toshizo,土方俊三,bak_strings.xml,translated,yes,,
4MEC7NCo,Yamanami Keisuke,山波惠介,bak_strings.xml,translated,yes,,
FAMP0ZXN,Okita Soji,冲田总司,bak_strings.xml,translated,yes,,
AmaQ3r08,Amano Hachiro,天野八郎,bak_strings.xml,translated,yes,,
KasOs33I,Kasuga Akimichi,春日明道,bak_strings.xml,translated,yes,,
IkeC7NCo,Ikeda Nagahiro,池田长宏,bak_strings.xml,translated,yes,,
KawP0ZXN,Kawamura Keizo,河村敬三,bak_strings.xml,translated,yes,,
AizKouSe,Kousaka Senkichi,小坂千吉,bak_strings.xml,translated,yes,,
AizKoHaK,Hasegawa Kotaro,长谷川光太郎,bak_strings.xml,translated,yes,,
AizKoKoH,Kobayashi Hyokichi,小林孝吉,bak_strings.xml,translated,yes,,
Naka3r08,Nakano Takeko,中野武子,bak_strings.xml,translated,yes,,
NaKos33I,Nakano Koko,验血,bak_strings.xml,translated,yes,,
YaYaeNCo,Yamamoto Yaeko,山本八重子,bak_strings.xml,translated,yes,,
YuJi0ZXN,Yukiko Jinbo,神保由希子,bak_strings.xml,translated,yes,,
IshiBuze,Ishii Buzen,石井丰前,bak_strings.xml,translated,yes,,
ChujKinn,Chujo Kinnosuke,中条金之介,bak_strings.xml,translated,yes,,
NakaKoto,Nakazawa Koto,中泽琴,bak_strings.xml,translated,yes,,
OkitRint,Okita Rintaro,冲田伦太郎,bak_strings.xml,translated,yes,,
SakaRyom,Sakamoto Ryoma,坂本龙马,bak_strings.xml,translated,yes,,
NakaShin,Nakaoka Shintaro,中冈慎太郎,bak_strings.xml,translated,yes,,
IwasYata,Iwasaki Yataro,岩崎弥太郎,bak_strings.xml,translated,yes,,
SasaTaka,Sasaki Takayuki,佐佐木孝之,bak_strings.xml,translated,yes,,
NakaTada,Nakayama Tadamitsu,中山忠光,bak_strings.xml,translated,yes,,
IkeKurat,Ike Kurata,仓田池,bak_strings.xml,translated,yes,,
HiraTake,Hiraoka Takeo,平冈武夫,bak_strings.xml,translated,yes,,
IshiEiki,Ishida Eikichi,石田英吉,bak_strings.xml,translated,yes,,
KawaGens,Kawakami Gensai,川上元斋,bak_strings.xml,translated,yes,,
KiriTosh,Kirino Toshiaki,桐野俊明,bak_strings.xml,translated,yes,,
OkadaIzo,Okada Izo,冈田以藏,bak_strings.xml,translated,yes,,
bMfqWjqk,Kato Yasutomi,加藤康富,bak_strings.xml,translated,yes,,
g5pzHuFm,Mizoguchi Fumi,沟口文,bak_strings.xml,translated,yes,,
kHOJ0Awe,Kato Yasuaki,加藤泰明,bak_strings.xml,translated,yes,,
Jb6FawOB,Yamauchi Fukuko,山内福子,bak_strings.xml,translated,yes,,
gTFSsjbm,Kato Yasumoto,加藤保本,bak_strings.xml,translated,yes,,
qwJbUUQV,Maeda Zenko,前田善子,bak_strings.xml,translated,yes,,
RzWxJC41,Kato Yasutoshi,加藤康稔,bak_strings.xml,translated,yes,,
vT8u3noP,Okudaira Kaedehara,奥平枫原,bak_strings.xml,translated,yes,,
GZEDDxOG,Kato Yasunori,加藤康则,bak_strings.xml,translated,yes,,
KDfcebZ7,Kato Yasutomo,卡修吉小百合,bak_strings.xml,translated,yes,,
gSncZATa,Naito Masayoshi,内藤正义,bak_strings.xml,translated,yes,,
GCLn5ECy,Naito Toyoko,内藤丰子,bak_strings.xml,translated,yes,,
UgnuLgbA,Naito Masataka,内藤正孝,bak_strings.xml,translated,yes,,
51dM4xsA,Naito Masayori,内藤正赖,bak_strings.xml,translated,yes,,
l9dNB33O,Date Munenari,伊达宗成,bak_strings.xml,translated,yes,,
vZK6RwNC,Nabeshima Mashiko,锅岛益子,bak_strings.xml,translated,yes,,
aa7k9lsZ,Date Munetada,伊达宗忠,bak_strings.xml,translated,yes,,
FH6ohwg7,Nabeshima Kan,锅岛勘,bak_strings.xml,translated,yes,,
84OJJiZg,Mori Takako,森隆子,bak_strings.xml,translated,yes,,
qsvolxnV,Date Munenori,伊达宗则,bak_strings.xml,translated,yes,,
j6oilqBS,Doi Michio,土井道雄,bak_strings.xml,translated,yes,,
R9UQCnuM,Doi Gokichiro,五吉郎二人,bak_strings.xml,translated,yes,,
NrJRgRfz,Doi Yoshiko,土井芳子,bak_strings.xml,translated,yes,,
pvhvN7QV,Kojima Korekata,小岛是方,bak_strings.xml,translated,yes,,
rHKVyyVc,Kojima Ai,小岛爱,bak_strings.xml,translated,yes,,
kCyapaMi,Kaneko Tadaaki,金子忠明,bak_strings.xml,translated,yes,,
qnY9HZY8,Date Munemichi,伊达宗道,bak_strings.xml,translated,yes,,
q7dRw8dj,Shimazu Rei,岛津怜,bak_strings.xml,translated,yes,,
Pi1K6Dyu,Date Muneyoshi,伊达宗吉,bak_strings.xml,translated,yes,,
Q5L1Tq9A,Date Hisawaka,伊达久泽,bak_strings.xml,translated,yes,,
PGjI36Ae,Date Oshin,伊达阿信,bak_strings.xml,translated,yes,,
EFVk0L5h,Yamauchi Toyonori,山内丰典,bak_strings.xml,translated,yes,,
6CK8HDZR,Mori Nao,森奈绪,bak_strings.xml,translated,yes,,
s6nTS5jf,Yamauchi Toyosuke,山内丰介,bak_strings.xml,translated,yes,,
OdLEdQd3,Ikeda Yusen-in,池田友仙院,bak_strings.xml,translated,yes,,
JVEOWyAi,Yamauchi Toyoteru,山内丰照,bak_strings.xml,translated,yes,,
MgtskN05,Yamauchi Toyoatsu,山内丰笃,bak_strings.xml,translated,yes,,
ufdDL1IS,Yamauchi Toyoshige,山内丰重,bak_strings.xml,translated,yes,,
zcC4TL48,Yamauchi Masako,山内雅子,bak_strings.xml,translated,yes,,
U9RsqAwX,Yamauchi Ujisato,山内氏里,bak_strings.xml,translated,yes,,
RySY5fQu,Yamauchi Yuki,山内由纪,bak_strings.xml,translated,yes,,
KyUYLo0G,Yamauchi Ujinari,山内氏成,bak_strings.xml,translated,yes,,
mfPg78eX,Yamauchi Ujikata,山内氏方,bak_strings.xml,translated,yes,,
hvyaWDgX,Fukao Shigenori,深尾重德,bak_strings.xml,translated,yes,,
DeCbQeHC,Fukao Uta,歌深雄,bak_strings.xml,translated,yes,,
1YCmAvvP,Fukao Shigemoto,重本深夫,bak_strings.xml,translated,yes,,
FXZNXucw,Fukao Shigeyoshi,深尾重义,bak_strings.xml,translated,yes,,
pGrd03pI,Inui Taisuke,干泰辅,bak_strings.xml,translated,yes,,
kKdyVFsm,Inui Suzu,干铃,bak_strings.xml,translated,yes,,
Uk8wWxBw,Inui Masashige,干正重,bak_strings.xml,translated,yes,,
gswXQDd7,Inui Hayashi,干林,bak_strings.xml,translated,yes,,
KwL2BhJu,Inui Hokotaro,热饮,bak_strings.xml,translated,yes,,
NMjVGI7u,Inui Masashi,干正史,bak_strings.xml,translated,yes,,
m3YajwyO,Yamauchi Toyofuku,山内丰福,bak_strings.xml,translated,yes,,
uht0Icck,Yamauchi Noriko,山内纪子,bak_strings.xml,translated,yes,,
YK0QNAGY,Yamauchi Toyokata,山内丰方,bak_strings.xml,translated,yes,,
uuCL0VJy,Yamauchi Keiko,山内惠子,bak_strings.xml,translated,yes,,
1OhuHuRD,Yamauchi Toyotake,山内丰武,bak_strings.xml,translated,yes,,
pOfNSi6V,Yamauchi Miya,山内美弥,bak_strings.xml,translated,yes,,
UYASRxJw,Yamauchi Toyomitsu,山内丰光,bak_strings.xml,translated,yes,,
hhYUOKRh,Yamauchi Toyomasa,山内丰正,bak_strings.xml,translated,yes,,
ic0O247n,Yamauchi Kane,山内兼,bak_strings.xml,translated,yes,,
HAaOI8lO,Yamauchi Kuniko,山内邦子,bak_strings.xml,translated,yes,,
CLvsoPtJ,Yamauchi Toyoko,山内丰子,bak_strings.xml,translated,yes,,
HVP1iekL,Goto Masami,后藤雅美,bak_strings.xml,translated,yes,,
Hlkt9zR1,Goto Rikiko,福留梅,bak_strings.xml,translated,yes,,
g2mr3QCM,Goto Masakata,后藤正方,bak_strings.xml,translated,yes,,
Mxr5FYoa,Hachisuka Narihiro,蜂须贺成弘,bak_strings.xml,translated,yes,,
6gzf2OX9,Takatsukasa Shinako,高冢品菜子,bak_strings.xml,translated,yes,,
JLomyVbr,Hachisuka Mochiaki,蜂须贺持昭,bak_strings.xml,translated,yes,,
75JZYLpa,Hachisuka Michiko,不会洗衣服,bak_strings.xml,translated,yes,,
NPrwtYts,Hachisuka Aya,不洗这些,bak_strings.xml,translated,yes,,
2AJOuAzz,Hachisuka Narimasa,不洗成正,bak_strings.xml,translated,yes,,
diWjBHKp,Takatsukasa Noriko,高冢纪子,bak_strings.xml,translated,yes,,
uu3PRYD5,Ikeda Masatoyo,池田正丰,bak_strings.xml,translated,yes,,
HxfQ7WNA,Ikeda Saki,池田早纪,bak_strings.xml,translated,yes,,
GLB0eZon,Ikeda Nagataka,池田永隆,bak_strings.xml,translated,yes,,
nKh0IYa0,Ikeda Chiyo,池田千代,bak_strings.xml,translated,yes,,
dBBf1wOB,Ikeda Nagaoki,池田长兴,bak_strings.xml,translated,yes,,
GiqQGwGA,Hachisuka Mori,森蜂须贺,bak_strings.xml,translated,yes,,
4jgyfZ85,Ikeda Akinori,池田昭典,bak_strings.xml,translated,yes,,
4MZmJxE6,Ikeda Hisa,池田久,bak_strings.xml,translated,yes,,
cjm2q36D,Kashima Masanobu,鹿岛政信,bak_strings.xml,translated,yes,,
0vFKvTmm,Kashima Iyo,鹿岛伊予,bak_strings.xml,translated,yes,,
2yPLLgtG,Kashima Masaaki,鹿岛正明,bak_strings.xml,translated,yes,,
cOejVaQ2,Kashima Rin,鹿岛凛,bak_strings.xml,translated,yes,,
Z7HNxyjm,Kashima Tatsu,鹿岛达,bak_strings.xml,translated,yes,,
zQfWhCEH,Kashima Masanori,鹿岛正则,bak_strings.xml,translated,yes,,
CjIwIpNQ,Kashima Haru,鹿岛春,bak_strings.xml,translated,yes,,
0D5ublc2,Kashima Masakazu,鹿岛正一,bak_strings.xml,translated,yes,,
vktgsLcf,Inada Uemasa,稻田上政,bak_strings.xml,translated,yes,,
wseAsdnA,Inada Chiyo,稻田千代,bak_strings.xml,translated,yes,,
s4GK3ysW,Inada Uefu,稻田植夫,bak_strings.xml,translated,yes,,
7RyhvBYR,Inada Uegei,稻田植英,bak_strings.xml,translated,yes,,
OBe36Dgm,Inada Kiyo,稻田清,bak_strings.xml,translated,yes,,
tzDZ2CnQ,Inada Uenori,稻田上典,bak_strings.xml,translated,yes,,
L0lMoM6a,Inada Teijyuin,稻田帝九院,bak_strings.xml,translated,yes,,
chCyXnc8,Inada Uekuni,稻田上国,bak_strings.xml,translated,yes,,
JJbwQ3jB,Inada Kunie,稻田国卫,bak_strings.xml,translated,yes,,
EqsKtTd5,Inada Yau,稻田佑,bak_strings.xml,translated,yes,,
WbfzMksA,Inada Uetoshi,稻田上俊,bak_strings.xml,translated,yes,,
mH1Ruh1j,Inada Matsu,稻田松,bak_strings.xml,translated,yes,,
LACOAPLK,Inada Ueyoshi,稻田上吉,bak_strings.xml,translated,yes,,
MVfwFwvD,Inada Hana,稻田花,bak_strings.xml,translated,yes,,
khx3Vgh8,Matsudaira Katamori,松平片守,bak_strings.xml,translated,yes,,
mzCn8ZC7,Matsudaira Toshi,松平敏,bak_strings.xml,translated,yes,,
sdzqsV1G,Matsudaira Katataka,松平片隆,bak_strings.xml,translated,yes,,
liJQwhE3,Matsudaira Teru,松平照,bak_strings.xml,translated,yes,,
QkJaEi3K,Matsudaira Nobunori,松平信则,bak_strings.xml,translated,yes,,
YwGkSfbK,Inawashiro Morikuni,田野西乡,bak_strings.xml,translated,yes,,
kDG4hH19,Inawashiro Matsu,西乡千惠子,bak_strings.xml,translated,yes,,
7iNle8U9,Inawashiro Moritane,西乡友林,bak_strings.xml,translated,yes,,
scnJL5kL,Saigo Hosobuko,西乡细部子,bak_strings.xml,translated,yes,,
9wTMtQuw,Saigo Takiko,西乡泷子,bak_strings.xml,translated,yes,,
9WtMtQuw,Saigo Tazuko,西乡太津子,bak_strings.xml,translated,yes,,
7INle8U9,Saigo Chikasato,西乡近里,bak_strings.xml,translated,yes,,
7INlEbU9,Saigo Naosetsu,西乡直雪,bak_strings.xml,translated,yes,,
7INlEbu9,Saigo Kazuto,西乡和人,bak_strings.xml,translated,yes,,
uSZ3ktlG,Yamakawa Hiroshi,山川宏,bak_strings.xml,translated,yes,,
eKVl7rFn,Yamakawa Tose,山川东濑,bak_strings.xml,translated,yes,,
E8H6JIrN,Yamakawa Shigetaka,山川重隆,bak_strings.xml,translated,yes,,
4Wvo7FV1,Yamakawa Karagino,山川唐木野,bak_strings.xml,translated,yes,,
Cu1xPRNB,Yamakawa Kenjiro,山川健二郎,bak_strings.xml,translated,yes,,
IWEJ4mrY,Yamakawa Futaba,山川双叶,bak_strings.xml,translated,yes,,
kJATuUtQ,Yamakawa Shigehide,山川茂英,bak_strings.xml,translated,yes,,
PBI1pb9J,Naito Nobuyuki,内藤伸行,bak_strings.xml,translated,yes,,
VtEfOh9T,Naito Nobutsushi,内藤信司,bak_strings.xml,translated,yes,,
wnmhSjVG,Kajiwara Kageo,梶原景夫,bak_strings.xml,translated,yes,,
9WmlolIC,Tanaka Gensei,田中源诚,bak_strings.xml,translated,yes,,
foAJh4Aw,Tanaka Misa,田中美沙,bak_strings.xml,translated,yes,,
4gtrnix8,Tanaka Genko,田中元工,bak_strings.xml,translated,yes,,
AizSagKa,Sagawa Kanbei,佐川官兵卫,bak_strings.xml,translated,yes,,
AizHayYa,Hayashi Yasusada,林安定,bak_strings.xml,translated,yes,,
AizKajHe,Kajiwara Heima,梶原黑马,bak_strings.xml,translated,yes,,
AizYamGo,Yamamoto Gonpachi,山本权八,bak_strings.xml,translated,yes,,
AizYamSa,Yamamoto Saku,山本作,bak_strings.xml,translated,yes,,
AizYamKa,Yamamoto Kakuma,山本角真,bak_strings.xml,translated,yes,,
AizYamSb,Yamamoto Saburo,山本三郎,bak_strings.xml,translated,yes,,
AizHyuNa,Hyuga Naiki,日向内木,bak_strings.xml,translated,yes,,
AizAkiTe,Akizuki Teijiro,秋月贞次郎,bak_strings.xml,translated,yes,,
AizAsaCh,Asaba Chunosuke,浅羽忠之介,bak_strings.xml,translated,yes,,
CrgYCr35,Soma Michitane,道种创真,bak_strings.xml,translated,yes,,
ppxVSFKS,Soma Naga,索玛纳加,bak_strings.xml,translated,yes,,
CkTKok6g,Soma Tomotane,友种相马,bak_strings.xml,translated,yes,,
bI1XmCI8,Soma Yoshitada,相马吉忠,bak_strings.xml,translated,yes,,
YwuGBeax,Soma Yoshitane,相马义种,bak_strings.xml,translated,yes,,
nci1JssK,Soma Hanako,相马花子,bak_strings.xml,translated,yes,,
BGJzNDaJ,Niwa Nagakuni,丹羽长国,bak_strings.xml,translated,yes,,
1NJGIP9x,Niwa Hisako,丹羽久子,bak_strings.xml,translated,yes,,
4zIz7SLR,Niwa Mine,丹羽峰,bak_strings.xml,translated,yes,,
BGJZnDaJ,Niwa Nagatomi,丹羽长富,bak_strings.xml,translated,yes,,
1NJgiP9x,Niwa Masu,丹羽真须,bak_strings.xml,translated,yes,,
nlu9kbj8,Ikeda Yoshinori,池田嘉德,bak_strings.xml,translated,yes,,
HByndZnP,Ikeda Hiroko,池田博子,bak_strings.xml,translated,yes,,
sxbLtOpV,Ikeda Terutomo,池田照友,bak_strings.xml,translated,yes,,
aZssFvBr,Ikeda Tsuneko,池田常子,bak_strings.xml,translated,yes,,
DuxfRUZv,Ikeda Nakaken,池田中健,bak_strings.xml,translated,yes,,
oEJsVsvL,Ikeda Norisada,池田典定,bak_strings.xml,translated,yes,,
AabIiWIA,Arao Shigehiro,荒尾茂宏,bak_strings.xml,translated,yes,,
o5Zq7Oek,Shimizutani Tsuman,清水谷津满,bak_strings.xml,translated,yes,,
MCup3o6i,Arao Shigeo,荒尾茂雄,bak_strings.xml,translated,yes,,
yi11OrT2,Arao ?,阿尾？,bak_strings.xml,translated,yes,,
nMadfoql,Arao Shigetomi,荒尾重富,bak_strings.xml,translated,yes,,
fELklkpF,Arao Yasu,安尾安,bak_strings.xml,translated,yes,,
AhCQLCtb,Arao Naonari,荒尾直成,bak_strings.xml,translated,yes,,
nLNPP20E,Arao Mitsunari,三成荒尾,bak_strings.xml,translated,yes,,
UVX0OxFg,Arao ??,阿尾？？,bak_strings.xml,translated,yes,,
EB3nmSxp,Arao Tsugunari,荒尾继成,bak_strings.xml,translated,yes,,
PIfaqh7Q,Arao Tamenari,关注为成,bak_strings.xml,translated,yes,,
3Pn5oEfx,Date Yoshikuni,伊达义国,bak_strings.xml,translated,yes,,
EDAnoqXI,Tokugawa Takako,德川隆子,bak_strings.xml,translated,yes,,
KAHCFSfY,Date Nariyoshi,伊达成吉,bak_strings.xml,translated,yes,,
0JKuKUGj,Date Shiba,伊达芝,bak_strings.xml,translated,yes,,
23ZArAMO,Date Narikuni,伊达成国,bak_strings.xml,translated,yes,,
BX6Yp0vZ,Date Noriko,伊达典子,bak_strings.xml,translated,yes,,
5UBPnUHd,Date Munemoto,火中日期,bak_strings.xml,translated,yes,,
HgsPH3W5,Date Tsunemura,伊达常村,bak_strings.xml,translated,yes,,
TGJrgoXP,Date Teiso-in,枣子丁,bak_strings.xml,translated,yes,,
5uYt8kLx,Date Muneatsu,伊达宗笃,bak_strings.xml,translated,yes,,
ROpC8P2s,Katakura Kuninori,片仓国则,bak_strings.xml,translated,yes,,
w4XrKYdu,Katakura Kagenori,片仓景德,bak_strings.xml,translated,yes,,
MlE07cvv,Date Aiko,伊达爱子,bak_strings.xml,translated,yes,,
xNmZREFs,Katakura Umeko,片仓梅子,bak_strings.xml,translated,yes,,
5M0NN2yN,Katakura Kagemitsu,片仓影光,bak_strings.xml,translated,yes,,
faonKywA,Tamura Kuniyoshi,田村国芳,bak_strings.xml,translated,yes,,
G8NxnJE5,Tamura Teruko,田村照子,bak_strings.xml,translated,yes,,
C9MEAEGI,Tamura Takaaki,田村孝明,bak_strings.xml,translated,yes,,
tLDDSJ4h,Tamura Mutsumi,田村睦美,bak_strings.xml,translated,yes,,
6syqEkxm,Tamura Kuniyuki,田村国之,bak_strings.xml,translated,yes,,
3fLCijjk,Date Kunitaka,约会想要我,bak_strings.xml,translated,yes,,
ASQ0gZto,Date Motoko,伊达元子,bak_strings.xml,translated,yes,,
JZFYlzYb,Date Tanemoto,伊达种本,bak_strings.xml,translated,yes,,
chvnuxQs,Date Chiho,伊达千穗,bak_strings.xml,translated,yes,,
1dDTpLSL,Date Kuninari,伊达国成,bak_strings.xml,translated,yes,,
hFIaafxw,Date Kunizane,伊达国真,bak_strings.xml,translated,yes,,
yKztqf7Y,Date Toyoko,伊达东横,bak_strings.xml,translated,yes,,
PdMyVeC2,Date Motoi,摩托数据,bak_strings.xml,translated,yes,,
GfI6uQA0,Date Kuninori,伊达国德,bak_strings.xml,translated,yes,,
V03JK8Wj,Date Ryo,伊达亮,bak_strings.xml,translated,yes,,
4enjcrq2,Date Motoyasu,伊达元康,bak_strings.xml,translated,yes,,
uLgRyxxy,Date Yasunao,伊达康直,bak_strings.xml,translated,yes,,
qyv1DVLK,Date Kuninao,伊达国直,bak_strings.xml,translated,yes,,
zS1xCtvl,Date Shibu,伊达涩,bak_strings.xml,translated,yes,,
A91ldYIn,Date Motonori,伊达元典,bak_strings.xml,translated,yes,,
2vUBdY6S,Date Kuninaka,伊达国中,bak_strings.xml,translated,yes,,
bs10mHWo,Date Munehira,伊达宗平,bak_strings.xml,translated,yes,,
qLjgsdLd,Rusu Haru,留守春,bak_strings.xml,translated,yes,,
OMoDuAqu,Date Noriko,伊达典子,bak_strings.xml,translated,yes,,
uGlEqEJX,Date Kuniyoshi,伊达国芳,bak_strings.xml,translated,yes,,
NpV12vkH,Date Kuninori,伊达国德,bak_strings.xml,translated,yes,,
rg6sw1Q9,Date Aihime,伊达爱姬,bak_strings.xml,translated,yes,,
JkZOorvD,Date Motoharu,伊达元治,bak_strings.xml,translated,yes,,
uxzJmlwA,Date Keifuku,伊达庆福,bak_strings.xml,translated,yes,,
BabGjggN,Itakura Katsuaki,板仓胜明,bak_strings.xml,translated,yes,,
hxOrAtOY,Uesugi Iku,上杉育,bak_strings.xml,translated,yes,,
EtRVL3Xg,Itakura Katsumi,板仓胜美,bak_strings.xml,translated,yes,,
4GWpCzJZ,Itakura Tadashi,板仓正,bak_strings.xml,translated,yes,,
AgF95oLC,Itakura Katsuhide,板仓胜秀,bak_strings.xml,translated,yes,,
XWlzkdNm,Itakura Katsutoshi,板仓胜俊,bak_strings.xml,translated,yes,,
hxOraTOY,Itakura Sada,伊塔库拉·萨达,bak_strings.xml,translated,yes,,
XWlzkDnM,Itakura Katsunaga,板仓胜永,bak_strings.xml,translated,yes,,
hxOratoy,Itakura Yae,伊塔库拉·八重,bak_strings.xml,translated,yes,,
ItaKatsu,Itakura Katsunori,板仓胜则,bak_strings.xml,translated,yes,,
ItaKatsa,Itakura Katsusato,板仓胜里,bak_strings.xml,translated,yes,,
MatTakes,Matsubara Takeshi,松原武,bak_strings.xml,translated,yes,,
PHvwg0Xu,Inaba Hisamichi,稻叶久道,bak_strings.xml,translated,yes,,
PF8gDLpE,Inaba Takashi,稻叶隆,bak_strings.xml,translated,yes,,
JjgMoz43,Inaba Junmichi,稻叶淳道,bak_strings.xml,translated,yes,,
9ipPC2rK,Inaba Akimichi,稻叶昭道,bak_strings.xml,translated,yes,,
dUHmrYee,Inaba Tonohime,稻叶远姬,bak_strings.xml,translated,yes,,
6AupeJ2N,Matsudaira Mitsuhisa,松平光久,bak_strings.xml,translated,yes,,
tY6vS3gw,Matsudaira Shige,松平茂,bak_strings.xml,translated,yes,,
KqISOYEY,Matsudaira Yasuhiro,松平泰宏,bak_strings.xml,translated,yes,,
ZbVonqWL,Okubo Noriyoshi,大久保则吉,bak_strings.xml,translated,yes,,
D0DDSMQY,Okubo Fukuko,大久保福子,bak_strings.xml,translated,yes,,
gyhJohjp,Okubo Tadayoshi,大久保忠义,bak_strings.xml,translated,yes,,
mWkIbjPO,Okubo Tadanori,大久保忠则,bak_strings.xml,translated,yes,,
Txz2u8Oq,Okubo Yuki,大久保由纪,bak_strings.xml,translated,yes,,
a2OoRcJh,Okubo Tadanao,大久保忠直,bak_strings.xml,translated,yes,,
vktTGyQq,Okubo Chohime,大久保长姬,bak_strings.xml,translated,yes,,
XUP0oREf,Sakai Tadaaki,酒井忠明,bak_strings.xml,translated,yes,,
jg1L0wFo,Sakai Kaya,穿衣服,bak_strings.xml,translated,yes,,
p4t1iXm5,Sakai Tadazumi,酒井忠纯,bak_strings.xml,translated,yes,,
8hFeGd0I,Sakai Tadamichi,酒井忠道,bak_strings.xml,translated,yes,,
RhHRQkPQ,Sakai Tadatoshi,酒井忠利,bak_strings.xml,translated,yes,,
M12NsVpR,Sakai Naokata,酒井直方,bak_strings.xml,translated,yes,,
WkEGfvdg,Sakai Misa,酒井美沙,bak_strings.xml,translated,yes,,
62tdkvpy,Sakai Naoyasu,酒井直康,bak_strings.xml,translated,yes,,
VgE08XCk,Sakai Tsune,酒井恒,bak_strings.xml,translated,yes,,
MjQRacs8,Sakai Nogata,酒井直方,bak_strings.xml,translated,yes,,
cYZFWbZM,Matsudaira Hisashige,松平久重,bak_strings.xml,translated,yes,,
FEk7Sghh,Matsudaira Hisayoshi,松平久义,bak_strings.xml,translated,yes,,
QiAwLSXY,Matsudaira Hisaaki,松平久明,bak_strings.xml,translated,yes,,
WlbkIU1a,Sakai Tadayoshi,酒井忠义,bak_strings.xml,translated,yes,,
NvZMn1nx,Sakai Haru,酒井春,bak_strings.xml,translated,yes,,
9NoCTl9V,Sakai Tadayasu,酒井忠康,bak_strings.xml,translated,yes,,
6VMRRxMG,Sakai Toshikata,酒井利方,bak_strings.xml,translated,yes,,
bxPIgkEG,Sakai Tadakata,酒井忠方,bak_strings.xml,translated,yes,,
EI4GudVP,Sakai Otetsu,堺大哲,bak_strings.xml,translated,yes,,
l1FlQE5M,Sakai Rakuko,你说洛子,bak_strings.xml,translated,yes,,
bLbHwsOu,Akita Tomosue,秋田友末,bak_strings.xml,translated,yes,,
2lCIr4Yo,Akita Matsuko,秋田松子,bak_strings.xml,translated,yes,,
V0yNJaSo,Akita Norisue,秋田纪末,bak_strings.xml,translated,yes,,
KLD5OGKr,Akita Tetsu,秋田哲,bak_strings.xml,translated,yes,,
Nn83RWCj,Akita Akisue,秋田秋末,bak_strings.xml,translated,yes,,
CuZoMuTC,Akita Sueharu,秋田末治,bak_strings.xml,translated,yes,,
MnxZWCfr,Akita Tatsuko,秋田达子,bak_strings.xml,translated,yes,,
UP1GXVUv,Akita Chinko,秋田镇子,bak_strings.xml,translated,yes,,
PBJm4EDg,Tsugaru Yukitsugu,津轻行继,bak_strings.xml,translated,yes,,
Zd7dIZYX,Tsugaru Izumi,津轻泉,bak_strings.xml,translated,yes,,
DxKKXmBo,Tsugaru Tsuguakira,津轻津光,bak_strings.xml,translated,yes,,
bCUAVf01,Tsugaru Tsunehime,津轻常姬,bak_strings.xml,translated,yes,,
tePWyu1J,Tsugaru Naramaro,津轻奈良麻吕,bak_strings.xml,translated,yes,,
ghllwrCJ,Tsugaru Tsugumichi,津轻津道,bak_strings.xml,translated,yes,,
PZT6X6Nv,Tsugaru Chiyoko,津轻千代子,bak_strings.xml,translated,yes,,
EhjiWov4,Tsugaru Tsuguyasu,津轻继康,bak_strings.xml,translated,yes,,
J4YAWqUc,Tsugaru Torakuko,津轻虎子,bak_strings.xml,translated,yes,,
Y4g7oumw,Sugiyama Shigetomo,杉山重友,bak_strings.xml,translated,yes,,
AfDpOut5,Sugiyama Kame,杉山龟,bak_strings.xml,translated,yes,,
iLroIUcH,Sugiyama Hisanoshin,杉山久之信,bak_strings.xml,translated,yes,,
hStRHmEI,Sugiyama Shigenori,杉山重德,bak_strings.xml,translated,yes,,
GsSSWLlB,Yamanaka Itsuro,山中五郎,bak_strings.xml,translated,yes,,
NYdIhl32,Yamanaka Utaro,山中宇太郎,bak_strings.xml,translated,yes,,
xxpsHzns,Yamanaka Iwa,山中岩,bak_strings.xml,translated,yes,,
5cfM2Wsd,Yamanaka Yoshimaro,山中芳麻吕,bak_strings.xml,translated,yes,,
xzgrBlXk,Chinda Sutemi,钦达·苏特米,bak_strings.xml,translated,yes,,
kmuEpByR,Daidouji Junsei,大道寺纯正,bak_strings.xml,translated,yes,,
ZPBJZyhY,Daidouji Mibu,大道寺壬生,bak_strings.xml,translated,yes,,
97vWqS1S,Tsugaru Naramaro,大道寺重利,bak_strings.xml,translated,yes,,
qDo4xRn3,Nanbu Toshihisa,南部俊久,bak_strings.xml,translated,yes,,
kD2IsTSN,Nanbu Matsuhime,南部松,bak_strings.xml,translated,yes,,
4HJGGKQV,Nanbu Toshiyuki,南部俊行,bak_strings.xml,translated,yes,,
oG7Xj5F1,Nanbu Ikuko,南部郁子,bak_strings.xml,translated,yes,,
F44DRUrw,Nanbu Hidemaru,南部秀丸,bak_strings.xml,translated,yes,,
TLlGQ3hu,Nanbu Nobukata,南部信方,bak_strings.xml,translated,yes,,
SMHA0cYX,Nanbu Asako,南部麻子,bak_strings.xml,translated,yes,,
vi4WkU82,Nanbu Toshitomo,南部俊智,bak_strings.xml,translated,yes,,
A3IWaEnQ,Nanbu Toshitada,南部利忠,bak_strings.xml,translated,yes,,
JcbZs4It,Nanbu Retsuko,南部烈子,bak_strings.xml,translated,yes,,
ETIKKEst,Nanbu Toyoko,南部东横,bak_strings.xml,translated,yes,,
sD4FqEXl,Nanbu Nobutami,南部信民,bak_strings.xml,translated,yes,,
4fsMSmDZ,Nanbu Mutsuko,南部睦子,bak_strings.xml,translated,yes,,
DjV342Vx,Nanbu Saisho,南部最商,bak_strings.xml,translated,yes,,
L0wrNKVa,Nanbu Nobunori,南部信典,bak_strings.xml,translated,yes,,
50jyluRi,Nanbu Nobuyuki,南部信之,bak_strings.xml,translated,yes,,
ly1rOf4V,Nanbu Tsuruhime,南部鹤姬,bak_strings.xml,translated,yes,,
IaI3rd8b,Nanbu Sakinobu,南部崎信,bak_strings.xml,translated,yes,,
U2fcoM3V,Nakano Yasukuni,中野靖国,bak_strings.xml,translated,yes,,
OnWob7FY,Nakano Yasuko,中野泰子,bak_strings.xml,translated,yes,,
ybA8C3Pn,Nakano Yasutaka,中野康隆,bak_strings.xml,translated,yes,,
ktJ3A4pU,Nanbu Saiyu,南部西悠,bak_strings.xml,translated,yes,,
fCPVtYJi,Nanbu Tsuki,南部月,bak_strings.xml,translated,yes,,
0JfNpzoT,Kita Saidai,北西大,bak_strings.xml,translated,yes,,
VrwnAg7Z,Kita Sumire,堇见,bak_strings.xml,translated,yes,,
WOxNvejG,Kita Saigo,北西乡,bak_strings.xml,translated,yes,,
1Ms9l2Vr,Kita Saiken,北彩轩,bak_strings.xml,translated,yes,,
Kn3UwNzn,Nanbu Seiyo,南部西洋,bak_strings.xml,translated,yes,,
KJxRs4Uz,Nanbu Haru,南部春,bak_strings.xml,translated,yes,,
Yhd8MKk4,Nanbu Haruaki,南部晴明,bak_strings.xml,translated,yes,,
aXv9jGz0,Nanbu Ito,伊东南部,bak_strings.xml,translated,yes,,
LQ4LfBqy,Nanbu Harukage,南部春影,bak_strings.xml,translated,yes,,
kn3UwNzn,Nanbu Yosota,南部与索太,bak_strings.xml,translated,yes,,
kJxRs4Uz,Nanbu Kane,南部凯恩,bak_strings.xml,translated,yes,,
kn3UwNzN,Nanbu Tamon,南部多门,bak_strings.xml,translated,yes,,
rQvhIKmk,Mito Shikibu,水户式部,bak_strings.xml,translated,yes,,
Loa2z2lg,Mito Hime,水户姬,bak_strings.xml,translated,yes,,
k0VTBlM1,Mito Yosho,水户洋翔,bak_strings.xml,translated,yes,,
N8YxPOIs,Mito Sadaaki,慈善的神话,bak_strings.xml,translated,yes,,
RQvhIKmk,Mito Saisho,水户最商,bak_strings.xml,translated,yes,,
PH6vnz2s,Azuma Masazu,东正津,bak_strings.xml,translated,yes,,
UUC5lMpW,Azuma Teru,东照,bak_strings.xml,translated,yes,,
7VsSFAbY,Azuma Masahiro,东正宏,bak_strings.xml,translated,yes,,
aCGR0aAJ,Azuma Masanori,东正则,bak_strings.xml,translated,yes,,
ph6vnz2s,Sado Narayama,佐渡奈良山,bak_strings.xml,translated,yes,,
ph6vnz2S,Hara Takashi,原隆,bak_strings.xml,translated,yes,,
ph6VNZ2S,Sasaki Toyoju,佐佐木丰树,bak_strings.xml,translated,yes,,
NavGuC3X,Antique Cannon,古董火炮,bak_strings.xml,translated,yes,,
NapGuC3X,M1857 12-Pounder Napoleon,M1857 12磅拿破仑炮,bak_strings.xml,translated,yes,,
LHiGuC3X,Yonkin-sanpo (Canon de Montagne de 4 La Hitte),四斤山炮（4磅拉希特山炮）,bak_strings.xml,translated,yes,,
ArmGuC3X,RBL 12-Pounder 8 CWT Armstrong Gun,RBL 12磅8英担阿姆斯特朗炮,bak_strings.xml,translated,yes,,
GatGuC3X,Model 1865 Gatling Gun,1865 型加特林机枪,bak_strings.xml,translated,yes,,
3yd9Pq07,Personal Mokuroku,个人目録,bak_strings.xml,translated,yes,,
HM3Bq7N7,Hokushin Itto-ryu Hatsumokuroku,北辰一刀流初目録,bak_strings.xml,translated,yes,,
HMs8hQyH,Hokushin Itto-ryu Chūmokuroku,北辰一刀流中目録,bak_strings.xml,translated,yes,,
HMmCw4Bg,Hokushin Itto-ryu Daimokuroku,北辰一刀流大目録,bak_strings.xml,translated,yes,,
HMaXn8qV,Hokushin Itto-ryu Naginata Mokuroku,北辰一刀流薙刀目録,bak_strings.xml,translated,yes,,
OMB4e6MT,Ono-ha Junikajō Mokuroku,小野叶十二城目録,bak_strings.xml,translated,yes,,
OMs8hQyH,Ono-ha Kanajisho Mokuroku,小野叶金二所目録,bak_strings.xml,translated,yes,,
OM1D8zxc,Ono-ha Hon Mokuroku,小野本目録,bak_strings.xml,translated,yes,,
JR8luozd,Jigen-ryu Sho-Mokuroku,示现流翔目録,bak_strings.xml,translated,yes,,
JRL4F9EU,Jigen-ryu Chū-Mokuroku,示现流中目録,bak_strings.xml,translated,yes,,
JRllQMrj,Jigen-ryu Okumokuroku,示现流奥目録,bak_strings.xml,translated,yes,,
JRzDg0b9,Jigen-ryu Sōmokuroku,示现流左目録,bak_strings.xml,translated,yes,,
SRon0sjs,Shinkage-ryu Omote Mokuroku,新阴流表目録,bak_strings.xml,translated,yes,,
SRrjal9r,Shinkage-ryu O-marobashi Mokuroku,新阴流大丸桥目録,bak_strings.xml,translated,yes,,
SR7iL6Eg,Shinkage-ryu Ko-marobashi Mokuroku,新阴流小丸桥目録,bak_strings.xml,translated,yes,,
SRHug8cR,Shinkage-ryu Tengu-shomokuroku,新阴流天狗初目録,bak_strings.xml,translated,yes,,
SRXrRixu,Shinkage-ryu Karimokuroku,新阴流外传目録,bak_strings.xml,translated,yes,,
SRHKfmPe,Shinkage-ryu Mokuroku,新阴流目録,bak_strings.xml,translated,yes,,
SRL4GoMr,Shinkage-ryu Gaiden Mokuroku,新阴流外传目録,bak_strings.xml,translated,yes,,
SRYwlJAv,Shinkage-ryu Naiden Mokuroku,新阴流内传目録,bak_strings.xml,translated,yes,,
SR3fPS6n,Shinkage-ryu Kaiden Mokuroku,新阴流皆传目録,bak_strings.xml,translated,yes,,
JRC2LX8Y,Jikishinkage-ryu Shomokuroku,直心影流初目録,bak_strings.xml,translated,yes,,
JRu0Pgwn,Jikishinkage-ryu Jomokuroku,直心影流上目録,bak_strings.xml,translated,yes,,
JR9uc7Z6,Jikishinkage-ryu Reikenden Mokuroku,直心影流灵剑传目録,bak_strings.xml,translated,yes,,
JRONpX7g,Jikishinkage-ryu Kyuri-no-Maki Mokuroku,实木真影流九里之卷目録,bak_strings.xml,translated,yes,,
JRLrNt0o,Jikishinkage-ryu Goku-i Mokuroku,直心影流悟空物语,bak_strings.xml,translated,yes,,
JR5IyDWZ,Jikishinkage-ryu Mokuroku-menkyo,直心影流目録面镜,bak_strings.xml,translated,yes,,
MR2EPFPW,Mugai-ryu Goyo-mokuroku,无外流五叶目録,bak_strings.xml,translated,yes,,
MRL85pP0,Mugai-ryu Goka-mokuroku,无外流五花目録,bak_strings.xml,translated,yes,,
MRblQwuC,Mugai-ryu Goo-mokuroku,无外流五目録,bak_strings.xml,translated,yes,,
MR4e0JyT,Mugai-ryu Hashiri-gakari Mokuroku,无外流流走挂目録,bak_strings.xml,translated,yes,,
MRIIPYmN,Mugai-ryu Naiden-mokuroku,向内流内传目録,bak_strings.xml,translated,yes,,
MRKIBT0f,Mugai-ryu Tachi-mokuroku,无外流立目録,bak_strings.xml,translated,yes,,
MRhYy27i,Mugai-ryu Wakizashi-mokuroku,无外流胁差目録,bak_strings.xml,translated,yes,,
TRETWLF6,Tatsumi-ryu Oden Mokuroku,辰巳流御田目録,bak_strings.xml,translated,yes,,
TRZ5xPMe,Tatsumi-ryu Tojutsu Tachiai-mokuroku,辰巳流柔术立合目録,bak_strings.xml,translated,yes,,
TRRaW6II,Tatsumi-ryu Tojutsu Iai-mokuroku,辰巳流柔术居合目録,bak_strings.xml,translated,yes,,
TR1kLRlw,Tatsumi-ryu Mokuroku-menkyo,辰巳流目録免许,bak_strings.xml,translated,yes,,
TRjf5wHR,Tatsumi-ryu Yari-mokuroku,辰巳流枪目録,bak_strings.xml,translated,yes,,
TRuXqhmE,Tatsumi-ryu Shuriken-mokuroku,辰巳流手里剑目録,bak_strings.xml,translated,yes,,
TRFBhFME,Tatsumi-ryu Monomi-mokuroku,辰巳流物见目録,bak_strings.xml,translated,yes,,
TRMH1C6n,Tatsumi-ryu Shudan-sentōhō Mokuroku,辰巳流手段战法目録,bak_strings.xml,translated,yes,,
TRhYy27i,Tatsumi-ryu Wakizashi-mokuroku,辰巳流胁差目録,bak_strings.xml,translated,yes,,
TRaXn8qV,Tatsumi-ryu Naginata Mokuroku,辰巳流薙刀目録,bak_strings.xml,translated,yes,,
HMg9HTTc,Heki-ryu Yumi Mokuroku,日置流弓目録,bak_strings.xml,translated,yes,,
HMiwn1t6,Yari Hyōhōmokuroku,日置流兵法目録,bak_strings.xml,translated,yes,,
TRpLo9Gd,Tamiya-ryu Omote no Maki Mokuroku,田宫流表之卷目録,bak_strings.xml,translated,yes,,
TRGafnr2,Tamiya-ryu Koran no Maki Mokuroku,田宫流古传之卷目録,bak_strings.xml,translated,yes,,
HMRQZY3w,Yari Omote-mokuroku,枪表目録,bak_strings.xml,translated,yes,,
HM7wSDVD,Yari Ura-mokuroku,枪里目録,bak_strings.xml,translated,yes,,
HMOCMPWH,Yari Shinshikake Mokuroku,枪新式挂目録,bak_strings.xml,translated,yes,,
pevalQVx,Bajōzutsu,马上筒,bak_strings.xml,translated,yes,,
N23dcv8c,Tanzutsu,谈筒,bak_strings.xml,translated,yes,,
FSQBKQfP,Arquebus,火绳枪,bak_strings.xml,translated,yes,,
elFuMatP,Samurai Zutsu,武士祖都,bak_strings.xml,translated,yes,,
pmslilcc,Tanegashima,种子岛,bak_strings.xml,translated,yes,,
b2H3pbSq,Small Ozutsu,小津,bak_strings.xml,translated,yes,,
PzGFwFj9,Large Ozutsu,大筒津,bak_strings.xml,translated,yes,,
cZ4rg27o,Explosive Teppo Ammunition,爆炸铁炮弹药,bak_strings.xml,translated,yes,,
0IZlpSDy,Ozutsu Explosive Ammunition,小筒爆炸弹药,bak_strings.xml,translated,yes,,
WtjHvLHS,La Hitte Shell,拉希特壳牌,bak_strings.xml,translated,yes,,
WtjHvArm,Armstrong Shell,阿姆斯特朗壳牌公司,bak_strings.xml,translated,yes,,
BosMIGca,Gatling Gun Cartridges,加特林机枪弹药筒,bak_strings.xml,translated,yes,,
BosMICan,Canister Shot,罐射击,bak_strings.xml,translated,yes,,
WtjHvAqv,Naval Cannon Ammunition,舰炮弹药,bak_strings.xml,translated,yes,,
WtjHvAIr,Airburst Shell,空爆弹,bak_strings.xml,translated,yes,,
dfzeWUCf,Ozutsu Ammunition,大筒弹药,bak_strings.xml,translated,yes,,
jASYDOcA,Teppo Ammunition,铁炮弹药,bak_strings.xml,translated,yes,,
1q5oRKaE,Kazaori-eboshi,风织星,bak_strings.xml,translated,yes,,
1q5oSuKa,Sui'ei Kanmuri,坎穆里水英,bak_strings.xml,translated,yes,,
BakMHach,Hachimaki,八卷,bak_strings.xml,translated,yes,,
BakMHacT,Tokugawa Hachimaki,德川八卷,bak_strings.xml,translated,yes,,
BakMHacH,Plated Hachimaki,电镀八卷,bak_strings.xml,translated,yes,,
BakMHFoC,Forage Cap,饲料帽,bak_strings.xml,translated,yes,,
BakMHKep,Kepi,戳,bak_strings.xml,translated,yes,,
BakMHEKe,Eboshi,乌帽子,bak_strings.xml,translated,yes,,
BakMHKPP,Private's Kepi,私人用凯皮帽,bak_strings.xml,translated,yes,,
BakMHKSP,Sergeant's Kepi,中士的凯皮,bak_strings.xml,translated,yes,,
BakMHKeH,Kepi with Havelock,凯皮与哈夫洛克,bak_strings.xml,translated,yes,,
BakMBKSwr,Plumed Blue Kepi,羽蓝色柯皮,bak_strings.xml,translated,yes,,
BakMBKSfw,Plumed Blue Kepi,羽蓝色柯皮,bak_strings.xml,translated,yes,,
BakMRKSwr,Plumed Red Kepi,羽毛红柯皮,bak_strings.xml,translated,yes,,
BakMRKSfw,Plumed Red Kepi,羽毛红柯皮,bak_strings.xml,translated,yes,,
fgpjp9lo,Shako,沙科,bak_strings.xml,translated,yes,,
BakMHNGT,Nirayama Gasa (Tokugawa),韭山伽沙（德川）,bak_strings.xml,translated,yes,,
BakMHNGa,Nirayama Gasa,韭山嘎莎,bak_strings.xml,translated,yes,,
BakMTonky,Tonkyogasa,东京笠,bak_strings.xml,translated,yes,,
SHkZxjuj,Hatsumurigasa,初牟笠,bak_strings.xml,translated,yes,,
BakMJinga,Jingasa,阵笠,bak_strings.xml,translated,yes,,
BakMJingC,Commander's Jingasa,指挥官的金加萨,bak_strings.xml,translated,yes,,
BakMManju,Manjugasa,曼朱伽萨,bak_strings.xml,translated,yes,,
BakMNirZ,Nirayama Zukin,韭山祖金,bak_strings.xml,translated,yes,,
BakMTopZ,Toppaizukin,突发式兜帽,bak_strings.xml,translated,yes,,
BakGuSha,Shaguma,沙古玛,bak_strings.xml,translated,yes,,
BakGuHag,Haguma,停留,bak_strings.xml,translated,yes,,
BakGuKog,Koguma,收集,bak_strings.xml,translated,yes,,
BakChHoo,Kusari Shikoro,库萨里四郎,bak_strings.xml,translated,yes,,
BakHachi,Hachigane,八金,bak_strings.xml,translated,yes,,
Vyt0bkFh,Shinai,西奈半岛,bak_strings.xml,translated,yes,,
nVRMf2SK,Training Spear,训练矛,bak_strings.xml,translated,yes,,
1N8vmNag,Robust Nagaekatana,稳健的长刀,bak_strings.xml,translated,yes,,
yDvQJNag,Solid Nagaekatana,固体永刀,bak_strings.xml,translated,yes,,
gQmNagif,Quality Nagaekatana,品质永刀,bak_strings.xml,translated,yes,,
HsKHrONa,Excellent Nagaekatana,优秀的长刀,bak_strings.xml,translated,yes,,
juKNag88,Superior Nagaekatana,高级长刀,bak_strings.xml,translated,yes,,
AqNalzyn,Elegant Nagaekatana,优雅的长方,bak_strings.xml,translated,yes,,
UAEmZTNa,Superb Nagaekatana,精湛的永刀,bak_strings.xml,translated,yes,,
sR4rNagq,Stable Nagaekatana,稳定分散,bak_strings.xml,translated,yes,,
TQfGjNag,Sturdy Nagaekatana,坚固的长刀,bak_strings.xml,translated,yes,,
9NgHxrqg,Strong Nagaekatana,强长刀,bak_strings.xml,translated,yes,,
BakMIGee,Geweer (Imported Musket),步枪（进口步枪）,bak_strings.xml,translated,yes,,
BakMIGeB,Geweer (Imported Musket w/ Bayonet),恩菲爾德步槍（進口滑膛槍，帶刺刀）,bak_strings.xml,translated,yes,,
BakMIGec,Geweer (Imported Carbine),步枪（进口卡宾枪）,bak_strings.xml,translated,yes,,
BakMIMin,Minieru (Pattern 1851 Minié Rifle),Minié（1851 型 Minié 步枪）,bak_strings.xml,translated,yes,,
BakMIMiB,Minieru (Pattern 1851 Minié Rifle w/ Bayonet),米涅步枪（1851型，带刺刀）,bak_strings.xml,translated,yes,,
BakMIEnb,Geberu (P53 Enfield Rifle),恩菲爾德步槍（P53）,bak_strings.xml,translated,yes,,
BakMIEGB,Geberu (P53 Enfield Rifle w/ Bayonet),恩菲爾德步槍（P53，帶刺刀）,bak_strings.xml,translated,yes,,
BakMSpri,Minieru (Springfield Model 1861),米涅步枪（斯普林菲尔德型号 1861）,bak_strings.xml,translated,yes,,
BakMSprB,Minieru (Springfield Model 1861 w/ Bayonet),米涅步枪（斯普林菲尔德型号 1861 带刺刀）,bak_strings.xml,translated,yes,,
BakMILor,Minieru (M1854 Lorenz Rifle-Musket),米涅步槍（M1854 洛倫茨）,bak_strings.xml,translated,yes,,
BakMILoB,Minieru (M1854 Lorenz Rifle-Musket w/ Bayonet),米涅步槍（M1854 洛倫茨，帶刺刀）,bak_strings.xml,translated,yes,,
BakMIWhi,Whitworth Rifle,惠氏步枪,bak_strings.xml,translated,yes,,
BakMIEnf,1866 Snider-Enfield Short Rifle,斯奈德步枪（P-1856 恩菲尔德短步枪）,bak_strings.xml,translated,yes,,
BakMIEnB,1866 Snider-Enfield Short Rifle w/ Bayonet,斯奈德步枪（P-1856 恩菲尔德短步枪，带刺刀）,bak_strings.xml,translated,yes,,
BakMIEnM,Sunaidoru (P-1861 Enfield Musketoon),斯奈德步枪（P-1861 恩菲尔德火枪手）,bak_strings.xml,translated,yes,,
BakMISpC,M1862 Spencer Repeating Carbine,M1862 斯宾塞连发卡宾枪,bak_strings.xml,translated,yes,,
BakMISpR,M1862 Spencer Repeating Rifle,M1862 斯宾塞连发步枪,bak_strings.xml,translated,yes,,
BakMISRB,M1862 Spencer Repeating Rifle w/ Bayonet,M1862 斯宾塞连发步枪带刺刀,bak_strings.xml,translated,yes,,
BakMIDre,Zundnadelgewehr M/41,针发枪 M/41,bak_strings.xml,translated,yes,,
BakMIDrB,Zundnadelgewehr M/41 w/ Bayonet,针发枪 M/41 带刺刀,bak_strings.xml,translated,yes,,
BakMICha,M1866 Chassepot Rifle,M1866 追击步枪,bak_strings.xml,translated,yes,,
BakMIChB,M1866 Chassepot Rifle w/ Bayonet,M1866 猎枪步枪带刺刀,bak_strings.xml,translated,yes,,
BakMISEn,1866 Snider-Enfield Infantry Rifle,1866 斯奈德-恩菲尔德步兵步枪,bak_strings.xml,translated,yes,,
BakMISEB,1866 Snider-Enfield Infantry Rifle w/ Bayonet,1866 年斯奈德-恩菲尔德步兵步枪带刺刀,bak_strings.xml,translated,yes,,
BakMISha,1851 Sharps Carbine,1851 锐利卡宾枪,bak_strings.xml,translated,yes,,
BakMIFlP,Flintlock Pistol,燧发枪手枪,bak_strings.xml,translated,yes,,
BosMIElg,Elgin Cutlass Pistol,埃尔金弯刀手枪,bak_strings.xml,translated,yes,,
BosMISaW,Smith and Wesson Model No. 2 Army Revolver,史密斯韦森2号军用左轮手枪,bak_strings.xml,translated,yes,,
BosMICol,Colt 1851 Navy,柯尔特1851海军型,bak_strings.xml,translated,yes,,
BosMICoD,Colt Dragoon,柯尔特龙骑兵,bak_strings.xml,translated,yes,,
BosMIRem,Remington 1858,雷明顿 1858,bak_strings.xml,translated,yes,,
BosMICar,Cartridges,墨盒,bak_strings.xml,translated,yes,,
BosMICaL,Large Cartridges,大墨盒,bak_strings.xml,translated,yes,,
BosMICaR,Cartridge in the Chamber,腔室中的墨盒,bak_strings.xml,translated,yes,,
iSmRldgS,Western-style Lance,西式兰斯,bak_strings.xml,translated,yes,,
y4HUDDKb,Jitte,抖动,bak_strings.xml,translated,yes,,
vOvcAoJB,Long Jitte,长吉特,bak_strings.xml,translated,yes,,
ndfetImB,Brocade Standard,博科标准,bak_strings.xml,translated,yes,,
ndfetTaB,Tall Standard,高标准,bak_strings.xml,translated,yes,,
BakMSYat,Yataghan Bayonet,亚塔汉刺刀,bak_strings.xml,translated,yes,,
4mlOUouv,Kyu Gunto,圭群东,bak_strings.xml,translated,yes,,
5y2poyah,Mle 1822 Light Cavalry Saber,1845 年图案“威尔金森”军刀,bak_strings.xml,translated,yes,,
TnXNExpb,Model 1860 Light Cavalry Saber,1860型轻骑兵军刀,bak_strings.xml,translated,yes,,
lYLLHPGw,Model 1840 Cavalry Saber,1840型骑兵军刀,bak_strings.xml,translated,yes,,
BosBeSas,Sash Belt,腰带,bak_strings.xml,translated,yes,,
BosBeWSq,Western Square Belt,西部方带,bak_strings.xml,translated,yes,,
BosBeWCi,Western Circle Belt,西环带,bak_strings.xml,translated,yes,,
BosBeObi,Obi Belt,腰带,bak_strings.xml,translated,yes,,
BosBeDCE,Belt and Sash w/ Cavalry Equipment,带骑兵装备的腰带和腰带,bak_strings.xml,translated,yes,,
BosBeCaE,Western Square Belt w/ Cavalry Equipment,带骑兵装备的西部方腰带,bak_strings.xml,translated,yes,,
BosBeObS,Obi Belt with Sodejirushi,带肩带腰带,bak_strings.xml,translated,yes,,
BosBeWCS,Western Circle Belt w/ Shoulder Belt,西式圆形腰带配肩带,bak_strings.xml,translated,yes,,
BosBeWSS,Western Square Belt w/ Shoulder Belt,西部方形腰带配肩带,bak_strings.xml,translated,yes,,
BosBeWSB,Western Square Belt w/ Bayonet Shoulder Belt,西部方形腰带配刺刀肩带,bak_strings.xml,translated,yes,,
BosBeObC,Obi Belt w/ Crossbelt,交叉腰带腰带,bak_strings.xml,translated,yes,,
BosBeWCC,Western Circle Belt w/ Crossbelt,带交叉带的西环带,bak_strings.xml,translated,yes,,
BosBeWSC,Western Square Belt w/ Crossbelt,西部方腰带配交叉腰带,bak_strings.xml,translated,yes,,
P089dwt6,Infantry Equipment - Crossbelt and Pack,步兵装备 - 交叉带和背包,bak_strings.xml,translated,yes,,
BosBeCro,Crossbelt,交叉带,bak_strings.xml,translated,yes,,
BosBeOCS,Obi Belt w/ Sodejirushi and Shoulder Belt,带袖印和交叉腰带的腰带,bak_strings.xml,translated,yes,,
BosBeSho,Shoulder Belt,肩带,bak_strings.xml,translated,yes,,
BosBePac,Crossbelt and Pack,交叉带和背包,bak_strings.xml,translated,yes,,
BosBeObP,Obi Belt w/ Pack,带包腰带,bak_strings.xml,translated,yes,,
BosBeOPS,Obi Belt w/ Sodejirushi and Pack,带袖印和背包的腰带,bak_strings.xml,translated,yes,,
BosBeWCP,Western Circle Belt w/ Pack,西式圆形腰带带包,bak_strings.xml,translated,yes,,
BosBeWSP,Western Square Belt w/ Pack,西部方形腰带带包,bak_strings.xml,translated,yes,,
q1KgboXi,Ō-yoroi Kote,大赖小手,bak_strings.xml,translated,yes,,
BosBeOve,Overcoat,大衣,bak_strings.xml,translated,yes,,
BosBeHao,Haori,羽织,bak_strings.xml,translated,yes,,
BosBSHao,Shinsengumi Haori,新选组羽织,bak_strings.xml,translated,yes,,
BosbSHao,Shinchogumi Haori,新徴組羽織,bak_strings.xml,translated,yes,,
BosBeBKb,Bussakibaori,布崎保里,bak_strings.xml,translated,yes,,
BosBeKKM,Kikko Manchira,吉科·曼奇拉,bak_strings.xml,translated,yes,,
BosBeArm,Armband,臂章,bak_strings.xml,translated,yes,,
BosBeSod,Sode Jirushi,袖印,bak_strings.xml,translated,yes,,
BosBeSoj,Sonno-Joi Sode Jirushi,园野城井袖印,bak_strings.xml,translated,yes,,
BosBeSok,Kurume Sode Jirushi,久留米袖印,bak_strings.xml,translated,yes,,
BosBeSoA,Aizu Sode Jirushi,会津袖印,bak_strings.xml,translated,yes,,
BosBeSoB,Byakkotai Sode Jirushi,白虎队袖印,bak_strings.xml,translated,yes,,
BosBeSoH,Hiroshima Sode Jirushi,广岛袖印,bak_strings.xml,translated,yes,,
BosBeSoK,Kaga Sode Jirushi,加贺袖印,bak_strings.xml,translated,yes,,
BosBeSoS,Saga Sode Jirushi,佐贺袖印,bak_strings.xml,translated,yes,,
BosBeSoN,Nagaoka Sode Jirushi,长冈袖印,bak_strings.xml,translated,yes,,
BosBeSoO,Okayama Sode Jirushi,冈山袖印,bak_strings.xml,translated,yes,,
BosBeSoo,Owari Sode Jirushi,尾张袖印,bak_strings.xml,translated,yes,,
BosBeSos,Shinsengumi Sode Jirushi,新选组袖印,bak_strings.xml,translated,yes,,
BosBeSSh,Shogitai Sode Jirushi,手气队袖印,bak_strings.xml,translated,yes,,
BosBeSoT,Tokushima Sode Jirushi,德岛袖印,bak_strings.xml,translated,yes,,
BosBeSot,Tsu Sode Jirushi,津袖印,bak_strings.xml,translated,yes,,
BosBeSoz,Ozu Sode Jirushi,小津袖印,bak_strings.xml,translated,yes,,
BosUnMar,Sleeve Markings,袖子标记,bak_strings.xml,translated,yes,,
BosUnTab,Tabi,足袋,bak_strings.xml,translated,yes,,
BosUnBoo,Brogans,布罗根,bak_strings.xml,translated,yes,,
BosBunSo,Bunkan Sokutai,文化总队,bak_strings.xml,translated,yes,,
BosHaKei,Keikogi-hakama,庆古木袴,bak_strings.xml,translated,yes,,
9G3QcMuk,Mukabaki-hakama,就这样面对,bak_strings.xml,translated,yes,,
BosHaHao,Haori-hakama,羽织袴,bak_strings.xml,translated,yes,,
BoshSHao,Shinsengumi Haori-hakama,新选组羽织袴,bak_strings.xml,translated,yes,,
BosShHao,Shinchogumi Haori-hakama,新徴組羽織袴,bak_strings.xml,translated,yes,,
BosHybUn,Early Uniform and Trousers,早期的制服和裤子,bak_strings.xml,translated,yes,,
BosHybUN,Early Summer Uniform and Trousers,初夏制服和裤子,bak_strings.xml,translated,yes,,
BosHyCoa,Uniform and Hakama,制服和袴,bak_strings.xml,translated,yes,,
BoFFrCoa,French Infantry Coat and Trousers,法国步兵外套和裤子,bak_strings.xml,translated,yes,,
BoFSeTun,Chasseur a Pied Tunic and Trousers,Chasseur 花色外衣和裤子,bak_strings.xml,translated,yes,,
BoFTuUni,Dragon de l'Imperatrice Uniform and Trousers,Dragon de l'Imperatrice 制服和裤子,bak_strings.xml,translated,yes,,
BoBSeTun,Royal Marines Tunic and Trousers,皇家海军陆战队上衣和裤子,bak_strings.xml,translated,yes,,
BosSaCoa,Sack Coat and Trousers,麻袋外套和裤子,bak_strings.xml,translated,yes,,
BosFrCoa,Frock Coat and Trousers,礼服外套和裤子,bak_strings.xml,translated,yes,,
BosSeTun,Service Tunic and Trousers,服务上衣和裤子,bak_strings.xml,translated,yes,,
BosSeTuO,Officer's Service Tunic and Trousers,军官服上衣和裤子,bak_strings.xml,translated,yes,,
BosSeTuM,Marines Service Tunic and Trousers,海军陆战队服役外衣和裤子,bak_strings.xml,translated,yes,,
BosTuUni,Shell Jacket and Trousers,软壳面料夹克和裤子,bak_strings.xml,translated,yes,,
HaTkGPsJ,Hasebe Tatsutora,长谷部龙虎,bak_strings.xml,translated,yes,,
L6k0BihZ,Yokoyama Takaaki,横山隆明,bak_strings.xml,translated,yes,,
Pd02cWIP,Kuno Toshimasa,久野丰政,bak_strings.xml,translated,yes,,
tIwfNdAU,Honda Eiko,本田英子,bak_strings.xml,translated,yes,,
CAxVPHIx,Honda Mutsumi,本田睦美,bak_strings.xml,translated,yes,,
ksrFELDK,Honda Suketoshi,本田助利,bak_strings.xml,translated,yes,,
vXdi14Dt,Sakakibara Masachika,榊原正亲,bak_strings.xml,translated,yes,,
RuAChgqW,Sakakibara Kura,榊原藏,bak_strings.xml,translated,yes,,
7PtkKC5L,Ikeda Akimasa,池田昭正,bak_strings.xml,translated,yes,,
a8fhiErH,Ikeda Akishi,池田明志,bak_strings.xml,translated,yes,,
mZrml2Ov,Ikeda Michiko,池田美智子,bak_strings.xml,translated,yes,,
VylcfU2r,Ikeda Yoshimasa,池田义正,bak_strings.xml,translated,yes,,
qiIMdezD,Ikeda Utako,池田歌子,bak_strings.xml,translated,yes,,
kJSK4wyx,Doi Toshinori,土居利德,bak_strings.xml,translated,yes,,
aEtxWN2O,Doi Shinsei-in,土井新生院,bak_strings.xml,translated,yes,,
MLZq7awV,Uesugi Narisada,上杉成定,bak_strings.xml,translated,yes,,
QwRXJCmI,Uesugi Taki,上杉泷,bak_strings.xml,translated,yes,,
axhJs6IX,Uesugi Mochinori,上杉持教,bak_strings.xml,translated,yes,,
jCqzvM9s,Oda Nobumi,秩序和公民身份,bak_strings.xml,translated,yes,,
r6hPxS8L,Shibata Tensho-in,柴田天圣院,bak_strings.xml,translated,yes,,
0W8I3WDW,Sakai Tadateru,酒井忠照,bak_strings.xml,translated,yes,,
ypwKxiQu,Sakai Fumiko,酒井富美子,bak_strings.xml,translated,yes,,
J8S3HAxP,Okudaira Rui,奥平瑠衣,bak_strings.xml,translated,yes,,
ayqIRS5x,Inoue Masaaki,井上正明,bak_strings.xml,translated,yes,,
78h2ApYu,Yamanobe Yoshimi,山边义美,bak_strings.xml,translated,yes,,
5Zj9vfbh,Yamanobe Shizuka,山边静香,bak_strings.xml,translated,yes,,
dP4NuLXZ,Yamanobe Yoshimoto,山边义元,bak_strings.xml,translated,yes,,
PiGMjXxP,Yamanobe Hisa,山边久,bak_strings.xml,translated,yes,,
7JhWt0Cr,Hida Hamagoro,飞騨滨五郎,bak_strings.xml,translated,yes,,
DkDMVX0S,Hida Haruyasu,飞騨春康,bak_strings.xml,translated,yes,,
xKCKGPUy,Oi Kanzaburo,大井勘三郎,bak_strings.xml,translated,yes,,
8doVlvNw,Oiwa Banjiro,大岩万次郎,bak_strings.xml,translated,yes,,
Vjv0jhtU,Hayashi Tadaakira,林忠明,bak_strings.xml,translated,yes,,
6pWBEhfi,Hayashi Toyo,林东洋,bak_strings.xml,translated,yes,,
eCgQgJ32,Maeda Toshinori,前田利典,bak_strings.xml,translated,yes,,
JgzJTQRD,Maeda Nobuyoshi,前田信义,bak_strings.xml,translated,yes,,
cyPZnisM,Satake Setsuko,佐竹节子,bak_strings.xml,translated,yes,,
oRMj5Dw4,Iwaki Takakuni,岩城贵国,bak_strings.xml,translated,yes,,
qaSYtI7f,Kuroda Kazuyoshi,黑田和义,bak_strings.xml,translated,yes,,
Iqa3v7D1,Ihara Asanori,伊原浅典,bak_strings.xml,translated,yes,,
Cxfk22gK,Ihara Kuwa,井原部,bak_strings.xml,translated,yes,,
JD9quZid,Kimata Matsu,木田松,bak_strings.xml,translated,yes,,
wmriGx9z,Kinoshita Toshimasa,木下丰正,bak_strings.xml,translated,yes,,
DHsiGvld,Shimazu Yahime,岛津八姬,bak_strings.xml,translated,yes,,
SqR0Mu6S,Tanegashima Hisanao,种子岛久野,bak_strings.xml,translated,yes,,
ewils0Dz,Komatsu Chika,小松千花,bak_strings.xml,translated,yes,,
b8DHDVJl,Nabeshima Naotaka,锅岛直隆,bak_strings.xml,translated,yes,,
y7KNSSPN,Maki Yasuomi,真纪康臣,bak_strings.xml,translated,yes,,
6VZ8rqKC,Mizuno Masana,水野正奈,bak_strings.xml,translated,yes,,
qtwaI7LN,Ogawa Masafumi,小川正文,bak_strings.xml,translated,yes,,
XqAwpT3d,Sasaki Kinpei,佐佐木金平,bak_strings.xml,translated,yes,,
YgGJdujN,Tsuji Ichizaemon,辻氏左卫门,bak_strings.xml,translated,yes,,
qjFeheme,Fuwa Masahiro,不破雅宏,bak_strings.xml,translated,yes,,
5EDIHiUN,Honda Masamichi,本田正道,bak_strings.xml,translated,yes,,
gcJhVyAL,Cho Hiroshi,张宏,bak_strings.xml,translated,yes,,
j1RRxloG,Kawai Suga,河井菅,bak_strings.xml,translated,yes,,
XYmKfVXX,Hosokawa Toshinaga,细川利长,bak_strings.xml,translated,yes,,
hv1qJGAV,Miyabe Teizo,宫部祯藏,bak_strings.xml,translated,yes,,
P62eOd0e,Miyabe Haruzo,宫部春三,bak_strings.xml,translated,yes,,
L7lfoFu7,Todorobu Bei,都郎兵卫,bak_strings.xml,translated,yes,,
WRBJMAxG,Takagi Motoemon,高木元右卫门,bak_strings.xml,translated,yes,,
3IgBMBjO,Sassa Junjiro,佐佐纯二郎,bak_strings.xml,translated,yes,,
uq8mSvxo,Kikuchi Shichirozaemon,菊池七郎左卫门,bak_strings.xml,translated,yes,,
w1okK9gq,Rogan,罗根,bak_strings.xml,translated,yes,,
a2rhPaGB,Father,父亲,bak_strings.xml,translated,yes,,
V44d9fIP,Mother,母亲,bak_strings.xml,translated,yes,,
CLqPbdiZ,Ferry Driver,渡轮司机,bak_strings.xml,translated,yes,,
EPAOxYQz,Inada Ueyoshi,稻田上吉,bak_strings.xml,translated,yes,,
wx2ueWmc,Inada Hana,稻田花,bak_strings.xml,translated,yes,,
RvDxK05Y,Inada Uemasa,稻田上政,bak_strings.xml,translated,yes,,
hM5I9P0H,Inada Chiyo,稻田千代,bak_strings.xml,translated,yes,,
rWLTD0VP,Inada Uegei,稻田植英,bak_strings.xml,translated,yes,,
1DquGOk6,Inada Kiyo,稻田清,bak_strings.xml,translated,yes,,
IAlJOXYB,Inada Uefu,稻田植夫,bak_strings.xml,translated,yes,,
yHGYnv7J,Inada Uekuni,稻田上国,bak_strings.xml,translated,yes,,
nTvvBSyL,Inada Kunie,稻田国卫,bak_strings.xml,translated,yes,,
SQk4kSuU,Inada Yau,稻田佑,bak_strings.xml,translated,yes,,
MuaWnIVG,Inada Uenori,稻田上典,bak_strings.xml,translated,yes,,
oeXBYpPO,Inada Teijyuin,稻田帝九院,bak_strings.xml,translated,yes,,
vufFgWYR,Inada Uetoshi,稻田上俊,bak_strings.xml,translated,yes,,
CoZaJNAY,Inada Matsu,稻田松,bak_strings.xml,translated,yes,,
l7TOWvmc,Soma Yoshitada,相马吉忠,bak_strings.xml,translated,yes,,
CS8KPrQ8,Date Kuninari,伊达国成,bak_strings.xml,translated,yes,,
iMBlTpJj,Matsudaira Hisaaki,松平久明,bak_strings.xml,translated,yes,,
XRWN4wOB,Matsudaira-shi Yuki-ke,松平氏幸家,bak_strings.xml,translated,yes,,
0EuaiL5U,Honda-shi Fukui-ke,本田氏福井家,bak_strings.xml,translated,yes,,
65nRjENB,Koma-shi,退货,bak_strings.xml,translated,yes,,
YokAhV9G,Yokoi-shi,横井氏,bak_strings.xml,translated,yes,,
NakAhV9G,Nakane-shi,中根氏,bak_strings.xml,translated,yes,,
QWSAhV9G,Fukui Retainers,福井家臣,bak_strings.xml,translated,yes,,
lo1uTEQ8,Sakai-shi Obama-ke,堺市小小家,bak_strings.xml,translated,yes,,
SNvfboK3,Ban-shi,伴氏,bak_strings.xml,translated,yes,,
LboIPHhY,Sakai-shi Tsuruga-ke,堺市鹤家,bak_strings.xml,translated,yes,,
1iyE0PaI,Matsudaira-shi Saijo-ke,松平氏西条家,bak_strings.xml,translated,yes,,
oooOrCfb,Kuno-shi,久野氏,bak_strings.xml,translated,yes,,
iilNBXIF,Mizuno-shi Tarosaku-ke,水野氏太作家,bak_strings.xml,translated,yes,,
IqeslrzB,Miura-shi,三浦氏,bak_strings.xml,translated,yes,,
PQRi3uY3,Maeda-shi,前田氏,bak_strings.xml,translated,yes,,
ToMi3uY3,Maeda-shi Toyama-ke,前田氏富山家,bak_strings.xml,translated,yes,,
8Kqhx9R1,Yokoyama-shi,横山氏,bak_strings.xml,translated,yes,,
kXGcCns5,Murai-shi,村井氏,bak_strings.xml,translated,yes,,
c0sws5As,Watanabe-shi,渡边氏,bak_strings.xml,translated,yes,,
uUYsYxYv,Ishikawa-shi,石川氏,bak_strings.xml,translated,yes,,
qVwe6PhI,Tokugawa-shi,德川氏,bak_strings.xml,translated,yes,,
or53kdHi,Tokugawa-shi Hitotsubashi-ke,德川氏一桥家,bak_strings.xml,translated,yes,,
or53kdTa,Tokugawa-shi Tayasu-ke,德川氏多安家,bak_strings.xml,translated,yes,,
u6lrAs3a,Honda-shi Heihachiro-ke,本田氏平八郎家,bak_strings.xml,translated,yes,,
cNcintrO,Honda-shi Hikohachiro-ke,本田氏彦八郎家,bak_strings.xml,translated,yes,,
Oznhza31,Honda-shi Sanyazaemon-ke,本田氏三屋左卫门家,bak_strings.xml,translated,yes,,
mQXREA7g,Honda-shi Bungo no Kami-ke,本田氏丰后之神家,bak_strings.xml,translated,yes,,
5WrhQacH,Sakakibara-shi,榊原氏,bak_strings.xml,translated,yes,,
zMS7kVYL,Matsudaira-shi Fujii-ke,松平氏藤井家,bak_strings.xml,translated,yes,,
vbUCt3rO,Matsudaira-shi Nomi-ke,松平氏能家,bak_strings.xml,translated,yes,,
gW4rfIRa,Ando-shi,安藤氏,bak_strings.xml,translated,yes,,
6NWgGmYf,Akita-shi,秋田氏,bak_strings.xml,translated,yes,,
XUZY7RKL,Ikeda-shi,池田氏,bak_strings.xml,translated,yes,,
QowjvKFN,Toda-shi Tahara-ke,户田氏田原家,bak_strings.xml,translated,yes,,
lJ4G39SA,Doi-shi,土井氏,bak_strings.xml,translated,yes,,
EsXGTKG6,Doi-shi Mikawa-ke,土井氏三河家,bak_strings.xml,translated,yes,,
8ARCCCRo,Maeda-shi Tosa-no-kami-ke,放手吧,bak_strings.xml,translated,yes,,
9k6cL3KU,Okubo-shi Tadanori-ke,大久保氏忠则池,bak_strings.xml,translated,yes,,
9k6cL3Na,Toda-shi Ogaki-ke,中川氏,bak_strings.xml,translated,yes,,
or53kdM3,Matsudaira-shi Itoigawa-ke,松平氏幸家,bak_strings.xml,translated,yes,,
qVwe6PhM,Shogunate Retainers,幕府家臣,bak_strings.xml,translated,yes,,
cst28b0f,Uesugi-shi,上杉氏,bak_strings.xml,translated,yes,,
KLuc7HoH,Makino-shi,牧野氏,bak_strings.xml,translated,yes,,
ut0zK1q3,Naito-shi Nobunari-ke,内藤氏信成家,bak_strings.xml,translated,yes,,
46beFBYz,Naito-shi Mikawa-ke,内藤氏三河家,bak_strings.xml,translated,yes,,
dOsL2isy,Todo-shi Hisai-ke,小田氏天童家,bak_strings.xml,translated,yes,,
5CN6Gy5S,Mizuno-shi,水野氏,bak_strings.xml,translated,yes,,
Zh7GjSjo,Ishihara-shi,石原氏,bak_strings.xml,translated,yes,,
yCcCT6mZ,Sakai-shi Himeji-ke,堺市姬路家,bak_strings.xml,translated,yes,,
I9hQfxer,Kawai-shi,河合氏,bak_strings.xml,translated,yes,,
PUbRLoYj,Matsudaira-shi Hisamatsu-ke,松平氏久松家,bak_strings.xml,translated,yes,,
AWRMmV7h,Matsudaira-shi Hisamatsu-ke,松平氏久松家,bak_strings.xml,translated,yes,,
kRGxcRfS,Takayama-shi,高山氏,bak_strings.xml,translated,yes,,
Ewr11Fdb,Okudaira-shi Hijika-ke,奥平氏比家家,bak_strings.xml,translated,yes,,
2UQC6ICH,Ii-shi,井伊氏,bak_strings.xml,translated,yes,,
TR017av3,Mori-shi,森氏,bak_strings.xml,translated,yes,,
1Ty8UxNT,Mori-shi Chofu-ke,森氏调布家,bak_strings.xml,translated,yes,,
kL7d963P,Mori-shi Tokuyama-ke,森氏德山家,bak_strings.xml,translated,yes,,
JGZnehmf,Mori-shi Kiyosue-ke,森氏清末家,bak_strings.xml,translated,yes,,
CpuD24Mi,Kikkawa-shi,吉川氏,bak_strings.xml,translated,yes,,
J9HRNpb0,Shishido-shi,宍户氏,bak_strings.xml,translated,yes,,
J9HRNpFu,Fukuhara-shi,福原氏,bak_strings.xml,translated,yes,,
2SX9wmc3,Masuda-shi,增田氏,bak_strings.xml,translated,yes,,
2SX9wMi3,Mori-shi Migita-ke,森氏御田家,bak_strings.xml,translated,yes,,
n2CCJZwh,Mori-shi Asa-ke,森氏浅家,bak_strings.xml,translated,yes,,
n2CCJZYo,Mori-shi Yoshiki-ke,森氏芳家,bak_strings.xml,translated,yes,,
n2CCJZAg,Mori-shi Agawa-ke,森氏阿川家,bak_strings.xml,translated,yes,,
w0u8gG6o,Mori-shi Ono-ke,森氏小野家,bak_strings.xml,translated,yes,,
wwt1foUn,Katsura-shi,桂氏,bak_strings.xml,translated,yes,,
Cht1fSei,Seigi-ha,清仪派,bak_strings.xml,translated,yes,,
Cht1fZok,Zokuron-ha,杂音派,bak_strings.xml,translated,yes,,
Cht1fTok,Tokoji-ha,常光寺派,bak_strings.xml,translated,yes,,
Cht1fShi,Shichikyo,七京,bak_strings.xml,translated,yes,,
OVQoC9fn,Matsudaira-shi Ochi-ke,浅野氏,bak_strings.xml,translated,yes,,
OVQoC9To,Tojo Asano-shi,东城浅野氏,bak_strings.xml,translated,yes,,
lE7sVvZR,Inoue-shi,井上氏,bak_strings.xml,translated,yes,,
9rJNJbXR,Ota-shi,大田氏,bak_strings.xml,translated,yes,,
TJfQdtFe,Tokugawa-shi Mito-ke,德川氏水户家,bak_strings.xml,translated,yes,,
57hjGaZL,Matsudaira-shi Ishioka-ke,松平氏石冈家,bak_strings.xml,translated,yes,,
XxcwBNno,Matsudaira-shi Takamatsu-ke,松平氏高松家,bak_strings.xml,translated,yes,,
a5C2zixP,Nakayama-shi,中山氏,bak_strings.xml,translated,yes,,
7odtySTp,Yamanobe-shi,山边氏,bak_strings.xml,translated,yes,,
hfTDnPCp,Suzuki-shi Iwami no Kami-ke,铃木氏岩见神家,bak_strings.xml,translated,yes,,
lfglFdss,Todo-shi,大田氏水户家,bak_strings.xml,translated,yes,,
4YXW6utE,Hida-shi,飞驒氏,bak_strings.xml,translated,yes,,
HaXW6utE,Hasuda-shi,嫉妒他,bak_strings.xml,translated,yes,,
JcaTBEWg,Shosei-to,松生堂,bak_strings.xml,translated,yes,,
KmXmnjce,Tengu-to,天狗岛,bak_strings.xml,translated,yes,,
UOfUWQw6,Hayashi-shi,林氏,bak_strings.xml,translated,yes,,
O1t78okp,Masaki-shi,前田氏大圣寺院,bak_strings.xml,translated,yes,,
8OkaB9R1,Okumura-shi Bunke,奥村氏文科,bak_strings.xml,translated,yes,,
2u6WvxxW,Makino-shi,牧野氏,bak_strings.xml,translated,yes,,
9zQ8kYAR,Inagaki-shi,稻垣氏,bak_strings.xml,translated,yes,,
3cIhQHtN,Yamamoto-shi,山本氏,bak_strings.xml,translated,yes,,
DOFvDvMn,Satake-shi,佐竹氏,bak_strings.xml,translated,yes,,
L1YBjtAz,Satake-shi Hokke-ke,佐竹氏法华家,bak_strings.xml,translated,yes,,
M0xrXK9O,Tagaya-shi,田谷谦,bak_strings.xml,translated,yes,,
BCsXgT4T,Satake-shi Minami-ke,佐竹氏南家,bak_strings.xml,translated,yes,,
hOwxMbu9,Iwaki-shi,磐城氏,bak_strings.xml,translated,yes,,
HowxMbu9,Shibue-shi,渋江氏,bak_strings.xml,translated,yes,,
lY9SDV7a,Kuroda-shi,黑田氏,bak_strings.xml,translated,yes,,
AkiSDV7a,Kuroda-shi Akizuki-ke,黑田氏秋月家,bak_strings.xml,translated,yes,,
YlpRkhrE,Nomura-shi,野村氏,bak_strings.xml,translated,yes,,
cLtGOm40,Kuroda-shi Minagi-ke,黑田氏南家,bak_strings.xml,translated,yes,,
1O30HvkU,Kato-shi,加藤氏,bak_strings.xml,translated,yes,,
lY9SDVTs,Tsugikata-shi,继方氏,bak_strings.xml,translated,yes,,
RmkJpDHV,Mori Jingobei-shi,森甚五兵卫氏,bak_strings.xml,translated,yes,,
PLqvpKje,Ikoma-shi,生驹氏,bak_strings.xml,translated,yes,,
HTqZfe96,Tosa Kinno-to,土佐金能藤,bak_strings.xml,translated,yes,,
cm25rmmT,Ihara-shi,井原谦,bak_strings.xml,translated,yes,,
j0760mT5,Nagano-shi,长野氏,bak_strings.xml,translated,yes,,
gq9NGwvB,Kimata-shi,欣赏它,bak_strings.xml,translated,yes,,
kwCYCFhQ,Saigo-shi Hikone-ke,西乡氏彦根家,bak_strings.xml,translated,yes,,
xRnrOdTc,Honganji-shi,奥村氏杂毛,bak_strings.xml,translated,yes,,
Hkaz0M4C,Ganshoji-shi,前田氏对马之家,bak_strings.xml,translated,yes,,
lx34RrxX,Tokugawa-shi Kii-ke,德川氏纪伊家,bak_strings.xml,translated,yes,,
99Mh6vBQ,Mizuno-shi,水野氏,bak_strings.xml,translated,yes,,
ikViyOmi,Ando-shi,安藤氏,bak_strings.xml,translated,yes,,
AFuBZx4V,Matsudaira-shi Hisamatsu-ke,松平氏久松家,bak_strings.xml,translated,yes,,
skZuhNKm,Kuwana Retainers,获得保留人,bak_strings.xml,translated,yes,,
9jmhs2Af,Tokugawa-shi Owari-ke,德川氏尾张家,bak_strings.xml,translated,yes,,
Oz4Epb0l,Matsudaira-shi Takasu-ke,松平氏高须家,bak_strings.xml,translated,yes,,
QGOk0nP3,Naruse-shi,成濑氏,bak_strings.xml,translated,yes,,
iHzPlDkM,Takekoshi-shi,竹越氏,bak_strings.xml,translated,yes,,
Mq2WPvMA,Shimizu-shi,清水氏,bak_strings.xml,translated,yes,,
Fch4loOb,Todo-shi Nabari-ke,藤堂氏名张家,bak_strings.xml,translated,yes,,
g1Mabrdw,Todo-shi Ueno-ke,藤堂氏上野家,bak_strings.xml,translated,yes,,
L48ll2wn,Todo-shi Izumo-ke,藤堂氏出云家,bak_strings.xml,translated,yes,,
OljOni7v,Kinoshita-shi,木下氏,bak_strings.xml,translated,yes,,
xtwV8mNg,Shimazu-shi,岛津氏,bak_strings.xml,translated,yes,,
vb51XuDL,Shimazu-shi Sadowara-ke,岛津氏佐渡原家,bak_strings.xml,translated,yes,,
xtwV8mnG,Shimazu-shi Tarumi-ke,岛津氏垂见家,bak_strings.xml,translated,yes,,
vb51XUdL,Shimazu-shi Imaizumi-ke,岛津氏今泉家,bak_strings.xml,translated,yes,,
6WeEzXMc,Shimazu-shi Kajiki-ke,岛津氏梶木家,bak_strings.xml,translated,yes,,
PKFVNkMS,Shimazu-shi Miyakonojo-ke,岛津氏都条家,bak_strings.xml,translated,yes,,
prFVNkLc,Shimazu-shi Shigetomi-ke,岛津氏重富家,bak_strings.xml,translated,yes,,
gqaEBwUE,Katsura-shi,桂氏,bak_strings.xml,translated,yes,,
kKsnNZDD,Tanegashima-shi,种子岛氏,bak_strings.xml,translated,yes,,
DRRT6Yh1,Komatsu-shi,小松氏,bak_strings.xml,translated,yes,,
PKFVNkLc,Kimotsuki-shi,木茂月氏,bak_strings.xml,translated,yes,,
BosSaigo,Saigo-shi,西乡氏,bak_strings.xml,translated,yes,,
BaDTSaig,"The Saigō are not daimyō, but few wield as much influence in Satsuma as Saigō Takamori. A samurai of humble origin and towering presence, Saigō is a leading voice in the sonnō jōi movement. Beloved by the lower samurai and feared by political rivals, he walks a tightrope between personal loyalty to the Shimazu clan and his growing vision for a reformed Japan. In 1864, Saigō has returned from exile to help Satsuma crush the Chōshū rebellion, but his heart lies with imperial cause. Torn between duty and destiny, the Saigō family rises not through land or armies, but through the charisma and ideals of its reluctant champion.",西乡家族虽然不是大名，但在萨摩藩却很少有人能像西乡隆盛那样拥有如此大的影响力。西乡是一位出身卑微、风度翩翩的武士，是尊王攘夷侍卫运动的领军人物。他受到下层武士的爱戴和政治对手的恐惧，他在对岛津氏的个人忠诚和他对改革日本日益增长的愿景之间走钢丝。 1864 年，西乡流亡归来，帮助萨摩藩镇压长州叛乱，但他的心却是帝国事业。西乡家族在责任和命运之间左右为难，他们的崛起不是通过土地或军队，而是通过其不情愿的冠军的魅力和理想。,bak_strings.xml,translated,yes,,
BosOkubo,Okubo-shi,大久保氏,bak_strings.xml,translated,yes,,
BaDTOkub,"Hailing from a modest samurai background in Kagoshima, the Ōkubo are bureaucrats rather than warriors—but it is in politics that they sharpen their blades. Ōkubo Toshimichi, pragmatic and sharp-tongued, is fast becoming one of the most feared minds in Satsuma. A staunch ally of Saigō Takamori, he believes that only radical reform can save Japan from subjugation by the West. While others cry for war against foreign powers, Ōkubo sees the greater enemy in Japan's own corruption and feudal stagnation. As the Satsuma domain balances on the edge of rebellion, the Ōkubo clan builds networks, forges alliances, and prepares to steer the storm. In 1864, they are the hidden hand guiding the future of a crumbling shogunate.",大久保家族出身于鹿儿岛，出身普通武士，与其说是武士，不如说是官僚——但他们正是在政治中磨砺了自己的刀锋。务实且言辞尖锐的大久保俊道正迅速成为萨摩最令人畏惧的人物之一。作为西乡隆盛的坚定盟友，他认为只有激进的改革才能使日本免遭西方的征服。当其他人呼吁对外国列强发动战争时，大久保认为更大的敌人是日本自身的腐败和封建停滞。萨摩藩处于叛乱边缘，大久保氏建立网络、结成联盟，准备驾驭风暴。 1864 年，他们是指导摇摇欲坠的幕府未来的幕后之手。,bak_strings.xml,translated,yes,,
DRRT6YSR,Satsuma Retainers,萨摩门臣,bak_strings.xml,translated,yes,,
qfHKfquH,Hosokawa-shi,细川氏,bak_strings.xml,translated,yes,,
2nPDxvvU,Matsui-shi,松井氏,bak_strings.xml,translated,yes,,
PcbbEMKz,Hosokawa-shi Udo-ke,细川氏牛土家,bak_strings.xml,translated,yes,,
yJvoBlCU,Hosokawa-shi Takase-ke,细川氏高濑家,bak_strings.xml,translated,yes,,
xq41XdpH,Higo Kinno-to,肥后勤王党,bak_strings.xml,translated,yes,,
nKMoFXSw,Ariyoshi-shi,有吉氏,bak_strings.xml,translated,yes,,
kAG0Yn7Z,Yoneda-shi,米田氏,bak_strings.xml,translated,yes,,
erfPD3kM,Ogasawara-shi,小笠原氏,bak_strings.xml,translated,yes,,
erfPD3km,Ogasawara-shi Bunke,小笠原整个,bak_strings.xml,translated,yes,,
1GCcC8FV,Ogasawara-shi Anji-ke,小笠原氏安吉家,bak_strings.xml,translated,yes,,
MiCcC8FV,Miyamoto-shi,宫本氏,bak_strings.xml,translated,yes,,
5mXM9iS3,Shimamura-shi,岛村氏,bak_strings.xml,translated,yes,,
5KoM9iS3,Komiya-shi,小宫氏,bak_strings.xml,translated,yes,,
FfWqS9rv,Matsudaira-shi Shishido-ke,松平氏狮子户家,bak_strings.xml,translated,yes,,
WMGq6j1n,Sagara-shi,相良氏,bak_strings.xml,translated,yes,,
FHrTjQq8,Matsumoto-shi,松本氏,bak_strings.xml,translated,yes,,
hepAMIkF,Shingu-ha,新宫叶,bak_strings.xml,translated,yes,,
fHnbNu30,Inaba-shi Masashige=ke,稻叶氏正重=ke,bak_strings.xml,translated,yes,,
2yKuCKTm,Tanabe-shi,田边氏,bak_strings.xml,translated,yes,,
pmrkQRf2,Honda-shi Kaga-ke,本田氏加贺家,bak_strings.xml,translated,yes,,
nyZnP0q5,Cho-shi,长氏,bak_strings.xml,translated,yes,,
MUFiSZnN,Kawai-shi,河合氏,bak_strings.xml,translated,yes,,
VqhXPqel,Arima-shi,有马氏,bak_strings.xml,translated,yes,,
WHJDjBAc,Gai-doshi,外道士,bak_strings.xml,translated,yes,,
mBLBhiJ2,Nai-doshi,内童,bak_strings.xml,translated,yes,,
FQ1msfS3,Nabeshima-shi,锅岛氏,bak_strings.xml,translated,yes,,
FQ1msfSh,Nabeshima-shi Shiraishi-ke,锅岛氏白石家,bak_strings.xml,translated,yes,,
ztOTUHZ8,Nabeshima-shi Hasuike-ke,锅岛氏莲池家,bak_strings.xml,translated,yes,,
FQ1msfOg,Nabeshima-shi Ogi-ke,锅岛氏荻家,bak_strings.xml,translated,yes,,
FQ1msfKa,Nabeshima-shi Kashima-ke,锅岛氏 鹿岛家,bak_strings.xml,translated,yes,,
FQ1msfSu,Nabeshima-shi Suko-ke,锅岛氏须古家,bak_strings.xml,translated,yes,,
tF67sEyg,Nabeshima-shi Takeo-ke,锅岛氏武雄家,bak_strings.xml,translated,yes,,
FQ1msRIs,Ryuzoji-shi Isahaya-ke,龙造寺氏谏早家,bak_strings.xml,translated,yes,,
FQ1msRTa,Ryuzoji-shi Taku-ke,龙造寺氏卓家,bak_strings.xml,translated,yes,,
eym8aSZ5,Murata-shi,村田氏,bak_strings.xml,translated,yes,,
FQ1msSeT,Seikan-to,青函岛,bak_strings.xml,translated,yes,,
LvmXDnyd,Saga Retainers,佐贺家臣,bak_strings.xml,translated,yes,,
wApBgknq,Kato-shi,加藤氏,bak_strings.xml,translated,yes,,
fjHaaIVW,Kato-shi Shintani-ke,加藤氏新谷家,bak_strings.xml,translated,yes,,
PpQpwq85,Naito-shi,内藤氏,bak_strings.xml,translated,yes,,
B2hBOm0p,Date-shi Uwajima-ke,伊达氏宇和岛家,bak_strings.xml,translated,yes,,
pM9CGa9T,Doi-shi,土井氏,bak_strings.xml,translated,yes,,
KFO7OUtf,Kojima-shi,小岛氏,bak_strings.xml,translated,yes,,
uymXzBkI,Date-shi Yoshida-ke,伊达氏吉田家,bak_strings.xml,translated,yes,,
92mcWZ66,Yamauchi-shi,山内氏,bak_strings.xml,translated,yes,,
VweRUc2K,Iga-shi,伊贺氏,bak_strings.xml,translated,yes,,
YrjfSw48,Fukao-shi,深尾氏,bak_strings.xml,translated,yes,,
Ec8VRUVe,Inui-shi,乾氏,bak_strings.xml,translated,yes,,
DNhzKMbS,Yamauchi-shi Azabu-ke,山内氏麻布家,bak_strings.xml,translated,yes,,
flZ5WVeG,Goto-shi,五岛氏,bak_strings.xml,translated,yes,,
mBoaB6DD,Hachisuka-shi,蜂须贺氏,bak_strings.xml,translated,yes,,
IYIPPzhY,Ikeda-shi Amagi-ke,池田氏鸡蛋,bak_strings.xml,translated,yes,,
bE75tDOy,Kashima-shi,鹿岛氏,bak_strings.xml,translated,yes,,
sb0Pv1Rt,Inada-shi,稻田氏,bak_strings.xml,translated,yes,,
o0Xm5Rqk,Playerland,玩家乐园,bak_strings.xml,translated,yes,,
FguhKirf,Oihagi Looters,萩掠夺者,bak_strings.xml,translated,yes,,
FZjVu6zx,Zoku Bandits,佐库强盗,bak_strings.xml,translated,yes,,
sTvDztWN,Yato Bandits,夜斗强盗,bak_strings.xml,translated,yes,,
MEQv3Fvs,Kaizoku Pirates,海贼团,bak_strings.xml,translated,yes,,
4S24PmMZ,Sanzoku Mountain Bandits,三足山贼,bak_strings.xml,translated,yes,,
rW0j3kZA,Burai Ronin,布赖罗宁,bak_strings.xml,translated,yes,,
Vfsbslpv,Deserters,逃兵,bak_strings.xml,translated,yes,,
6HH6w5ZG,Kinno-to,勤王党,bak_strings.xml,translated,yes,,
PLkAXWwi,"The Kinno-to are violent Imperialists, called terrorists by some. Drawn from the ranks of the Shishi, their cause combines fierce reverence for the throne with violent action, embracing assassination, agitation, and open rebellion.",金野人是暴力的帝国主义者，被一些人称为恐怖分子。他们出身于士师队伍，他们的事业将对王位的强烈崇敬与暴力行动结合在一起，包括暗杀、煽动和公开叛乱。,bak_strings.xml,translated,yes,,
GPVvKObz,Tenchugumi,天中组,bak_strings.xml,translated,yes,,
XrdlGOOd,"The Tenchūgumi are a small band of imperial loyalists who launched an armed uprising in Yamato in 1863, believing they are carrying out heaven's punishment against enemies of the emperor.",天中组是一小群忠于帝国的人，他们于 1863 年在大和发动了武装起义，他们相信自己正在对天皇的敌人执行上天的惩罚。,bak_strings.xml,translated,yes,,
7RJeJS64,Shinchogumi,新徴組,bak_strings.xml,translated,yes,,
JRiczAx9,"The Shinchōgumi are a Bakumatsu policing corps formed by the shogunate in Edo, composed mainly of loyalist rōnin tasked with patrols, guard duty, and keeping order in the capital as tensions with imperial forces grow. In 1864, they fell under the command of Shonai-han",新徴組是江户幕府组建的幕末警察部队，主要由忠诚的浪人组成，负责巡逻、守卫并在与帝国军队的紧张关系加剧时维持首都的秩序。 1864年，他们落入庄内藩的指挥之下。,bak_strings.xml,translated,yes,,
TjluN6ig,Kameyama Shachu,龟山社中,bak_strings.xml,translated,yes,,
U71vvdhm,"Kameyama Shachū is a small, semi-private maritime venture founded by Sakamoto Ryōma to move weapons, conduct trade, and operate ships independent of the Bakufu. It will later evolve into the Kaientai, a more organized naval-style volunteer corps that carries out transport, escort, and political missions during the final years of the Bakumatsu.",龟山社中是坂本龙马创立的一家小型半私营海上企业，其目的是独立于幕府运送武器、进行贸易和运营船只。它后来演变成海援队，这是一支组织更加严密的海军式志愿军，在幕末最后几年执行运输、护送和政治任务。,bak_strings.xml,translated,yes,,
7FYD9CMy,Joshigun,女子军,bak_strings.xml,translated,yes,,
Qihoea4H,"The Aizu Joshigun are groups of Aizu domain women who organized themselves during the Boshin War, taking on support roles and, in many cases, joining combat alongside the domain's remaining defenders.",会津上司军是由会津藩女性组成的团体，她们在戊辰战争期间组织起来，担任支援角色，并在许多情况下与该藩的剩余守军一起参加战斗。,bak_strings.xml,translated,yes,,
alnKa3Bg,Shogitai,松吉泰,bak_strings.xml,translated,yes,,
zZCKPklj,"The Shōgitai are a corps of elite retainers who rose to defend the Shogunate in its final days. Trained in both traditional and modern warfare, they embody the spirit of the old samurai while adapting to the new age. Their resolve in battle is legendary.",将军队是一支由精锐扈从组成的军团，他们在幕府末日奋起保卫幕府。他们接受过传统战争和现代战争的训练，在适应新时代的同时体现了旧武士的精神。他们在战斗中的决心是传奇的。,bak_strings.xml,translated,yes,,
qX0hsHoS,Shinsengumi,新选组,bak_strings.xml,translated,yes,,
jycPZTp7,"The Shinsengumi are a corps of loyalists formed to protect the Shogunate's interests in Kyoto. Renowned for their strict discipline and unmatched swordsmanship, they strike fear into rebels and ronin alike. Their loyalty is absolute, and their blades swift.",新选组是为了保护幕府在京都的利益而组建的忠诚者团体。他们以严格的纪律和无与伦比的剑术而闻名，让叛军和浪人都感到恐惧。他们的忠诚是绝对的，他们的刀锋迅捷。,bak_strings.xml,translated,yes,,
kEoddDyL,Aizu Kotetsu-kai,会津甲铁会,bak_strings.xml,translated,yes,,
bgA6na9m,"Aizu Kotetsu is a feared street boss who serves as an unofficial enforcer for the Aizu clan in Kyoto. His crew handles the dirty work the samurai cannot, using local influence and hard violence to protect Aizu interests in the back alleys of the capital.",会津虎彻是一位令人畏惧的街头老大，是京都会津氏族的非官方执法者。他的手下处理武士无法处理的肮脏工作，利用当地影响力和暴力来保护首都后巷的会津利益。,bak_strings.xml,translated,yes,,
fXENjJJL,Oda Clan,织田氏,bak_strings.xml,translated,yes,,
eC2ASTQN,Matsudaira-shi Hoshina-ke,松平氏星名家,bak_strings.xml,translated,yes,,
fynHJTwu,Saigo-shi Aizu-ke,西乡氏会津家,bak_strings.xml,translated,yes,,
8FEa2FoG,Yamakawa-shi,山川氏,bak_strings.xml,translated,yes,,
GXmPOdWx,Naito-shi Kai-ke,内藤氏会科,bak_strings.xml,translated,yes,,
H87qo4NM,Tanaka-shi,田中氏,bak_strings.xml,translated,yes,,
Aizqo4NM,Aizu Retainers,会津家臣,bak_strings.xml,translated,yes,,
AomEuPxP,Soma-shi,读一下,bak_strings.xml,translated,yes,,
kXgAqsVE,Niwa-shi,丹羽氏,bak_strings.xml,translated,yes,,
Txtm8EQj,Ikeda-shi,池田氏,bak_strings.xml,translated,yes,,
LOgpObOY,Arao-shi,荒尾氏,bak_strings.xml,translated,yes,,
5BAcZId0,Date-shi,伊达氏,bak_strings.xml,translated,yes,,
KOOT63wV,Katakura-shi,片仓氏,bak_strings.xml,translated,yes,,
PTlPcJhs,Tamura-shi,田村氏,bak_strings.xml,translated,yes,,
yoWzFxzf,Date-shi Wakuya-ke,伊达氏涌谷家,bak_strings.xml,translated,yes,,
N3obbklH,Date-shi Watari-ke,伊达氏渡家,bak_strings.xml,translated,yes,,
52ZbOGpN,Date-shi Tome-ke,伊达氏登米家,bak_strings.xml,translated,yes,,
GghWbhMx,Date-shi Iwadeyama-ke,伊达氏岩出山家,bak_strings.xml,translated,yes,,
Mmlec0W6,Date-shi Mizusawa-ke,伊达氏水泽家,bak_strings.xml,translated,yes,,
5opAomPm,Itakura-shi,板仓氏,bak_strings.xml,translated,yes,,
e0X7neFB,Inaba-shi,稻叶氏,bak_strings.xml,translated,yes,,
piDj6z9f,Matsudaira-shi Toda-ke,松平氏户田家,bak_strings.xml,translated,yes,,
0rKkFwOg,Okubo-shi Yamanaka-ke,大久保氏山中家,bak_strings.xml,translated,yes,,
k1xUIUj8,Okubo-shi,大久保氏,bak_strings.xml,translated,yes,,
71PEDLZf,Sakai-shi,放手吧,bak_strings.xml,translated,yes,,
wmoenMOl,Sakai-shi Okunosuke-ke,堺市奥之助家,bak_strings.xml,translated,yes,,
NuTx5zmj,Matsudaira-shi Jinzaburo-ke,松平氏神三郎家,bak_strings.xml,translated,yes,,
pI6YjX8M,Sakai-shi Matsuyama-ke,堺市松山家,bak_strings.xml,translated,yes,,
UyMq8aDj,Tsugaru-shi,津轻氏,bak_strings.xml,translated,yes,,
6LMl0tI8,Tsugaru-shi Kuroishi-ke,津轻氏黑石家,bak_strings.xml,translated,yes,,
xy3cU9cP,Sugiyama-shi,杉山氏,bak_strings.xml,translated,yes,,
4IKyEBDc,Daidouji-shi,大道寺氏,bak_strings.xml,translated,yes,,
5IKyEBDc,Yamanaka-shi,山中氏,bak_strings.xml,translated,yes,,
c006Hx4r,Nanbu-shi,南部氏,bak_strings.xml,translated,yes,,
kHne65Y9,Nanbu-shi Shichinohe-ke,南部氏七户家,bak_strings.xml,translated,yes,,
flBMJ4Es,Nanbu-shi Hachinohe-ke,南部氏八户家,bak_strings.xml,translated,yes,,
ZVlwFZZv,Nakano-shi,中野氏,bak_strings.xml,translated,yes,,
NyMA6A7K,Kita-shi,北氏,bak_strings.xml,translated,yes,,
3LujlMb3,Minami-shi,南氏,bak_strings.xml,translated,yes,,
BMQyxH2f,Mito-shi,水户氏,bak_strings.xml,translated,yes,,
aArztftR,Azuma-shi,东氏,bak_strings.xml,translated,yes,,
AArztftR,Nanbu Retainers,南部保持器,bak_strings.xml,translated,yes,,
gVZxlFB4,Ashigaru,足轻,bak_strings.xml,translated,yes,,
701yWTen,Tenryo{newline}{newline}Foreign Merchant: French,天领,bak_strings.xml,translated,no,{newline} | {newline},
686xcJ5S,Taro,太郎,bak_strings.xml,translated,yes,,
xbwRkO5Z,Ichiro,一郎,bak_strings.xml,translated,yes,,
0T1OCfRY,Jiro,次郎,bak_strings.xml,translated,yes,,
1187gbgM,Saburo,三郎,bak_strings.xml,translated,yes,,
BN54hR9V,Shiro,四郎,bak_strings.xml,translated,yes,,
OfanclyF,Goro,五郎,bak_strings.xml,translated,yes,,
9wz88kH7,Rokuro,六郎,bak_strings.xml,translated,yes,,
pEnQ7qL8,Shichiro,七郎,bak_strings.xml,translated,yes,,
BQEJpaKM,Hachiro,它不存在,bak_strings.xml,translated,yes,,
Zf6pqP1S,Kuro,黑,bak_strings.xml,translated,yes,,
F4wYBL82,Juro,法律,bak_strings.xml,translated,yes,,
3cTGorVo,Jusuke,重介,bak_strings.xml,translated,yes,,
4yJsfsiM,Suketaro,助太郎,bak_strings.xml,translated,yes,,
XBtOokns,Sukejiro,助次郎,bak_strings.xml,translated,yes,,
5P5FkBwH,Sukesaburo,助三郎,bak_strings.xml,translated,yes,,
tubOfaxz,Sukeshiro,助四郎,bak_strings.xml,translated,yes,,
3R5j7RYA,Sukegoro,助五郎,bak_strings.xml,translated,yes,,
Ds3cZg6r,Sukebei,助兵卫,bak_strings.xml,translated,yes,,
nKMOkNFw,Sukezaemon,助左卫门,bak_strings.xml,translated,yes,,
7iiIq9r6,Sukeemon,助右卫门,bak_strings.xml,translated,yes,,
kD70iJ3J,Shintaro,慎太郎,bak_strings.xml,translated,yes,,
fpdWiWfz,Shinichiro,真一郎,bak_strings.xml,translated,yes,,
A2GoIvbc,Shinjiro,进次郎,bak_strings.xml,translated,yes,,
Bti8upGR,Sinsaburo,新三郎,bak_strings.xml,translated,yes,,
OMBLQ8zN,Shingoro,慎五郎,bak_strings.xml,translated,yes,,
CeFXPZ4y,Shinjuro,新十郎,bak_strings.xml,translated,yes,,
8AWswCXB,Shinsuke,信介,bak_strings.xml,translated,yes,,
u6o96I4Y,Shinnosuke,新之介,bak_strings.xml,translated,yes,,
KT8o8D8j,Shinkichi,新吉,bak_strings.xml,translated,yes,,
QXoI9qum,Shinzo,真三,bak_strings.xml,translated,yes,,
l4hS80xv,Shinbei,新兵卫,bak_strings.xml,translated,yes,,
xGgjfTcH,Shinzaemon,新左卫门,bak_strings.xml,translated,yes,,
nP12n3Fs,Shinemon,新卫门,bak_strings.xml,translated,yes,,
2HEjtotK,Kantaro,一首歌,bak_strings.xml,translated,yes,,
ctzwdIKa,Kanichiro,勘一郎,bak_strings.xml,translated,yes,,
nWOBDgpj,Kanjiro,勘次郎,bak_strings.xml,translated,yes,,
NbvnNk2S,Kanzaburo,勘三郎,bak_strings.xml,translated,yes,,
kN3o6xzR,Kangoro,袋鼠,bak_strings.xml,translated,yes,,
rtGBo128,Kanjuro,勘十郎,bak_strings.xml,translated,yes,,
YRDygFj6,Kansuke,勘助,bak_strings.xml,translated,yes,,
cGq2zXGn,Kannosuke,菅之助,bak_strings.xml,translated,yes,,
2BhHfnxd,Kankichi,勘吉,bak_strings.xml,translated,yes,,
eZOVCTrX,Kanzo,勘藏,bak_strings.xml,translated,yes,,
4Nkceif9,Kanbei,勘兵卫,bak_strings.xml,translated,yes,,
pr5IdVlQ,Choutaro,长太郎,bak_strings.xml,translated,yes,,
6get6Y8E,Chouichiro,长一郎,bak_strings.xml,translated,yes,,
b9VnjeKp,Choujiro,长次郎,bak_strings.xml,translated,yes,,
ZjsS13ws,Chouzaburo,长三郎,bak_strings.xml,translated,yes,,
QP1vL1Z5,Chougoro,长五郎,bak_strings.xml,translated,yes,,
onoKVXjp,Choujuro,脏话,bak_strings.xml,translated,yes,,
8Lqk2NsA,Chousuke,长介,bak_strings.xml,translated,yes,,
XWldYuhm,Chouunosuke,长之助,bak_strings.xml,translated,yes,,
q1a85TXt,Choukichi,长纪,bak_strings.xml,translated,yes,,
QCC1D0p5,Chouzo,长藏,bak_strings.xml,translated,yes,,
uA1I8WpX,Choubei,长兵卫,bak_strings.xml,translated,yes,,
S34Gm8bG,Chouzaemon,长左卫门,bak_strings.xml,translated,yes,,
7wmjr9N6,Chouemon,长右卫门,bak_strings.xml,translated,yes,,
FyfAPTam,Yotaro,与太郎,bak_strings.xml,translated,yes,,
5yIPZNOC,Yoichiro,阳一郎,bak_strings.xml,translated,yes,,
lK7DyjrE,Yojiro,与次郎,bak_strings.xml,translated,yes,,
MJ1Oqpvu,Yosaburo,与三郎,bak_strings.xml,translated,yes,,
JNR0uO1t,Yogoro,与五郎,bak_strings.xml,translated,yes,,
73ORmCAk,Yojuro,与十郎,bak_strings.xml,translated,yes,,
ZMYEFBjO,Yosuke,洋介,bak_strings.xml,translated,yes,,
EgvAhszY,Yonosuke,与之助,bak_strings.xml,translated,yes,,
NC96SIAV,Yokichi,兰吉吉,bak_strings.xml,translated,yes,,
Xr2ZmWZw,Yozo,阳三,bak_strings.xml,translated,yes,,
29MCqLs8,Yohei,阳平,bak_strings.xml,translated,yes,,
RPKbRH8T,Yozaemon,夜左卫门,bak_strings.xml,translated,yes,,
FcRcfWZy,Yoemon,与右卫门,bak_strings.xml,translated,yes,,
DhCSfZzt,Gentaro,源太郎,bak_strings.xml,translated,yes,,
DvyQIA3d,Genichiro,源一郎,bak_strings.xml,translated,yes,,
ItTycCE3,Genjiro,源二郎,bak_strings.xml,translated,yes,,
8p1CMJc0,Genzaburo,源三郎,bak_strings.xml,translated,yes,,
TZVh0WX4,Gengoro,源五郎,bak_strings.xml,translated,yes,,
WFx5O7js,Genjuro,源十郎,bak_strings.xml,translated,yes,,
cJ2lc6t0,Gensuke,源介,bak_strings.xml,translated,yes,,
geoBdNT4,Gennosuke,源之介,bak_strings.xml,translated,yes,,
m7TQ90rZ,Genzo,源藏,bak_strings.xml,translated,yes,,
TkJw9Duw,Gennai,他有,bak_strings.xml,translated,yes,,
Z1zN5otw,Genbei,源兵卫,bak_strings.xml,translated,yes,,
AbuVBtV8,Genzaemon,源左卫门,bak_strings.xml,translated,yes,,
AtsmKH9M,Genemon,吉卫门,bak_strings.xml,translated,yes,,
HG9UGvJg,Kotaro,小太郎,bak_strings.xml,translated,yes,,
8kVtgCIk,Koichiro,光一郎,bak_strings.xml,translated,yes,,
6vARoohf,Kojiro,小次郎,bak_strings.xml,translated,yes,,
Ak4DXEag,Kosaburo,小三郎,bak_strings.xml,translated,yes,,
xYhQ9Gab,Kogoro,小五郎,bak_strings.xml,translated,yes,,
KFlqyj5C,Kojuro,小十郎,bak_strings.xml,translated,yes,,
88kt2fqY,Shotaro,正太郎,bak_strings.xml,translated,yes,,
lUXZJHsr,Shoichiro,庄一郎,bak_strings.xml,translated,yes,,
yylgHdJi,Shojiro,正次郎,bak_strings.xml,translated,yes,,
WJocHKZm,Shosaburo,正三郎,bak_strings.xml,translated,yes,,
aoezMSUO,Shogoro,正五郎,bak_strings.xml,translated,yes,,
rKb72D2I,Shojuro,正十郎,bak_strings.xml,translated,yes,,
8ZO6U0MK,Shosuke,庄介,bak_strings.xml,translated,yes,,
FKcnKXmS,Shonosuke,庄之介,bak_strings.xml,translated,yes,,
w3AqbTQs,Shokichi,庄吉,bak_strings.xml,translated,yes,,
m10TL2CQ,Shozo,庄三,bak_strings.xml,translated,yes,,
enQ9CtYF,Shobei,正兵卫,bak_strings.xml,translated,yes,,
yOuFJRP1,Shozaemon,正左卫门,bak_strings.xml,translated,yes,,
nitvYEGB,Shoemon,庄右卫门,bak_strings.xml,translated,yes,,
V8VowuPM,Toutaro,重复,bak_strings.xml,translated,yes,,
TaQeyQCL,Touichiro,东一郎,bak_strings.xml,translated,yes,,
qXPONqPW,Toujiro,东次郎,bak_strings.xml,translated,yes,,
FZDkXvEM,Tousaburo,藤三郎,bak_strings.xml,translated,yes,,
2z2LglVH,Tougoro,东五郎,bak_strings.xml,translated,yes,,
V9bQ7Maa,Toujuro,东十郎,bak_strings.xml,translated,yes,,
1QBVd4da,Tousuke,东介,bak_strings.xml,translated,yes,,
SmVurwZt,Tounosuke,东之助,bak_strings.xml,translated,yes,,
Wq5qYwL7,Toukichi,藤吉,bak_strings.xml,translated,yes,,
n1btMUnd,Touzo,东藏,bak_strings.xml,translated,yes,,
wsOx7Udj,Tounai,强的,bak_strings.xml,translated,yes,,
ffaLCN8L,Toubei,藤兵卫,bak_strings.xml,translated,yes,,
WdoaF6Up,Touzaemon,东左卫门,bak_strings.xml,translated,yes,,
0TrEYRKe,Touemon,东右卫门,bak_strings.xml,translated,yes,,
cousoQ4k,Mataichiro,又一郎,bak_strings.xml,translated,yes,,
7GGb9pks,Matajiro,烦恼,bak_strings.xml,translated,yes,,
Mi6jEdGA,Matasaburo,青年,bak_strings.xml,translated,yes,,
50m6bXju,Matagoro,又五郎,bak_strings.xml,translated,yes,,
HEpg6hFQ,Matajuro,亦十郎,bak_strings.xml,translated,yes,,
EjYlRDvH,Matasuke,又介,bak_strings.xml,translated,yes,,
irRONE36,Matanosuke,亦之助,bak_strings.xml,translated,yes,,
XGQmrAxZ,Matakichi,又一,bak_strings.xml,translated,yes,,
Faecpmvv,Matazo,杀戮,bak_strings.xml,translated,yes,,
hDYNv8cs,Matabei,又部,bak_strings.xml,translated,yes,,
iXpL1lbL,Matazaemon,亦左卫门,bak_strings.xml,translated,yes,,
P4kQzauj,Mataemon,又右卫门,bak_strings.xml,translated,yes,,
5i4ToX51,Tokutaro,德太郎,bak_strings.xml,translated,yes,,
pMvZ04mm,Tokuichiro,德一郎,bak_strings.xml,translated,yes,,
INK1MJlR,Tokujiro,德次郎,bak_strings.xml,translated,yes,,
jlDVjQnu,Tokusaburo,德三郎,bak_strings.xml,translated,yes,,
HQ7qfRgD,Tokugoro,德五郎,bak_strings.xml,translated,yes,,
clrovKXi,Tokujuro,德十郎,bak_strings.xml,translated,yes,,
FQlRLvY9,Tokusuke,德助,bak_strings.xml,translated,yes,,
CCUwTZYL,Tokunosuke,德之助,bak_strings.xml,translated,yes,,
9qQ9evZv,Tokukichi,德吉,bak_strings.xml,translated,yes,,
ijnOHHSh,Tokuzo,德藏,bak_strings.xml,translated,yes,,
30Z0KoSI,Tokubei,德兵卫,bak_strings.xml,translated,yes,,
lIvG7CnE,Tokuzaemon,德左卫门,bak_strings.xml,translated,yes,,
RdMNMHrY,Tokuemon,德右卫门,bak_strings.xml,translated,yes,,
U58ZOdQG,Yataro,弥太郎,bak_strings.xml,translated,yes,,
ny1aqEL7,Yaichiro,弥一郎,bak_strings.xml,translated,yes,,
k0kehmUu,Yajiro,矢次郎,bak_strings.xml,translated,yes,,
XKMzktuD,Yasaburo,弥三郎,bak_strings.xml,translated,yes,,
EfW7Ru9p,Yagoro,矢五郎,bak_strings.xml,translated,yes,,
UUNZapL6,Yajuro,弥十郎,bak_strings.xml,translated,yes,,
4TAPNSDP,Yasuke,弥助,bak_strings.xml,translated,yes,,
STLLrKL8,Yanosuke,弥之助,bak_strings.xml,translated,yes,,
fPHEbh56,Yakichi,弥吉,bak_strings.xml,translated,yes,,
dhkBuvlk,Yazo,他来了,bak_strings.xml,translated,yes,,
Nh4tadmB,Yahei,弥兵卫,bak_strings.xml,translated,yes,,
u1LJWWKJ,Yazaemon,矢左卫门,bak_strings.xml,translated,yes,,
12lLmL2X,Yaemon,八右卫门,bak_strings.xml,translated,yes,,
9CL8y7uV,Magotaro,孙太郎,bak_strings.xml,translated,yes,,
W1Uk2bMW,Magoichiro,孙一郎,bak_strings.xml,translated,yes,,
CpstFlRL,Magojiro,烦恼,bak_strings.xml,translated,yes,,
myxmbqU0,Magozaburo,孙三郎,bak_strings.xml,translated,yes,,
BewFYzJe,Magogoro,冲突,bak_strings.xml,translated,yes,,
k2aKue4A,Magojuro,魔法法则,bak_strings.xml,translated,yes,,
Mszofuwe,Magosuke,孙介,bak_strings.xml,translated,yes,,
PG1lH9J9,Magonosuke,孙之助,bak_strings.xml,translated,yes,,
DnJOcAzi,Magokichi,孙吉,bak_strings.xml,translated,yes,,
PM82Pqwb,Magozo,孙三,bak_strings.xml,translated,yes,,
zIfoLUIX,Magobei,马戈贝,bak_strings.xml,translated,yes,,
TTt1dATj,Magozaemon,孙左卫门,bak_strings.xml,translated,yes,,
7nUQ4by7,Magoemon,孙右卫门,bak_strings.xml,translated,yes,,
kISlg1tA,Zenichiro,善一郎,bak_strings.xml,translated,yes,,
w6XY8Pw4,Zenjiro,善二郎,bak_strings.xml,translated,yes,,
Qm5bAnQX,Zenzaburo,善三郎,bak_strings.xml,translated,yes,,
Z3BeJBAS,Zengoro,善五郎,bak_strings.xml,translated,yes,,
aFnWRxFk,Zenjuro,善十郎,bak_strings.xml,translated,yes,,
6xE2RZ7l,Zensuke,善助,bak_strings.xml,translated,yes,,
XJ9ajAGZ,Zennosuke,善之助,bak_strings.xml,translated,yes,,
UhAHri58,Zenkichi,善吉,bak_strings.xml,translated,yes,,
8dQZUa4y,Zenzo,行动,bak_strings.xml,translated,yes,,
WfUZsGO1,Zennai,善内,bak_strings.xml,translated,yes,,
E2TB5J7F,Zenbei,善兵卫,bak_strings.xml,translated,yes,,
cs1H4EqR,Zenzaemon,善左卫门,bak_strings.xml,translated,yes,,
6sEaLkkL,Zenemon,善右卫门,bak_strings.xml,translated,yes,,
i62ROvkh,Kiichiro,喜一郎,bak_strings.xml,translated,yes,,
usXhU7cq,Kizaburo,黄三郎,bak_strings.xml,translated,yes,,
siR5eu2H,Kijuro,夏天,bak_strings.xml,translated,yes,,
rptigya9,Kisuke,喜助,bak_strings.xml,translated,yes,,
JRFFb5Yp,Kinosuke,木之助,bak_strings.xml,translated,yes,,
aexJxPzD,Kizo,快点,bak_strings.xml,translated,yes,,
5iJKF6OL,Souichiro,总一郎,bak_strings.xml,translated,yes,,
bOaRvMKu,Soujiro,总次郎,bak_strings.xml,translated,yes,,
KOYIX6bo,Souzaburo,宗三郎,bak_strings.xml,translated,yes,,
hQ8J9ehd,Sougoro,总五郎,bak_strings.xml,translated,yes,,
WpNXQ2Wg,Soujuro,总十郎,bak_strings.xml,translated,yes,,
MSQw9m26,Sousuke,宗介,bak_strings.xml,translated,yes,,
MSA98yTk,Sounosuke,宗之助,bak_strings.xml,translated,yes,,
BcZmXIib,Soukichi,宗吉,bak_strings.xml,translated,yes,,
FDNTSgX5,Souzo,苏佐,bak_strings.xml,translated,yes,,
QQyFUrjM,Soubei,惣兵卫,bak_strings.xml,translated,yes,,
95u0n5Gw,Souzaemon,宗左卫门,bak_strings.xml,translated,yes,,
UuJecsoc,Souemon,宗右卫门,bak_strings.xml,translated,yes,,
rC6bGIYr,Jinichiro,仁一郎,bak_strings.xml,translated,yes,,
tUuATMXL,Jinjiro,甚次郎,bak_strings.xml,translated,yes,,
5CILZ1Mw,Jinzaburo,甚三郎,bak_strings.xml,translated,yes,,
xntsULXS,Jingoro,真五郎,bak_strings.xml,translated,yes,,
3kZ6KnLw,Jinjuro,甚十郎,bak_strings.xml,translated,yes,,
1YstbZrT,Jinsuke,甚助,bak_strings.xml,translated,yes,,
ZUSD95RW,Jinnosuke,阵之助,bak_strings.xml,translated,yes,,
CifluU3w,Jinkichi,仁吉,bak_strings.xml,translated,yes,,
RtC7Igb8,Jinzo,神藏,bak_strings.xml,translated,yes,,
WYjJfaRF,Jinbei,甚兵卫,bak_strings.xml,translated,yes,,
li6FcW6d,Jinzaemon,阵左卫门,bak_strings.xml,translated,yes,,
OFRiI1ZH,Jinemon,真卫门,bak_strings.xml,translated,yes,,
PT48Pdyv,Hikoichiro,彦一郎,bak_strings.xml,translated,yes,,
qOHD4hmz,Hikojiro,彦次郎,bak_strings.xml,translated,yes,,
claatCYX,Hikozaburo,彦三郎,bak_strings.xml,translated,yes,,
LVSnchon,Hikogoro,彦五郎,bak_strings.xml,translated,yes,,
Md3I4b9A,Hikojuro,彦十郎,bak_strings.xml,translated,yes,,
NOhSVuEd,Hikosuke,彦介,bak_strings.xml,translated,yes,,
IyWeSdrc,Hikonosuke,彦之助,bak_strings.xml,translated,yes,,
Wz5ivE3j,Hikozo,移动,bak_strings.xml,translated,yes,,
4LySx3FC,Hikobei,彦兵卫,bak_strings.xml,translated,yes,,
0PkorrCr,Hikozaemon,彦左卫门,bak_strings.xml,translated,yes,,
leI5JyG8,Hikoemon,彦右卫门,bak_strings.xml,translated,yes,,
nrW2LLb4,Seiichiro,精一郎,bak_strings.xml,translated,yes,,
YqIBnGJg,Seijiro,诚次郎,bak_strings.xml,translated,yes,,
eZf87dj4,Seizaburo,清三郎,bak_strings.xml,translated,yes,,
CiuuF7Zt,Seigoro,清五郎,bak_strings.xml,translated,yes,,
Xtf9w0UQ,Seijuro,诚十郎,bak_strings.xml,translated,yes,,
ryPxfNOi,Seisuke,停顿,bak_strings.xml,translated,yes,,
OMsFEksS,Seinosuke,清之助,bak_strings.xml,translated,yes,,
Bt3wxgJc,Seizo,季节,bak_strings.xml,translated,yes,,
qctPhh4n,Seibei,清兵卫,bak_strings.xml,translated,yes,,
iwo72hty,Seizaemon,清左卫门,bak_strings.xml,translated,yes,,
23onjdyq,Seiemon,正卫门,bak_strings.xml,translated,yes,,
RP6oIBv1,Sentaro,坐下,bak_strings.xml,translated,yes,,
1XiYQZec,Senjiro,千二郎,bak_strings.xml,translated,yes,,
PHWNIb1U,Senzaburo,千三郎,bak_strings.xml,translated,yes,,
aIRIvtzt,Sengoro,千五郎,bak_strings.xml,translated,yes,,
jXS4Xyuz,Senjuro,千十郎,bak_strings.xml,translated,yes,,
wOXwXos9,Sensuke,无糖,bak_strings.xml,translated,yes,,
o6ipx7CX,Sennosuke,千之助,bak_strings.xml,translated,yes,,
GbzQmodT,Senzo,行动,bak_strings.xml,translated,yes,,
6HSVwyHm,Senbei,仙贝,bak_strings.xml,translated,yes,,
k0QkYUKf,Senzaemon,千左卫门,bak_strings.xml,translated,yes,,
HDO43hmP,Senemon,无私,bak_strings.xml,translated,yes,,
BZenLkHE,Mantaro,万太郎,bak_strings.xml,translated,yes,,
EaxgVhEA,Manjiro,万次郎,bak_strings.xml,translated,yes,,
oHVTd16T,Manzaburo,万三郎,bak_strings.xml,translated,yes,,
W1f3Xyka,Mangoro,芒果,bak_strings.xml,translated,yes,,
KQJB6tIF,Manjuro,万十郎,bak_strings.xml,translated,yes,,
Dgnokr0s,Mansuke,万助,bak_strings.xml,translated,yes,,
ZuY3PKvk,Mannosuke,万之助,bak_strings.xml,translated,yes,,
2zvbXuvD,Manzo,万藏,bak_strings.xml,translated,yes,,
DemRvjqX,Manbei,万兵卫,bak_strings.xml,translated,yes,,
xqLuC100,Manzaemon,万左卫门,bak_strings.xml,translated,yes,,
bKpT7ydh,Manemon,曼右门,bak_strings.xml,translated,yes,,
qTjJ6VNB,Kouichiro,光一郎,bak_strings.xml,translated,yes,,
OiQWNnCC,Kouzaburo,幸三郎,bak_strings.xml,translated,yes,,
alsRXQfE,Kougoro,幸五郎,bak_strings.xml,translated,yes,,
tiQigL4M,Koujuro,小十郎,bak_strings.xml,translated,yes,,
5vy1Kcut,Kousuke,幸介,bak_strings.xml,translated,yes,,
ewIhSqSg,Kounosuke,幸之助,bak_strings.xml,translated,yes,,
uUuyf0oq,Kouzo,幸三,bak_strings.xml,translated,yes,,
6JYI2cM1,Koubei,口贝,bak_strings.xml,translated,yes,,
Ucc1XJtA,Kouzaemon,高左卫门,bak_strings.xml,translated,yes,,
c0POyeDy,Kouemon,古右卫门,bak_strings.xml,translated,yes,,
8r6KNpJu,Ichitaro,一太郎,bak_strings.xml,translated,yes,,
adSaxUtg,Ichijiro,一二郎,bak_strings.xml,translated,yes,,
PHZYnyJG,Ichisaburo,一三郎,bak_strings.xml,translated,yes,,
2Zz5tOGM,Ichigoro,一五郎,bak_strings.xml,translated,yes,,
UE8Q9iLC,Ichijuro,一十郎,bak_strings.xml,translated,yes,,
A38aKm8V,Ichisuke,一助,bak_strings.xml,translated,yes,,
6maHAom2,Ichinosuke,一之助,bak_strings.xml,translated,yes,,
jGDO6UVX,Ichizo,一三,bak_strings.xml,translated,yes,,
fRC2Sv0I,Ichibei,一兵卫,bak_strings.xml,translated,yes,,
vvLImum3,Ichizaemon,知左卫门,bak_strings.xml,translated,yes,,
qzEnN6b2,Ichiemon,一右卫门,bak_strings.xml,translated,yes,,
Bv1SBqYA,Dentaro,假牙,bak_strings.xml,translated,yes,,
0iGkPeDd,Denichiro,传一郎,bak_strings.xml,translated,yes,,
1jKdOkXK,Denjiro,传次郎,bak_strings.xml,translated,yes,,
oS7aAM2u,Densaburo,传三郎,bak_strings.xml,translated,yes,,
0676hgZd,Dengoro,传五郎,bak_strings.xml,translated,yes,,
4rt2PIJj,Denjuro,传十郎,bak_strings.xml,translated,yes,,
vrNgITIa,Densuke,传介,bak_strings.xml,translated,yes,,
bSnAdlUv,Dennosuke,传之助,bak_strings.xml,translated,yes,,
n8ygcUdT,Denzo,传藏,bak_strings.xml,translated,yes,,
uL8OvdBZ,Dennai,德内,bak_strings.xml,translated,yes,,
ENaKTTDb,Denbei,伝兵卫,bak_strings.xml,translated,yes,,
EVBmSHD1,Denzaemon,传左卫门,bak_strings.xml,translated,yes,,
F3NFayMh,Denemon,恶魔,bak_strings.xml,translated,yes,,
5YYTcaY5,Buntaro,文太郎,bak_strings.xml,translated,yes,,
5PkRFEfl,Bunichiro,文一郎,bak_strings.xml,translated,yes,,
3kNHKBLR,Bunjiro,一个挑战,bak_strings.xml,translated,yes,,
bxtXeEFE,Bunsaburo,文三郎,bak_strings.xml,translated,yes,,
0iBcR9Oj,Bungoro,丰五郎,bak_strings.xml,translated,yes,,
Fg3jIKFw,Bunjuro,文十郎,bak_strings.xml,translated,yes,,
rvIN9ZTT,Bunsuke,关闭,bak_strings.xml,translated,yes,,
7I5vZfW3,Bunnosuke,文之助,bak_strings.xml,translated,yes,,
6wEnMxwM,Bunzo,文藏,bak_strings.xml,translated,yes,,
csOTlDG2,Bunnai,文内,bak_strings.xml,translated,yes,,
Ild4lSX7,Bunbei,再见,bak_strings.xml,translated,yes,,
IhUPTgiY,Bunzaemon,文左卫门,bak_strings.xml,translated,yes,,
xwzqFQHe,Bunemon,文卫门,bak_strings.xml,translated,yes,,
xNuFAChh,Kyutaro,久太郎,bak_strings.xml,translated,yes,,
PGONDRwL,Kyuichiro,久一郎,bak_strings.xml,translated,yes,,
YphWCH0O,Kyujiro,久次郎,bak_strings.xml,translated,yes,,
RK9XaxfL,Kyusaburo,久三郎,bak_strings.xml,translated,yes,,
jCPhfeQe,Kyugoro,久五郎,bak_strings.xml,translated,yes,,
whdi1PqW,Kyujuro,九十郎,bak_strings.xml,translated,yes,,
qboKlFcb,Kyusuke,久介,bak_strings.xml,translated,yes,,
IqtNcUKR,Kyunosuke,久之介,bak_strings.xml,translated,yes,,
EnAKh2jl,Kyuzo,久三,bak_strings.xml,translated,yes,,
kmP42SIm,Kyunai,久内,bak_strings.xml,translated,yes,,
6lv28NaV,Kyubei,久兵卫,bak_strings.xml,translated,yes,,
WtrhY68f,Kyuzaemon,久左卫门,bak_strings.xml,translated,yes,,
UoyQxG88,Kyuemon,久右卫门,bak_strings.xml,translated,yes,,
RgM49V8I,Risuke,利介,bak_strings.xml,translated,yes,,
rOuEyl4j,Rihei,理平,bak_strings.xml,translated,yes,,
WtGggyWu,Tomotaro,友太郎,bak_strings.xml,translated,yes,,
FALveYtm,Tomoichiro,智一郎,bak_strings.xml,translated,yes,,
cPCDrqQ9,Tomojiro,友次郎,bak_strings.xml,translated,yes,,
FrCZl1Kc,Tomosaburo,友三郎,bak_strings.xml,translated,yes,,
aTLCRfbo,Tomogoro,友五郎,bak_strings.xml,translated,yes,,
VJ8JjKdn,Tomojuro,智十郎,bak_strings.xml,translated,yes,,
eybQD7fW,Tomosuke,友介,bak_strings.xml,translated,yes,,
ouJSaXMs,Tomonosuke,友之助,bak_strings.xml,translated,yes,,
5cUv40An,Tomozo,友三,bak_strings.xml,translated,yes,,
EkbEmCds,Mosuke,茂助,bak_strings.xml,translated,yes,,
jskM3d0i,Mohei,莫黑,bak_strings.xml,translated,yes,,
NrA6HIZh,Kintaro,金太郎,bak_strings.xml,translated,yes,,
848CJxJF,Kinichiro,庆一郎,bak_strings.xml,translated,yes,,
7Y0EXAUF,Kinjiro,金二郎,bak_strings.xml,translated,yes,,
YscUSvVM,Kinsaburo,金三郎,bak_strings.xml,translated,yes,,
XFTScKgz,Kingoro,金五郎,bak_strings.xml,translated,yes,,
NGdaEade,Kinjuro,金十郎,bak_strings.xml,translated,yes,,
TZ1EuCNG,Kinsuke,金助,bak_strings.xml,translated,yes,,
4MflqKiV,Kinnosuke,金之助,bak_strings.xml,translated,yes,,
FNMFahJE,Kinzo,金藏,bak_strings.xml,translated,yes,,
cRihXQNl,Kinbei,金兵卫,bak_strings.xml,translated,yes,,
4CONhzCA,Kinzaemon,金左卫门,bak_strings.xml,translated,yes,,
96CxYziS,Kinemon,锦卫门,bak_strings.xml,translated,yes,,
x0UuCfZy,Kametaro,相机,bak_strings.xml,translated,yes,,
ZfUBVs4h,Kameichiro,龟一郎,bak_strings.xml,translated,yes,,
a01TqKHx,Kamejiro,龟二郎,bak_strings.xml,translated,yes,,
OfQZK6DU,Kamesaburo,龟三郎,bak_strings.xml,translated,yes,,
xyMCyFya,Kamegoro,龟五郎,bak_strings.xml,translated,yes,,
4enmAjQG,Kamejuro,龟十郎,bak_strings.xml,translated,yes,,
2RTqEBHZ,Kamesuke,龟助,bak_strings.xml,translated,yes,,
DsdZZ7ls,Kamenosuke,龟之助,bak_strings.xml,translated,yes,,
nhWIvnQN,Kamezo,龟三,bak_strings.xml,translated,yes,,
22qdH8rc,Tsurutaro,鹤太郎,bak_strings.xml,translated,yes,,
sAfPsIZ8,Tsuruichiro,鹤一郎,bak_strings.xml,translated,yes,,
kfHjrOIs,Tsurujiro,鹤二郎,bak_strings.xml,translated,yes,,
5CSrGJfb,Tsurusaburo,鹤三郎,bak_strings.xml,translated,yes,,
wkcqyrPI,Tsurugoro,鹤五郎,bak_strings.xml,translated,yes,,
EugzWPXo,Tsurujuro,鹤十郎,bak_strings.xml,translated,yes,,
p0vR6eJa,Tsurusuke,鹤介,bak_strings.xml,translated,yes,,
7N515T5W,Tsurunosuke,鹤之助,bak_strings.xml,translated,yes,,
oUA7SxtT,Tsuruzo,鹤造,bak_strings.xml,translated,yes,,
oTCqcyRD,Sakutaro,作太郎,bak_strings.xml,translated,yes,,
jJYN1RwQ,Sakuichiro,作一郎,bak_strings.xml,translated,yes,,
VHEgq8bQ,Sakujiro,作次郎,bak_strings.xml,translated,yes,,
7qfdlqBi,Sakusaburo,作三郎,bak_strings.xml,translated,yes,,
WeUjfIJ1,Sakugoro,作五郎,bak_strings.xml,translated,yes,,
ZzfKmRnj,Sakujuro,作十郎,bak_strings.xml,translated,yes,,
vSeWlxFv,Sakusuke,作介,bak_strings.xml,translated,yes,,
PruyWPPU,Sakunosuke,作之助,bak_strings.xml,translated,yes,,
IqqhbpKT,Sakuzo,作三,bak_strings.xml,translated,yes,,
Jts7a19A,Sakubei,作兵卫,bak_strings.xml,translated,yes,,
uzEmlox6,Iichiro,一郎,bak_strings.xml,translated,yes,,
9iBq0QQK,Izaburo,警告,bak_strings.xml,translated,yes,,
2AiJGGSn,Ijuro,夏天,bak_strings.xml,translated,yes,,
CTOORbUG,Isuke,它消失了,bak_strings.xml,translated,yes,,
jGQAK7wi,Inosuke,猪助,bak_strings.xml,translated,yes,,
ZzQtwy55,Izo,伊藏,bak_strings.xml,translated,yes,,
1DpmL0dT,Ihei,伊平,bak_strings.xml,translated,yes,,
M24CQ7LC,Izaemon,伊左卫门,bak_strings.xml,translated,yes,,
0HhVmhAb,Iemon,某物,bak_strings.xml,translated,yes,,
M7NqDxH8,Sasuke,佐助,bak_strings.xml,translated,yes,,
mCtJGBTR,Tarozaemon,太郎左卫门,bak_strings.xml,translated,yes,,
0dcfuOXl,Taroemon,太郎右卫门,bak_strings.xml,translated,yes,,
MvkAmOXM,Jirozaemon,次郎左卫门,bak_strings.xml,translated,yes,,
6xKoyc6E,Hiroemon,广右卫门,bak_strings.xml,translated,yes,,
hNnejvkq,Saburozaemon,三郎左卫门,bak_strings.xml,translated,yes,,
h8G0fO3K,Saburoemon,三郎右卫门,bak_strings.xml,translated,yes,,
kNjiQUn5,Shirozaemon,白左卫门,bak_strings.xml,translated,yes,,
KeKB3A1g,Shiroemon,白右卫门,bak_strings.xml,translated,yes,,
p2JXgAFZ,Gorozaemon,五郎左卫门,bak_strings.xml,translated,yes,,
Z62OstUb,Goroemon,五郎右卫门,bak_strings.xml,translated,yes,,
ab4sZWzd,Ai,人工智能,bak_strings.xml,translated,yes,,
japJIRRy,Ao,至,bak_strings.xml,translated,yes,,
VHbcxIU1,Aka,阿卡,bak_strings.xml,translated,yes,,
CMxdilZo,Aki,阿艺,bak_strings.xml,translated,yes,,
oldI3981,Asa,阿萨,bak_strings.xml,translated,yes,,
IrnQzBvz,Ashi,足,bak_strings.xml,translated,yes,,
ONWqd9Hd,Kumamoto,熊本,bak_strings.xml,translated,yes,,
u9Pq27aa,Ama,阿间,bak_strings.xml,translated,yes,,
bLckTBYg,Ami,阿美,bak_strings.xml,translated,yes,,
Yk5AaGis,Aya,绫,bak_strings.xml,translated,yes,,
9spwFIMF,Ayu,香鱼,bak_strings.xml,translated,yes,,
icH6H6qJ,Ara,荒,bak_strings.xml,translated,yes,,
UgdrhMLn,Awa,阿波,bak_strings.xml,translated,yes,,
Anthc16w,Iki,直到,bak_strings.xml,translated,yes,,
qimV9Hxm,Iku,郁,bak_strings.xml,translated,yes,,
T6f6o1Bn,Isi,伊西,bak_strings.xml,translated,yes,,
G3bhQAAE,Ise,然而,bak_strings.xml,translated,yes,,
c7q2fLjb,Iso,伊索,bak_strings.xml,translated,yes,,
p3I674Qb,Iti,市,bak_strings.xml,translated,yes,,
B3kJ5DP4,Ina,伊娜,bak_strings.xml,translated,yes,,
soDfj3wG,Ine,伊根,bak_strings.xml,translated,yes,,
gK8vPJRo,Ima,今,bak_strings.xml,translated,yes,,
TQiCvmEX,Iyo,伊予,bak_strings.xml,translated,yes,,
hL7n98V7,Uki,宇木,bak_strings.xml,translated,yes,,
Rjj08KZk,Usu,乌苏,bak_strings.xml,translated,yes,,
1tp1eT1f,Uta,歌,bak_strings.xml,translated,yes,,
FNz4NI40,Une,一个,bak_strings.xml,translated,yes,,
HnHrluJJ,Umi,乌米,bak_strings.xml,translated,yes,,
gE3Hqou8,Ume,梅,bak_strings.xml,translated,yes,,
1I8FC31x,Uya,宇也,bak_strings.xml,translated,yes,,
Sl3saZgp,Ura,浦,bak_strings.xml,translated,yes,,
qfFDtDwr,Uri,乌里,bak_strings.xml,translated,yes,,
RJSAXUMm,Uzu,使用,bak_strings.xml,translated,yes,,
j4HdI45k,Ena,惠那,bak_strings.xml,translated,yes,,
L7msLwYi,Ema,绘马,bak_strings.xml,translated,yes,,
LT0jytMw,Emi,惠美,bak_strings.xml,translated,yes,,
HFBFS90C,Oki,冲木,bak_strings.xml,translated,yes,,
DsOfIrAJ,Oku,奥,bak_strings.xml,translated,yes,,
s9l9Q3k4,Otu,一,bak_strings.xml,translated,yes,,
TxdyO9Ap,Oto,奥托,bak_strings.xml,translated,yes,,
gyuAycqs,Kai,甲斐,bak_strings.xml,translated,yes,,
up78idxc,Kane,凯恩,bak_strings.xml,translated,yes,,
VT6HjYzj,Kano,卡诺,bak_strings.xml,translated,yes,,
8k3FCmKN,Kaho,建造,bak_strings.xml,translated,yes,,
KSdRaHkS,Kame,龟,bak_strings.xml,translated,yes,,
ujfb2pFG,Kaya,所以,bak_strings.xml,translated,yes,,
IOqdIxCq,Kayo,加代,bak_strings.xml,translated,yes,,
kv3ndFaH,Kiku,菊,bak_strings.xml,translated,yes,,
Pv7ea4X6,Kisi,覆盖,bak_strings.xml,translated,yes,,
EW5X2f0M,Kise,木濑,bak_strings.xml,translated,yes,,
zdb2NTCA,Kiso,一个吻,bak_strings.xml,translated,yes,,
jLY0MV0K,Kita,北,bak_strings.xml,translated,yes,,
6wI9KqdW,Kiti,吉地,bak_strings.xml,translated,yes,,
FEKGGq4E,Kitu,某物,bak_strings.xml,translated,yes,,
UmIltDrq,Kina,深度,bak_strings.xml,translated,yes,,
RI8N5c4R,Kima,评估,bak_strings.xml,translated,yes,,
8WfG5S6b,Kinu,中国,bak_strings.xml,translated,yes,,
sfFxUyMo,Kine,凯恩,bak_strings.xml,translated,yes,,
mWIkRnp4,Kino,邪恶的,bak_strings.xml,translated,yes,,
KmjDf7sk,Kiyo,选育,bak_strings.xml,translated,yes,,
1I1ml2CF,Kin,亲属,bak_strings.xml,translated,yes,,
TelT9dGO,Kusi,很诱人,bak_strings.xml,translated,yes,,
gJqMupbd,Kuni,直到,bak_strings.xml,translated,yes,,
ClZg7i2D,Kuma,对你也一样,bak_strings.xml,translated,yes,,
evYMHyLJ,Kuri,栗,bak_strings.xml,translated,yes,,
0VtFmtbM,Kura,哪一个,bak_strings.xml,translated,yes,,
zKgtrFlM,Kuwa,桑,bak_strings.xml,translated,yes,,
XvOb3Vwc,Kesa,袈裟,bak_strings.xml,translated,yes,,
1JS0UhVH,Koi,锦鲤,bak_strings.xml,translated,yes,,
bmxZofcA,Kosi,科西,bak_strings.xml,translated,yes,,
3O8nA90w,Koto,江东,bak_strings.xml,translated,yes,,
9mxqMpWp,Sai,赛伊,bak_strings.xml,translated,yes,,
5m4AaikN,Sae,萨埃,bak_strings.xml,translated,yes,,
6RyBbZzh,Saki,萨基,bak_strings.xml,translated,yes,,
TlcOPE8V,Sati,萨蒂,bak_strings.xml,translated,yes,,
b5jjvG8v,Sato,佐藤,bak_strings.xml,translated,yes,,
A0nnN1Bs,Sana,很多,bak_strings.xml,translated,yes,,
3ZG5q6fC,Sane,萨内,bak_strings.xml,translated,yes,,
4Qq2nraH,Saya,小夜,bak_strings.xml,translated,yes,,
LTGg9VfY,Sayo,小夜,bak_strings.xml,translated,yes,,
te1zrRcu,Sawa,好的,bak_strings.xml,translated,yes,,
V8ZjxSqh,San,三,bak_strings.xml,translated,yes,,
uH3PP2vd,Sii,椎,bak_strings.xml,translated,yes,,
cltMCIte,Sie,志江,bak_strings.xml,translated,yes,,
eIRxHAfM,Sino,西诺,bak_strings.xml,translated,yes,,
p0pwjEGg,Sima,司马,bak_strings.xml,translated,yes,,
LkpYelD5,Sira,西拉,bak_strings.xml,translated,yes,,
qq7IhZqX,Sige,重,bak_strings.xml,translated,yes,,
txd54Uxq,Sizu,静,bak_strings.xml,translated,yes,,
Rpp0GkVb,Sue,起诉,bak_strings.xml,translated,yes,,
DsMiOMAl,Sumi,须弥,bak_strings.xml,translated,yes,,
Co6CVsTn,Suwa,诹访,bak_strings.xml,translated,yes,,
9PFPNnut,Suzu,铃,bak_strings.xml,translated,yes,,
LciAOoxg,Seki,关,bak_strings.xml,translated,yes,,
90tYcZnV,Sena,塞纳,bak_strings.xml,translated,yes,,
C0WToKkS,Seri,塞里,bak_strings.xml,translated,yes,,
ALmaRDqh,Sen,森,bak_strings.xml,translated,yes,,
LdhmLcqT,Sono,园,bak_strings.xml,translated,yes,,
p7HhzIOW,Some,一些,bak_strings.xml,translated,yes,,
qJl74TrM,Sora,索拉,bak_strings.xml,translated,yes,,
hFoAOFav,Tae,泰埃,bak_strings.xml,translated,yes,,
euu2KEpY,Taka,高,bak_strings.xml,translated,yes,,
BdezqiyJ,Taki,这样的,bak_strings.xml,translated,yes,,
KxoQul8K,Take,武,bak_strings.xml,translated,yes,,
gHTh0qbu,Tatu,三,bak_strings.xml,translated,yes,,
rqJlNuAP,Tani,谷,bak_strings.xml,translated,yes,,
DBzh6GCw,Tane,单元,bak_strings.xml,translated,yes,,
gGpyeF6m,Tama,多摩,bak_strings.xml,translated,yes,,
BtvJlQvJ,Tami,塔米,bak_strings.xml,translated,yes,,
788TRav9,Tame,驯服,bak_strings.xml,translated,yes,,
3ndapyaU,Tie,领带,bak_strings.xml,translated,yes,,
gSk9DM6l,Tika,正确的,bak_strings.xml,translated,yes,,
FPFqiv7a,Tise,编织,bak_strings.xml,translated,yes,,
aHHPOcUo,Tita,蒂塔,bak_strings.xml,translated,yes,,
cfJP1a1D,Tino,绝对地,bak_strings.xml,translated,yes,,
OyxDo16q,Tiyo,管道,bak_strings.xml,translated,yes,,
UZrCJPZv,Tuki,月,bak_strings.xml,translated,yes,,
fJzk4BNs,Tuta,所有的,bak_strings.xml,translated,yes,,
whxtdqVI,Tuna,纲,bak_strings.xml,translated,yes,,
ZBK2n7tg,Tune,常,bak_strings.xml,translated,yes,,
Imo98lXX,Tuya,津谷,bak_strings.xml,translated,yes,,
PZbf10XQ,Tuyu,干燥,bak_strings.xml,translated,yes,,
6HSzptnS,Turu,市场,bak_strings.xml,translated,yes,,
J0UsxkRC,Tei,亭,bak_strings.xml,translated,yes,,
g1qXRvel,Teru,辉,bak_strings.xml,translated,yes,,
a3VKcfJa,Toi,土井,bak_strings.xml,translated,yes,,
T62NIiA6,Toki,当然,bak_strings.xml,translated,yes,,
TFs4nM7I,Toku,德,bak_strings.xml,translated,yes,,
ZzRx1abW,Tosa,土佐,bak_strings.xml,translated,yes,,
ecTaQB7j,Tosi,托西,bak_strings.xml,translated,yes,,
TJMitVon,Tose,利世,bak_strings.xml,translated,yes,,
XZlG26oj,Toti,栃,bak_strings.xml,translated,yes,,
kFitx5pm,Tone,语气,bak_strings.xml,translated,yes,,
VRx7ynCm,Tome,大部头书,bak_strings.xml,translated,yes,,
iqkzFqot,Toyo,东洋,bak_strings.xml,translated,yes,,
VwDXADid,Tora,虎,bak_strings.xml,translated,yes,,
Di20AtpT,Towa,东和,bak_strings.xml,translated,yes,,
ZzWzXLht,Nae,奈江,bak_strings.xml,translated,yes,,
nDpHHmR1,Nao,奈绪,bak_strings.xml,translated,yes,,
ZEmO4WfN,Naka,中,bak_strings.xml,translated,yes,,
3x8xcHOj,Natu,纳图,bak_strings.xml,translated,yes,,
tT546r7c,Nana,娜娜,bak_strings.xml,translated,yes,,
eVbD6jeL,Nami,娜美,bak_strings.xml,translated,yes,,
VPUvGEii,Nawa,名和,bak_strings.xml,translated,yes,,
kVvV6i76,Nisi,一些,bak_strings.xml,translated,yes,,
NyCRcnms,Nei,根井,bak_strings.xml,translated,yes,,
AiQKTb3M,Nene,内内,bak_strings.xml,translated,yes,,
HEKsNIc0,Noe,某物,bak_strings.xml,translated,yes,,
nFeGwvdW,Noto,能登,bak_strings.xml,translated,yes,,
CGlpxIRk,Haku,白,bak_strings.xml,translated,yes,,
4RaBnJJd,Hasu,莲,bak_strings.xml,translated,yes,,
bucIcjxy,Hata,甚至,bak_strings.xml,translated,yes,,
oA19rmhg,Hatu,初,bak_strings.xml,translated,yes,,
2uCie4Q2,Hana,花,bak_strings.xml,translated,yes,,
OcCRaagX,Haru,哈鲁,bak_strings.xml,translated,yes,,
ue0urULM,Hisa,库存,bak_strings.xml,translated,yes,,
EJpUBSCs,Hisi,感觉,bak_strings.xml,translated,yes,,
6HoPLMn3,Hina,雏,bak_strings.xml,translated,yes,,
vY9Bp6uB,Fuki,吹,bak_strings.xml,translated,yes,,
9LTZ9XB7,Fuku,福,bak_strings.xml,translated,yes,,
4UmAhqew,Fusa,大惊小怪,bak_strings.xml,translated,yes,,
UohnfxGD,Fusi,拥抱,bak_strings.xml,translated,yes,,
XCHQC5f3,Futi,再次,bak_strings.xml,translated,yes,,
KyQ1C73j,Funa,搜索,bak_strings.xml,translated,yes,,
Gnl8tupV,Fune,绳索,bak_strings.xml,translated,yes,,
4akZ5HEq,Fumi,文,bak_strings.xml,translated,yes,,
kLALO29g,Fuzi,模糊,bak_strings.xml,translated,yes,,
88hLDKtN,Mai,麻衣,bak_strings.xml,translated,yes,,
gxfZ2w3W,Masa,时间,bak_strings.xml,translated,yes,,
yJXssD0P,Masu,业主,bak_strings.xml,translated,yes,,
LJyp9AKZ,Matu,头发,bak_strings.xml,translated,yes,,
bj63fnCB,Mana,法力,bak_strings.xml,translated,yes,,
4rWDHouO,Mame,玛梅,bak_strings.xml,translated,yes,,
qXNWMbUO,Mayu,真由,bak_strings.xml,translated,yes,,
wblnzRnV,Mari,马里,bak_strings.xml,translated,yes,,
ufNTpzmv,Mie,三重,bak_strings.xml,translated,yes,,
LuePJv7g,Miti,树木,bak_strings.xml,translated,yes,,
PV5iDOtM,Mitu,美津,bak_strings.xml,translated,yes,,
D7la9JKQ,Mina,米娜,bak_strings.xml,translated,yes,,
Gu1BKtTu,Mine,峰,bak_strings.xml,translated,yes,,
6kg6dx0j,Miya,宫,bak_strings.xml,translated,yes,,
ZMQ1VDUl,Miyo,美代,bak_strings.xml,translated,yes,,
DvL7f4QU,Moto,摩托,bak_strings.xml,translated,yes,,
aq9b50cV,Momo,莫莫,bak_strings.xml,translated,yes,,
wRPynz1h,Yae,八重,bak_strings.xml,translated,yes,,
eHd1rxID,Yasu,亚苏,bak_strings.xml,translated,yes,,
sufwawfp,Yui,唯,bak_strings.xml,translated,yes,,
q8EmtRbW,Yuna,尤娜,bak_strings.xml,translated,yes,,
vnjOoU7B,Yumi,弓,bak_strings.xml,translated,yes,,
0b9APW9w,Yume,梦,bak_strings.xml,translated,yes,,
yjmoZDpL,Yuri,尤里,bak_strings.xml,translated,yes,,
y3LihP27,Yosi,耀西,bak_strings.xml,translated,yes,,
ynSceRn1,Yona,尤娜,bak_strings.xml,translated,yes,,
llXWtjvk,Yone,再次,bak_strings.xml,translated,yes,,
keDd7GwF,Yono,与野,bak_strings.xml,translated,yes,,
p2YaumtD,Rie,理惠,bak_strings.xml,translated,yes,,
6BuhQ3yC,Riku,利库,bak_strings.xml,translated,yes,,
LVLqSHsN,Risa,里沙,bak_strings.xml,translated,yes,,
dUUYeeqh,Ritu,瑞图,bak_strings.xml,translated,yes,,
xdlCLqcy,Rin,凛,bak_strings.xml,translated,yes,,
zLwhd8EY,Rui,锐,bak_strings.xml,translated,yes,,
IVbOeER4,Ruri,瑠璃,bak_strings.xml,translated,yes,,
SNAlZ25g,Kamahara,记住,bak_strings.xml,translated,yes,,
s5OF0IgD,Matsushita,松下,bak_strings.xml,translated,yes,,
pX3UiO6u,Okuyama,奥山,bak_strings.xml,translated,yes,,
NOdQLGHo,Uemura,上村,bak_strings.xml,translated,yes,,
KzddrTY6,Hiraiwa,平岩,bak_strings.xml,translated,yes,,
X62QLJ9n,Ōsuga,大须贺,bak_strings.xml,translated,yes,,
NIElosXN,Inagaki,稻垣,bak_strings.xml,translated,yes,,
FbwQawMP,Itakura,它不会老化,bak_strings.xml,translated,yes,,
zItxWuhw,Saji,服务,bak_strings.xml,translated,yes,,
DYcmhaec,Hirano,平野,bak_strings.xml,translated,yes,,
cKmxbhCS,Maeno,地点,bak_strings.xml,translated,yes,,
dPbbo3wV,Kawajiri,川尻,bak_strings.xml,translated,yes,,
TverdHvf,Tsubouchi,坪内,bak_strings.xml,translated,yes,,
4sBs4QBv,Horio,堀,bak_strings.xml,translated,yes,,
1VXLYCzS,Hitotsuyanagi,一柳,bak_strings.xml,translated,yes,,
eOPxRtP0,Hotta,堀田,bak_strings.xml,translated,yes,,
ymrFRnrW,Koide,小出,bak_strings.xml,translated,yes,,
EuZYLsjt,Kuwayama,桑山,bak_strings.xml,translated,yes,,
TctYsNIg,Arao,荒尾,bak_strings.xml,translated,yes,,
z9zkacmg,Edo{newline}{newline}Foreign Merchant: French,江户{newline}{newline}外国商人：法国,bak_strings.xml,translated,yes,{newline} | {newline},{newline} | {newline}
XM9EPZDi,Satsuma,萨摩,bak_strings.xml,translated,yes,,
60nJZSa2,TODO{newline}{newline}Foreign Merchant: Dutch,萨摩在幕末末期占有独特的地位。岛津诸侯保持半独立，按照自己的条件加入幕府，同时基本上保持不可征服的状态。该藩高度军事化，拥有密集的五子武士网络和独特的城堡系统。萨摩武士以其忠诚而闻名，首先被认为是萨摩男人，该藩在支持明治时代的亲帝国运动中发挥了关键作用。{newline}{newline}外国商人：英国人,bak_strings.xml,translated,yes,{newline} | {newline},{newline} | {newline}
ZdBXMo7L,Akizuki,秋月,bak_strings.xml,translated,yes,,
46fsk7gw,Asou,麻生,bak_strings.xml,translated,yes,,
JWeFzVlO,Nuki,移动,bak_strings.xml,translated,yes,,
pwYAuMyG,Katsuki,胜希,bak_strings.xml,translated,yes,,
YgTsZMc0,Kiroki,桐木,bak_strings.xml,translated,yes,,
UeORdILD,Chikushi,筑紫,bak_strings.xml,translated,yes,,
KssObQt2,Saigo,西乡,bak_strings.xml,translated,yes,,
VSE45J5r,Shiga,志贺,bak_strings.xml,translated,yes,,
JkFrZzdM,Kamata,镰田,bak_strings.xml,translated,yes,,
p0krwhS7,Himeno,处女膜,bak_strings.xml,translated,yes,,
TztBu7HI,Shibue,涩江,bak_strings.xml,translated,yes,,
ac95GhXU,Shisa,烧伤,bak_strings.xml,translated,yes,,
pdwy8MTC,Mitai,神话,bak_strings.xml,translated,yes,,
gWlW80aW,Fukabori,深堀,bak_strings.xml,translated,yes,,
Ie9Vn818,Akahoshi,赤星,bak_strings.xml,translated,yes,,
uboP42ci,Ijichi,绑定,bak_strings.xml,translated,yes,,
AuwGwWpz,Hishikari,菱狩,bak_strings.xml,translated,yes,,
ADarelik,Shikine,式根,bak_strings.xml,translated,yes,,
XM9EPKur,Kurume,行进,bak_strings.xml,translated,yes,,
XM9EPKuM,Kumamoto,熊本,bak_strings.xml,translated,yes,,
XM9EPHio,Hitoyoshi,人吉,bak_strings.xml,translated,yes,,
XM9EPFuK,Fukuoka,福冈,bak_strings.xml,translated,yes,,
XM9EPKoK,Kokura,关于,bak_strings.xml,translated,yes,,
XM9EPSag,Saga,佐贺,bak_strings.xml,translated,yes,,
dN143uK3,TODO{newline}{newline}Foreign Merchant: Dutch,待补充{newline}{newline}外国商人：英国,bak_strings.xml,translated,yes,{newline} | {newline},{newline} | {newline}
tvHNsbSX,Ichimiya,一宫,bak_strings.xml,translated,yes,,
sA7HhHFB,Kaifu,海府,bak_strings.xml,translated,yes,,
Ppt5KaxP,Hayuka,早香,bak_strings.xml,translated,yes,,
gjKusDBC,Sangawa,三河,bak_strings.xml,translated,yes,,
XhI0s8qx,Shigemi,茂美,bak_strings.xml,translated,yes,,
1YztovH5,Kutsuna,作为邀请,bak_strings.xml,translated,yes,,
404D726C,Ōhira,大平,bak_strings.xml,translated,yes,,
FPQpRwnh,Toyonaga,丰永,bak_strings.xml,translated,yes,,
DjV5rjFQ,Kataoka,片冈,bak_strings.xml,translated,yes,,
hE9AOZAC,Kaneko,金子,bak_strings.xml,translated,yes,,
aEAoHKyE,Futagami,二神,bak_strings.xml,translated,yes,,
BsUY9ZLW,Niu,牛,bak_strings.xml,translated,yes,,
TokMv6H8,Tokushima,德岛,bak_strings.xml,translated,yes,,
UwaMv6H8,Uwajima,宇和岛,bak_strings.xml,translated,yes,,
DMaMv6H8,Matsuyama,松山,bak_strings.xml,translated,yes,,
DOmMv6H8,Ozu,小津,bak_strings.xml,translated,yes,,
NFOJEwiL,TODO{newline}{newline}Foreign Merchant: British,长州,bak_strings.xml,translated,no,{newline} | {newline},
kzv0BtxU,Hanafusa,花房,bak_strings.xml,translated,yes,,
P1I5mIT8,Sho,翔,bak_strings.xml,translated,yes,,
x8A5c8Wk,Niimi,姓名,bak_strings.xml,translated,yes,,
KO6lqs1w,Zinzai,神西,bak_strings.xml,translated,yes,,
HnHDgRY0,En'ya,恩雅,bak_strings.xml,translated,yes,,
Kq7WRvBH,Shinji,慎二,bak_strings.xml,translated,yes,,
8eBExVTe,Sugihara,杉原,bak_strings.xml,translated,yes,,
hY1KrG2x,Hiraga,平贺,bak_strings.xml,translated,yes,,
OfficN1P,Kodama,儿玉,bak_strings.xml,translated,yes,,
tPGBJUID,Sugi,杉,bak_strings.xml,translated,yes,,
KiR6iXcV,Niho,牙齿,bak_strings.xml,translated,yes,,
pQS7UiSK,Mitoya,三户也,bak_strings.xml,translated,yes,,
3py6EHDc,Wachi,和智,bak_strings.xml,translated,yes,,
R3EGi6FD,Akana,阿卡纳,bak_strings.xml,translated,yes,,
zK2a2OoY,Awaya,斗争,bak_strings.xml,translated,yes,,
NFOJEHir,Hiroshima{newline}{newline}Foreign Merchant: British,广岛,bak_strings.xml,translated,no,{newline} | {newline},
NFOJETot,Tottori{newline}{newline}Foreign Merchant: Dutch,鸟取,bak_strings.xml,translated,no,{newline} | {newline},
Z1qR2Oka,Okayama,冈山,bak_strings.xml,translated,yes,,
Z1qR2OkA,Okayama{newline}{newline}Foreign Merchant: Dutch,冈山{newline}{newline}外国商人：荷兰人,bak_strings.xml,translated,yes,{newline} | {newline},{newline} | {newline}
Ugk9KYNS,Fujisawa,藤泽,bak_strings.xml,translated,yes,,
BAvYCzuQ,Shimojo,下条,bak_strings.xml,translated,yes,,
jdxpV7wS,Mochizuki,望月,bak_strings.xml,translated,yes,,
kq6avh9h,Ōi,大井,bak_strings.xml,translated,yes,,
gGGTekAP,Yashiro,八代,bak_strings.xml,translated,yes,,
JSR07qWX,Katagiri,片桐,bak_strings.xml,translated,yes,,
VZKnCOUM,Osade,部分,bak_strings.xml,translated,yes,,
GfcPzkoQ,Shimosone,下根,bak_strings.xml,translated,yes,,
hBk9SoIe,Sakanishi,坂西,bak_strings.xml,translated,yes,,
x2WcAdbW,Kurita,栗田,bak_strings.xml,translated,yes,,
49gZum2a,Ōhigata,大日方,bak_strings.xml,translated,yes,,
tzR6iSFJ,Washimi,鹫见,bak_strings.xml,translated,yes,,
kscN65DH,Fuwa,不破,bak_strings.xml,translated,yes,,
NhmrBf5e,Hineno,昨天,bak_strings.xml,translated,yes,,
KoUScJZu,Kunieda,国枝,bak_strings.xml,translated,yes,,
pDDXXt20,Takekoshi,武越,bak_strings.xml,translated,yes,,
yveyAGxB,Marumo,丸茂,bak_strings.xml,translated,yes,,
yBr808vb,Hirose,广濑,bak_strings.xml,translated,yes,,
KYbMt1uP,Iwashita,岩下,bak_strings.xml,translated,yes,,
7scrIsjj,Atobe,迹部,bak_strings.xml,translated,yes,,
Rsom7ttN,Kinai,彦根,bak_strings.xml,translated,yes,,
JuSWnmm9,Kozukuri,小作,bak_strings.xml,translated,yes,,
TwGHHEo4,Hosono,细野,bak_strings.xml,translated,yes,,
4ryYW6y1,Ōkouchi,大河内,bak_strings.xml,translated,yes,,
yMlYRwy8,Akahori,赤堀,bak_strings.xml,translated,yes,,
Z01eNIVq,Takashima,高岛,bak_strings.xml,translated,yes,,
jahoJ9Op,Kutsuki,久月,bak_strings.xml,translated,yes,,
DQfBZni2,Tarao,太郎,bak_strings.xml,translated,yes,,
0kkYlPDX,Minobe,美浓部,bak_strings.xml,translated,yes,,
jmMlhdFh,Megata,梅加塔,bak_strings.xml,translated,yes,,
k8yscTyR,Shinjo,新城,bak_strings.xml,translated,yes,,
XCr8m7yN,Hosomi,细见,bak_strings.xml,translated,yes,,
bxr9GN0j,Hashio,桥尾,bak_strings.xml,translated,yes,,
gP7ZPOEA,Fuse,保险丝,bak_strings.xml,translated,yes,,
g2tcLbk9,Tamaki,玉木,bak_strings.xml,translated,yes,,
WepUrVKw,Kakiya,柿屋,bak_strings.xml,translated,yes,,
Kism7ttN,Kii{newline}{newline}Foreign Merchant: German,不,bak_strings.xml,translated,no,{newline} | {newline},
Tsum7ttN,Tsu{newline}{newline}Foreign Merchant: French,津,bak_strings.xml,translated,no,{newline} | {newline},
Hikm7ttN,Hikone{newline}{newline}Foreign Merchant: French,彦根,bak_strings.xml,translated,no,{newline} | {newline},
Kuwm7ttN,Kuwana{newline}{newline}Foreign Merchant: French,桑名{newline}{newline}外国商人：法国,bak_strings.xml,translated,yes,{newline} | {newline},{newline} | {newline}
n1q8stpi,Kyoto{newline}{newline}Foreign Merchant: British,京都{newline}{newline}外国商人：英国,bak_strings.xml,translated,yes,{newline} | {newline},{newline} | {newline}
wIaHKKag,Kaga{newline}{newline}Foreign Merchant: Dutch,来自你,bak_strings.xml,translated,no,{newline} | {newline},
dfGXCBX7,Nakajo,中条,bak_strings.xml,translated,yes,,
g1f9NiGl,Kaji,加治,bak_strings.xml,translated,yes,,
SbQU8rIG,Takemata,竹又,bak_strings.xml,translated,yes,,
ixwubTRf,Hirako,平子,bak_strings.xml,translated,yes,,
AMXQG3Vx,Togashi,富坚,bak_strings.xml,translated,yes,,
WSr2qrcS,Shida,麻烦,bak_strings.xml,translated,yes,,
yjW1VPe6,Oguni,主人,bak_strings.xml,translated,yes,,
bcjz1Olb,Niitsu,新津,bak_strings.xml,translated,yes,,
8zGZnSvv,Ayukawa,鲇川,bak_strings.xml,translated,yes,,
j3VYrogu,Ōida,老田,bak_strings.xml,translated,yes,,
VFSpSdTs,Isiguro,保证,bak_strings.xml,translated,yes,,
LNL0fpnx,Kuramitsu,仓光,bak_strings.xml,translated,yes,,
H4V33j6B,Yokoyama,横山,bak_strings.xml,translated,yes,,
sdBWDJQR,Uryu,乌龙,bak_strings.xml,translated,yes,,
MzDkJCKE,Ōkuma,大隈,bak_strings.xml,translated,yes,,
XXcP53zB,Kamijo,上条,bak_strings.xml,translated,yes,,
cTtUz8rk,Amakasu,甘洲,bak_strings.xml,translated,yes,,
HNMqBFKC,Yamayoshi,山吉,bak_strings.xml,translated,yes,,
IBH0fyiq,Yasuda,安田,bak_strings.xml,translated,yes,,
wIaHKNag,Nagaoka{newline}{newline}Foreign Merchant: American,长冈,bak_strings.xml,translated,no,{newline} | {newline},
wIaHKYMr,Hokuriku,北陆,bak_strings.xml,translated,yes,,
wIaHKFuk,Fukui{newline}{newline}Foreign Merchant: British,福井,bak_strings.xml,translated,no,{newline} | {newline},
wIaHKOba,Obama{newline}{newline}Foreign Merchant: Dutch,小浜{newline}{newline}外国商人：荷兰,bak_strings.xml,translated,yes,{newline} | {newline},{newline} | {newline}
JSiAyodh,Mito,水户,bak_strings.xml,translated,yes,,
y6BfVZul,"The people of Kanto, the spiritual homeland of the samurai class, live in a predominantly flat region that is perfect for extensive agriculture and the breeding of its renowned battle steeds, which yield abundant harvests and allow Kanto to field and maintain cavalry forces more easily. Imbued with the secular martial tradition in which they have their roots, the lords of Kanto can more easily raise large armies to face their enemies, but their great emphasis on military preparedness makes it more expensive to pay the wages of their soldiers.{newline}{newline}Foreign Merchant: Dutch",关东是武士阶级的精神家园，这里的人民生活在一个以平坦为主的地区，这里非常适合粗放农业和饲养著名的战马，这些战马可以带来丰沛的收成，使关东更容易部署和维持骑兵部队。关东领主深受世俗军事传统的影响，可以更轻松地召集大军对抗敌人，但他们对军事准备的高度重视导致支付士兵的工资更加昂贵。{newline}{newline}外国商人：荷兰人,bak_strings.xml,translated,yes,{newline} | {newline},{newline} | {newline}
QO79qs4N,Yamakawa,山川,bak_strings.xml,translated,yes,,
Mw9s0qdq,Minagawa,皆川,bak_strings.xml,translated,yes,,
eRxuWdyL,Kimishima,感恩,bak_strings.xml,translated,yes,,
DOFQ3gnN,Shishido,志士堂,bak_strings.xml,translated,yes,,
RGTiMI8a,Sugaya,菅谷,bak_strings.xml,translated,yes,,
NV5iGpZr,Onozaki,小野崎,bak_strings.xml,translated,yes,,
4OxgVPT4,Oguri,小栗,bak_strings.xml,translated,yes,,
D6bCvKQA,Tomioka,富冈,bak_strings.xml,translated,yes,,
an9XJN76,Shirai,白井,bak_strings.xml,translated,yes,,
lXZFYdGf,Yanada,更多的,bak_strings.xml,translated,yes,,
lYQNsFhs,Kido,木户,bak_strings.xml,translated,yes,,
Y4HcFUBF,Akimoto,秋元,bak_strings.xml,translated,yes,,
OBENaFLm,Ōmori,生活,bak_strings.xml,translated,yes,,
2AjEhHx1,Mamiya,间宫,bak_strings.xml,translated,yes,,
wsJTHUpr,Kajiwara,梶原,bak_strings.xml,translated,yes,,
JozAyodh,Jozai{newline}{newline}Foreign Merchant: German,定在,bak_strings.xml,translated,no,{newline} | {newline},
OwaAyodh,Owari{newline}{newline}Foreign Merchant: French,尾张,bak_strings.xml,translated,no,{newline} | {newline},
Z1qR2REA,Tosan{newline}{newline}Foreign Merchant: Dutch,户座间,bak_strings.xml,translated,no,{newline} | {newline},
701yWNGe,Tokai{newline}{newline}Foreign Merchant: French,谱代,bak_strings.xml,translated,no,{newline} | {newline},
AizIDiZt,Aizu{newline}{newline}Foreign Merchant: German,会津{newline}{newline}外国商人：德国,bak_strings.xml,translated,yes,{newline} | {newline},{newline} | {newline}
Oob9PIhW,Waga,天秤座,bak_strings.xml,translated,yes,,
Z3cTeGv7,Esashi,埃萨萨,bak_strings.xml,translated,yes,,
DfPq3ube,Kashiyama,柏山,bak_strings.xml,translated,yes,,
LQTvwI1K,Rokugo,六乡,bak_strings.xml,translated,yes,,
7Wx8qIIZ,Uchikoshi,内越,bak_strings.xml,translated,yes,,
09bt9j1U,Yajima,矢岛,bak_strings.xml,translated,yes,,
kZwk4hVf,Sagae,寒河江,bak_strings.xml,translated,yes,,
Q0gbHS9t,Higashine,东根,bak_strings.xml,translated,yes,,
bs7UCwiP,Anazawa,穴泽,bak_strings.xml,translated,yes,,
B0gvz3h4,Ayugai,鮎贝,bak_strings.xml,translated,yes,,
5CjjZL3Q,Kemanai,毛马内,bak_strings.xml,translated,yes,,
CQHHJRGn,Hei,平,bak_strings.xml,translated,yes,,
s0ZxZxKC,Kikegawa,挂川,bak_strings.xml,translated,yes,,
odRvZoLx,Koiwa,科伊瓦,bak_strings.xml,translated,yes,,
s0GqNvCm,Yagashiwa,矢岸,bak_strings.xml,translated,yes,,
VHWUBjtv,Hienuki,桧贯,bak_strings.xml,translated,yes,,
SenIDiZt,Sendai{newline}{newline}Foreign Merchant: German,仙台,bak_strings.xml,translated,no,{newline} | {newline},
ShkIDiZt,Shonai{newline}{newline}Foreign Merchant: German,庄内,bak_strings.xml,translated,no,{newline} | {newline},
MFkIDiZT,Morioka{newline}{newline}Foreign Merchant: German,盛冈,bak_strings.xml,translated,no,{newline} | {newline},
MFkIDiZt,Hirosaki{newline}{newline}Foreign Merchant: Dutch,弘前,bak_strings.xml,translated,no,{newline} | {newline},
MfAIDiZt,Akita{newline}{newline}Foreign Merchant: British,秋田,bak_strings.xml,translated,no,{newline} | {newline},
YFkIDiZT,Yonezawa{newline}{newline}Foreign Merchant: Dutch,米泽,bak_strings.xml,translated,no,{newline} | {newline},
z3kkzJ6K,American,美国人,bak_strings.xml,translated,yes,,
RByl5skS,William Reed,威廉·里德,bak_strings.xml,translated,yes,,
pO4BfPrb,Henry Bennett,亨利·贝内特,bak_strings.xml,translated,yes,,
Na45QNtK,Edward Curtis,爱德华·柯蒂斯,bak_strings.xml,translated,yes,,
5HkW8xSX,James Hamilton,詹姆斯·汉密尔顿,bak_strings.xml,translated,yes,,
wC4YDMVX,Samuel Smith,塞缪尔·史密斯,bak_strings.xml,translated,yes,,
XKNAFSIj,Thomas Brown,托马斯·布朗,bak_strings.xml,translated,yes,,
Q2ahBhgW,Edward Miller,爱德华·米勒,bak_strings.xml,translated,yes,,
JEwlyL4u,Joseph Clark,约瑟夫·克拉克,bak_strings.xml,translated,yes,,
Ys9HzMTw,George Harris,乔治·哈里斯,bak_strings.xml,translated,yes,,
fM3LfUYc,Robert Walker,罗伯特·沃克,bak_strings.xml,translated,yes,,
btH6Lmn5,Mary Carter,玛丽·卡特,bak_strings.xml,translated,yes,,
45TRcl0v,Elizabeth Brown,伊丽莎白·布朗,bak_strings.xml,translated,yes,,
amPofzot,Sarah Wilson,萨拉·威尔逊,bak_strings.xml,translated,yes,,
JV8O6CMh,Anne Taylor,安妮·泰勒,bak_strings.xml,translated,yes,,
VRzmeUU9,Margaret Smith,玛格丽特·史密斯,bak_strings.xml,translated,yes,,
t9itG8Js,Catherine Reed,凯瑟琳·里德,bak_strings.xml,translated,yes,,
3jGrchWs,Emily Cooper,艾米丽·库珀,bak_strings.xml,translated,yes,,
jYSf531f,Abigail Carter,阿比盖尔·卡特,bak_strings.xml,translated,yes,,
MwJwg7tx,Lucy Harris,露西·哈里斯,bak_strings.xml,translated,yes,,
AhPAH1u6,Eleanor Smith,埃莉诺·史密斯,bak_strings.xml,translated,yes,,
NbbEW4pY,Smith,史密斯,bak_strings.xml,translated,yes,,
H28R57aB,British,英国人,bak_strings.xml,translated,yes,,
y2QkAvZz,Edward Hughes,爱德华·休斯,bak_strings.xml,translated,yes,,
EIwpkkJO,Arthur Wilson,阿瑟·威尔逊,bak_strings.xml,translated,yes,,
LslAKVin,Frederick Brown,弗雷德里克·布朗,bak_strings.xml,translated,yes,,
3LItuibO,Henry Clarke,亨利·克拉克,bak_strings.xml,translated,yes,,
34lcLBuH,Charles Thompson,查尔斯·汤普森,bak_strings.xml,translated,yes,,
b1TZ3Kxc,William Edwards,威廉·爱德华兹,bak_strings.xml,translated,yes,,
6XnTAUTk,Alfred Baker,阿尔弗雷德·贝克,bak_strings.xml,translated,yes,,
gUtCbjzY,George Collins,乔治柯林斯,bak_strings.xml,translated,yes,,
BXIHtJks,Thomas Richardson,托马斯·理查森,bak_strings.xml,translated,yes,,
DIzjbFOu,Robert Walker,罗伯特·沃克,bak_strings.xml,translated,yes,,
rP90Emgj,Elizabeth Smith,伊丽莎白·史密斯,bak_strings.xml,translated,yes,,
kjBCauLM,Margaret Brown,玛格丽特·布朗,bak_strings.xml,translated,yes,,
ebVJWoim,Charlotte Taylor,夏洛特·泰勒,bak_strings.xml,translated,yes,,
AmZuBqeG,Anne Wilson,安妮·威尔逊,bak_strings.xml,translated,yes,,
hpFyzERN,Mary Hughes,玛丽·休斯,bak_strings.xml,translated,yes,,
HDe3jZZ9,Eleanor Baker,埃莉诺·贝克,bak_strings.xml,translated,yes,,
Ovd7uhTK,Harriet Collins,哈丽特·柯林斯,bak_strings.xml,translated,yes,,
4bBQ7spf,Frances Thompson,弗朗西斯·汤普森,bak_strings.xml,translated,yes,,
gfQDjBVP,Louisa Harrison,路易莎·哈里森,bak_strings.xml,translated,yes,,
CG07Q2bX,Emily Clarke,艾米丽·克拉克,bak_strings.xml,translated,yes,,
TgwNlnwc,Dutch,荷兰语,bak_strings.xml,translated,yes,,
nHld6Yx5,Willem van der Meer,威廉·范德米尔,bak_strings.xml,translated,yes,,
NiKtkwwF,Hendrik de Vries,亨德里克·德弗里斯,bak_strings.xml,translated,yes,,
wdNljWjv,Johannes van Dijk,约翰内斯·范迪克,bak_strings.xml,translated,yes,,
hfYIo9lW,Pieter Bakker,彼得·巴克,bak_strings.xml,translated,yes,,
vriZmL8I,Cornelis Visser,科内利斯·维瑟,bak_strings.xml,translated,yes,,
2tyrTI1X,Jacob Janssen,雅各布·詹森,bak_strings.xml,translated,yes,,
smNLxi2j,Frederik Pieters,弗雷德里克·彼得斯,bak_strings.xml,translated,yes,,
5enu55Du,Gerrit van den Berg,格里特·范登伯格,bak_strings.xml,translated,yes,,
XlvFnC1b,Adriaan Smit,阿德里安·斯密特,bak_strings.xml,translated,yes,,
M82kdQ2a,Anton de Boer,安东·德波尔,bak_strings.xml,translated,yes,,
o3URmR2f,Anna Mulder,安娜·穆德,bak_strings.xml,translated,yes,,
XKvesjgo,Maria van Rijn,玛丽亚·范·赖恩,bak_strings.xml,translated,yes,,
OvFKNO6B,Johanna Kuiper,约翰娜·柯伊伯,bak_strings.xml,translated,yes,,
4qHrgLfK,Elisabeth van Leeuwen,伊丽莎白·范·列文,bak_strings.xml,translated,yes,,
poFd6wn5,Cornelia van Houten,科妮莉亚·范·豪顿,bak_strings.xml,translated,yes,,
JsK4fk2d,Catharina van der Meer,凯瑟琳娜·范德米尔,bak_strings.xml,translated,yes,,
w2yx7Qbr,Hendrika van Dijk,亨德里卡·范迪克,bak_strings.xml,translated,yes,,
NYY8T3hR,Margaretha Smit,玛格丽特·史密斯,bak_strings.xml,translated,yes,,
PxHqO1cQ,Geertruida Bakker,吉尔特鲁伊达·巴克,bak_strings.xml,translated,yes,,
d0FUevZ8,Adriana van Jannsen,阿德里安娜·范詹森,bak_strings.xml,translated,yes,,
cjXMraB9,van der Meer,范德梅尔,bak_strings.xml,translated,yes,,
j8fDN7Km,French,法语,bak_strings.xml,translated,yes,,
GKOkG0ur,Jean Dupont,让·杜邦,bak_strings.xml,translated,yes,,
5u2ExnVm,Pierre Martin,皮埃尔·马丁,bak_strings.xml,translated,yes,,
UW6FUFla,Louis Bernard,路易斯·伯纳德,bak_strings.xml,translated,yes,,
isRmm7og,Francois Lefevre,弗朗索瓦·勒费弗尔,bak_strings.xml,translated,yes,,
yupOrJWs,Henri Moreau,亨利·莫罗,bak_strings.xml,translated,yes,,
76LG88j3,Charles Girard,查尔斯·吉拉德,bak_strings.xml,translated,yes,,
xbx3OFHc,Etienne Laurent,艾蒂安·洛朗,bak_strings.xml,translated,yes,,
4jEE8XA8,Paul Dubois,保罗·杜波依斯,bak_strings.xml,translated,yes,,
0UagE1xI,Andre Fournier,安德烈·福尼尔,bak_strings.xml,translated,yes,,
hwqFea1s,Victor Lambert,维克多·兰伯特,bak_strings.xml,translated,yes,,
exZRXTn4,Marie Rousseau,玛丽·卢梭,bak_strings.xml,translated,yes,,
5YCVf40B,Jeanne Petit,珍妮·佩蒂特,bak_strings.xml,translated,yes,,
4vc2H88z,Louise Garnier,路易丝·卡尼尔,bak_strings.xml,translated,yes,,
FbnjBXnp,Elisabeth Chevalier,伊丽莎白·谢瓦利埃,bak_strings.xml,translated,yes,,
JMEcJ6PP,Marguerite Marchand,玛格丽特·马尔尚,bak_strings.xml,translated,yes,,
RIJJ7yah,Pauline Dupont,宝琳·杜邦,bak_strings.xml,translated,yes,,
iBev6INY,Sophie Bernard,索菲·伯纳德,bak_strings.xml,translated,yes,,
8n7irrY5,Claire Moreau,克莱尔·莫罗,bak_strings.xml,translated,yes,,
gBbj1nJD,Adele Laurent,阿黛尔·洛朗,bak_strings.xml,translated,yes,,
DT1h1qTH,Henriette Fournier,亨利埃特·福尼尔,bak_strings.xml,translated,yes,,
kjVLM2dV,Moreau,莫罗,bak_strings.xml,translated,yes,,
5UHoyKlW,German,德语,bak_strings.xml,translated,yes,,
l4cowvME,Johann Muller,约翰·穆勒,bak_strings.xml,translated,yes,,
S01JB6pE,Friedrich Schmidt,弗里德里希·施密特,bak_strings.xml,translated,yes,,
PVWL589S,Wilhelm Schneider,威廉·施奈德,bak_strings.xml,translated,yes,,
Ls3zs627,Heinrich Weber,海因里希·韦伯,bak_strings.xml,translated,yes,,
qhM26Bu8,Karl Fischer,卡尔费休,bak_strings.xml,translated,yes,,
pAsxgR2o,August Meyer,奥古斯特·迈耶,bak_strings.xml,translated,yes,,
Hjr5MPFG,Otto Becker,奥托·贝克尔,bak_strings.xml,translated,yes,,
KkOcF92e,Ernst Hoffmann,恩斯特·霍夫曼,bak_strings.xml,translated,yes,,
a5gfJLMR,Ludwig Bauer,路德维希·鲍尔,bak_strings.xml,translated,yes,,
lvDzqD0f,Franz Wagner,弗兰兹·瓦格纳,bak_strings.xml,translated,yes,,
y5pJS6v1,Anna Schulz,安娜·舒尔茨,bak_strings.xml,translated,yes,,
XQdlmQIx,Maria Klein,玛丽亚·克莱因,bak_strings.xml,translated,yes,,
JUoJLgZy,Elisabeth Richter,伊丽莎白·里克特,bak_strings.xml,translated,yes,,
tLqMCYHP,Katharina Kruger,凯瑟琳娜·克鲁格,bak_strings.xml,translated,yes,,
ktlBmgVZ,Margarete Lehmann,玛格丽特·莱曼,bak_strings.xml,translated,yes,,
jInAPbRW,Johanna Schmidt,约翰娜·施密特,bak_strings.xml,translated,yes,,
XRFAvV30,Wilhelmine Weber,威廉明娜·韦伯,bak_strings.xml,translated,yes,,
pdnw5xlp,Luise Meyer,路易丝·迈耶,bak_strings.xml,translated,yes,,
5P94umhp,Emilie Hoffmann,埃米莉·霍夫曼,bak_strings.xml,translated,yes,,
Kes1jlAZ,Clara Bauer,克拉拉·鲍尔,bak_strings.xml,translated,yes,,
PsUKyLQO,Bauer,鲍尔,bak_strings.xml,translated,yes,,
1sbJQR4H,Duelists,决斗者,bak_strings.xml,translated,yes,,
jKviMpbP,Japanese,僧侣,bak_strings.xml,translated,yes,,
mx7L9bFB,Zoku Thieves,佐库盗贼,bak_strings.xml,translated,yes,,
hOcFw02K,Ferry Driver,渡轮司机,bak_strings.xml,translated,yes,,
vshw4yMm,Aizu-han,会津藩,bak_strings.xml,translated,yes,,
qO2LaEJH,Aizu,会津,bak_strings.xml,translated,yes,,
mOZsbV8j,TODO,待办,bak_strings.xml,translated,yes,,
NuFjU4h9,Tottori-han,鸟取藩,bak_strings.xml,translated,yes,,
lVx3gqqL,Tottori,鸟取,bak_strings.xml,translated,yes,,
LUMqVU9O,Sendai-han,仙台藩,bak_strings.xml,translated,yes,,
fKx72A6I,Sendai,仙台,bak_strings.xml,translated,yes,,
nEkrt7ID,Fukushima-han,福岛藩,bak_strings.xml,translated,yes,,
9vBSHbyz,Fukushima,福岛,bak_strings.xml,translated,yes,,
rGZyKAhx,Hirosaki-han,弘前藩,bak_strings.xml,translated,yes,,
xU6k7DMZ,Hirosaki,弘前,bak_strings.xml,translated,yes,,
Utg0dgbV,Morioka-han,盛冈藩,bak_strings.xml,translated,yes,,
lOrWIIfh,Morioka,盛冈,bak_strings.xml,translated,yes,,
742AdeFJ,Mito-han,水户藩,bak_strings.xml,translated,yes,,
WhlNAwBH,Mito,水户,bak_strings.xml,translated,yes,,
qFVVTsug,Jozai-han,定在藩,bak_strings.xml,translated,yes,,
3HM2LZLz,Jozai,定在,bak_strings.xml,translated,yes,,
bWjqvgLb,Nagaoka-han,名古藩,bak_strings.xml,translated,yes,,
0QhvafT9,Kubota-han,久保田藩,bak_strings.xml,translated,yes,,
ijCa8pDo,Kubota,久保田,bak_strings.xml,translated,yes,,
97tn9Agd,Fukui-han,福井藩,bak_strings.xml,translated,yes,,
Hwgq2oHf,Fukui,福井,bak_strings.xml,translated,yes,,
4c5OF6TQ,Obama-han,小浜藩,bak_strings.xml,translated,yes,,
QqEJybge,Obama,小浜,bak_strings.xml,translated,yes,,
OHqGIRhL,Tokugawa Bakufu,德川幕府,bak_strings.xml,translated,yes,,
nAUwT8JG,Tokugawa,德川,bak_strings.xml,translated,yes,,
sWnHr5q5,Ouetsu Reppan Dōmei,奥越列番同名,bak_strings.xml,translated,yes,,
r3wkuN0u,Ou Reppan Domei,欧·雷潘·多梅,bak_strings.xml,translated,yes,,
8kilNkSs,Shonai-han,庄内藩,bak_strings.xml,translated,yes,,
J3WAJxu3,Himeji-han,姬路藩,bak_strings.xml,translated,yes,,
AZkHq9Al,Himeji,姬路,bak_strings.xml,translated,yes,,
hdkeGb7H,Iyo Matsuyama-han,伊予松山藩,bak_strings.xml,translated,yes,,
nJmwT7OT,Iyo Matsuyama,伊予松山,bak_strings.xml,translated,yes,,
RTJJQ1N4,Hikone-han,彦根藩,bak_strings.xml,translated,yes,,
hMz5eeje,Hikone,彦根,bak_strings.xml,translated,yes,,
lqGGI5WL,Kishu-han,纪州藩,bak_strings.xml,translated,yes,,
4cnmTBU0,Kishu,纪州,bak_strings.xml,translated,yes,,
V9HoIoLf,Kuwana-han,桑名藩,bak_strings.xml,translated,yes,,
PGOSBt3d,Kuwana,桑名,bak_strings.xml,translated,yes,,
ueioOrlR,Owari-han,尾张藩,bak_strings.xml,translated,yes,,
0PavuhnS,Owari,尾张,bak_strings.xml,translated,yes,,
NE0beHdI,Tsu-han,津藩,bak_strings.xml,translated,yes,,
NBk1hBZz,Tsu,津,bak_strings.xml,translated,yes,,
bVqyvzea,Kaga-han,加贺藩,bak_strings.xml,translated,yes,,
qD1vg0RF,Kaga,加贺,bak_strings.xml,translated,yes,,
PaA2zlKr,Hiroshima-han,广岛藩,bak_strings.xml,translated,yes,,
KolhtpUd,Hiroshima,广岛,bak_strings.xml,translated,yes,,
F4UZiV7f,Matsue-han,松江藩,bak_strings.xml,translated,yes,,
LE5jbPP4,Matsue,松江,bak_strings.xml,translated,yes,,
HanChosh,Choshu-han,长州藩,bak_strings.xml,translated,yes,,
ShoChosh,Choshu,长州,bak_strings.xml,translated,yes,,
1kGV1kZG,Ozu-han,小洲藩,bak_strings.xml,translated,yes,,
2TWnRnkw,Ōzu,大津,bak_strings.xml,translated,yes,,
aUUSaL8k,Uwajima-han,宇和岛藩,bak_strings.xml,translated,yes,,
44ThIRyK,Uwajima,宇和岛,bak_strings.xml,translated,yes,,
A0igf4ST,TODO,待办,bak_strings.xml,translated,yes,,
pWLiqObw,Tosa-han,土佐藩,bak_strings.xml,translated,yes,,
do4c1Wld,Tosa,土佐,bak_strings.xml,translated,yes,,
IyoVqTuy,Tokushima-han,德岛藩,bak_strings.xml,translated,yes,,
YhbInKsq,Tokushima,德岛,bak_strings.xml,translated,yes,,
HanSatsu,Satsuma-han,萨摩藩,bak_strings.xml,translated,yes,,
ShoSatsu,Satsuma,萨摩,bak_strings.xml,translated,yes,,
SatsuSum,"One of the most powerful tozama domains of the late Tokugawa period, the Satsuma Domain commands the southern tip of Kyushu with a proud samurai tradition and an eye toward modern reform. Governed by the Shimazu clan, Satsuma fields a disciplined military bolstered by imported Western firearms and artillery, alongside fiercely loyal retainers hardened by centuries of internal strife and external ambition. Though officially loyal to the shogunate, Satsuma grows increasingly defiant, backing the sonnō jōi movement while quietly forging alliances with other anti-Tokugawa domains. With its strong economy, built on barely legal trade through the Ryukyu Islands, and its modernizing army, the Satsuma-han is poised to play a decisive role in the struggle for Japan's future.",萨摩藩是德川末期最强大的户座藩之一，统治着九州南端，拥有自豪的武士传统和现代改革的目光。萨摩藩由岛津氏族统治，拥有一支纪律严明的军队，由进口的西方火器和火炮支撑，还有经过几个世纪的内乱和对外野心而变得坚强的忠诚的家臣。尽管表面上忠于幕府，萨摩藩却变得越来越目中无人，支持尊王攘夷运动，同时悄悄与其他反德川势力结盟。凭借其强大的经济（建立在琉球群岛几乎不合法的贸易基础上）和现代化的军队，萨摩藩准备在日本未来的斗争中发挥决定性作用。,bak_strings.xml,translated,yes,,
KrJolclO,Tenguto no Ran,天狗之乱,bak_strings.xml,translated,yes,,
nuOTMFnL,Tenguto,天狗,bak_strings.xml,translated,yes,,
16fyo47M,Kokura-han,小仓藩,bak_strings.xml,translated,yes,,
aFBneNkA,Kumamoto-han,熊本藩,bak_strings.xml,translated,yes,,
aiTAusH5,Hitoyoshi-han,人吉藩,bak_strings.xml,translated,yes,,
qZ86Dhcd,Hitoyoshi,人吉,bak_strings.xml,translated,yes,,
taM0M0u7,Yodo-han,淀藩,bak_strings.xml,translated,yes,,
p6llIAZ9,Yodo,淀,bak_strings.xml,translated,yes,,
kveCZElo,Kurume-han,久留米藩,bak_strings.xml,translated,yes,,
uIMPOA8l,Saga-han,佐贺藩,bak_strings.xml,translated,yes,,
5HSblONo,Saga,佐贺,bak_strings.xml,translated,yes,,
4SATjx3b,Fukuoka-han,福冈藩,bak_strings.xml,translated,yes,,
7EInH5Hq,Fukuoka,福冈,bak_strings.xml,translated,yes,,
V8GrFH4B,Townswoman,町妇,bak_strings.xml,translated,yes,,
muu5cofb,Townsman,町人,bak_strings.xml,translated,yes,,
fDJnHdgf,Infant,婴儿,bak_strings.xml,translated,yes,,
ZsIZM9BT,Child,孩子,bak_strings.xml,translated,yes,,
CVBEoYWL,Teenager,青少年,bak_strings.xml,translated,yes,,
hLzO6k62,{CURRENT_RYUHA} Keppan,{CURRENT_RYUHA} 血判,bak_strings.xml,translated,yes,{CURRENT_RYUHA},{CURRENT_RYUHA}
b5pHTyAE,{CURRENT_RYUHA} Mokuroku,{CURRENT_RYUHA} 目録,bak_strings.xml,translated,yes,{CURRENT_RYUHA},{CURRENT_RYUHA}
uoiisEdD,{CURRENT_RYUHA} Menkyo,{CURRENT_RYUHA} 免许,bak_strings.xml,translated,yes,{CURRENT_RYUHA},{CURRENT_RYUHA}
fx8DMySW,{CURRENT_RYUHA} Menkyo Kaiden,{CURRENT_RYUHA} 免许皆传,bak_strings.xml,translated,yes,{CURRENT_RYUHA},{CURRENT_RYUHA}
wKt2wTeR,Foreign Arms Dealer,美国军火商,bak_strings.xml,translated,yes,,
0gC7Hc9h,British Arms Dealer,英国军火商,bak_strings.xml,translated,yes,,
i9kP20Nk,Dutch Arms Dealer,荷兰军火商,bak_strings.xml,translated,yes,,
Z6TgVLWZ,German Arms Dealer,德国军火商,bak_strings.xml,translated,yes,,
VVZEkfyg,French Arms Dealer,法国军火商,bak_strings.xml,translated,yes,,
kRv25I6p,{FIRSTNAME} the Foreign Merchant,{FIRSTNAME} 外国商人,bak_strings.xml,translated,yes,{FIRSTNAME},{FIRSTNAME}
mrlEvoqd,{FIRSTNAME} the Foreign Mayor,{FIRSTNAME} 外国市长,bak_strings.xml,translated,yes,{FIRSTNAME},{FIRSTNAME}
123aDYC0,{FIRSTNAME} the Foreign Veteran,{FIRSTNAME} 外国退伍军人,bak_strings.xml,translated,yes,{FIRSTNAME},{FIRSTNAME}
Mc4JptO8,Cautious imperial merchant,谨慎的帝国商人,bak_strings.xml,translated,yes,,
70sJoxsr,{FIRSTNAME} the Vintner,{FIRSTNAME} 酿酒师,bak_strings.xml,translated,yes,{FIRSTNAME},{FIRSTNAME}
Al5YxWyQ,"ou merchant 3, ruthless",欧商人3，无情,bak_strings.xml,translated,yes,,
8z2i23JG,Cold imperial merchant,冷酷的帝国商人,bak_strings.xml,translated,yes,,
YbKmPFwr,{FIRSTNAME} the Saltpanner,{FIRSTNAME} 盐盘匠,bak_strings.xml,translated,yes,{FIRSTNAME},{FIRSTNAME}
NZrDnjfz,"ou merchant 6, cautious",ou 商人6，谨慎,bak_strings.xml,translated,yes,,
dY2QXTbD,"ou merchant 7, selfmade",或商人7，自制,bak_strings.xml,translated,yes,,
1MpRGp6x,"ou merchant 8, jocular",或商人8，幽默,bak_strings.xml,translated,yes,,
0f4713X7,"ou merchant 9, heiress",ou 商人9，女继承人,bak_strings.xml,translated,yes,,
ZSV8Rizt,"ou merchant 10, devious",或商户 10，以前,bak_strings.xml,translated,yes,,
G8Gs9Jnz,Messianic imperial preacher,弥赛亚帝国传教士,bak_strings.xml,translated,yes,,
LcpGR7Qx,Puritan imperial preacher,清教徒帝国传教士,bak_strings.xml,translated,yes,,
bZaL4757,Female imperial mystic,女帝国神秘师,bak_strings.xml,translated,yes,,
LIUPnJH9,Imperial gruff labor leader,帝国粗暴的劳工领袖,bak_strings.xml,translated,yes,,
NqMcUPe0,Imperial outgoing labor leader,帝国即将卸任的劳工领袖,bak_strings.xml,translated,yes,,
UNzUhmsZ,Protective imperial male gang leader,护皇宫男帮主,bak_strings.xml,translated,yes,,
RXXwuRXp,Ironic imperial gang leader,讽刺帝国帮派头目,bak_strings.xml,translated,yes,,
PybHUAiH,Intimidating male imperial gang leader,恐吓男性帝国帮派头目,bak_strings.xml,translated,yes,,
N4lGbs2X,Bestial male imperial gang leader,兽性男帝国帮主,bak_strings.xml,translated,yes,,
Oqw8LyRt,Female imperial gang leader,女帝国帮主,bak_strings.xml,translated,yes,,
3C2X5iI0,Menacing female imperial gang leader,来势汹汹的女帝国帮主,bak_strings.xml,translated,yes,,
IYJB5rn6,ou gruff rural notable,ou 粗鲁的乡村著名,bak_strings.xml,translated,yes,,
1bfcRGED,ou rural notable agreeable,ou 农村 著名 宜人,bak_strings.xml,translated,yes,,
KI7HzyzG,ou rebellious headman,你叛逆的头领,bak_strings.xml,translated,yes,,
sr41aBJq,ou conservative headman,ou 保守派领袖,bak_strings.xml,translated,yes,,
hbnlojVk,ou devious headman,ou 狡猾的头目,bak_strings.xml,translated,yes,,
SRtabgMr,Morioka Caravan Master,盛冈商队主人,bak_strings.xml,translated,yes,,
SRtabgHr,Hirosaki Caravan Master,弘前商队主人,bak_strings.xml,translated,yes,,
SRTAbgHr,Akita Caravan Master,秋田商队大师,bak_strings.xml,translated,yes,,
ShoAbgHr,Shonai Caravan Master,庄内商队主人,bak_strings.xml,translated,yes,,
SenAbgHr,Sendai Caravan Master,仙台商队大师,bak_strings.xml,translated,yes,,
YonAbgHr,Yonezawa Caravan Master,米泽商队主人,bak_strings.xml,translated,yes,,
OzuAbgHr,Ozu Caravan Master,小洲商队大师,bak_strings.xml,translated,yes,,
MatAbgHr,Matsuyama Caravan Master,松山商队大师,bak_strings.xml,translated,yes,,
UwaAbgHr,Uwajima Caravan Master,宇和岛商队主人,bak_strings.xml,translated,yes,,
TokAbgHr,Tokushima Caravan Master,德岛商队主人,bak_strings.xml,translated,yes,,
HikAbgHr,Hikone Caravan Master,彦根商队大师,bak_strings.xml,translated,yes,,
KuwAbgHr,Kuwana Caravan Master,桑名商队队长,bak_strings.xml,translated,yes,,
KisAbgHr,Kii Caravan Master,纪伊商队大师,bak_strings.xml,translated,yes,,
TsuAbgHr,Tsu Caravan Master,津商队大师,bak_strings.xml,translated,yes,,
FuKAbgHr,Fukuoka Caravan Master,福井房车大师,bak_strings.xml,translated,yes,,
NaGAbgHr,Nagaoka Caravan Master,长冈商队主人,bak_strings.xml,translated,yes,,
KAGAbgHr,Kaga Caravan Master,加贺商队大师,bak_strings.xml,translated,yes,,
ObaAbgHr,Obama Caravan Master,小浜商队队长,bak_strings.xml,translated,yes,,
JozAbgHr,Jozai Caravan Master,定在商队主人,bak_strings.xml,translated,yes,,
OwaAbgHr,Owari Caravan Master,尾张商队主人,bak_strings.xml,translated,yes,,
XDVi8uoV,{FIRSTNAME} the Disgraced,{FIRSTNAME} 耻辱者,bak_strings.xml,translated,yes,{FIRSTNAME},{FIRSTNAME}
pUmLunrp,{FIRSTNAME} the Ishin Shishi,{FIRSTNAME} 维信狮子,bak_strings.xml,translated,yes,{FIRSTNAME},{FIRSTNAME}
5uZVpNd0,{FIRSTNAME} the Sabaku Shishi,{FIRSTNAME} 萨巴库狮子,bak_strings.xml,translated,yes,{FIRSTNAME},{FIRSTNAME}
JcWTJKMq,{FIRSTNAME} the Student,{FIRSTNAME} 学生,bak_strings.xml,translated,yes,{FIRSTNAME},{FIRSTNAME}
AOcIHCZj,{FIRSTNAME} the Curious,{FIRSTNAME} 好奇者,bak_strings.xml,translated,yes,{FIRSTNAME},{FIRSTNAME}
BjA5mPEr,{FIRSTNAME} the Messenger,{FIRSTNAME} 信使,bak_strings.xml,translated,yes,{FIRSTNAME},{FIRSTNAME}
KmuAbgHr,Kurume Caravan Master,三月商队大师,bak_strings.xml,translated,yes,,
KaMAbgHr,Kumamoto Caravan Master,熊本商队大师,bak_strings.xml,translated,yes,,
HioAbgHr,Hitoyoshi Caravan Master,人吉商队主人,bak_strings.xml,translated,yes,,
KoKAbgHr,Kokura Caravan Master,小仓商队大师,bak_strings.xml,translated,yes,,
SagAbgHr,Saga Caravan Master,佐贺商队大师,bak_strings.xml,translated,yes,,
TenAbgHr,Tenryo Caravan Master,天领商队主人,bak_strings.xml,translated,yes,,
HirAbgHr,Hiroshima Caravan Master,广岛大篷车大师,bak_strings.xml,translated,yes,,
TotAbgHr,Tottori Caravan Master,鸟取商队大师,bak_strings.xml,translated,yes,,
OkaYbgHr,Okayama Caravan Master,冈山商队主人,bak_strings.xml,translated,yes,,
KytYbgHr,Kyoto Caravan Master,京都商队大师,bak_strings.xml,translated,yes,,
EdoYbgHr,Edo Caravan Master,江户商队大师,bak_strings.xml,translated,yes,,
H7eELtL6,Borrowed Troop,借来的部队,bak_strings.xml,translated,yes,,
S9z09MaN,Modern Borrowed Troop,现代借来的部队,bak_strings.xml,translated,yes,,
BosArHos,Houshutai,砲術隊,bak_strings.xml,translated,yes,,
BosArTai,Taihoutai,炮兵队,bak_strings.xml,translated,yes,,
BosArHou,Houheitai,砲兵隊,bak_strings.xml,translated,yes,,
BosBaAsh,Bakufu Ashigaru,幕府足轻,bak_strings.xml,translated,yes,,
BosBaYaA,Bakufu Yari Ashigaru,幕府枪足轻,bak_strings.xml,translated,yes,,
BosBaNaG,Bakufu Naginata Gokenin,幕府薙刀御家人,bak_strings.xml,translated,yes,,
BosBaNaH,Bakufu Naginata Hatamoto,旗本幕府薙刀,bak_strings.xml,translated,yes,,
BosBaYaG,Bakufu Yari Gokenin,幕府枪御家人,bak_strings.xml,translated,yes,,
BosBaSho,Bakufu Shoinban,幕府書役,bak_strings.xml,translated,yes,,
BosBaYuA,Bakufu Yumi Ashigaru,幕府弓足轻,bak_strings.xml,translated,yes,,
BosBaDaG,Bakufu Daikyu Gokenin,幕府大筒护院,bak_strings.xml,translated,yes,,
BosBaKos,Bakufu Koshogumi,幕府小将组,bak_strings.xml,translated,yes,,
BosBaTeG,Bakufu Teppo Gokenin,幕府铁炮护院,bak_strings.xml,translated,yes,,
BosBaTeH,Bakufu Teppo Hatamoto,旗本幕府鐵炮,bak_strings.xml,translated,yes,,
BosBaKaA,Bakufu Katana Ashigaru,幕府刀足轻,bak_strings.xml,translated,yes,,
BosBaOdG,Bakufu Odachi Hatamoto,幕府大太刀护院,bak_strings.xml,translated,yes,,
BosBaDos,Bakufu Doshin,幕府同心,bak_strings.xml,translated,yes,,
BosBaMim,Bakufu Mimawari-gumi,幕府见回组,bak_strings.xml,translated,yes,,
BosBaMiS,Bakufu Sogekitai,幕府草木隊,bak_strings.xml,translated,yes,,
BosBaBeG,Bette Gumi,別手組,bak_strings.xml,translated,yes,,
BosBayor,Bakufu Yoriki,幕府與力,bak_strings.xml,translated,yes,,
BosBaKob,Kobusho-tai,小普請組,bak_strings.xml,translated,yes,,
BosBaHSa,Hohei Sampeitai,步兵三兵队,bak_strings.xml,translated,yes,,
BosBaKum,Kumiai Jutai,組頭,bak_strings.xml,translated,yes,,
BosBaOzm,Okuzume Jutai,奥詰眾,bak_strings.xml,translated,yes,,
BosBaSap,Sappei,三兵队,bak_strings.xml,translated,yes,,
BosBaYug,Bakufu Yugekitai,幕府游击队,bak_strings.xml,translated,yes,,
BosBaHoh,Bakufu Hoheitai,幕府步兵队,bak_strings.xml,translated,yes,,
BosBaKSa,Kihei Sampeitai,骑兵三兵队,bak_strings.xml,translated,yes,,
BosBaKei,Keikitai,庆应队,bak_strings.xml,translated,yes,,
BosArHoS,Houhei Sampeitai,炮兵三兵队,bak_strings.xml,translated,yes,,
BosBaOkG,Okachi-gumi,御庭组,bak_strings.xml,translated,yes,,
BosMBTep,Teppotai,铁炮队,bak_strings.xml,translated,yes,,
BosMBHoh,Hoheitai,步兵队,bak_strings.xml,translated,yes,,
BosMBShH,Shohan-heitai,诸藩兵队,bak_strings.xml,translated,yes,,
BosMBShi,Shimpeitai,新兵队,bak_strings.xml,translated,yes,,
BosMBBat,Battotai,拔刀队,bak_strings.xml,translated,yes,,
BosMBHog,Hoheigumi,步兵组,bak_strings.xml,translated,yes,,
BosMBDen,Denshutai,传习队,bak_strings.xml,translated,yes,,
BosMBSog,Sogeki-heitai,刺客隊,bak_strings.xml,translated,yes,,
BosMBSab,Saberu Kiheitai,奇兵队,bak_strings.xml,translated,yes,,
BosMBShK,Shimpei Kiheitai,新奇兵隊,bak_strings.xml,translated,yes,,
BosMBDeK,Denshū Kiheitai,伝習隊,bak_strings.xml,translated,yes,,
BosMGNoh,Noheitai,農兵隊,bak_strings.xml,translated,yes,,
BosMGFuh,Fuheitai,福井隊,bak_strings.xml,translated,yes,,
BosNBSui,Suiheitai,碎黑台,bak_strings.xml,translated,yes,,
BosNBKai,Kaiheitai,海军平队,bak_strings.xml,translated,yes,,
BosTBTeg,Tegawari,手替,bak_strings.xml,translated,yes,,
BosTBAsh,Ashigaru,足轻,bak_strings.xml,translated,yes,,
BosTBYaA,Yari Ashigaru,枪足轻,bak_strings.xml,translated,yes,,
BosTBNgA,Nagae Ashigaru,长柄足轻,bak_strings.xml,translated,yes,,
BosTBNgK,Nagae Kachisamurai,长柄组,bak_strings.xml,translated,yes,,
BosTBKsA,Kachisamurai,武士,bak_strings.xml,translated,yes,,
BosTBBaj,Bajosamurai,马上武士,bak_strings.xml,translated,yes,,
BosTBUma,Umamawari-gumi,女神十号,bak_strings.xml,translated,yes,,
BosTBYuA,Yumi Ashigaru,弓足轻,bak_strings.xml,translated,yes,,
BosTBYUK,Daikyu Kachisamurai,大筒组,bak_strings.xml,translated,yes,,
BosTBKis,Kishazamurai,志村井,bak_strings.xml,translated,yes,,
BosTBTeA,Teppo Ashigaru,铁炮足轻,bak_strings.xml,translated,yes,,
BosTBTeK,Teppo Kachisamurai,铁炮组,bak_strings.xml,translated,yes,,
BosTBYug,Yugekitai,游击队,bak_strings.xml,translated,yes,,
BosTBBat,Batto-gumi,巴托组,bak_strings.xml,translated,yes,,
BosTBSak,Sakite-gumi,潘内组,bak_strings.xml,translated,yes,,
BosTBHin,Hininban,非人番,bak_strings.xml,translated,yes,,
BosTBMea,Meakashi,目明志,bak_strings.xml,translated,yes,,
BosTGChu,Chugen,中間,bak_strings.xml,translated,yes,,
BosTBDos,Doshin,同心,bak_strings.xml,translated,yes,,
BosTBYor,Yoriki,与力,bak_strings.xml,translated,yes,,
BosTBKAr,Kata Aratame,片新目,bak_strings.xml,translated,yes,,
BosChToS,Togo Shotai,东乡诸队,bak_strings.xml,translated,yes,,
BosChHap,Hanpeitai,藩兵隊,bak_strings.xml,translated,yes,,
BosChJob,Jobi-heitai,工作兵平队,bak_strings.xml,translated,yes,,
BosMCHac,Hachiman-tai,八幡平,bak_strings.xml,translated,yes,,
BosMCShu,Shugitai,守護隊,bak_strings.xml,translated,yes,,
BosMCEib,Eibutai,埃布茨,bak_strings.xml,translated,yes,,
BosMCRik,Rikishitai,力士队,bak_strings.xml,translated,yes,,
BosMCYur,Yurikitai,百合队,bak_strings.xml,translated,yes,,
BosMCMit,Mitatetai,御立队,bak_strings.xml,translated,yes,,
BosMCKoj,Kojotai,古城隊,bak_strings.xml,translated,yes,,
BosMCSEI,Seibu-tai,西武队,bak_strings.xml,translated,yes,,
BosChShi,Choshu Shimpeitai,新武台,bak_strings.xml,translated,yes,,
BosMCYoc,Yochotai,四长体,bak_strings.xml,translated,yes,,
BosChMiK,Minami Kiheitai,南喜平队,bak_strings.xml,translated,yes,,
BosChKen,Kenbutai,剑武台,bak_strings.xml,translated,yes,,
BosMCGiy,Giyutai,义勇台,bak_strings.xml,translated,yes,,
BosMCSot,Sogekitai,草木队,bak_strings.xml,translated,yes,,
BosMCKob,Kobutai,小舞台,bak_strings.xml,translated,yes,,
BosMCRyo,Ryojotai,良城隊,bak_strings.xml,translated,yes,,
BosMCSei,Seieitai,清荣队,bak_strings.xml,translated,yes,,
BosMCKan,Kanjotai,勘上队,bak_strings.xml,translated,yes,,
BosMCSen,Senpotai,仙波队,bak_strings.xml,translated,yes,,
BosChIsi,Ishin-dan,维心坛,bak_strings.xml,translated,yes,,
BosChKih,Kiheitai,热或冷,bak_strings.xml,translated,yes,,
BosChDen,Choshu Denshutai,长州传习队,bak_strings.xml,translated,yes,,
BosChGNo,Choshu Noheitai,长州野平队,bak_strings.xml,translated,yes,,
BosChFuh,Choshu Fuheitai,长州风平队,bak_strings.xml,translated,yes,,
BosFuJut,Fukui Jutai,福井銃隊,bak_strings.xml,translated,yes,,
BosFuHoh,Fukui Hoheitai,福井步兵队,bak_strings.xml,translated,yes,,
BosObShi,Shinjutai,新住台,bak_strings.xml,translated,yes,,
BosObJut,Obama Jutai,小浜铳队,bak_strings.xml,translated,yes,,
BosObKok,Kokitai,不知何故,bak_strings.xml,translated,yes,,
BosObJus,Juso-tai,重装队,bak_strings.xml,translated,yes,,
BosObJik,Jikkintai,直金隊,bak_strings.xml,translated,yes,,
BosObKih,Obama Kiheitai,小浜奇兵隊,bak_strings.xml,translated,yes,,
BosObYaT,Obama Yari-tai,小浜枪队,bak_strings.xml,translated,yes,,
BosObOse,Obama O-sente,小浜大先手,bak_strings.xml,translated,yes,,
BosObUAs,Obama Yumi Ashigaru,小浜弓足轻,bak_strings.xml,translated,yes,,
BosObYuT,Obama Yumi-tai,小浜弓队,bak_strings.xml,translated,yes,,
BosObTeT,Obama Teppo-tai,小浜铁炮队,bak_strings.xml,translated,yes,,
BosObOru,Obama O-rusui,小浜大留守,bak_strings.xml,translated,yes,,
BosNaJut,Nagaoka Jutai,长冈树太,bak_strings.xml,translated,yes,,
BosNaJus,Nagaoka Jushitai,长冈树脂队,bak_strings.xml,translated,yes,,
BosNaSei,Seiei-tai,正荣队,bak_strings.xml,translated,yes,,
BosKaSei,Seiheitai,清平队,bak_strings.xml,translated,yes,,
BosKaJut,Kaga Jutai,加贺铳队,bak_strings.xml,translated,yes,,
BosKaSan,Sanpeitai,三兵隊,bak_strings.xml,translated,yes,,
BosKaJUm,Jutai Umamawari-gumi,馬廻組,bak_strings.xml,translated,yes,,
BosKaNoh,Kaga Noheitai,加贺野平队,bak_strings.xml,translated,yes,,
BosKaWar,Warabi-tai,蕨队,bak_strings.xml,translated,yes,,
BosBiShu,Bishu Shugitai,兵術守護隊,bak_strings.xml,translated,yes,,
BosOwKus,Kusanagi-tai,草薙队,bak_strings.xml,translated,yes,,
BosOwHob,Hobaku-tai,丰爆队,bak_strings.xml,translated,yes,,
BosOwSei,Seigitai,清仪队,bak_strings.xml,translated,yes,,
BosOwNoh,Bishu Noheitai,野平队,bak_strings.xml,translated,yes,,
BosBiSei,Bishu Seieitai,美术科学队,bak_strings.xml,translated,yes,,
BosOgTep,Ogaki Teppotai,大垣铁炮队,bak_strings.xml,translated,yes,,
BosOgHoh,Ogaki Hoheitai,大垣步兵队,bak_strings.xml,translated,yes,,
BosOgKen,Kenyotai,健勇隊,bak_strings.xml,translated,yes,,
BosTtKan,Kangekitai,倉敷隊,bak_strings.xml,translated,yes,,
BosTtMat,Matsunamitai,松浪平,bak_strings.xml,translated,yes,,
BosTtYam,Yamagunitai,山国队,bak_strings.xml,translated,yes,,
BosHiHan,Hiroshima Hanpeitai,广岛藩兵队,bak_strings.xml,translated,yes,,
BosHiShu,Shugotai,守吾体,bak_strings.xml,translated,yes,,
BosHiShi,Shinsokutai,新总队,bak_strings.xml,translated,yes,,
BosHiSoy,Soyutai,宗祐隊,bak_strings.xml,translated,yes,,
BosHiKog,Kogekitai,工艺队,bak_strings.xml,translated,yes,,
BosHiShk,Shinkitai,新喜隊,bak_strings.xml,translated,yes,,
BosHiOki,Okitai,沖隊,bak_strings.xml,translated,yes,,
BosHiHak,Hakkitai,白旗队,bak_strings.xml,translated,yes,,
BosHiSih,Shihotai,志保隊,bak_strings.xml,translated,yes,,
BosHiMei,Meigitai,明义队,bak_strings.xml,translated,yes,,
BosHiKyo,Kyowatai,協和隊,bak_strings.xml,translated,yes,,
BosHiTok,Tokotai,東科隊,bak_strings.xml,translated,yes,,
BosHiIss,Isshintai,一心体,bak_strings.xml,translated,yes,,
BosHiKen,Kenrikitai,健力队,bak_strings.xml,translated,yes,,
BosOkYuk,Yukitai,行隊,bak_strings.xml,translated,yes,,
BosOkDen,Dengekitai,电击队,bak_strings.xml,translated,yes,,
BosOkSei,Okayama Seieitai,冈山,bak_strings.xml,translated,yes,,
BosJoYob,Jozai Yobitai,夜討隊,bak_strings.xml,translated,yes,,
BosJoJob,Jozai Jobitai,定在预备队,bak_strings.xml,translated,yes,,
BosJoYug,Jozai Yugekitai,庄内游击队,bak_strings.xml,translated,yes,,
BosMiDai,Daihatsuzei,大发税,bak_strings.xml,translated,yes,,
BosMiTen,Ten'yutai,天佑台,bak_strings.xml,translated,yes,,
BosMiShi,Shineitai,親衛隊,bak_strings.xml,translated,yes,,
BosMiSho,Shoseitai,正正队,bak_strings.xml,translated,yes,,
BosMiShN,Shiseitai,至誠隊,bak_strings.xml,translated,yes,,
BosHiAsh,Akazonae Ashigaru,赤备足轻,bak_strings.xml,translated,yes,,
BosHiYaA,Akazonae Yari Ashigaru,赤备枪足轻,bak_strings.xml,translated,yes,,
BosHiNgA,Akazonae Nagae Ashigaru,赤备长柄足轻,bak_strings.xml,translated,yes,,
BosHiNgK,Akazonae Nagae Kachisamurai,赤穂長柄組,bak_strings.xml,translated,yes,,
BosHiKsA,Akazonae Kachisamurai,赤穂組,bak_strings.xml,translated,yes,,
BosHiBaj,Akazonae Bajosamurai,赤备马上武士,bak_strings.xml,translated,yes,,
BosHiUma,Akazonae Umamawari-gumi,赤园马割组,bak_strings.xml,translated,yes,,
BosHiAka,Akaoni,赤鬼,bak_strings.xml,translated,yes,,
BosHiYuA,Akazonae Yumi Ashigaru,赤备弓足轻,bak_strings.xml,translated,yes,,
BosHiYUK,Akazonae Yumi Kachisamurai,赤宗弓組,bak_strings.xml,translated,yes,,
BosHiKis,Akazonae Kishazamurai,气社村赤宗苗,bak_strings.xml,translated,yes,,
BosHiTeA,Akazonae Teppo Ashigaru,赤备铁炮足轻,bak_strings.xml,translated,yes,,
BosHiTeK,Akazonae Teppo Kachisamurai,赤宗铁炮組,bak_strings.xml,translated,yes,,
BosHiYug,Akazonae Yugekitai,赤备游击队,bak_strings.xml,translated,yes,,
BosHiBat,Akazonae Batto-gumi,赤宗苗组,bak_strings.xml,translated,yes,,
BosHiSak,Akazonae Sakite-gumi,赤备先手组,bak_strings.xml,translated,yes,,
BosKuChi,Chijintai,知人隊,bak_strings.xml,translated,yes,,
BosKuShi,Shingekitai,新风台,bak_strings.xml,translated,yes,,
BosKuRai,Raijintai,雷神台,bak_strings.xml,translated,yes,,
BosKiKot,Kotai-heitai,奇兵隊,bak_strings.xml,translated,yes,,
BosKiYob,Yobi-heitai,预备兵队,bak_strings.xml,translated,yes,,
BosKiYoH,Yobi-houheitai,後備兵隊,bak_strings.xml,translated,yes,,
BosKiJob,Jobi-heitai,工作兵平队,bak_strings.xml,translated,yes,,
BosKiJoH,Jobi-houheitai,後備隊,bak_strings.xml,translated,yes,,
BosKiJoK,Jobi Kiheitai,奇兵隊,bak_strings.xml,translated,yes,,
BosKiHok,Hoketsu-heitai,法结平队,bak_strings.xml,translated,yes,,
BosTsAsh,Tsu Ashigaru,津足轻,bak_strings.xml,translated,yes,,
BosTsYaA,Tsu Yari Ashigaru,津枪足轻,bak_strings.xml,translated,yes,,
BosTsMan,Mannaka-gumi,万中组,bak_strings.xml,translated,yes,,
BosTsSeM,Senei Mannaka-gumi,塞内万中组,bak_strings.xml,translated,yes,,
BosTsMus,Musokunin Jutai,无足人十太,bak_strings.xml,translated,yes,,
BosTsAsJ,Ashigaru Jutai,足轻铳队,bak_strings.xml,translated,yes,,
BosTsBuJ,Bushi Jutai,武士隊,bak_strings.xml,translated,yes,,
BosTsSap,Tsu Sappei,津萨平,bak_strings.xml,translated,yes,,
BosIROku,Itto-ryu Keppan,一刀流血判,bak_strings.xml,translated,yes,,
BosIRMok,Itto-ryu Mokuroku,一刀流目録,bak_strings.xml,translated,yes,,
BosIRMen,Itto-ryu Menkyo,一刀流免许,bak_strings.xml,translated,yes,,
BoHIRSho,Hokushin Itto-ryu Shoden,北信一流商店,bak_strings.xml,translated,yes,,
BoHIRChu,Hokushin Itto-ryu Chuden,北辰一刀流中传,bak_strings.xml,translated,yes,,
BoHIROku,Hokushin Itto-ryu Okuden,北辰一刀流奥传,bak_strings.xml,translated,yes,,
BoShROku,Shinto Munen-ryu Keppan,新阴流灵剑,bak_strings.xml,translated,yes,,
BoShRMok,Shinto Munen-ryu Mokuroku,新阴流目録,bak_strings.xml,translated,yes,,
BoShRMen,Shinto Munen-ryu Menkyo,新阴流免许,bak_strings.xml,translated,yes,,
BoJiROku,Jigen-ryu Keppan,示现流血判,bak_strings.xml,translated,yes,,
BoJiRMok,Jigen-ryu Mokuroku,示现流目録,bak_strings.xml,translated,yes,,
BoJiRMen,Jigen-ryu Menkyo,示现流免许,bak_strings.xml,translated,yes,,
BoHoROku,Hoki-ryu Keppan,宝藏院流血判,bak_strings.xml,translated,yes,,
BoHoRMok,Hoki-ryu Mokuroku,宝藏院流目録,bak_strings.xml,translated,yes,,
BoHoRMen,Hoki-ryu Menkyo,宝藏院流免许,bak_strings.xml,translated,yes,,
BoTnROku,Tanegashima-ryu Keppan,种子岛流 血判,bak_strings.xml,translated,yes,,
BoTnRMok,Tanegashima-ryu Mokuroku,种子岛流目録,bak_strings.xml,translated,yes,,
BoTnRMen,Tanegashima-ryu Menkyo,种子岛流免许,bak_strings.xml,translated,yes,,
BoTkROku,Takashima-ryu Keppan,高岛流 血判,bak_strings.xml,translated,yes,,
BoTkRMok,Takashima-ryu Hoheitai,高岛流步兵队,bak_strings.xml,translated,yes,,
BoTkRMen,Takashima-ryu Houheitai,高岛流丰平队,bak_strings.xml,translated,yes,,
BosHROku,Heki-ryu Keppan,日置流血判,bak_strings.xml,translated,yes,,
BosHRMok,Heki-ryu Mokuroku,日置流目録,bak_strings.xml,translated,yes,,
BosHRMen,Heki-ryu Menkyo,日置流免许,bak_strings.xml,translated,yes,,
BoOgROku,Ogasawara-ryu Keppan,小笠原流血判,bak_strings.xml,translated,yes,,
BoOgRMok,Ogasawara-ryu Mokuroku,小笠原流目録,bak_strings.xml,translated,yes,,
BoOgRMen,Ogasawara-ryu Menkyo,小笠原流免许,bak_strings.xml,translated,yes,,
BoSyROku,Shingyoto-ryu Keppan,心形刀流 血判,bak_strings.xml,translated,yes,,
BoSyRMok,Shingyoto-ryu Mokuroku,心形刀流目録,bak_strings.xml,translated,yes,,
BoSyRMen,Shingyoto-ryu Menkyo,心形刀流免许,bak_strings.xml,translated,yes,,
BoOsROku,Oshima-ryu Keppan,大岛流血判,bak_strings.xml,translated,yes,,
BoOsRMok,Oshima-ryu Mokuroku,大岛流目録,bak_strings.xml,translated,yes,,
BoOsRMen,Oshima-ryu Menkyo,大岛流免许,bak_strings.xml,translated,yes,,
BoTaROku,Tamiya-ryu Keppan,田宫流血判,bak_strings.xml,translated,yes,,
BoTaRMok,Tamiya-ryu Mokuroku,田宫流目録,bak_strings.xml,translated,yes,,
BoTaRMen,Tamiya-ryu Menkyo,田宫流免许,bak_strings.xml,translated,yes,,
BoMrROku,Moriuchi-ryu Keppan,森内流血判,bak_strings.xml,translated,yes,,
BoMrRMok,Moriuchi-ryu Mokuroku,森内流目録,bak_strings.xml,translated,yes,,
BoMrRMen,Moriuchi-ryu Menkyo,森内流免许,bak_strings.xml,translated,yes,,
BoOwROku,Owari Kan-ryu Keppan,尾张宽流血判,bak_strings.xml,translated,yes,,
BoOwRMok,Owari Kan-ryu Mokuroku,尾张观流目録,bak_strings.xml,translated,yes,,
BoOwRMen,Owari Kan-ryu Menkyo,尾张勘流免许,bak_strings.xml,translated,yes,,
BossROku,Shinshin-ryu Keppan,神心流 血判,bak_strings.xml,translated,yes,,
BossRMok,Shinshin-ryu Mokuroku,神心流目録,bak_strings.xml,translated,yes,,
BossRMen,Shinshin-ryu Menkyo,神心流免许,bak_strings.xml,translated,yes,,
BoTsROku,Tatsumi-ryu Keppan,辰巳流血判,bak_strings.xml,translated,yes,,
BoTsRMok,Tatsumi-ryu Mokuroku,辰巳流目録,bak_strings.xml,translated,yes,,
BoTsRMen,Tatsumi-ryu Menkyo,辰巳流免许,bak_strings.xml,translated,yes,,
BoTRROku,Tennen Rishin-ryu Keppan,天然理心流血判,bak_strings.xml,translated,yes,,
BoTRRMok,Tennen Rishin-ryu Mokuroku,天然理心流目録,bak_strings.xml,translated,yes,,
BoTRRMen,Tennen Rishin-ryu Menkyo,天然理心流免许,bak_strings.xml,translated,yes,,
BoNaROku,Nanbu-ryu Keppan,南部流流板,bak_strings.xml,translated,yes,,
BoNaRMok,Nanbu-ryu Mokuroku,南部流目録,bak_strings.xml,translated,yes,,
BoNaRMen,Nanbu-ryu Menkyo,南部流免许,bak_strings.xml,translated,yes,,
BoKMROku,Kyosin Meiichi-ryu Keppan,共进明一流血判,bak_strings.xml,translated,yes,,
BoKMRMok,Kyosin Meiichi-ryu Mokuroku,共进明一流目録,bak_strings.xml,translated,yes,,
BoKMRMen,Kyosin Meiichi-ryu Menkyo,协进明一流免许,bak_strings.xml,translated,yes,,
BosKuOhe,Ohentai,王变队,bak_strings.xml,translated,yes,,
BosKuTsu,Tsuji Ichizaemon-tai,辻氏左卫门队,bak_strings.xml,translated,yes,,
BosKuShC,Shichisho-tai,七将队,bak_strings.xml,translated,yes,,
BosHiYam,Yamaga-tai,山形队,bak_strings.xml,translated,yes,,
BosHiYaH,Yamaga Heitai,山鹿平太,bak_strings.xml,translated,yes,,
BosHiEis,Hitoyoshi Einshiki-tai,人吉永印队,bak_strings.xml,translated,yes,,
BosHiRan,Hitoyoshi Ranshiki-tai,人吉蘭式隊,bak_strings.xml,translated,yes,,
BosFuYuk,Yukantai,湯灌隊,bak_strings.xml,translated,yes,,
BosFuYuJ,Yugeki-jutai,游击铳队,bak_strings.xml,translated,yes,,
BosFuShu,Fukuoka Shugitai,福冈修义队,bak_strings.xml,translated,yes,,
BosKoNoh,Nohei Gozutsutai,野平五筒队,bak_strings.xml,translated,yes,,
BosKoSek,Kokura Sekishintai,小仓关信太,bak_strings.xml,translated,yes,,
BosKoIkk,Ikkantai,一干隊,bak_strings.xml,translated,yes,,
BosKoFun,Funbutai,奮武隊,bak_strings.xml,translated,yes,,
BosSaHSo,Heisotsu-tai,平松队,bak_strings.xml,translated,yes,,
BosSaJSo,Jusotsu-tai,十三津队,bak_strings.xml,translated,yes,,
BosSaShn,Shinentai,神念体,bak_strings.xml,translated,yes,,
BosSaHSh,Heishi-tai,黑石台,bak_strings.xml,translated,yes,,
BosSaJSh,Jushi-tai,銃士隊,bak_strings.xml,translated,yes,,
BosSaYuh,Yuheitai,遊兵隊,bak_strings.xml,translated,yes,,
BosSaAHS,Houheisotsu-tai,丰平曹太,bak_strings.xml,translated,yes,,
BosSaAHh,Houheishi-tai,砲兵隊,bak_strings.xml,translated,yes,,
BosSaHos,Houseitai,奉仕队,bak_strings.xml,translated,yes,,
BosSaToj,Tojotai,豊田隊,bak_strings.xml,translated,yes,,
BosSaSui,Suiguntai,水军队,bak_strings.xml,translated,yes,,
BosSaShy,Shiryotai,志良队,bak_strings.xml,translated,yes,,
BosSaShu,Shojutai,松樹隊,bak_strings.xml,translated,yes,,
BosSaYug,Yugekitai,游击队,bak_strings.xml,translated,yes,,
BosStShi,Satsuma Shimpeitai,萨摩新平队,bak_strings.xml,translated,yes,,
BosStDen,Satsuma Denshutai,萨摩传习队,bak_strings.xml,translated,yes,,
BosSaHeg,Heigukata-tai,平形方队,bak_strings.xml,translated,yes,,
BosSaBan,Banheitai,番所,bak_strings.xml,translated,yes,,
BosRoBas,Ronin,浪人,bak_strings.xml,translated,yes,,
BosRoKat,Jozu-na Ronin,上田浪人,bak_strings.xml,translated,yes,,
BosRoYum,Yumi Ronin,弓浪人,bak_strings.xml,translated,yes,,
BosRoTep,Teppo Ronin,鐵砲浪人,bak_strings.xml,translated,yes,,
BosShinR,Mibu Roshigumi,壬生浪士组,bak_strings.xml,translated,yes,,
BosShins,Shinsengumi,新选组,bak_strings.xml,translated,yes,,
BosShinK,Koyo Chinbutai,红叶队,bak_strings.xml,translated,yes,,
BosBaTSo,Shogitai,松吉隊,bak_strings.xml,translated,yes,,
BosBaKSo,Shogitai Kosan,彰义队小头,bak_strings.xml,translated,yes,,
BosBuKSo,Shogitai Kumigashira,彰义队组头,bak_strings.xml,translated,yes,,
BosKoWak,Wakashu,若州,bak_strings.xml,translated,yes,,
BosKoYoj,Yojimbo,共隊,bak_strings.xml,translated,yes,,
BosAiJot,Joshitai,城代,bak_strings.xml,translated,yes,,
BosAiJog,Joshigun,女子军,bak_strings.xml,translated,yes,,
BosShicR,Roshigumi,浪组,bak_strings.xml,translated,yes,,
BosShinc,Shinchogumi,新徴組,bak_strings.xml,translated,yes,,
BosShicG,Shinchogumi Gocho,新徴組五丁,bak_strings.xml,translated,yes,,
BosKaSui,Kameyama Suiheitai,龟山水平队,bak_strings.xml,translated,yes,,
BosKaGoH,Kameyama Goei Heitai,龟山护荣兵队,bak_strings.xml,translated,yes,,
BosKaeei,Kaientai Seieitai,海援队精锐队,bak_strings.xml,translated,yes,,
BosTeToG,Totsukawa Goshi,十津川乡士,bak_strings.xml,translated,yes,,
BosTeYaT,Tenchugumi Yari-tai,天忠组枪队,bak_strings.xml,translated,yes,,
BosTeGeT,Tenchugumi Geberu-tai,天忠组恩菲尔德步枪队,bak_strings.xml,translated,yes,,
BosShish,Shishi,詩詩,bak_strings.xml,translated,yes,,
BosIshSh,Ishin Shishi,石州詩詩,bak_strings.xml,translated,yes,,
BosTepSh,Teppo Shishi,鐵砲獅子,bak_strings.xml,translated,yes,,
BosHitok,Hitokiri,人斩,bak_strings.xml,translated,yes,,
BosToKoe,Koeitai,土佐队,bak_strings.xml,translated,yes,,
BosToChu,Chueitai,垂井队,bak_strings.xml,translated,yes,,
BosToZen,Zeneitai,善英队,bak_strings.xml,translated,yes,,
BosToKis,Kiseitai,纪州队,bak_strings.xml,translated,yes,,
BosToJin,Jinshotai,迅冲队,bak_strings.xml,translated,yes,,
BosMTKoc,Kochotai,甲州队,bak_strings.xml,translated,yes,,
BosMGMim,Mimpeitai,御兵隊,bak_strings.xml,translated,yes,,
BosMGFuH,Tosa Fuheitai,土佐步兵队,bak_strings.xml,translated,yes,,
BosMOGeb,Geberu-tai,盖贝尔队,bak_strings.xml,translated,yes,,
BosMOShi,Shinsentai,新选队,bak_strings.xml,translated,yes,,
BosMOHok,Hokukutai,北九州队,bak_strings.xml,translated,yes,,
BosMOGun,Gunchutai,军中队,bak_strings.xml,translated,yes,,
BosMMGoA,Go Ashigaru-tai,刚勇足轻队,bak_strings.xml,translated,yes,,
BosMMShi,Shinseitai,新选组,bak_strings.xml,translated,yes,,
BosMURan,Uwajima Ranshiki-tai,宇和岛兰式队,bak_strings.xml,translated,yes,,
BosMUEis,Uwajima Eishiki-tai,宇和岛英式队,bak_strings.xml,translated,yes,,
BosTkSen,Senshitai,森氏队,bak_strings.xml,translated,yes,,
BosTkJus,Tokushima Jusotsutai,德岛十三队,bak_strings.xml,translated,yes,,
BosTkSek,Tokushima Sekishintai,德岛,bak_strings.xml,translated,yes,,
BosMoHot,Hotsukitai,热血队,bak_strings.xml,translated,yes,,
BosMoChi,Chigitai,稚义队,bak_strings.xml,translated,yes,,
BosMoTen,Tenshotai,天将队,bak_strings.xml,translated,yes,,
BosMoAsh,Morioka Ashigaru,盛冈足轻,bak_strings.xml,translated,yes,,
BosMoYaA,Morioka Yari Ashigaru,盛冈枪足轻,bak_strings.xml,translated,yes,,
BosMoTeA,Morioka Teppo Ashigaru,盛冈铁炮足轻,bak_strings.xml,translated,yes,,
BosTMFus,Fusetsutai,风雪队,bak_strings.xml,translated,yes,,
BosTMSei,Seibutai,西武队,bak_strings.xml,translated,yes,,
BosMoUja,Ujatai,宇治队,bak_strings.xml,translated,yes,,
BosMoEnz,Enzantai,圆山队,bak_strings.xml,translated,yes,,
BosMoTor,Toryotai,鸟取队,bak_strings.xml,translated,yes,,
BosAkAsh,Akita Ashigaru,秋田足轻,bak_strings.xml,translated,yes,,
BosAkYaA,Akita Yari Ashigaru,秋田枪足轻,bak_strings.xml,translated,yes,,
BosAkNgA,Akita Nagae Ashigaru,秋田长柄足轻,bak_strings.xml,translated,yes,,
BosAkNgK,Akita Nagae Kachisamurai,秋田長柄組,bak_strings.xml,translated,yes,,
BosAkKsA,Akita Kachisamurai,秋田組,bak_strings.xml,translated,yes,,
BosAkBaj,Akita Bajosamurai,秋田马上武士,bak_strings.xml,translated,yes,,
BosAkUma,Akita Umamawari-gumi,秋田馬廻組,bak_strings.xml,translated,yes,,
BosAkYuA,Akita Yumi Ashigaru,秋田弓足轻,bak_strings.xml,translated,yes,,
BosAkYUK,Akita Daikyu Kachisamurai,秋田大筒組,bak_strings.xml,translated,yes,,
BosAkKis,Akita Kishazamurai,秋田骑射武士,bak_strings.xml,translated,yes,,
BosAkTeA,Akita Teppo Ashigaru,秋田铁炮足轻,bak_strings.xml,translated,yes,,
BosAkTeK,Akita Teppo Kachisamurai,秋田铁炮組,bak_strings.xml,translated,yes,,
BosAkYug,Akita Yugekitai,秋田游击队,bak_strings.xml,translated,yes,,
BosAkBat,Akita Batto-gumi,秋田拔刀组,bak_strings.xml,translated,yes,,
BosAkSak,Akita Sakite-gumi,秋田小拔刀组,bak_strings.xml,translated,yes,,
BosAkYus,Yushitai,与力组,bak_strings.xml,translated,yes,,
BosAkHoh,Akita Hoheitai,秋田步兵队,bak_strings.xml,translated,yes,,
BosAkRyo,Ryofutai,良风队,bak_strings.xml,translated,yes,,
BosMSMik,Mikunidai,三国队,bak_strings.xml,translated,yes,,
BosMSGob,Gobuto-tai,后备队,bak_strings.xml,translated,yes,,
BosMSBet,Bettetai,别队,bak_strings.xml,translated,yes,,
BosSeGak,Gakuheitai,学兵队,bak_strings.xml,translated,yes,,
BosSeGaH,Houhei Gakuheitai,丰兵学兵队,bak_strings.xml,translated,yes,,
BosMSHik,Hikotai,彦队,bak_strings.xml,translated,yes,,
BosSeAsh,Sendai Ashigaru,仙台足轻,bak_strings.xml,translated,yes,,
BosSeTeA,Sendai Teppo Ashigaru,仙台铁炮足轻,bak_strings.xml,translated,yes,,
BosSeTeK,Sendai Teppo Kachisamurai,仙台铁炮組,bak_strings.xml,translated,yes,,
BosSeYug,Sendai Yugekitai,仙台游击队,bak_strings.xml,translated,yes,,
BosSeKar,Karasugumi,乌组,bak_strings.xml,translated,yes,,
BosAiAsh,Aizu Ashigaru,会津足轻,bak_strings.xml,translated,yes,,
BosAiBat,Aizu Batto-gumi,会津拔刀组,bak_strings.xml,translated,yes,,
BosAiBes,Betsusen-gumi,别选组,bak_strings.xml,translated,yes,,
BosAiBya,Byakkotai,白虎队,bak_strings.xml,translated,yes,,
BosAiSuz,Suzakutai,朱雀队,bak_strings.xml,translated,yes,,
BosAiSei,Seiryutai,青龙队,bak_strings.xml,translated,yes,,
BosAiGen,Genbutai,玄武队,bak_strings.xml,translated,yes,,
BosAiSog,Sogekitai,草木队,bak_strings.xml,translated,yes,,
BosAiRyo,Ryoshitai,良士队,bak_strings.xml,translated,yes,,
BosAiYug,Yuguntai,游击队,bak_strings.xml,translated,yes,,
BosAiChi,Chikujotai,竹上队,bak_strings.xml,translated,yes,,
BosYoAsh,Yonezawa Ashigaru,米泽足轻,bak_strings.xml,translated,yes,,
BosYoYaA,Yonezawa Yari Ashigaru,米泽枪足轻,bak_strings.xml,translated,yes,,
BosYoNgA,Yonezawa Nagae Ashigaru,米泽长柄足轻,bak_strings.xml,translated,yes,,
BosTYYYG,Yoita Yari-gumi,枪组,bak_strings.xml,translated,yes,,
BosYoKsA,Yonezawa Kachisamurai,米泽組,bak_strings.xml,translated,yes,,
BosYoBaj,Yonezawa Bajosamurai,米泽马上武士,bak_strings.xml,translated,yes,,
BosTYOUG,O-umamawari Gumi,大马回组,bak_strings.xml,translated,yes,,
BosYoTeA,Yonezawa Teppo Ashigaru,米泽铁炮足轻,bak_strings.xml,translated,yes,,
BosTYWaj,Wajutai,和组,bak_strings.xml,translated,yes,,
BosTYYTG,Yoita Teppo-gumi,铁炮组,bak_strings.xml,translated,yes,,
BosYoBat,Yonezawa Batto-gumi,米泽拔刀组,bak_strings.xml,translated,yes,,
BosTYGJG,Gojuki Gumi,刚柔组,bak_strings.xml,translated,yes,,
BosMYGos,Goshitai,五士队,bak_strings.xml,translated,yes,,
BosMYSai,Saimin-tai,宰民队,bak_strings.xml,translated,yes,,
BosShKij,Kijutai,奇兵队,bak_strings.xml,translated,yes,,
BosShSak,Sakuho-tai,作兵队,bak_strings.xml,translated,yes,,
qKrU4BRJ,Historic Events Enabled,启用历史事件,bak_strings.xml,translated,yes,,
7HhF6DBY,"Enables historical events, must be enabled from the start of the campaign.",启用历史事件，必须从活动开始时启用。,bak_strings.xml,translated,yes,,
sJ1xR4zT,Campaign Settings,活动设置,bak_strings.xml,translated,yes,,
AjRtENgA,Caste System Enabled,阶级制度启用,bak_strings.xml,translated,yes,,
t3CxetOU,"Enables the caste system, must be enabled from the start of the campaign.",启用阶级制度，必须从战役开始时启用。,bak_strings.xml,translated,yes,,
qKRbaBRJ,Historic Reforms Enabled,历史性改革得以实现,bak_strings.xml,translated,yes,,
4Abs6DBa,Modern troops are unlocked during the period when they would historically be created.,现代军队是在历史上创建的时期解锁的。,bak_strings.xml,translated,yes,,
sJ1xR4Re,Troop Reforms,部队改革,bak_strings.xml,translated,yes,,
8PbRebra,Policy-Based Reforms Enabled,启用基于政策的改革,bak_strings.xml,translated,yes,,
hav98bre,"Modern troops are unlocked by reformist policies, and can be relocked again.",现代军队可以通过改良主义政策解锁，也可以再次重新锁定。,bak_strings.xml,translated,yes,,
DRjQ1n2A,Enemy Field Artillery,敌方野战炮兵,bak_strings.xml,translated,yes,,
AjeyVTeu,The enemy side in field battles will have the same field artillery you do.,野战中敌方将拥有与你相同的野战炮兵。,bak_strings.xml,translated,yes,,
ba3UDOwE,Custom Battle Artillery,定制战斗火炮,bak_strings.xml,translated,yes,,
JfbOZpGm,Naval Cannon Count,海军炮数,bak_strings.xml,translated,yes,,
32smf9vt,Sets the number of Naval Cannons you have in custom battles,设置您在自定义战斗中拥有的海军火炮的数量,bak_strings.xml,translated,yes,,
8jeB1kJw,Napoleon Gun Count,拿破仑枪数,bak_strings.xml,translated,yes,,
E9tRMRkP,Sets the number of Napoleon Guns you have in custom battles,设置你在自定义战斗中拥有的拿破仑枪的数量,bak_strings.xml,translated,yes,,
cmWS5kj7,La Hitte Count,拉希特伯爵,bak_strings.xml,translated,yes,,
Zptdabeg,Sets the number of La Hitte Mountain Guns you have in custom battles,设置您在自定义战斗中拥有的拉希特山炮数量,bak_strings.xml,translated,yes,,
wEaKtz60,Armstrong Gun Count,阿姆斯特朗枪支计数,bak_strings.xml,translated,yes,,
YbZ6S1Bu,Sets the number of Armstrong Guns you have in custom battles,设置您在自定义战斗中拥有的阿姆斯特朗枪的数量,bak_strings.xml,translated,yes,,
LKjXuOmK,Gatling Gun Count,加特林机枪数量,bak_strings.xml,translated,yes,,
iBtjw2Qr,Sets the number of Gatling Guns you have in custom battles,设置您在自定义战斗中拥有的加特林机枪数量,bak_strings.xml,translated,yes,,
Na81xuXn,{KEY} Reload,{KEY} 重新加载 {AMMO},bak_strings.xml,translated,no,{KEY},{KEY} | {AMMO}
bNYm3K6b,{KEY} Pick Up,{KEY} 接听 {AMMO},bak_strings.xml,translated,no,{KEY},{KEY} | {AMMO}
fEQAPJ2e,{KEY} Use,{KEY} 使用,bak_strings.xml,translated,yes,{KEY},{KEY}
U53M9Arm,RBL 12-Pounder 8 CWT Armstrong Gun\nUsing {AMMO},RBL 12磅8英担阿姆斯特朗炮 使用 {AMMO},bak_strings.xml,translated,yes,{AMMO},{AMMO}
U53M9Gat,Model 1865 Gatling Gun,1865 型加特林机枪,bak_strings.xml,translated,yes,,
U53M9LaH,Canon de Montagne de 4 La Hitte\nUsing {AMMO},4 La Hitte 山炮 使用 {AMMO},bak_strings.xml,translated,yes,{AMMO},{AMMO}
U53M9G9N,M1857 12-Pounder Napoleon\nUsing {AMMO},M1857 12 磅拿破仑 使用 {AMMO},bak_strings.xml,translated,yes,{AMMO},{AMMO}
ChFWBhL0,The First Choshu Expedition Ends,第一次长州远征结束,bak_strings.xml,translated,yes,,
zLSSZFCh,First Choshu Expedition Ends,第一次长州远征结束,bak_strings.xml,translated,yes,,
ChSWBhL0,The First Choshu Expedition Fails,第一次长州远征失败,bak_strings.xml,translated,yes,,
zLSSZSCh,First Choshu Expedition Fails,第一次长州远征失败,bak_strings.xml,translated,yes,,
KilWBhL0,The Kinmon Incident,禁门之变,bak_strings.xml,translated,yes,,
zLSSZOKi,Kinmon Incident,禁门之变,bak_strings.xml,translated,yes,,
GeFWBhL0,End of the Kosanji Uprising,耕三寺起义结束,bak_strings.xml,translated,yes,,
zLSSZFKo,End of the Kosanji Uprising,耕三寺起义结束,bak_strings.xml,translated,yes,,
KosWBhL0,The Kosanji Uprising,耕三寺起义,bak_strings.xml,translated,yes,,
zLSSZGKo,Kosanji Uprising,耕三寺起义,bak_strings.xml,translated,yes,,
GeSWBhL0,The Kosanji Uprising Succeeds,耕三寺起义成功,bak_strings.xml,translated,yes,,
zLSSZSKo,Kosanji Uprising Succeeds,耕三寺起义成功,bak_strings.xml,translated,yes,,
MiFWBhL0,End of the Tengu-to Rebellion,天狗叛乱的结束,bak_strings.xml,translated,yes,,
zLSSZFMi,End of the Tengu-to Rebellion,天狗叛乱的结束,bak_strings.xml,translated,yes,,
MiSWBhL0,The Tengu-to Rebellion Succeeds,天狗叛乱成功,bak_strings.xml,translated,yes,,
zLSSZSMi,Tengu-to Rebellion Succeeds,天狗叛乱成功,bak_strings.xml,translated,yes,,
NeEmBhL0,The End of an Era,一个时代的终结,bak_strings.xml,translated,yes,,
zLSSNeEm,End of an Era,一个时代的结束,bak_strings.xml,translated,yes,,
neSWBhL0,A New Shogun Ascends,新将军登基,bak_strings.xml,translated,yes,,
zLSSZNSh,New Shogun,新将军,bak_strings.xml,translated,yes,,
NeEmSatc,The Satcho Alliance,萨乔联盟,bak_strings.xml,translated,yes,,
zLSSSatc,Satcho Alliance,佐藤联盟,bak_strings.xml,translated,yes,,
CHFWBhL0,The Second Choshu Expedition Ends,第二次长州远征结束,bak_strings.xml,translated,yes,,
zLSSZFCH,Second Choshu Expedition Ends,第二次长州远征结束,bak_strings.xml,translated,yes,,
SChWBhL0,The Second Choshu Expedition,第二次长州远征,bak_strings.xml,translated,yes,,
zLSSSeCh,Second Choshu Expedition,第二次长州远征,bak_strings.xml,translated,yes,,
CHSWBhL0,The Second Choshu Expedition Fails,第二次长州远征失败,bak_strings.xml,translated,yes,,
zLSSZSCH,Second Choshu Expedition Fails,第二次长州远征失败,bak_strings.xml,translated,yes,,
TaHokans,Restoration of Imperial Rule,恢复帝国统治,bak_strings.xml,translated,yes,,
TobFuhL0,The Battle of Toba-Fushimi,鸟羽伏见之战,bak_strings.xml,translated,yes,,
BaTobFus,Battle of Toba-Fushimi,鸟羽伏见之战,bak_strings.xml,translated,yes,,
D2pz95Cj,"The First Choshu Expedition has ended with a whimper, rather than a roar. Under the leadership of Saigo Takamori, a light punishment has been enforced, and several retainers of Choshu have committed seppuku to apologize for the Kinmon Incident.",第一次长州远征是在一声呜咽中结束的，而不是一声咆哮。在西乡隆盛的带领下，实行了轻刑，多名长州家臣纷纷切腹，为禁门之变道歉。,bak_strings.xml,translated,yes,,
D2pZ95Cj,"Choshu has forced back the Shogunate forces, showing the weakness of the Shogunate more clearly than ever before.",长州将幕府势力逼退，幕府的弱点比以往任何时候都更加明显。,bak_strings.xml,translated,yes,,
D2pz9Kin,"Choshu's assault on Kyoto has ended in defeat. Repelled at the Forbidden Gates, the domain is now condemned as a rebel force. With imperial approval secured, the Shogunate has called its allied domains to arms and begun a grand punitive campaign. If they crush Choshu's remaining resistance, the Bakufu's authority will be restored across Japan.",长州进攻京都以失败告终。该藩在禁门被击退，现在被谴责为叛军。在获得天皇批准后，幕府已号召其盟国武装起来，并开始了一场大规模的惩罚性战役。如果他们粉碎了长州剩余的抵抗，幕府的权威将在日本各地恢复。,bak_strings.xml,translated,yes,,
zLSSZFGe,"The Genji loyalists have been crushed, and the Shogunate’s authority stands unshaken. The reformist leaders have been executed or driven into hiding, while the conservative factions reassert their dominance in Choshu. Any hope of Choshu once again opposing the Shogunate is gone.",源氏的忠诚者已被镇压，幕府的权威丝毫没有动摇。改革派领导人要么被处决，要么被迫躲藏起来，而保守派则重新确立了他们在长州的统治地位。长州再次反抗幕府的希望已经破灭。,bak_strings.xml,translated,yes,,
D2pz9Kos,"The Seigi-ha have risen up at Kosanji Temple, challenging the conservative faction in Choshu, who have been cracking down on the radicals ever since the domain's loss in the First Choshu Expedition.",清仪派在高山寺崛起，挑战长州的保守派，自第一次长州远征以来，长州的保守派一直在镇压激进分子。,bak_strings.xml,translated,yes,,
D2Pz95KG,"The Kosanji rebels have prevailed, and Choshu will once again reject the Shogunate’s authority. The conservatives have all been purged or cast aside, and the sonno joi have once again taken power in Choshu.",耕三寺叛军取得了胜利，长州将再次拒绝幕府的权威。保守派全部被清洗或被抛弃，尊王党再次在长州掌权。,bak_strings.xml,translated,yes,,
D2pz95Mj,"The Tengu-to Rebels have failed, and the Shogunate will remain open to foreigners. The ringleaders have been executed or forced to commit seppuku, and the Conservatives shall rule in Mito.",天狗岛叛军失败了，幕府仍将向外国人开放。头目已被处决或被迫切腹，保守党将统治水户。,bak_strings.xml,translated,yes,,
D2Pz95Mj,"The Tengu-to Rebels have won out. While the Shogunate remains open to foreigners, Mito has unified around the Sonno-joi.",天狗岛叛军取得了胜利。虽然幕府仍然对外国人开放，但水户已经统一在尊王攘夷周围。,bak_strings.xml,translated,yes,,
D2pzNeTe,It is hereby announced that His Majesty has passed from this life and joined the Imperial Ancestors. The Heir Apparent has now assumed the Throne. All domains and officials shall observe mourning and maintain order.,特此宣布陛下已圆寂，归入太祖。法定继承人现已登上王位。各藩、各官员应当默哀，维持秩序。,bak_strings.xml,translated,yes,,
D2pzNeSh,"On the 29th day of the 8th month, the Shōgun, {oldShogun}, passed away at Osaka Castle. By solemn decree of the Bakufu, a mourning period has been declared, and military operations are paused to honor his memory. His successor, {newShogun}, has been named, with authority confirmed by senior officials.",八月二十九日，将军{oldShogun}在大阪城去世。根据幕府的幕府法令，宣布哀悼期，并暂停军事行动以纪念他。他的继任者 {newShogun} 已被任命，并得到了高级官员的确认。,bak_strings.xml,translated,yes,{oldShogun} | {newShogun},{oldShogun} | {newShogun}
D2pZ9Ref,"The {Reform} have begun, as various domains have begun refining their militaries once more into a more modern form.",{Reform} 已经开始，各藩再次着手将军队整编为更加现代化的形态。,bak_strings.xml,translated,yes,{Reform},{Reform}
SatzNeTe,"By mutual resolve, the leaders of Satsuma and Choshu have entered into a secret pact to unite their strength in service of restoring Imperial authority. From this day forward, both domains stand as one in purpose against the rule of the shogunate.",通过共同的决心，萨摩和长州的领导人达成了一项秘密协议，以联合他们的力量来恢复帝国的权威。从今天起，这两个藩将成为一体，共同反对幕府的统治。,bak_strings.xml,translated,yes,,
D2pz9hCj,"The Second Choshu Expedition has ended with the success of the Bakufu. Choshu has been thoroughly crushed, never to rise again, and the Bakufu has shown to the world that it is not weak.",第二次长州远征随着幕府的胜利而结束。长州已被彻底击垮，再也无法崛起，而幕府向世人表明了它的不弱。,bak_strings.xml,translated,yes,,
D2pzSeCh,"The Shogunate has formally declared a second punitive expedition against the Choshu domain, ordering its allied forces to advance at once in response to Choshu's continued defiance and failure to comply with shogunal commands.",幕府正式宣布对长州藩进行第二次讨伐，命令其联军立即进军，以回应长州的持续蔑视和不遵守幕府命令。,bak_strings.xml,translated,yes,,
D2pZ9HCj,"Despite being outnumbered, Choshu has achieved a crushing victory against the forces of the Bakufu. Their modern infantry has proven superior over the half-hearted reforms of the Bakufu. The Shogunate is weak, and the wolves have begun to gather.",尽管寡不敌众，长州还是取得了对幕府军队的压倒性胜利。事实证明，他们的现代步兵优于幕府半心半意的改革。幕府衰弱，狼群开始聚集。,bak_strings.xml,translated,yes,,
TaiHokan,"It is hereby proclaimed that the administration of the realm has been respectfully returned to the Imperial Throne. The Shogun, having fulfilled his charge, has retired from his offices. Henceforth, all affairs of state shall proceed under the direct and august authority of His Majesty.",特此宣布，国家行政权已重新归还给帝国王座。幕府将军完成了他的职责后，已经从办公室退休了。从此以后，所有国家事务都将在国王陛下的直接和威严的权力下进行。,bak_strings.xml,translated,yes,,
D2pzToFu,"Battle has ignited at Toba–Fushimi between newly declared Imperial troops and the Shogunate. The peace is broken, and both sides call upon their allies. All domains will be expected to declare their stance.",新宣布的帝国军队与幕府之间的战斗在鸟羽伏见爆发。和平被打破，双方都呼吁盟友。所有藩都应声明其立场。,bak_strings.xml,translated,yes,,
oiIiCvRk,Foreign Imports,国外进口,bak_strings.xml,translated,yes,,
BrPGVFVw,"Opening local markets to exotic imports will introduce unique wares, technology, and culture to the region. Even though new export and import opportunities will arise, some notables and merchants may harbor disdain for the competition to domestic trade.",向异国进口商品开放当地市场将为该地区引入独特的商品、技术和文化。尽管新的进出口机会将会出现，但一些知名人士和商人可能对国内贸易的竞争不屑一顾。,bak_strings.xml,translated,yes,,
WKTJ5B9w,importing foreign wares,进口外国商品,bak_strings.xml,translated,yes,,
RffNLf7H,Clans lose 1 influence per day{newline}Tax income in settlements are increased by 15%{newline}Each notable yields -.15 influence per day to the settlement's owner clan,部落每天失去 1 点影响力{newline}定居点的税收收入增加 15%{newline}每个显着收益每天对定居点所有者部落产生 -.15 影响力,bak_strings.xml,translated,yes,{newline} | {newline},{newline} | {newline}
uTycGRdI,You need to move along. I'm on duty right now and I can't spare any coin. May Heaven provide.,你需要继续前进。我现在正在值班，一分钱都没有。愿天堂提供。,bak_strings.xml,translated,yes,,
P98iCLjl,"Get out of my face, you vile beggar.[if:convo_angry]",从我面前滚出去，你这个卑鄙的乞丐.[if:convo_angry],bak_strings.xml,translated,yes,,
0UUCTaEj,We hear a lot of complaints about you lately. You better start behaving or you'll get yourself a good flogging.[if:convo_mocking_revenge],最近我们听到很多关于你的抱怨。你最好开始表现得好，否则你会挨一顿鞭打的。[if:convo_mocking_revenge],bak_strings.xml,translated,yes,,
XqTa0iQZ,"What do you want, you degenerate?[if:convo_stern]",你堕落了，你想要什么？[if:convo_stern],bak_strings.xml,translated,yes,,
6SppoTum,Yes? What do you want?,是的？你想要什么？,bak_strings.xml,translated,yes,,
av0bRae8,Who is imprisoned here?,谁被囚禁在这里？,bak_strings.xml,translated,yes,,
QxIXbHai,I want to speak with a prisoner (Cheat).,我想和一个囚犯说话（作弊）。,bak_strings.xml,translated,yes,,
EGI6ztlH,I want to speak with a prisoner.,我想和一个囚犯说话。,bak_strings.xml,translated,yes,,
D33fIGQe,Never mind.,没关系。,bak_strings.xml,translated,yes,,
2eydhtcz,"Currently, {PRISONER_NAMES} {?IS_PLURAL}are{?}is{\\?} imprisoned here.",目前，{PRISONER_NAMES} {?IS_PLURAL}are{?}is{\?} 被囚禁在这里。,bak_strings.xml,translated,no,{PRISONER_NAMES} | {?IS_PLURAL} | {?} | {\\?},{PRISONER_NAMES} | {?IS_PLURAL} | {?} | {\?}
XN0XZAkI,I can't let you in. My {?SETTLEMENT_OWNER.GENDER}Lady{?}Lord{\\?} {SETTLEMENT_OWNER.NAME} would be furious.,我不能让你进来。我的 {?SETTLEMENT_OWNER.GENDER}Lady{?}Lord{\?} {SETTLEMENT_OWNER.NAME} 会生气的。,bak_strings.xml,translated,no,{?SETTLEMENT_OWNER.GENDER} | {?} | {\\?} | {SETTLEMENT_OWNER.NAME},{?SETTLEMENT_OWNER.GENDER} | {?} | {\?} | {SETTLEMENT_OWNER.NAME}
XWpEpaQ4,"Of course, {?PLAYER.GENDER}madam{?}sir{\\?}. Go in.",当然，{?PLAYER.GENDER}女士{?}先生{\?}。进去吧。,bak_strings.xml,translated,no,{?PLAYER.GENDER} | {?} | {\\?},{?PLAYER.GENDER} | {?} | {\?}
k3b5KqSc,Come on now. I thought you were the boss here.,现在来吧。我还以为你是这里的老板呢,bak_strings.xml,translated,yes,,
JaAltoKP,Um... What are you saying?,嗯...你在说什么？,bak_strings.xml,translated,yes,,
dY3Vazug,I found a purse with {AMOUNT}{GOLD_ICON} a few paces away. I reckon it belongs to you.,我在几步外发现了一个带有 {AMOUNT}{GOLD_ICON} 的钱包。我认为它属于你。,bak_strings.xml,translated,yes,{AMOUNT} | {GOLD_ICON},{AMOUNT} | {GOLD_ICON}
rVHbbrCQ,We're not holding anyone in here right now. There's no reason for you to go in.[ib:closed],我们现在没有关押任何人。你没有理由进去.[ib:closed],bak_strings.xml,translated,yes,,
b3KFoJJ8,All right then. I'll have a look at the prison.,那就好吧。我要去监狱看看。,bak_strings.xml,translated,yes,,
L5vAhxhO,I have more important business to do.,我还有更重要的事情要做。,bak_strings.xml,translated,yes,,
qPRl07mD,All right then. I'll try that.,那就好吧。我会尝试一下。,bak_strings.xml,translated,yes,,
fCrVeHP3,"Ah! I was looking for this all day. How good of you to bring it back {?PLAYER.GENDER}madam{?}sir{\\?}. Well, now that I know what an honest {?PLAYER.GENDER}lady{?}man{\\?} you are, there can be no harm in letting you inside for a look. Go in.... Just so you know, though -- I'll be hanging onto the keys, in case you were thinking about undoing anyone's chains.",啊!我一整天都在找这个。你把它带回来真是太好了{?PLAYER.GENDER}女士{?}先生{\?}。好吧，现在我知道你是一个多么诚实的{?PLAYER.GENDER}女士{?}男子{\?}，让你进去看看也没什么坏处。进去……不过，让你知道——我会抓住钥匙，以防你想解开任何人的锁链。,bak_strings.xml,translated,no,{?PLAYER.GENDER} | {?} | {\\?} | {?PLAYER.GENDER} | {?} | {\\?},{?PLAYER.GENDER} | {?} | {\?} | {?PLAYER.GENDER} | {?} | {\?}
htfLEQlf,Give me the keys to the cells -- now!,把牢房的钥匙给我——现在！,bak_strings.xml,translated,yes,,
Kto7RWKE,Help! Help! Prison break!,帮助！帮助！越狱！,bak_strings.xml,translated,yes,,
b2h3r1kL,I want to visit the lord's hall.,我想去参观领主的大厅。,bak_strings.xml,translated,yes,,
RJtCakaG,There is nobody inside to receive you right now.,现在里面没有人接待你。,bak_strings.xml,translated,yes,,
bbroVUrD,"Of course, my {?PLAYER.GENDER}lady{?}lord{\\?}.",当然，我的{?PLAYER.GENDER}女士{?}领主{\?}。,bak_strings.xml,translated,no,{?PLAYER.GENDER} | {?} | {\\?},{?PLAYER.GENDER} | {?} | {\?}
rcoESVVz,"Sorry, but we don't know you. We can't just let anyone in. (Not enough renown)",抱歉，我们不认识你。我们不能随便让任何人进来。（知名度不够）,bak_strings.xml,translated,yes,,
7wkHMnNM,Maybe {AMOUNT}{GOLD_ICON} will help you to remember me.,也许 {AMOUNT}{GOLD_ICON} 会帮助你记住我。,bak_strings.xml,translated,yes,{AMOUNT} | {GOLD_ICON},{AMOUNT} | {GOLD_ICON}
xatWDriV,Never mind then.,那就别介意了。,bak_strings.xml,translated,yes,,
g5ofoKa8,Yeah... Now I remember you.,是的...现在我记住你了。,bak_strings.xml,translated,yes,,
gNSbsST8,0,0,bak_strings.xml,untranslated_equal,yes,,
TP7rZTKs,You don't have {DENAR_AMOUNT}{GOLD_ICON} denars.,你没有 {DENAR_AMOUNT}{GOLD_ICON} 第纳尔。,bak_strings.xml,translated,yes,{DENAR_AMOUNT} | {GOLD_ICON},{DENAR_AMOUNT} | {GOLD_ICON}
hCavIm4G,You will pay {AMOUNT}{GOLD_ICON} denars.,您将支付 {AMOUNT}{GOLD_ICON} 第纳尔。,bak_strings.xml,translated,yes,{AMOUNT} | {GOLD_ICON},{AMOUNT} | {GOLD_ICON}
zZ4LlI0Q,Welcome to our dojo.,欢迎来到我们的道场。,bak_strings.xml,translated,yes,,
KcxekxUk,"It's good to see you again, brother.",很高兴再次见到你，兄弟。,bak_strings.xml,translated,yes,,
KcxekxUF,"It's good to see you again, sister.",很高兴再次见到你，姐姐。,bak_strings.xml,translated,yes,,
6JL4GyKC,Can't talk right now. Got to keep my eye on things around here.,现在不能说话。我必须留意周围的事情。,bak_strings.xml,translated,yes,,
xizHRti3,"Nothing to report, your lordship.",没什么可报告的，陛下。,bak_strings.xml,translated,yes,,
sIfL5Vnx,"Nothing to report, your ladyship.",没什么可报告的，女士。,bak_strings.xml,translated,yes,,
3sfjBnaJ,It's quiet. Too quiet. Things never stay quiet around here for long.,很安静。太安静了。这里的一切永远不会安静太久。,bak_strings.xml,translated,yes,,
jjkOBPkY,Can't let down your guard around here. Too many bastards up to no good.,在这里不能放松警惕。混蛋太多了，没啥好处。,bak_strings.xml,translated,yes,,
AHg5k9q2,"Welcome to {SETTLEMENT_NAME}. I think you'll find these are good, law-abiding folk, for the most part.",欢迎来到{SETTLEMENT_NAME}。我想你会发现这些人大部分都是守法的好人。,bak_strings.xml,translated,yes,{SETTLEMENT_NAME},{SETTLEMENT_NAME}
ChSThwR8,Choshu Seigi-ha,长州清仪派,bak_strings.xml,translated,yes,,
HaSThwR8,Seigi-ha,清仪派,bak_strings.xml,translated,yes,,
X5POXw6x,"I was wondering when I would find you, {PLAYER.NAME}. Chōshū moves, and yet somehow you are always close to the fault lines when things begin to break. Convenient... or intentional, I wonder. I am {LORD.NAME}.[if:convo_grave][ib:aggressive]",我想知道什么时候能找到你，{PLAYER.NAME}。长州在移动，但不知何故，当事情开始破裂时，你总是接近断层线。我想知道是方便……还是故意的。我是 {LORD.NAME}.[if:convo_grave][ib:aggressive],bak_strings.xml,translated,yes,{PLAYER.NAME} | {LORD.NAME},{PLAYER.NAME} | {LORD.NAME}
xufs0Oon,"You have heard of the Zokuron-ha, no doubt. Men who no longer serve our lord, but instead interpret his will until it no longer resembles his own. It is a quieter coup than steel in the night, but no less real.{newline}{newline}Chōshū cannot afford to be governed by shadows wearing official seals. So I have begun what some will call an uprising, but is in truth an attempt to save our lord.{newline}{newline}I am not here to beg you, {PLAYER.NAME}. I am here because {?PLAYER.GENDER}women{?}men{\\?} like you do not stand safely on the fence forever. You either act while there is still something worth acting for... or you watch it rot past saving.[if:grave][ib:warrior]",毫无疑问，你听说过 Zokuron-ha。这些人不再侍奉我们的主，而是解释他的意志，直到它不再像他自己的意志。这是比夜里的钢铁更安静的政变，但同样真实。{newline}{newline}长州不能被戴着官方印章的阴影所统治。所以我开始了一些人所说的起义，但实际上是为了拯救我们的领主。{newline}{newline}我不是来这里求你的，{PLAYER.NAME}。我来这里是因为 {?PLAYER.GENDER}women{?}men{\?} 像你一样不会永远安全地站在栅栏上。你要么在仍有值得为之行动的事情时行动……要么眼睁睁地看着它腐烂而无法挽救。[if:grave][ib:warrior],bak_strings.xml,translated,no,{newline} | {newline} | {newline} | {newline} | {PLAYER.NAME} | {?PLAYER.GENDER} | {?} | {\\?},{newline} | {newline} | {newline} | {newline} | {PLAYER.NAME} | {?PLAYER.GENDER} | {?} | {\?}
1macegPv,The Zokuron-ha cannot be allowed to keep fooling the lord.,不能让Zokuron-ha继续愚弄领主。,bak_strings.xml,translated,yes,,
NnwNv8Kl,"I apologize, but I cannot betray my oaths.",我很抱歉，但我不能背叛我的誓言。,bak_strings.xml,translated,yes,,
zG2Zxinf,"Good. I did not misjudge you, {PLAYER.NAME}. Chōshū will need men who act, not hesitate.",好的。我没有误判你，{PLAYER.NAME}。长州需要毫不犹豫地行动的人。,bak_strings.xml,translated,yes,{PLAYER.NAME},{PLAYER.NAME}
kUZVzrbH,"Loyalty is a fine word. It is unfortunate how often it is mistaken for obedience to whoever holds a seal. Very well, then stay where you stand, {PLAYER.NAME}. Just do not pretend the ground beneath you is not already shifting.",忠诚是一个很好的词。不幸的是，人们经常错误地认为服从持有印章的人。很好，那就留在原地吧，{PLAYER.NAME}。只是不要假装你脚下的地面还没有发生变化。,bak_strings.xml,translated,yes,{PLAYER.NAME},{PLAYER.NAME}
OHqGIBaT,Tokugawa-han,德川藩,bak_strings.xml,translated,yes,,
BaTratLD,Loyalty represents your personal loyalty to either the Shogun or Emperor.,忠诚度代表您对幕府将军或天皇的个人忠诚度。,bak_strings.xml,translated,yes,,
BaTratRD,Reformer represents your views on adopting modern technology and systems from the West.,改革派代表您对采用西方现代技术和系统的看法。,bak_strings.xml,translated,yes,,
BaTratCD,Foreign influence represents your acceptance of western culture and norms replacing the more traditional Japanese system.,外国影响代表您接受西方文化和规范，取代更传统的日本制度。,bak_strings.xml,translated,yes,,
i0vsNdvr,You have entered into the {CASTE} class,您已进入 {CASTE} 班级,bak_strings.xml,translated,yes,{CASTE},{CASTE}
sveZAtqO,You have been granted the {RIGHT},您已被授予 {RIGHT},bak_strings.xml,translated,yes,{RIGHT},{RIGHT}
Nw28Bf60,You have lost the {RIGHT},您丢失了 {RIGHT},bak_strings.xml,translated,yes,{RIGHT},{RIGHT}
A1b2C3d4,{PROPER_NAME}-dono,{PROPER_NAME}-礼物,bak_strings.xml,translated,yes,{PROPER_NAME},{PROPER_NAME}
C1n2O3p4,{PROPER_NAME}-sama,{PROPER_NAME}-相同,bak_strings.xml,translated,yes,{PROPER_NAME},{PROPER_NAME}
A4e5F6g7,{PROPER_NAME},{PROPER_NAME},bak_strings.xml,untranslated_equal,yes,{PROPER_NAME},{PROPER_NAME}
D4w5X6y7,{PROPER_NAME}-san,{PROPER_NAME}-桑,bak_strings.xml,translated,yes,{PROPER_NAME},{PROPER_NAME}
dXtzqRcm,Donate to the School,捐赠给流派,bak_strings.xml,translated,yes,,
tMPEJVGF,Enter the Dojo,进入道场,bak_strings.xml,translated,yes,,
ahAQzR3R,Recruit Students,招生,bak_strings.xml,translated,yes,,
Cdhajh8e,Trade,贸易,bak_strings.xml,translated,yes,,
3sRdGQou,Leave,离开,bak_strings.xml,translated,yes,,
ITEwiS22,View Dojos,查看道场,bak_strings.xml,translated,yes,,
qWAmxyYz,Back to town center,回到市中心,bak_strings.xml,translated,yes,,
A7F3K9Q2,You are a new face. This is the dojo of our school. State your business.,你是一张新面孔。这是我们流派的道场。说明您的业务。,bak_strings.xml,translated,yes,,
RX7T2A9M,So the rumors were true. You are the one spoken of so highly. This is my first time meeting you.[ib:normal][if:convo_pleased],所以传闻是真的。你是被如此高度评价的人。这是我第一次见到你.[ib:normal][if:convo_pleased],bak_strings.xml,translated,yes,,
Q7M4L9X2,"Ah, welcome. It has been some time. To receive one who serves our lord is always an honor.[ib:confident][if:convo_pleased]",啊，欢迎。已经有一段时间了。接待一位为我们的主服务的人始终是一种荣幸。[ib:confident][if:convo_pleased],bak_strings.xml,translated,yes,,
M9Q2LX8R,"So, it is you. You are not welcome here. Any foolishness, and I will answer in the name of the school.[ib:warrior][if:convo_displeased]",那么，就是你了。这里不欢迎你。任何愚蠢的行为，我都会以流派的名义回答。[ib:warrior][if:convo_displeased],bak_strings.xml,translated,yes,,
K4ZP8WC1,"Ah, you have come. You must be weary from the road. Let us speak at ease today.[if:convo_pleased]",啊，你来了。你一定很累了。今天我们就轻松聊聊吧.[if:convo_pleased],bak_strings.xml,translated,yes,,
P3EA7ZKQ,"A fellow student of the school I see, then. Different lines, but the same principles of the blade.[ib:warrior][if:convo_concentration]",那么看来你也是本门的同道。线路不同，但刀片原理相同.[ib:warrior][if:convo_concentration],bak_strings.xml,translated,yes,,
F4XQ1T8N,You have returned. Your bearing has changed—you have not neglected your training.[if:convo_concentration],你回来了。你的态度已经改变——你并没有忽视你的训练。[if:convo_concentration],bak_strings.xml,translated,yes,,
CM9H2W5R,"A practitioner of another school I see. While you are here, you will observe the customs of our style.[ib:aggressive][if:convo_concentration]",另一流派的修习者。当您在这里时，您将观察到我们风格的习俗。[ib:aggressive][if:convo_concentration],bak_strings.xml,translated,yes,,
YL6C9B2E,To stand before a lord of his own domain... forgive any discourtesy on my part.[if:nervous][if:convo_nervous],站在自己藩的领主面前……请原谅我的任何失礼。[if:nervous][if:convo_nervous],bak_strings.xml,translated,yes,,
D8K2Q9LM,"Welcome, my lord. This dojo stands by your favor alone. How may we serve you today?[if:nervous][if:convo_pleased]",欢迎，大人。这个道场全赖您的庇护。今日有何吩咐？[if:nervous][if:convo_pleased],bak_strings.xml,translated,yes,,
J8VNP5C3,Please tell me of your school,请告诉我你的流派,bak_strings.xml,translated,yes,,
J8VNP123,{FULL_RYUHA_INTRO}[ib:confident],{FULL_RYUHA_INTRO}[ib:confident],bak_strings.xml,untranslated_equal,yes,{FULL_RYUHA_INTRO},{FULL_RYUHA_INTRO}
6eotrW5Q,I wish to join your school,我想加入你们流派,bak_strings.xml,translated,yes,,
0rmbhUDx,"Then you will swear the keppan. You will place your name in blood, and vow before the school.[ib:confident][if:convo_concentration]",然后你就会发誓 血判。你将把你的名字刻在血中，并在流派面前宣誓。[ib:confident][if:convo_concentration],bak_strings.xml,translated,yes,,
JKIYqkpS,"Now that I will receive your training, I swear that without your permission. I will not demonstrate nor instruct, not even the most minor detail to anyone, not even to my own family. Should I behave in a way as to break this pledge, I am resolved to face the punishments of all the gods of the country, and to receive the anger of the great martial deity Hachiman.[ib:warrior][if:convo_concentration]",现在我要接受你的训练，我发誓不经你的允许。我不会向任何人展示或指导，即使是最微小的细节，甚至不会向我自己的家人展示。如果我做出违背誓言的行为，我决心面对国家诸神的惩罚，并接受伟大武神八幡的愤怒。[ib:warrior][if:convo_concentration],bak_strings.xml,translated,yes,,
099pwzwL,(Stamp your finger),（戳手指）,bak_strings.xml,translated,yes,,
GoExMYge,"From now on, you are one of us.[ib:warrior][rf:convo_focused_happy]",从现在开始，你就是我们中的一员了.[ib:warrior][rf:convo_focused_happy],bak_strings.xml,translated,yes,,
aTlNP5C3,Tell me about the licensing system,告诉我有关许可制度的信息,bak_strings.xml,translated,yes,,
R3K9T2QW,"Ah, you wish to understand our ranks. A student begins as an Keppan, to learn the basics of the art. Once they have achieved this, they will be granted a Mokuroku, a catalogue speaking of their relation to the school and the arts they have learned.",啊，你想了解我们的等级。学生从 血判 开始，学习技艺的基础知识。一旦他们实现了这一目标，他们将获得一份目録，这是一份讲述他们与流派和所学技艺的关系的目录。,bak_strings.xml,translated,yes,,
pLY8eAzR,"Once a student has learned most of our arts, they are granted the rank of Menkyo, and have the right to teach our techniques and represent our school in formal matches. Finally, there is the rank of Menkyo-Kaiden, signifying complete mastery of our arts. At this point, there is nothing left to learn.",一旦学生学会了我们流派的大部分技艺，他们就会被授予免许的等级，并有权教授我们的技术并代表我们流派参加正式比试。最后，还有免许皆传的等级，象征着我们完全掌握了本流派的技艺。到了这一步，就已无可学之处。,bak_strings.xml,translated,yes,,
ySWrYFLS,I wish to understand matches,我想了解比试,bak_strings.xml,translated,yes,,
EtI5Q9nJ,"Te-awase, or 'linking hands,' is simple sparring within the dojo. Through these, students may improve themselves without fear.",手合（手拉手）是道场内的简单的切磋。通过这些，学生可以无所畏惧地提高自己。,bak_strings.xml,translated,yes,,
B4M7P8QZ,"Tameshi-ai, the 'assessment match,' are matches between two students with wooden blades. These matches, inside or between dojos, are meant to improve oneself, not to harm, though their results may reflect upon the school. Only those who have received a Mokuroku may participate.",试合，即“试合”，是两名学生用木刀进行的比试。这些比试，无论是在道场内还是在道场之间，都是为了提高自己，而不是为了伤害，尽管他们的结果可能会影响到流派。只有收到目録的人才能参加。,bak_strings.xml,translated,yes,,
C6F3L9XD,"Taryu-shiai, 'inter-school matches,' are the true competitions. Fought between schools, usually without sharp weapons. Blows are often pulled, but serious injury can occur. A win can bring us great renown, while a loss will shame us deeply, so only Menkyo may fight in a Taryu-shiai.",他流试合，“校际比试”，才是真正的他流试合。流派之间的战斗，通常没有利器。经常会受到打击，但可能会造成严重伤害。胜利可以为我们带来巨大的声誉，而失败则可以让我们深感耻辱，所以只有免许可以参加他流试合战斗。,bak_strings.xml,translated,yes,,
D8P2Q7VN,"Menko-Kaiden holders may attempt dojo-yaburi, 'dojo breaking.' One challenges the head of another school. Victory can abolish that dojo, while failure brings dishonor, loss of status, or exile. Such trials are rare, and often involve many students or careful strategy.",Menko-Kaiden 持有者可以尝试 道场破り，即“打破道场”。其中一个挑战另一所流派的校长。胜利可以废除道场，而失败则带来耻辱、失去地位或流放。此类试验很少见，并且通常涉及许多学生或采取谨慎的策略。,bak_strings.xml,translated,yes,,
E5L4R3WQ,"The most deadly of all duels are Shinken-Shobu, 'win-lose by real sword,' which are duels to the death. These are usually illegal, and the government only allows them under strict circumstances: a legal vendetta, the orders of a lord, or to right an honorable wrong. These reflect greatly upon our dojo, so none but those who have reached the rank of Menkyo-Kaiden may fight them.",所有决斗中最致命的招式是 真剑胜负，即“以真剑胜负”，即生死决斗。这些通常是非法的，政府只在严格的情况下允许它们：合法的仇杀、领主的命令或纠正光荣的错误。这些对我们的道场影响很大，所以除了那些达到免许皆传等级的人之外，没有人可以与他们战斗。,bak_strings.xml,translated,yes,,
zoRfn39w,"I seek a match, under the customs of the dojo.",我按照道场的惯例寻求一场比试。,bak_strings.xml,translated,yes,,
eh9VDDTX,You are wounded,你受伤了,bak_strings.xml,translated,yes,,
ggnWVgZ4,You've recently fought in this settlement,您最近曾在该定居点发生过战斗,bak_strings.xml,translated,yes,,
2e7TtW3h,"A match, then. Very well. Words alone do not decide such things. Speak plainly. What kind of match do you seek?[rb:unsure][if:convo_grave]",那就来一场比试吧。很好。单靠言语并不能决定这些事情。说清楚点。您寻求什么样的匹配？[rb:unsure][if:convo_grave],bak_strings.xml,translated,yes,,
inkAA2du,I seek to measure my skill and learn from it. I request a Tameshi-ai.,我寻求衡量自己的技能并从中学习。我要一份为爱。,bak_strings.xml,translated,yes,,
XLzn3JGU,I wish to test our school’s techniques against others. I ask for a Taryū-shiai.,我想与其他流派一起测试我们流派的技术。我要一份 他流试合。,bak_strings.xml,translated,yes,,
g1Jm3HVK,I aim to challenge the strength of this dojo itself. I seek a Dōjō-yaburi.,我的目标是挑战这个道场本身的实力。我寻找道场破。,bak_strings.xml,translated,yes,,
3XHHpjl3,My honor has been attacked. I request a Shinken-shobu to redeem it.,我的荣誉受到了攻击。我请求神剑菖蒲来兑换它。,bak_strings.xml,translated,yes,,
OZInQUyW,"My lord has commanded a death, and I shall fulfill his order. I demand a Shinken-shobu",我主已下令处死，我将履行他的命令。我要一份真剑菖蒲,bak_strings.xml,translated,yes,,
Y8qYo8Nc,Are you sure you wish to proceed? It is not to late to retreat.[ib:warrior][if:convo_grave],您确定要继续吗？现在撤退还不算晚.[ib:warrior][if:convo_grave],bak_strings.xml,translated,yes,,
XjKyqYDl,I am,我是,bak_strings.xml,translated,yes,,
HibjCMLL,"If there is something else, ask it plainly.",如果还有什么事情，就直白的问吧。,bak_strings.xml,translated,yes,,
rizaO654,I have learned much by observing your dojo. I will take my leave now.,通过观察你们的道场，我学到了很多东西。我现在就告辞了。,bak_strings.xml,translated,yes,,
TPueR4Cr,"Master, I have laid the foundations you entrusted to me. I believe I am ready to receive the Mokuroku.",师父，您托付给我的基础我已经奠定了。我相信我已经准备好接收目録了。,bak_strings.xml,translated,yes,,
bk0ZMumA,{COMPLETED_MOKUROKU_RESPONSE},很好。拿着这个目録。你的名字以及你所获得的教诲都写在上面。请保管好它，并记住所写的内容将您与这所流派联系在一起。,bak_strings.xml,translated,no,{COMPLETED_MOKUROKU_RESPONSE},
XlHdWNUg,{COMPLETED_MOKUROKU},{COMPLETED_MOKUROKU},bak_strings.xml,untranslated_equal,yes,{COMPLETED_MOKUROKU},{COMPLETED_MOKUROKU}
Q2m5qRXa,"This is menkyo kaiden. There is nothing left for me to teach you, and the entire tradition is sealed within this scroll. From this day, you stand as a true inheritor of the lineage.",这是面镜凯传。我没有什么可以教你的了，整个传统都被封印在这卷轴里。从今天起，你就是这个血统的真正继承人了。,bak_strings.xml,translated,yes,,
fRJPckaj,I would like to begin learning new techniques,我想开始学习新技术,bak_strings.xml,translated,yes,,
fDxtHjR4,Thank you.,谢谢。,bak_strings.xml,translated,yes,,
j78hz3Qc,Hmm. That's possible. Which one?,唔。这是可能的。哪一个？,bak_strings.xml,translated,yes,,
oa4Ll7s9,I am thinking of a different scroll.,我正在考虑另一种卷轴。,bak_strings.xml,translated,yes,,
FYTvYV89,"For that scroll, it's customary to give a gift of {COST} {GOLD_ICON}",对于该卷轴，通常会赠送 {COST} {GOLD_ICON} 的礼物,bak_strings.xml,translated,yes,{COST} | {GOLD_ICON},{COST} | {GOLD_ICON}
gMPhihIU,"Thank you for your teachings, sensei",谢谢老师的教导,bak_strings.xml,translated,yes,,
0hz4pHB8,"On second thought, I'll wait some time",再考虑一下，我会等一段时间,bak_strings.xml,translated,yes,,
8zUqfpzY,"If there is more you would ask of me, speak",如果您还有更多问题想问我，请说,bak_strings.xml,translated,yes,,
p1qfquBu,"Sensei, if it pleases you, I wish to request a hands-on lesson with a fellow student. I hope to test my skills and learn from the experience.",老师，如果您愿意的话，我想请求和一位同学一起上一堂实践课。我希望测试我的技能并从经验中学习。,bak_strings.xml,translated,yes,,
mZPhQZyd,"Very well. I will arrange for you to spar with a fellow student. Remember, this is to deepen your understanding, not to prove superiority.[rb:positive][rf:convo_focused_happy]",很好。我会安排你和一位同学切磋。请记住，这是为了加深理解，而不是为了证明优越性。[rb:positive][rf:convo_focused_happy],bak_strings.xml,translated,yes,,
HL6uKEta,I wish hold a Te-awase practice match. I want to practice my technique and timing.,我希望举办一场手合练习赛。我想练习我的技术和时机。,bak_strings.xml,translated,yes,,
MFXPmILj,Are you sure you wish to proceed?,您确定要继续吗？,bak_strings.xml,translated,yes,,
APn2dMTS,"I must take my leave, sensei.",我得走了，老师。,bak_strings.xml,translated,yes,,
FEqqW5gO,What weapon will you be using?,你会使用什么武器？,bak_strings.xml,translated,yes,,
ML5nsnmS,I will be wielding the sword.,我将挥舞剑。,bak_strings.xml,translated,yes,,
o4gHHX42,I will fight with the spear.,我将用矛战斗。,bak_strings.xml,translated,yes,,
aSrFKLvX,I choose the staff for this duel.,我选择这次决斗的工作人员。,bak_strings.xml,translated,yes,,
W5v423Aj,I shall fight with the naginata.,我要和薙刀战斗。,bak_strings.xml,translated,yes,,
NMLdo6so,Let my arrows strike true.,让我的箭射中吧。,bak_strings.xml,translated,yes,,
D37Lhs03,You have joined the {SCHOOL} as an Keppan!,您已作为 血判 加入 {SCHOOL}！,bak_strings.xml,translated,yes,{SCHOOL},{SCHOOL}
F5K8R2TJ,"Here in the {CURRENT_RYUHA}, we practice {ARTS}, as handed down in the tradition of {SCHOOL}. {SCROLLS}",在{CURRENT_RYUHA}这里，我们实践{ARTS}，正如{SCHOOL}的传统所传承的那样。 {SCROLLS},bak_strings.xml,translated,yes,{CURRENT_RYUHA} | {ARTS} | {SCHOOL} | {SCROLLS},{CURRENT_RYUHA} | {ARTS} | {SCHOOL} | {SCROLLS}
LDqNZq86,{JUTSU1} and {JUTSU2},{JUTSU1} 和 {JUTSU2},bak_strings.xml,translated,yes,{JUTSU1} | {JUTSU2},{JUTSU1} | {JUTSU2}
LDqNZ123,"{ALL}, and {LAST}",{ALL} 和 {LAST},bak_strings.xml,translated,yes,{ALL} | {LAST},{ALL} | {LAST}
none,no jutsus,没有忍术,bak_strings.xml,translated,yes,,
IQsnaZDY,We transmit our teachings through a single mokuroku scroll.,我们通过一个目録卷轴来传播我们的教义。,bak_strings.xml,translated,yes,,
Kxoy3UQH,Our teachings are preserved across {COUNT} mokuroku scrolls.,我们的教义被保存在 {COUNT} 目録 卷轴中。,bak_strings.xml,translated,yes,{COUNT},{COUNT}
22s4oZya,{SKILL} skill isn't high enough. Should be {AMOUNT},{SKILL} 技能不够高。应该是 {AMOUNT},bak_strings.xml,translated,yes,{SKILL} | {AMOUNT},{SKILL} | {AMOUNT}
zWZiN6Ot,"This scroll nows grants you a menkyo. The school permits you to teach what you have learned, and this scroll bears that authority. Even so, there remain teachings not lightly entrusted.",这个卷轴现在给你一个免许。流派允许你教授你所学到的东西，而这卷轴就拥有这种权威。即便如此，仍有一些教义不被轻易信任。,bak_strings.xml,translated,yes,,
rOQI0eYU,Your mokuroku is has been amended to reflect your newly learned techniques. See that your conduct proves you worthy of what has been added.,您的目録已被修改以反映您新学到的技术。确保你的行为证明你配得上所添加的东西。,bak_strings.xml,translated,yes,,
InFWZWnF,"Master, I have finished all the scrolls of this school. There is nothing left unseen. If you deem me worthy, I ask to receive Menkyo-Kaiden.",主人，我已经完成了这个流派的所有卷轴。没有什么是看不见的。如果你认为我值得，我请求接受免许会。,bak_strings.xml,translated,yes,,
4woBxlbX,"Master, I have completed all that is written in the scroll. If my grasp is sufficient, I ask to be granted Menkyo.",师父，卷轴上所写的我都已经完成了。如果我的掌握足够，我请求授予免许。,bak_strings.xml,translated,yes,,
JUZH3SEr,"Master, I have completed the teachings of the most recent scroll. I ask to be tested and have my Mokuroku advanced.",师父，我已经完成了最新一卷的教法。我要求进行测试并让我的 目録 升级。,bak_strings.xml,translated,yes,,
C364cnXY,You have yet to fully learn any new techniques,你还没有完全学会任何新技术,bak_strings.xml,translated,yes,,
sgC6IXpz,You have achieved the rank of Menkyo,您已达到免许的等级,bak_strings.xml,translated,yes,,
sgC6IKai,You have achieved the rank of Menkyo-Kaiden,您已达到免许皆传的等级,bak_strings.xml,translated,yes,,
Qyi7pElP,You don't have enough money to buy this scroll,您没有足够的钱来购买此卷轴,bak_strings.xml,translated,yes,,
ii2cpykD,Achieve Mokuroku,实现目録,bak_strings.xml,translated,yes,,
JrTqyvNy,"As a student of {SCHOOL}, you must reach a certain level of proficiency before the school will consider passing along their secret arts to you.",作为{SCHOOL}的学生，你必须达到一定的熟练程度，流派才会考虑将他们的秘术传授给你。,bak_strings.xml,translated,yes,{SCHOOL},{SCHOOL}
P03kZ1lF,You've successfully achieved the rank of Mokuroku,您已成功达到目録等级,bak_strings.xml,translated,yes,,
yNF4Ym2V,Required {SKILL},必需 {SKILL},bak_strings.xml,translated,yes,{SKILL},{SKILL}
Cf2YVfeP,You've sucessfully achieved the required level of mastery for Mokuroku. Return to your teacher to formally rank up.,您已成功达到目録所需的掌握水平。返回老师处正式升级。,bak_strings.xml,translated,yes,,
GSdLaqpM,Return to your dojo to rankup,返回你的道场进行排名,bak_strings.xml,translated,yes,,
KLauwaRJ,The caravan was destroyed despite your companion's efforts. Quest failed.,尽管你的同伴竭尽全力，商队还是被摧毁了。任务失败。,bak_strings.xml,translated,yes,,
ZAqEJI9T,About the task {QUEST_GIVER.LINK} gave me.,关于{QUEST_GIVER.LINK}给我的任务。,bak_strings.xml,translated,yes,{QUEST_GIVER.LINK},{QUEST_GIVER.LINK}
1IJouNaM,"Carry on, then. Farewell.",那么继续吧告别。,bak_strings.xml,translated,yes,,
heWYa9Oq,I feel safe knowing that you're looking after us. Please continue to follow us my friend!,知道你在照顾我们，我感到很安全。请朋友继续关注我们！,bak_strings.xml,translated,yes,,
WOBy5UfY,"Hand over your goods, or die!",交出你的货物，否则就死！,bak_strings.xml,translated,yes,,
QNaKmkt9,"We're paid to guard this caravan. If you want to rob it, it's going to be over our dead bodies![rf:idle_angry][ib:aggressive]",我们受雇来看守这支商队。如果你想抢的话，就从我们的尸体上抢吧！[rf:idle_angry][ib:aggressive],bak_strings.xml,translated,yes,,
EhxS7NQ4,So be it. Attack!,就这样吧。攻击！,bak_strings.xml,translated,yes,,
bfPsE9M1,You must have misunderstood me. Go in peace.,你一定误会我的意思了。平静地走吧。,bak_strings.xml,translated,yes,,
r2y3n7dR,Visited Settlements,参观过的定居点,bak_strings.xml,translated,yes,,
0wj3HIbh,Caravan entered {SETTLEMENT_LINK}.,商队进入{SETTLEMENT_LINK}。,bak_strings.xml,translated,yes,{SETTLEMENT_LINK},{SETTLEMENT_LINK}
2y9DhzCR,You are about to lose sight of the caravan. Find the caravan before they are in danger!,你即将看不到商队了。在商队陷入危险之前找到他们！,bak_strings.xml,translated,yes,,
OjI8uGFa,We are traveling to {SETTLEMENT_NAME}.,我们要去 {SETTLEMENT_NAME}。,bak_strings.xml,translated,yes,{SETTLEMENT_NAME},{SETTLEMENT_NAME}
QDpfYm4c,The caravan is moving to {SETTLEMENT_NAME}.,商队正在前往 {SETTLEMENT_NAME}。,bak_strings.xml,translated,yes,{SETTLEMENT_NAME},{SETTLEMENT_NAME}
pUrSIed8,You have failed to escort the caravan to its destination.,你未能护送商队到达目的地。,bak_strings.xml,translated,yes,,
P144idVc,Samurai,武士,bak_strings.xml,translated,yes,,
XkjRNMam,"You have no right to go around, under arms, spreading sedition. Disperse!",你无权携带武器到处散布煽动叛乱。分散！,bak_strings.xml,translated,yes,,
FwtFtpwp,How?,如何？,bak_strings.xml,translated,yes,,
wM77S68a,What's there to discuss?,有什么好讨论的？,bak_strings.xml,translated,yes,,
zWILNszA,"You may have a point, but don't think that we will give up demanding our rights. We will return home, but we will pursue our grievances some other way.",你也许有道理，但不要认为我们会放弃要求我们的权利。我们会回家，但我们会以其他方式表达我们的不满。,bak_strings.xml,translated,yes,,
IP3e4x8S,Count my troops. Then count yours. You have no chance.,清点我的兵力。然后数一下你的。你没有机会。,bak_strings.xml,translated,yes,,
bSo9hKwr,{PERSUASION_OPTION_LINE} {SUCCESS_CHANCE},{PERSUASION_OPTION_LINE} {SUCCESS_CHANCE},bak_strings.xml,untranslated_equal,yes,{PERSUASION_OPTION_LINE} | {SUCCESS_CHANCE},{PERSUASION_OPTION_LINE} | {SUCCESS_CHANCE}
9ACJsI6S,Blocked,被阻止,bak_strings.xml,translated,yes,,
h9i9VXLd,You cannot enter an enemy lord's hall.,你不能进入敌方领主的大厅。,bak_strings.xml,translated,yes,,
IZHkODO9,You aren't from a high enough social class to enter a lord's hall.,你的社会阶层还不够高，无法进入领主的大厅。,bak_strings.xml,translated,yes,,
cojKmfSk,There is no one inside.,里面空无一人。,bak_strings.xml,translated,yes,,
WrO2OD7V,You aren't from the right social class to engage in commerce.,你的社会阶层不适合从事商业活动。,bak_strings.xml,translated,yes,,
7rVB5lB3, Martial Schools,武术流派,bak_strings.xml,translated,yes,,
sGEXvp5x, Reforms,改革,bak_strings.xml,translated,yes,,
HDm2PYc6, Shokuho and Bakumatsu,食补与幕末,bak_strings.xml,translated,yes,,
uauMia0D, Characters,人物,bak_strings.xml,translated,yes,,
cwRkqIt4, Kingdoms,藩国,bak_strings.xml,translated,yes,,
x6knoNnC, Clans,氏族,bak_strings.xml,translated,yes,,
GYzkb4iB, Parties,派对,bak_strings.xml,translated,yes,,
u6GM5Spa, Armies,军队,bak_strings.xml,translated,yes,,
zPYRGJtD, Troops,军队,bak_strings.xml,translated,yes,,
3PUkH5Zf, Items,项目,bak_strings.xml,translated,yes,,
xKVBAL3m, Campaign Issues,活动问题,bak_strings.xml,translated,yes,,
tBx7XXps,Types,类型,bak_strings.xml,translated,yes,,
7aaAWc01,Guard's Party,警卫队聚会,bak_strings.xml,translated,yes,,
auIRGa2V,Stonecutters,石匠,bak_strings.xml,translated,yes,,
uohYIaSw,"{VALUE}% build speed for fortifications, aqueducts and barrack projects in the governed settlement.",受管辖定居点中防御工事、渡槽和营房项目的 {VALUE}% 建造速度。,bak_strings.xml,translated,yes,{VALUE},{VALUE}
zrO26eJv,Allows switching field artillery ammo,允许切换野战火炮弹药,bak_strings.xml,translated,yes,,
pFGhJxyN,Siege Engineer,攻城工程师,bak_strings.xml,translated,yes,,
cRfa2IaT,{VALUE}% hit points to defensive siege engines in the governed settlement.,{VALUE}% 生命值指向受管辖定居点中的防御攻城引擎。,bak_strings.xml,translated,yes,{VALUE},{VALUE}
3n1KRLpZ,'My love is far \n I know not where \n Perhaps the winds shall tell me',“我的爱很远 我不知道在哪里 也许风会告诉我”,bak_strings.xml,translated,yes,,
NQOQb0C9,'And many thousand bodies lay a-rotting in the sun \n But things like that must be you know for kingdoms to be won',“成千上万的尸体在阳光下腐烂 但是你必须知道这样的事情才能赢得藩国”,bak_strings.xml,translated,yes,,
bs8ayCGX,'A warrior brave you might surely be \n With your blade and your helm and your bold fiery steed \n But I'll give you a warning you'd be wise to heed \n Don't toy with the fishwives of {RANDOM_TOWN}',“你肯定会成为一名勇敢的战士 用你的剑、你的头盔和你勇敢的烈马 但我会给你一个警告，你最好注意 不要玩弄{RANDOM_TOWN}的鱼妇”,bak_strings.xml,translated,yes,{RANDOM_TOWN},{RANDOM_TOWN}
YequZz6U,'Oh the maidens of {RANDOM_TOWN} are merry and fair \n Plotting their mischief with flowers in their hair \n Were I still a young man I sure would be there \n But now I'll take warmth over trouble',“哦，{RANDOM_TOWN} 的少女们快乐而美丽  用头发上的花朵策划她们的恶作剧  如果我还是个年轻人，我肯定会在那里  但现在我会用温暖战胜麻烦”,bak_strings.xml,translated,yes,{RANDOM_TOWN},{RANDOM_TOWN}
CM8Tr3lL,'Oh my pocket's been picked \n And my shirt's drenched with sick \n And my head feels like it's come a fit to bursting',“哦，我的口袋被扒了 我的衬衫被病菌浸湿了 我的头感觉快要爆炸了”,bak_strings.xml,translated,yes,,
khqKZM8U,'For all the coin aboard the Black Ships \n For all the tribute of the Great Ming \n For all the jade of Yunnan’s hills...',“为了黑船上所有的钱币 为了大明所有的贡品 为了云南山上所有的玉石……”,bak_strings.xml,translated,yes,,
2fbLBXtT,'O'er the whale-road she sped \n She were manned by the dead  \n And the clouds followed black in her wake',“在她飞驰的鲸鱼路上 她被死者操纵着 乌云追随着她的轨迹”,bak_strings.xml,translated,yes,,
seyti8xR,Victory!,胜利！,bak_strings.xml,translated,yes,,
zv49qE35,Practice Fight,练习格斗,bak_strings.xml,translated,yes,,
BsBOSmUu,Size,尺寸,bak_strings.xml,translated,yes,,
emENhm0F,Bound,边界,bak_strings.xml,translated,yes,,
qW9KyTg1,School,流派,bak_strings.xml,translated,yes,,
s6koeapc,{MAP_FACTION},{MAP_FACTION},bak_strings.xml,untranslated_equal,yes,{MAP_FACTION},{MAP_FACTION}
1fPx1BcM,Patron,赞助人,bak_strings.xml,translated,yes,,
LDqNZq68,Martial Arts,武术,bak_strings.xml,translated,yes,,
fh3xP3e2,Renown,名声,bak_strings.xml,translated,yes,,
HAaElX8X,{PARTY_OWNERS_FACTION},{PARTY_OWNERS_FACTION},bak_strings.xml,untranslated_equal,yes,{PARTY_OWNERS_FACTION},{PARTY_OWNERS_FACTION}
3PzgpFGq,Neutral,中性的,bak_strings.xml,translated,yes,,
Jyfkahka,{VALUE} ({?POSITIVE}+{?}{\\?}{DELTA_VALUE}),{VALUE} ({?POSITIVE}+{?}{\?}{DELTA_VALUE}),bak_strings.xml,latin_only_review,no,{VALUE} | {?POSITIVE} | {?} | {\\?} | {DELTA_VALUE},{VALUE} | {?POSITIVE} | {?} | {\?} | {DELTA_VALUE}
iXXTONWb, ({PARTY_SIZE}),({PARTY_SIZE}),bak_strings.xml,untranslated_equal,yes,{PARTY_SIZE},{PARTY_SIZE}
Dqydb21E, {PARTY_SIZE},{PARTY_SIZE},bak_strings.xml,untranslated_equal,yes,{PARTY_SIZE},{PARTY_SIZE}
aE4ZRbB6, {HEALTH}%,{HEALTH}%,bak_strings.xml,untranslated_equal,yes,{HEALTH},{HEALTH}
QyVbwGLp,{PARTY_SIZE},{PARTY_SIZE},bak_strings.xml,untranslated_equal,yes,{PARTY_SIZE},{PARTY_SIZE}
uJro3Bua,Over Limit,超过限制,bak_strings.xml,translated,yes,,
JBPZTsGu,Right to Personal Retinue,个人随从权,bak_strings.xml,translated,yes,,
cBccbbfP,Lacking Right to Personal Retinue,缺乏个人随从权,bak_strings.xml,translated,yes,,
hynFV8jC,Extra size bonus (Perk-like Effect),额外尺寸奖励（类似福利的效果）,bak_strings.xml,translated,yes,,
YjoXyFDX,Owner Culture,业主文化,bak_strings.xml,translated,yes,,
5Vo8dJub,Governor's Culture,总督文化,bak_strings.xml,translated,yes,,
NH5N3kP5,No governor,没有州长,bak_strings.xml,translated,yes,,
qTFKvGSg,Food Shortage,粮食短缺,bak_strings.xml,translated,yes,,
RNT5hMVb,Goods From Market,市场货品,bak_strings.xml,translated,yes,,
RVas572P,Raided,突袭,bak_strings.xml,translated,yes,,
ByRAgJy4,Housing Costs,住房费用,bak_strings.xml,translated,yes,,
i0ryhIM8,There is no need to struggle against those who share the same cause as us.,没有必要与那些与我们志同道合的人作斗争。,bak_strings.xml,translated,yes,,
e7VpHtWJ,Conflict is inevitable against those who claim to march under the Imperial Banner.,对于那些声称在帝国旗帜下游行的人来说，冲突是不可避免的。,bak_strings.xml,translated,yes,,
KZDvCI1h,Conflict is inevitable against those who march under the Shogun's Banner.,对于那些在将军旗帜下游行的人来说，冲突是不可避免的。,bak_strings.xml,translated,yes,,
5dKHdJTy,In Dojo,还有道场,bak_strings.xml,translated,yes,,
5rot41AN,High Social Class,高社会阶层,bak_strings.xml,translated,yes,,
v02Wh78a,"Growing up as a poor samurai, you had very little to do. You spent most of your time...",作为一个贫穷的武士，你几乎无事可做。你花了大部分时间...,bak_strings.xml,translated,yes,,
nyUL2zNE,"Like all peasant children, you helped out in the fields. You also...",像所有农民的孩子一样，你在田里帮忙。你也花了你的时间...,bak_strings.xml,translated,yes,,
DsCkf6Pb,"Growing up, you spent most of your time...",成长的过程中，你大部分的时间都花在...,bak_strings.xml,translated,yes,,
n6TYKC13,"Like all chonin children, you spent most of your time aiding your parents. You also...",和所有小忍孩子一样，你大部分时间都花在帮助父母上。你也花了你的时间...,bak_strings.xml,translated,yes,,
b4lDDcli,Family,家庭,bak_strings.xml,translated,yes,,
XgFU1pCx,Your father was a...,你的父亲是一个...,bak_strings.xml,translated,yes,,
BJ7eLyXV,Kuge,公家,bak_strings.xml,translated,yes,,
6c10yU0C,"Your father was a court noble, advising the emperor himself. While he held no actual power, none dared touch him, and even Daimyo would turn their ears to listen when he spoke. He made his living tutoring noble sons, and he taught you alongside them.",你的父亲是一位宫廷贵族，亲自为皇帝提供建议。他虽然没有实权，却没有人敢碰他，就连大名也会侧耳倾听。他以辅导贵族子弟为生，并与他们一起教导你。,bak_strings.xml,translated,yes,,
0KERsepS,Hatamoto,旗本,bak_strings.xml,translated,yes,,
Aofaybhi,"Your father was a hatamoto, a direct retainer of the Tokugawa Shoguns themselves. One of the roughly five thousand hatamoto spread throughout Japan, he held an administrative rank in the Bakufu, administering a village on behalf of the Shogun.",你的父亲是一位旗本，是德川幕府将军的直属家臣。他是遍布日本的大约五千人之一，在幕府担任行政职务，代表幕府管理一个村庄。,bak_strings.xml,translated,yes,,
6tEVEDXe,Hanshi,藩士,bak_strings.xml,translated,yes,,
Mqmampln,"Your father was a ranking domain samurai in the service of his daimyo. Stationed in the castle town, he spent most of his time working in the bureaucracy, alongside regular martial training.",你的父亲是一位为他的大名服务的等级藩士。他驻扎在城下町，大部分时间都在官僚机构工作，同时也定期进行武术训练。,bak_strings.xml,translated,yes,,
mjElBkkf,Ashigaru,足轻,bak_strings.xml,translated,yes,,
TWuFcwLv,"Your father was an ashigaru, the lowest class of samurai. Being paid only subsistence wages, he was so poor that he was forced to sell his sword blades and take out ruinous loans. Even so, he took pride in his status as a samurai and trained you to be a capable fighter.",你的父亲是足轻，是最低等的武士。他的工资仅够维持生计，他非常贫穷，被迫卖掉剑刃并申请毁灭性的贷款。即便如此，他仍以自己武士的身份为荣，并将你训练成一名有能力的战士。,bak_strings.xml,translated,yes,,
Rx6RcMN7,Swordsmith,剑匠,bak_strings.xml,translated,yes,,
yf4xWWZf,"Your father was a humble but skilled swordsmith who through his physical strength and mastery of his art was able to transform raw metal into sharp blades, making him well known in his domain for the quality of his creations. Even as a child, by helping him in the forge, you were able to absorb some of his craftmanship and harden your body.",你的父亲是一位谦虚但技艺高超的剑匠，凭借他的体力和精湛的技艺，他能够将原始金属转化为锋利的刀片，使他在他的藩中因其创作的质量而闻名。即使在小时候，通过帮助他锻造，你也能够吸收他的一些手艺并锻炼你的身体。,bak_strings.xml,translated,yes,,
pyO0BWdi,Rice Trader,大米贸易商,bak_strings.xml,translated,yes,,
FRwZXyfD,"Your father was a prominent rice trader whose warehouses and counting houses stood at the heart of a bustling castle town. In an age when rice was the very measure of wealth, his keen eye for markets and relentless bargaining brought the family immense prosperity—indeed, far greater wealth than that possessed by most samurai. Though officially beneath the buke, your household enjoyed comforts that many samurai could only envy.",你的父亲是一位著名的大米商人，他的仓库和账房位于繁华的城下町的中心。在一个以大米为财富衡量标准的时代，他对市场的敏锐洞察力和不懈的讨价还价为家族带来了巨大的繁荣——事实上，比大多数武士所拥有的财富要多得多。尽管正式属于武士，但您的家人却享受着许多武士只能羡慕的舒适。,bak_strings.xml,translated,yes,,
lgTiT4ei,Rural Farmer,农村农民,bak_strings.xml,translated,yes,,
2KT2cyA5,"One of the 'One Hundred Surnames', your father was a farmer in a rural village. His farm was larger than most in the village, making him highly influential. Even so, he had to pay almost half of his harvest in the nengu tax to the daimyo each year.",你的父亲是“百姓”之一，是一个农村的农民。他的农场比村里大多数农场都大，这使他很有影响力。即便如此，他每年还是要向大名缴纳近一半的年宫税。,bak_strings.xml,translated,yes,,
ZmHGrOjl,Village Hunter,乡村猎人,bak_strings.xml,translated,yes,,
zcBPhKgR,"Living on the outskirts of his village, your father was a skilled hunter, well-versed in tracking and chasing his prey through the woods and mountains. and taking it down with a swift stroke of his bow. Even if the rewards of his labour were barely enough for a humble life in the countryside, your father passed on much of his knowledge to you.",你的父亲住在村庄的郊区，是一位熟练的猎人，擅长在树林和山脉中追踪和追逐猎物。并用他的弓迅速一击将其击倒。即使他的劳动报酬仅够在乡村过着卑微的生活，你的父亲还是把他的大部分知识传授给了你。,bak_strings.xml,translated,yes,,
bF8uxh1X,Kabuki Actor,歌舞伎演员,bak_strings.xml,translated,yes,,
rfdYed2k,"Your father was a kabuki actor whose dramatic performances drew large crowds in the pleasure districts of the great cities. Though adored by common townsfolk and celebrated for his striking stage presence, he was nevertheless dragged down by his status among the Eta-Hinin, the lowest social class in Japan. Fame and applause brought your family notoriety and a modest living, but admiration rarely translated into respect.",你的父亲是一位歌舞伎演员，他的戏剧表演在大城市的游乐区吸引了大批观众。尽管他受到普通市民的崇拜，并因其引人注目的舞台表现而闻名，但他仍然因其在日本社会最低阶层的地位而受到拖累。名气和掌声给你的家庭带来了恶名和简朴的生活，但钦佩很少转化为尊重。,bak_strings.xml,translated,yes,,
J9PLqOs8,{PREVIOUS}{newline}Social Caste: {SELECTED_CASTE},{PREVIOUS}{newline}社会等级：{SELECTED_CASTE},bak_strings.xml,translated,yes,{PREVIOUS} | {newline} | {SELECTED_CASTE},{PREVIOUS} | {newline} | {SELECTED_CASTE}
rcoueCmk,Adolescence,青春期,bak_strings.xml,translated,yes,,
4cOq5Qmb,training with swords.,用剑训练。,bak_strings.xml,translated,yes,,
zaV5QQ6u,"You spent your adolescence days training your sword skills together with other kids. Whether it was with real blades or improvised ones, in actual practice or imaginary duels, you improved your slashes and parries with no need to roll around.",你在青春期与其他孩子一起练习剑术。无论是使用真正的刀片还是临时的刀片，在实际练习或想象的决斗中，你都可以提高你的砍击和招架，而无需翻滚。,bak_strings.xml,translated,yes,,
qDV6pQNJ,studying at a domain school.,在藩校校学习。,bak_strings.xml,translated,yes,,
8KczZd9h,"You spent much of your youth at the domain school, learning etiquette, the classics, rhetoric, and of course swordsmanship. You spend your days drilling forms and sparring under the watchful eyes of senior retainers. Though still young, the constant practice hardened your body and sharpened your instincts in close combat.",你年轻时的大部分时间都在藩校里度过，学习礼仪、经典、辞藻，当然还有剑术。你每天都在高级随从的注视下练习表格和陪练。虽然还年轻，但不断的练习锻炼了你的身体，磨砺了你的近战本能。,bak_strings.xml,translated,yes,,
g5LdeHiQ,studying with a local scholar.,与当地学者一起学习。,bak_strings.xml,translated,yes,,
i4l7Nx6r,"You were sent to study with a scholar to deepen your knowledge of the classics, studying etiquette, Confucianism, and rhetoric in order to be a cultured member of society.",你被送去跟一位学者学习，加深你对经典的了解，学习礼法、儒家思想、修辞学，以成为一个有文化的社会成员。,bak_strings.xml,translated,yes,,
CwpZI53J,copying domain records.,复制藩记录。,bak_strings.xml,translated,yes,,
92TzBQhy,You spent long hours copying reports and tax ledgers for domain officials. The work was tedious but taught you careful bookkeeping and administrative discipline.,您花了很长时间为藩官员复制报告和税务分类帐。这项工作很乏味，但教会了你仔细的记账和行政纪律。,bak_strings.xml,translated,yes,,
dQUmbdZe,working at the rice exchange.,在大米交易所工作。,bak_strings.xml,translated,yes,,
rgzMv2mB,"As a youth you assisted clerks and brokers at the bustling rice exchange, carrying ledgers and observing tense negotiations. There you learned both the honest mathematics of trade and the quieter tricks used by seasoned dealers.",年轻时，您在熙熙攘攘的大米交易中协助职员和经纪人，搬运账本并观察紧张的谈判。在那里，你既学到了诚实的贸易数学，也学到了经验丰富的经销商所使用的更安静的技巧。,bak_strings.xml,translated,yes,,
awr3v0bJ,assisting a merchant.,协助商人。,bak_strings.xml,translated,yes,,
DmRWqB6n,"You accompanied a merchant as his apprentice, learning his trade and acquiring the skills of a good salesman. After an adolescence spent between markets and warehouses, you learnt the secrets of bargaining and commerce.",你作为一名商人的学徒陪伴他，学习他的生意并获得一名优秀推销员的技能。在市场和仓库之间度过了青春期之后，你学会了讨价还价和商业的秘密。,bak_strings.xml,translated,yes,,
f5NdcP7G,as a swordsmiths apprentice.,作为一名剑匠学徒。,bak_strings.xml,translated,yes,,
6RMJbJmq,"You spent your adolescence working in a forge as the apprentice of a master swordsmith, learning the secrets of forge and blade in equal measure. By the end of your apprenticeship, you were able to forge a sword discreetly on your own, and why not, even swing it around.",你的青春期是在一家锻造厂里作为一位剑匠大师的学徒度过的，同时学习锻造和剑刃的秘密。学徒期结束时，你已经能够自己谨慎地锻造一把剑了，为什么不呢，甚至可以挥舞它。,bak_strings.xml,translated,yes,,
PvhUZrxy,as a servant to a wealthy family.,作为一个富裕家庭的仆人。,bak_strings.xml,translated,yes,,
rCZNkJPi,"You were sent to work as a young servant at the estate of a rich landowner from the city. Gradually progressing from menial tasks to more complex ones, you eventually became a sort of administrator of the estate, managing its stocks and liaising with the guests of your master. Once your service with the wealthy landlord was over, you were a young adult able to administer a fortune and deal with the city's high society.",你被派到城里一个富有的地主的庄园里当年轻仆人。逐渐从琐碎的任务发展到更复杂的任务，你最终成为庄园的管理员，管理其库存并与主人的客人联络。一旦你为富有的房东服务结束，你就成为了一个能够管理财富并与城市上流社会打交道的年轻人。,bak_strings.xml,translated,yes,,
HPJcqrle,helping at a teahouse.,在茶馆帮忙。,bak_strings.xml,translated,yes,,
rPiZmlVU,as a street urchin.,作为一个街头顽童。,bak_strings.xml,translated,yes,,
VVBoNDUp,"You spent your adolescence on the streets of the city, often getting into trouble and growing closer and closer to the local underworld, eventually becoming a member of a gang of young criminals. After years in this environment, you have learned all the secrets of commiting crimes and getting out of the resulting trouble.",你在城市的街头度过了青春期，时常惹上麻烦，与当地的黑社会越来越亲近，最终成为一伙年轻犯罪团伙的成员。在这种环境中生活多年后，您已经掌握了犯罪并摆脱由此产生的麻烦的所有秘密。,bak_strings.xml,translated,yes,,
3PvNR5uZ,running messages.,运行消息。,bak_strings.xml,translated,yes,,
ZnKqvZfo,"Trusted to carry messages between villages and estates, you spent years running dusty roads and learning the terrain by heart.",你被信任在村庄和庄园之间传递信息，你花了数年的时间在尘土飞扬的道路上行驶并熟记地形。,bak_strings.xml,translated,yes,,
US6djPwj,training with a wandering ronin.,与流浪浪人一起训练。,bak_strings.xml,translated,yes,,
vNi2aKrK,"As a kid you went almost every day to train with a ronin who stayed in your village for a few years and who seemed to like you enough to teach you how to fight for free. When your mentor finally left the village by the time you had become a young adult, you were a discreet and robust fighter.",当你还是个孩子的时候，你几乎每天都会和一个浪人一起训练，他在你的村庄呆了几年，而且似乎很喜欢你，愿意免费教你如何战斗。当你的导师最终在你成年时离开村庄时，你是一个谨慎而坚强的战士。,bak_strings.xml,translated,yes,,
rVx5v34O,assisting the village blacksmith.,协助村里的铁匠。,bak_strings.xml,translated,yes,,
TSBPydfM,"You spent your adolescence working in a forge as the apprentice of a blacksmith, being educated in the production of tools for the fields and the other activities in the village. By the end of your apprenticeship, you had become yourself a skilled blacksmith capable of crafting and handling several tools",你的青春期是在铁匠铺里当铁匠学徒度过的，接受了田间工具生产和村里其他活动的教育。在学徒期结束时，您已经成为一名熟练的铁匠，能够制作和处理多种工具,bak_strings.xml,translated,yes,,
76Sq1Qdn,apprenticed to the village's carpenter.,给村里的木匠当学徒。,bak_strings.xml,translated,yes,,
ZqZEhUUl,"In your adolescence you were sent to a workshop as the apprentice of the local carpenter, learning the different ways of working wood and stone and how to use them for the construction of buildings essential to village life. To conclude your apprenticeship you lead the construction of the new village warehouse, proving your grasp of the fields of mathematics and engineering.",在你的青春期，你被送到一个作坊当当地木匠的学徒，学习木材和石头的不同加工方法，以及如何使用它们来建造乡村生活所必需的建筑物。为了结束你的学徒生涯，你领导了新村仓库的建设，证明了你对数学和工程藩的掌握。,bak_strings.xml,translated,yes,,
zZN07GtG,working on the farm.,在农场工作。,bak_strings.xml,translated,yes,,
JOceSvJP,"You spent the days of your adolescence working in the fields of a farm, in a job that was far from exciting but nevertheless necessary. The years spent working the land under the sun or transporting the harvest made you much stronger and more accustomed to handling farm tools.",你的青春期是在农场里度过的，这份工作一点也不令人兴奋，但却是必要的。多年在阳光下耕种土地或运输收获物使你变得更强壮，更习惯于操作农具。,bak_strings.xml,translated,yes,,
ML2WtaFt,following the village's hunters.,跟随村里的猎人。,bak_strings.xml,translated,yes,,
SNDAPMpA,"As a kid you loved going into the woods and mountains with the hunters from the village, observing them and learning their skills. After several years benefiting from their guidance and teaching, you eventually became an integral part of the group as a skilled hunter yourself.",当你还是个孩子的时候，你喜欢和村里的猎人一起进入树林和山脉，观察他们并学习他们的技能。经过几年受益于他们的指导和教导，您最终成为了团队中不可或缺的一部分，成为一名熟练的猎人。,bak_strings.xml,translated,yes,,
ok8lSW6M,Youth,青年,bak_strings.xml,translated,yes,,
SKlNE18i,trained in Bajutsu.,受过巴术训练。,bak_strings.xml,translated,yes,,
vr49Z2Qc,"Thanks to your high social rank, you were able to train in Bajutsu, learning the sword and bow. While your position was more symbolic than anything, you still learned well.",由于你的社会地位很高，你能够接受巴术训练，学习剑和弓。虽然你的立场比任何事情都更具象征意义，但你仍然学到了很多东西。,bak_strings.xml,translated,yes,,
1t3BA5qL,studied in a Ryuha.,在龙羽学习。,bak_strings.xml,translated,yes,,
6DU6tft1,"Be it your status as a Samurai or your family's wealth, you were able to study martial arts in a Ryuha. Under the guidance of your soke and instructors, you became an inheritor of a legacy of mastery.",无论是武士的身份，还是家族的财富，都能够在龙羽学习武术。在您的导师和导师的指导下，您成为了大师遗产的继承人。,bak_strings.xml,translated,yes,,
IHBIt4pI,became a page.,成为一个页面。,bak_strings.xml,translated,yes,,
m2UC5jJN,"You served your master directly as a Kosho, a young page. In this role, you did chores, guarded your lord, did secretarial work, and filled whatever role your lord needed.",你作为一名年轻侍从直接侍奉你的主人。在这个角色中，你做家务，看守你的主人，做秘书工作，并担任你的主人需要的任何角色。,bak_strings.xml,translated,yes,,
KnRw1QtR,joined the Yakuza.,加入了黑帮。,bak_strings.xml,translated,yes,,
SBA1hC8I,"Sometimes to avoid being oppressed, it is better to join the oppressors. You joined a local Yakuza gang, helping to administer and police the local markets, taking a hefty cut in the process, as well as acting as an enforcer against those who owed the gang money.",有时为了避免被压迫，还不如加入压迫者的行列。你加入了当地的一个黑帮，帮助管理和监管当地市场，在这个过程中获得大量报酬，并充当欠黑帮钱的人的执法者。,bak_strings.xml,translated,yes,,
AGlTT2Nc,served as a spearman.,担任矛兵。,bak_strings.xml,translated,yes,,
BWo1W2kh,"You served as a simple spearman, guarding places valued by your lord and putting down the occasional bandit group.",你作为一个简单的枪兵，守卫着你的领主所重视的地方，并镇压偶尔出现的强盗团伙。,bak_strings.xml,translated,yes,,
CnKI4ZNX,fell in with a group of bandits.,跟一群强盗混在一起了。,bak_strings.xml,translated,yes,,
ASA1Ftv5,"Unable to make a living by regular means, you chose to join a group of bandits to make a living at the expense of the very people who lived in the countryside. Killing and looting together with your gang, one step ahead of the samurai, you became a ruthless raider.",由于无法正常谋生，你选择加入土匪队伍，以牺牲农村人民的利益为生。与你的帮派一起杀戮和掠夺，比武士领先一步，你成为一名残酷的掠夺者。,bak_strings.xml,translated,yes,,
NrnFRQdI,trained as a hunter.,接受过猎人训练。,bak_strings.xml,translated,yes,,
hshpbgpy,"You spent your youth as a hunter, searching for large game to kill and sell, providing for yourself and your village with your yumi bow. What you did fell on the edge of the law, but it was a living.",你作为一名猎人度过了你的青年时代，寻找大型猎物来杀死和出售，用你的尤米弓养活你自己和你的村庄。你的所作所为虽然触犯了法律，但却是一种谋生手段。,bak_strings.xml,translated,yes,,
4jLXYuLV,drilled in the nohei.,钻进野平。,bak_strings.xml,translated,yes,,
XgYnnw41,"As a new era dawned on Japan, you joined one of the many local militias springing up throughout the nation. Despite your lack of professional training, you did become skilled with a firearm.",随着日本新时代的到来，您加入了全国各地涌现的众多地方民兵之一。尽管你缺乏专业训练，但你确实熟练地使用了枪械。,bak_strings.xml,translated,yes,,
GFIMInBJ,helped build fortifications.,帮助修建防御工事。,bak_strings.xml,translated,yes,,
5NBskO1H,"Construction is a constant throughout your life, as samurai and daimyo build and rebuild their fortified estates. You chose to work in construction, building these mighty works along teams of laborers.",建筑是你一生中的常态，因为武士和大名会建造和重建他们的防御庄园。你选择从事建筑工作，与工人团队一起建造这些宏伟的工程。,bak_strings.xml,translated,yes,,
aohOZWKW,ran messages as a Hikyaku.,以飞脚的身份发送消息。,bak_strings.xml,translated,yes,,
bRFlmyBU,"You spent your youth as a Hikyaku, a member of the Bakufu's courier network. You constantly travelled back and forth along the highways of Japan, always speeding to your next destination.",你的青年时代是作为一名飞脚度过的，他是幕府快递网络的一员。你不断地沿着日本的高速公路来回穿梭，总是飞驰着前往下一个目的地。,bak_strings.xml,translated,yes,,
MafIe9yI,Young Adulthood,青年时期,bak_strings.xml,translated,yes,,
b49kBlfp,"When the Black Ships came to Japan's shores, you knew you had to take a stance...",当黑船来到日本海岸时，你知道你必须采取立场......,bak_strings.xml,translated,yes,,
4j4zmg6K,you swore the foreigners would be expelled.,你发誓要驱逐外国人。,bak_strings.xml,translated,yes,,
4qMflQDW,"The arrival of the Black Ships was an unforgivable insult to the realm. Like many hot-blooded patriots, you embraced the cry of sonnō jōi: revere the Emperor, expel the barbarians. Whether through secret meetings, militant drilling, or open defiance of the shogunate's policy of compromise, you prepared yourself for the day the outsiders would be driven from Japan's shores.",黑船的到来对藩国来说是不可原谅的侮辱。你们和许多热血爱国志士一样，拥抱着尊皇、驱逐夷狄的“尊皇逐夷”的呼声。无论是通过秘密会议、军事演习，还是公开蔑视幕府的妥协政策，你都为外来者被赶出日本海岸的那一天做好了准备。,bak_strings.xml,translated,yes,,
wADA19KO,you studied the knowledge of the West.,你学习了西方的知识。,bak_strings.xml,translated,yes,,
0mjbXTKL,"While many raged at the foreigners' arrival, you took a colder view. Their ships and guns could not simply be wished away. Alongside other forward-thinking retainers, you studied Western drill, firearms, and knowledge, believing that only by mastering these new methods could Japan hope to stand as an equal among nations.",当许多人对外国人的到来感到愤怒时，你却持冷淡的态度。他们的船只和火炮不可能凭空消失。您与其他有远见的家臣一起研究了西方的演习、枪械和知识，相信只有掌握这些新方法，日本才有希望在各国中平等立足。,bak_strings.xml,translated,yes,,
ajtBuhhb,you supported unity between court and shogunate.,你支持朝廷和幕府的统一。,bak_strings.xml,translated,yes,,
86qSdbJW,"The turmoil stirred by the Black Ships threatened to tear the country apart. Rather than embrace reckless extremism, you supported the policy of kōbu gattai: Unification of the Imperial Court and Bakufu. Through careful service and measured loyalty, you worked to preserve order in an age that seemed determined to abandon it.",黑船引发的骚乱威胁着国家的分裂。您没有拥抱鲁莽的极端主义，而是支持“宫部合体”政策：宫廷与幕府的统一。通过细心的服务和谨慎的忠诚，你们努力在一个似乎决心放弃秩序的时代维持秩序。,bak_strings.xml,translated,yes,,
RneUYime,you profited from the opening of the country.,你们从国家的开放中获益。,bak_strings.xml,translated,yes,,
n5MQexVt,"Where others saw crisis, you saw opportunity. The coming of foreign ships brought strange goods, new markets, and unprecedented demand. Carefully avoiding political entanglements, you built quiet connections with those willing to trade, and your purse grew heavier while others argued about the fate of the realm.",在别人看到危机的地方，你看到机会。外国船只的到来带来了陌生的货物、新的市场和前所未有的需求。你小心翼翼地避免政治纠葛，与那些愿意进行贸易的人建立了安静的联系，当其他人争论国家的命运时，你的钱包变得越来越重。,bak_strings.xml,translated,yes,,
y9u1kacV,you helped organize coastal defenses.,你帮助组织了海防。,bak_strings.xml,translated,yes,,
pyc6NkyP,"The thunder of foreign cannon along Japan's coasts demanded action. In your domain, new militias and shore batteries were raised in haste. You threw yourself into drilling men, moving supplies, and preparing for the invasion many believed inevitable.",日本沿海的外国炮火轰鸣，要求采取行动。在你的管辖范围内，新的民兵和海岸炮台正在匆忙中组建。你全身心投入到训练人员、运送物资以及为许多人认为不可避免的入侵做准备的工作中。,bak_strings.xml,translated,yes,,
YrKIARmF,you turned to banditry.,你转向强盗。,bak_strings.xml,translated,yes,,
4YqSRPb1,"When the Black Ships appeared and the country trembled, you saw not fear but opportunity. While domains argued and officials scrambled, you joined rough men who profited from the confusion: smuggling, raiding poorly guarded storehouses, and waylaying those too slow to adapt. You became skilled at striking quickly and disappearing just as fast. Though many would call you little better than a bandit, you know you simply survived where others hesitated.",当黑船出现、国家颤抖时，你看到的不是恐惧，而是机遇。当藩发生争执、官员争先恐后时，你却加入了从混乱中获利的粗暴之徒：走私、袭击守卫薄弱的仓库，以及伏击那些行动迟缓而无法适应的仓库。你变得擅长快速攻击和快速消失。尽管很多人会说你比强盗好不了多少，但你知道你只是在其他人犹豫不决的时候活了下来。,bak_strings.xml,translated,yes,,
mJIr5RRm,you chose neutrality.,你选择了中立。,bak_strings.xml,translated,yes,,
VBzv4tjj,"While others chose sides in the growing turmoil of the age, you kept to your own affairs. Neither strongly loyal to the Shogunate nor drawn to the Imperial cause, you learned to mind your own survival above politics. Travel and hard work taught you practical skills with common weapons and the awareness to avoid unnecessary trouble. In uncertain times, being overlooked has often been your greatest advantage.",当其他人在这个日益动荡的时代选择立场时，你却坚持自己的事情。你既不强烈忠于幕府，也不热衷于帝国事业，你学会了将自己的生存置于政治之上。旅行和辛苦的工作教会了你使用常用武器的实用技巧和避免不必要麻烦的意识。在不确定的时期，被忽视往往是你最大的优势。,bak_strings.xml,translated,yes,,
LaSQ1gNk,"As a youngster growing up in Japan, war was far away. You...",作为在日本长大的年轻人，战争离我们很遥远。你...,bak_strings.xml,translated,yes,,
fsTBcLvA,{SETTLEMENT} Garrison,{SETTLEMENT} 加里森,bak_strings.xml,translated,yes,{SETTLEMENT},{SETTLEMENT}
TLuaPAIO,{A0} Taxes,{A0} 税费,bak_strings.xml,translated,yes,{A0},{A0}
dfwCjiRx,Trade Tax from {A0},{A0} 的贸易税,bak_strings.xml,translated,yes,{A0},{A0}
uuyso3mg,Income from Parties,缔约方收入,bak_strings.xml,translated,yes,,
E3BsEDav,Financial Help for Parties,为当事人提供经济帮助,bak_strings.xml,translated,yes,,
RuHaC2Ck,Scutage Tax,狩猎税,bak_strings.xml,translated,yes,,
qyahMgD3,Caravan ({A0}),大篷车 ({A0}),bak_strings.xml,translated,yes,{A0},{A0}
uixuohBp,Settlement Projects,落户项目,bak_strings.xml,translated,yes,,
dZDFxUvU,{A0},{A0},bak_strings.xml,untranslated_equal,yes,{A0},{A0}
0g7MZCAK,Workshop Income,车间收入,bak_strings.xml,translated,yes,,
cSuNR48H,Workshop Expense,车间费用,bak_strings.xml,translated,yes,,
qcaaJLhx,Mercenary Contract,雇佣兵契约,bak_strings.xml,translated,yes,,
5aElrlUt,Payment to Mercenaries,支付给雇佣兵,bak_strings.xml,translated,yes,,
AtFv5RMW,Tribute Payments,贡金,bak_strings.xml,translated,yes,,
rhfgzKtA,Tribute from {A0},来自 {A0} 的贡金,bak_strings.xml,translated,yes,{A0},{A0}
tributeIncome,Tribute Income,贡品收入,bak_strings.xml,translated,yes,,
AewK9qME,Settlement Income,结算收入,bak_strings.xml,translated,yes,,
YkZKXsIn,Main party wages,主要党员工资,bak_strings.xml,translated,yes,,
ag5ukjvW,Nengu (Agricultural Tax),农税,bak_strings.xml,translated,yes,,
LpHEHgmk,Samurai Stipend,武士俸禄,bak_strings.xml,translated,yes,,
8iLzK3Y4,Caravan and Party Income,商队及宴会收入,bak_strings.xml,translated,yes,,
ChUDSiJw,Garrison and Party Expense,驻军及宴会费用,bak_strings.xml,translated,yes,,
U3LdMEXb,Debts,债务,bak_strings.xml,translated,yes,,
essaRvXP,King's support,君主支持,bak_strings.xml,translated,yes,,
WrJSUsBe,Support to king,支持君主,bak_strings.xml,translated,yes,,
oNgwQTTV,Workshop Expense,车间费用,bak_strings.xml,translated,yes,,
7uzvI8e8,Kingdom Budget Expense,藩国预算支出,bak_strings.xml,translated,yes,,
wVMPdc8J,{A0}'s tariff,{A0} 的关税,bak_strings.xml,translated,yes,{A0},{A0}
6gvDrbe7,Recruitment Expense,招聘费用,bak_strings.xml,translated,yes,,
UQc6zg1Q,Owned Alleys,拥有的小巷,bak_strings.xml,translated,yes,,
wPJYRmf5,Ship Upkeep,船舶保养,bak_strings.xml,translated,yes,,
4TWfU55y,Wage,工资,bak_strings.xml,translated,yes,,
bZnuyRtJ,Sanyo culture,三洋文化,bak_strings.xml,translated,yes,,
IpGnHz35,Sanyo culture,三洋文化,bak_strings.xml,translated,yes,,
JkVr31bc,Port,港口,bak_strings.xml,translated,yes,,
CcQzFnpN,Very Low Loyalty,忠诚度极低,bak_strings.xml,translated,yes,,
basevalue,Base,根据,bak_strings.xml,translated,yes,,
