id,source,current_cn,cn_file,status,variable_ok,source_variables,cn_variables
kpzK0X9u,Ozutsu,,,missing,no,,
uPDOEMCR,Ozutsus,,,missing,no,,
U53M9G9W,Antique Cannon,,,missing,no,,
2pSICaQU,"Antique metal guns from the Sengoku Jidai. They're long since outdated, but a cannon is a cannon.",,,missing,no,,
NapM9G9W,M1857 12-Pounder Napoleon,,,missing,no,,
NapICaQU,"A smoothbore bronze field gun valued for reliability and versatility. Capable of firing solid shot, shell, or canister in close and medium engagements.",,,missing,no,,
CadeMoLH,Canon de Montagne de 4 La Hitte,,,missing,no,,
MLHICaQU,A light rifled cannon designed for transport by pack animals in difficult terrain. Employed to provide mobile artillery support to infantry in mountainous regions.,,,missing,no,,
Armstron,RBL 12-Pounder 8 CWT Armstrong Gun,,,missing,no,,
MArICaQU,"A rifled breech-loading cannon of British manufacture, noted for its accuracy and extended range. Suited to siege, coastal, and fixed defensive positions.",,,missing,no,,
GatlingG,Model 1865 Gatling Gun,,,missing,no,,
MLHICaGa,"A hand-cranked battery gun capable of sustained, rapid fire. Intended for crew service in field and fortress defense.",,,missing,no,,
o3KzSAYk,Caste:,,,missing,no,,
g0DodcKB,Kuge (Court Noble),,,missing,no,,
iDHwU4Af,Daimyo (Feudal Lord),,,missing,no,,
TzEzDGuV,Buke (Samurai),,,missing,no,,
3VfyBmWe,Hyakusho (Peasant),,,missing,no,,
91xgVL5T,Chonin (Townsman),,,missing,no,,
MkoGgYTI,Eta-hinin (Untouchable),,,missing,no,,
mqDjDWjC,Gaikokujin (Foreigner),,,missing,no,,
oN4J4ebL,Right to carry the Daisho,,,missing,no,,
9ZHz4mzS,Right to command a personal retinue,,,missing,no,,
Ho2oaup3,Right to hold land,,,missing,no,,
b93tFvr6,Right to not pay agricultural taxes,,,missing,no,,
YSqUrY2T,Right to engage in commerce,,,missing,no,,
6QjQLkhL,Right to enter the keep,,,missing,no,,
lXePKGIt,Martial Schools,,,missing,no,,
9N832L1k,"Dojos are neutral settlements where the player and AI can recruit students, purchase martial manuals that improve combat skills, join a specific school, or duel instructors for rank and reputation. Each dojo follows a distinct martial lineage. Improving relations with a dojo strengthens relations with all dojos of that lineage, and may improve standing with their sponsoring domain.",,,missing,no,,
F1G2H3J4,Itto-ryu,,,missing,no,,
K5L6M7N8,"Itto-ryu is a prestigious family of kenjutsu schools emphasizing the principle of the 'one sword.' Practitioners, known as Itto-ryu kenshi, focus on decisive cuts, proper distancing, and timing. During the late Bakumatsu, its instructors were sought after by domains and samurai for dueling, military training, and personal defense.",,,missing,no,,
P9Q0R1S2,Hokushin Itto-ryu,,,missing,no,,
T3U4V5W6,"Hokushin Itto-ryu is the northern branch of Itto-ryu, combining classical swordsmanship with battlefield practicality. Practitioners train in katana, wakizashi, and naginata, honing timing, distance, and decisive strikes. In the late Bakumatsu, the school supplied instructors to northern domain militias and duelists in Edo.",,,missing,no,,
X7Y8Z9A0,Shinkage-ryu,,,missing,no,,
B1C2D3E4,"Shinkage-ryu is a transformative kenjutsu lineage that emphasizes strategy, posture, and subtlety. Practitioners wield katana and wakizashi, focusing on psychological control and precision. In the Bakumatsu period, Shinkage-ryu influenced many derivative schools, including Taisha-ryu, and trained elite duelists and samurai instructors.",,,missing,no,,
F5G6H7I8,Jigen-ryu,,,missing,no,,
J9K0L1M2,"Jigen-ryu, originating in Satsuma, is known for ferocious, lightning-fast attacks with katana and odachi. Practitioners cultivate power, speed, and relentless offense. In the late Bakumatsu, Jigen-ryu kenshi were recognized for their role in domain defense and martial competitions, embodying the martial spirit of southern Japan.",,,missing,no,,
N3O4P5Q6,Hozoin-ryu,,,missing,no,,
R7S8T9U0,"Hozoin-ryu specializes in spearmanship, particularly the cross-shaped jumonji-yari and naginata. Practitioners train in precise thrusts, fluid footwork, and battlefield awareness. By the Bakumatsu era, instructors trained domain militias and dueling students, maintaining a reputation for technical elegance and deadly efficiency.",,,missing,no,,
V1W2X3Y4,Tanegashima-ryu,,,missing,no,,
Z5A6B7C8,"Tanegashima-ryu is a firearms school teaching the use of matchlock arquebuses. Practitioners learn coordinated volleys and battlefield deployment. In late Tokugawa Japan, Tanegashima-ryu instructors were vital in domain militias, bridging traditional martial culture and early modern warfare.",,,missing,no,,
D9E0F1G2,Takashima-ryu,,,missing,no,,
H3I4J5K6,"Takashima-ryu teaches modern firearms techniques, emphasizing disciplined firing methods and unit coordination. Practitioners prepared for the changing nature of war during the Bakumatsu period, integrating Western rifles into traditional martial education for domain forces.",,,missing,no,,
L7M8N9O0,Heki-ryu,,,missing,no,,
P1Q2R3S4,"Heki-ryu is a classical archery school, teaching yumi mastery for battlefield and ceremonial use. Practitioners develop accuracy, composure, and situational awareness. In the late Bakumatsu, Heki-ryu archers served both militarily and ceremonially, maintaining the prominence of mounted and foot archery traditions.",,,missing,no,,
T5U6V7W8,Shinto Munen-ryu,,,missing,no,,
X9Y0Z1A2,"Shinto Munen-ryu is a kenjutsu school emphasizing adaptability, speed, and fluid techniques with katana and wakizashi. Practitioners were trained for dueling and skirmishes, preparing samurai and retainers for the unpredictable conflicts of the Bakumatsu era.",,,missing,no,,
B3C4D5E6,Ogasawara-ryu,,,missing,no,,
F7G8H9I0,"Ogasawara-ryu is the classical school of mounted archery and etiquette, teaching yumi mastery on horseback. Practitioners develop poise, precision, and ceremonial bearing, serving as both martial and noble instructors in the late Tokugawa period.",,,missing,no,,
J1K2L3M4,Hoki-ryu,,,missing,no,,
N5O6P7Q8,"Hoki-ryu is a kenjutsu school specializing in katana techniques. Practitioners cultivate strong cutting, timing, and defensive skills. During the Bakumatsu, Hoki-ryu instructors trained samurai and domain forces, ensuring readiness in duels and military engagements.",,,missing,no,,
R9S0T1U2,Shingyoto-ryu,,,missing,no,,
V3W4X5Y6,"Shingyoto-ryu teaches a combination of katana, odachi, and naginata, focusing on versatility and battlefield adaptability. Practitioners excel in both dueling and larger engagements, sustaining their relevance through the late Bakumatsu period.",,,missing,no,,
Z7A8B9C0,Oshima-ryu,,,missing,no,,
D1E2F3G4,"Oshima-ryu is a multi-weapon school specializing in yari, naginata, and variations such as jumonji and kagi yari. Practitioners develop complex thrusting and footwork techniques, serving as capable battlefield instructors during the late Tokugawa period.",,,missing,no,,
H5I6J7K8,Tamiya-ryu,,,missing,no,,
L9M0N1O2,"Tamiya-ryu focuses on the long-hilted nagae katana, training practitioners in precise strikes and extended reach. The school's methods were valued for dueling and defensive combat by samurai in the late Bakumatsu era.",,,missing,no,,
P3Q4R5S6,Moriuchi-ryu,,,missing,no,,
T7U8V9W0,"Moriuchi-ryu is a mounted martial school emphasizing yari and katana techniques. Practitioners develop coordination, balance, and tactical awareness for cavalry operations. In the Bakumatsu period, Moriuchi-ryu trained domain cavalry and retainers in practical combat skills.",,,missing,no,,
X1Y2Z3A4,Owari Kan-ryu,,,missing,no,,
B5C6D7E8,"Owari Kan-ryu specializes in the sliding kuda-yari, offering innovative spear techniques. Practitioners train in precision, timing, and footwork. The school's unique weapons and methods were valued by Owari samurai for both ceremonial and battlefield purposes.",,,missing,no,,
F9G0H1I2,Shinshin-ryu,,,missing,no,,
J3K4L5M6,"Shinshin-ryu is a kenjutsu school teaching katana and wakizashi techniques with an emphasis on timing and adaptability. Practitioners excel in duels and personal defense, maintaining a respected position among samurai in the late Bakumatsu.",,,missing,no,,
N7O8P9Q0,Tatsumi-ryu,,,missing,no,,
R1S2T3U4,"Tatsumi-ryu is a comprehensive martial school training practitioners in katana, wakizashi, yari, naginata, and shuriken. The school's broad curriculum prepared samurai for dueling, battlefield, and self-defense during the Bakumatsu period.",,,missing,no,,
V5W6X7Y8,Tennen Rishin-ryu,,,missing,no,,
Z9A0B1C2,"Tennen Rishin-ryu is a kenjutsu school focusing on katana, wakizashi, and occasional yari use. Practitioners were famously associated with the Shinsengumi, combining practical swordsmanship with rigorous discipline in the late Bakumatsu era.",,,missing,no,,
D3E4F5G6,Nanbu-ryu,,,missing,no,,
H7I8J9K0,"Nanbu-ryu is a mounted martial school emphasizing bow and sword techniques. Practitioners develop horseback combat skills, coordination, and precision. In the Bakumatsu period, Nanbu-ryu kenshi served as cavalry instructors and domain retainers.",,,missing,no,,
L1M2N3O4,Kyoshin Meiichi-ryu,,,missing,no,,
P5Q6R7S8,"Kyoshin Meiichi-ryu is a kenjutsu school emphasizing katana and wakizashi mastery. Practitioners cultivate precise cutting, timing, and fluid technique. In the Bakumatsu era, Kyoshin Meiichi-ryu trained loyalists and aspiring samurai in practical swordsmanship for both duels and domain service.",,,missing,no,,
551Rfsop,Reforms,,,missing,no,,
REFS21al,"Change did not come to Japan all at once. From the opening of the country in 1853 to the Boshin War in 1868 and the Meiji period that followed, Japanese society underwent massive, but gradual, social, military, and economic reforms. Due to this, when the reform mechanic is enabled, not all troops are available from the start. Instead, better modern troops will gradually be unlocked over time either as the years pass or as the player's kingdom passes policies.",,,missing,no,,
a3BLERbz,Keio Reforms (1865),,,missing,no,,
uzonvUWW,"At the start of 1865, the Shogunate began a dedicated push to modernize their military. Beforehand, they had created the Sampeitai, or 'Three-Arms Corps', but that had been an unmitigated disaster. Prompted by the Kinmon Incident and Choshu's own civil war, the Shogunate's new reforms, forming units based on Samurai social rankings, ended in failure just as their previous ones had, but it started off the era of massive military reforms in Japan, which had been before isolated to a few small domains. These reforms unlock the Hoheitai and most of their equivalents, alongside units of unique organizations like the Mimawari-gumi and Shinsengumi.{newline}{newline}If using policy based reforms, these troops are unlocked with the Western Drill policy instead.",,,missing,no,{newline} | {newline},
hEIiqFOl,Keio Reforms (1866),,,missing,no,,
sgDswQVO,"In 1866, something thought unthinkable occurred: the Shogunate lost a war against Choshu. The Second Choshu Expedition had been intended to remind Japan of the Bakufu's strength, and to deal with the rebellious domain once and for all. Instead, the 150,000 strong army of the Shogunate was routed by the 4000 men of Choshu and their modern rifles, losing thousands of men and inflicting only a few hundred casualties in return. With this failure, and the ascension of Tokugawa Yoshinobu as Shogun, Japan entered a furor of reform. Yoshinobu himself worked to reform the Bakufu army, establishing the Hoheitai, Yugekitai, and Denshutai, while many other domains were incentivized to adopt proper modernized infantry.{newline}{newline}If using policy based reforms, these troops are mostly unlocked with the Standard Uniforms policy instead.",,,missing,no,{newline} | {newline},
LQZzQOJr,Meiji Reforms (1867),,,missing,no,,
tkAa93qw,"Emperor Komei had opposed the entirety of the outside world, advocating fiercely for Sonno-joi. However, his son was not so inflexible. Following Komei's death of smallpox in early 1867, the teenaged emperor and his advisors began a series of reforms of their own, establishing the new Imperial guard, while other pro-Imperial forces, such as the Jinshotai of Tosa, began coalescing into a modern army of their own. At the same time, Choshu began reforming their remaining Shotai militias into proper units of their own, in preparation for the turmoil everone knew was coming.{newline}{newline}If using policy based reforms, these troops are unlocked with the Standard Uniforms or Officer Academies policies instead.",,,missing,no,{newline} | {newline},
aEbjnf41,Boshin War Reforms (1868),,,missing,no,,
uKN9qS6E,"Even as Japan reformed around them, many of the northernmost domains, as well as a few in Kansai, remained stagnant. The foolishness of this policy became apparent when the Boshin War broke out in early 1868, as the samurai of these domains suffered catastrophic defeats at the hands of peasants armed with modern rifles. These domains, most notable including Kubota on the Imperial side and Sendai on the Shogunate side, began to rapidly reorganize in an attempt to stave off defeat from those invading their domains.{newline}{newline}If using policy based reforms, these troops are unlocked with the Standard Uniforms or Western Drill policies instead.",,,missing,no,{newline} | {newline},
9v5f6eq6,Shishin Taisei Reforms (1868),,,missing,no,,
BWWqeWJi,"While in essence the same as the {BOSHIN_REFORMS_LINK} in their timing and reasoning, Aizu domain took a rather unique approach to reforming their military. Still unwilling to allow peasants in their military, Aizu instead implemented their 4 Gods Organization, classifying the samurai of their domain into one of four units, based on age. The Byakkotai were the youngest, made up of 16-17 year olds, followed by the Suzakutai (18-35), Seiryutai (36-49), and the Genbutai (50+), alongside a number of volunteer units that sprung up across the domain. Ultimately, however, these units were not enough to stave off the invasion of their domain and brutal siege of their castle.{newline}{newline}If using policy based reforms, these troops are unlocked with the Western Drill policy instead.",,,missing,no,{BOSHIN_REFORMS_LINK} | {newline} | {newline},
NeEiTkK6,Juei Reforms (1869),,,missing,no,,
CR3jonLR,"Kishu domain, ruled by the Kishu Tokugawa, one of the Gosanke, or 'Three Noble Houses', of the Tokugawa Shogunate, reformed far later than most of Japan. Rather than taking inspiration from Britain or France like the rest of Japan, Kishu instead built their army along the Prussian model, implementing a conscript system that required a few years in active duty, then a few in the reserves, followed by service in the militia. However, these reforms occurred after the Boshin War, and ultimately came to naught as the Bakuhan system was dissolved and the private armies of the daimyo were folded into the new Imperial army.{newline}{newline}If using policy based reforms, these troops are unlocked with the Implement Conscription policy instead.",,,missing,no,{newline} | {newline},
ON8mqnxs,Meiji Restoration Reforms (1870),,,missing,no,,
4iDrvn26,"A small, final reform, this represents the units that were formed in the Meiji era, such as the Battotai or marines, that were added to the mod. While the time these units were created is somewhat outside the scope of the mod, and took place after these reforms actually happen, they were added into the game to fill their specific niches.{newline}{newline}If using policy based reforms, these troops are unlocked with the Implement Conscription policy instead.",,,missing,no,{newline} | {newline},
lXePKasd,Social Castes,,,missing,no,,
9NAB4L1k,"The Caste Mechanic is an optional mechanic added in Bakumatsu to reflect the caste system of Edo period Japan. This caste system, put into place at the founding of the Tokugawa Shogunate, reflected the Tokugawa clan's deep paranoia and fear of being replaced. Due to this, it is often more of a restriction than a boon, and is not recommended if you want to enjoy a simple, easy playthrough.",,,missing,no,,
IG1fHpiV,Kuge,,,missing,no,,
7cuzdfbI,Daimyo,,,missing,no,,
01dc0ds8,Buke,,,missing,no,,
DoSReZx1,Hyakusho,,,missing,no,,
qun3E3A7,Chonin,,,missing,no,,
4zs9V9yN,Eta-Hinin,,,missing,no,,
osiwP5oL,Gaikokujin,,,missing,no,,
J84QToW3, Social Castes,,,missing,no,,
pX2AJ9oC,Foreign Merchants,,,missing,no,,
U37Ef6rB,"To the merchants and businessmen of the outside world, the newly opened Japan was a goldmine. The price of gold and silver was cheaper than the rest of the world, and there was a huge market for outside products: most notably, firearms. Numerous arms dealers flocked to the archipelago, selling guns, uniforms, {FIELD_ARTILLERY_LINK}, and expertise in exchange for money and privileges. Found by walking around the keeps of any town, foreign merchants sell modern guns, artillery, and uniforms to the player. These wares each merchant offers differ by ethnicity. While all offer uniforms and antique flintlocks, British merchants offer the versatility of the many variants of the Enfield and Snider-Enfield rifles, alongside the best cannons, French merchants offer high quality rifles and cheap and light artillery, German merchants sell cheaper rifles, and American merchants sell all things repeating: revolvers, repeating rifles, and gatling guns.",,,missing,no,{FIELD_ARTILLERY_LINK},
1yyVKFnY,Field Artillery,,,missing,no,,
FnYVK1yy,"Cannons weren't just used to siege fortresses anymore in the 19th century. Every modern military would field a battery of artillery, and heavy guns were worth their weight in gold in Bakumatsu era Japan. Pieces of field artillery can be purchased from {FOREIGN_MERCHANTS_LINK}, but are very expensive and very heavy, meaning that too many cannons will bankrupt even an endgame player and slow the party's progress to a crawl. To use these pieces in battle, you must have artillerist troops, marked by a cannon icon on their unit. You can only have 1 artillerist for every 10 men in your army, and can deploy a number of pieces equal to half your artillerists. These guns also start in your reserves when you start a siege, and will not be lost even if the deployed versions are destroyed.{newline}{newline}Artillery can be deployed while pressing K during the deployment phase",,,missing,no,{FOREIGN_MERCHANTS_LINK} | {newline} | {newline},
Zt4XMACT,Special Ammunition,,,missing,no,,
C66WEwA2,"When using {FIELD_ARTILLERY_LINK}, each type of cannon has a default ammunition type, and a handful of special ammunition types. For example, the La Hitte Mountain Gun can shoot shells, round shot, or canister shot. For you or members of your party to be able to use specialized ammo in battle, the overall commander of your side in the battle must have the 'Stonecutters' or 'Siege Engineer' perk.{newline}{newline}You can switch ammo by hitting P before reloading the artillery in battle.",,,missing,no,{FIELD_ARTILLERY_LINK} | {newline} | {newline},
R3mMjibn,Western Lance Shaft,,,missing,no,,
VodYaQio,Western Lance Head,,,missing,no,,
hV7Gcuw8,Western Lance Banner,,,missing,no,,
2a7zdKCr,Yataghan Blade,,,missing,no,,
aWyfg2PR,French Light Cavalry Blade,,,missing,no,,
AoVPomGX,American Light Cavalry Blade,,,missing,no,,
pcyDR24D,Wilkinson-style Blade,,,missing,no,,
VYzQT7Gz,Socket Hilt,,,missing,no,,
DN7UiAyB,sho_katana_handle_4_brown,,,missing,no,,
ms7EUWqE,Gothic Hilt,,,missing,no,,
ms7EUqEW,Three Bar Hilt,,,missing,no,,
ASDEUWqE,Kyu Gunto Hilt,,,missing,no,,
NzbJtdPe,Choshu Officer,,,missing,no,,
mMU3H6HZ,Arena,,,missing,no,,
Br3Bq7N7,Hatsumokuroku,,,missing,no,,
ees8hQyH,Kanajisho Mokuroku,,,missing,no,,
oIaXn8qV,Naginata Mokuroku,,,missing,no,,
9FmCw4Bg,Daimokuroku-Kaiden,,,missing,no,,
doB4e6MT,Junikajō Mokuroku,,,missing,no,,
YA1D8zxc,Hon Mokuroku,,,missing,no,,
9P8luozd,Sho-Mokuroku,,,missing,no,,
BhwhuG8o,Go-Mokuroku,,,missing,no,,
fZL4F9EU,Chū-Mokuroku,,,missing,no,,
ROllQMrj,Okumokuroku-Menkyo,,,missing,no,,
RDzDg0b9,Sōmokuroku-Kaiden,,,missing,no,,
e0on0sjs,Omote,,,missing,no,,
FKrjal9r,O-marobashi,,,missing,no,,
fr7iL6Eg,Ko-marobashi,,,missing,no,,
TmHug8cR,Tengu-sho,,,missing,no,,
dZXrRixu,Karimokuroku,,,missing,no,,
wuHKfmPe,Mokuroku,,,missing,no,,
XmL4GoMr,Gaiden,,,missing,no,,
jwYwlJAv,Naiden,,,missing,no,,
ju3fPS6n,Kaiden,,,missing,no,,
lgC2LX8Y,Shomokuroku,,,missing,no,,
6fu0Pgwn,Jomokuroku,,,missing,no,,
UU9uc7Z6,Reikenden Mokuroku,,,missing,no,,
L2ONpX7g,Kyuri-no-Maki Mokuroku,,,missing,no,,
iRLrNt0o,Goku-i Mokuroku,,,missing,no,,
lB5IyDWZ,Mokuroku-menkyo,,,missing,no,,
XP2EPFPW,Goyo-mokuroku,,,missing,no,,
7xL85pP0,Goka-mokuroku,,,missing,no,,
NNblQwuC,Goo-mokuroku,,,missing,no,,
kH4e0JyT,Hashiri-gakari Mokuroku,,,missing,no,,
iUIIPYmN,Naiden-mokuroku,,,missing,no,,
67KIBT0f,Tachi-mokuroku,,,missing,no,,
tXhYy27i,Wakizashi-mokuroku,,,missing,no,,
nyETWLF6,Oden Mokuroku,,,missing,no,,
eVZ5xPMe,Tojutsu Tachiai-mokuroku,,,missing,no,,
8gRaW6II,Tojutsu Iai-mokuroku,,,missing,no,,
cT1kLRlw,Mokuroku-menkyo,,,missing,no,,
zxjf5wHR,Yari-mokuroku,,,missing,no,,
hsuXqhmE,Shuriken-mokuroku,,,missing,no,,
4ZFBhFME,Monomi-mokuroku,,,missing,no,,
avMH1C6n,Shudan-sentōhō Mokuroku,,,missing,no,,
fJpLo9Gd,Omote no Maki Mokuroku,,,missing,no,,
k6Gafnr2,Koran no Maki Mokuroku,,,missing,no,,
xJg9HTTc,Yumi Mokuroku,,,missing,no,,
vJiwn1t6,Hyōhōmokuroku,,,missing,no,,
XmRQZY3w,Omote-mokuroku,,,missing,no,,
Fe7wSDVD,Ura-mokuroku,,,missing,no,,
93OCMPWH,Shinshikake Mokuroku-menkyo,,,missing,no,,
ic0y29yj,Kasagake-mokuroku,,,missing,no,,
MLTh55ob,Kyujutsu-mokuroku,,,missing,no,,
8Zb4XSdP,Bajutsu-mokuroku,,,missing,no,,
Gn3y0ifK,Reiho-mokuroku,,,missing,no,,
KG71fYbj,Itto-ryu,,,missing,no,,
xjAEaKXZ,Itto-ryu,,,missing,no,,
E5f6G7h8,Hokushin Itto-ryu,,,missing,no,,
L1m2N3o4,Hokushin Itto-ryu,,,missing,no,,
P9q8R7s6,Shinkage-ryu,,,missing,no,,
T1u2V3w4,Shinkage-ryu,,,missing,no,,
F2g3H4i5,Jigen-ryu,,,missing,no,,
J6k7L8m9,Jigen-ryu,,,missing,no,,
N5o6P7q8,Hozoin-ryu,,,missing,no,,
R1s2T3u4,Hozoin-ryu,,,missing,no,,
V9w8X7y6,Tanegashima-ryu,,,missing,no,,
Z1a2B3c4,Tanegashima-ryu,,,missing,no,,
D5e6F7g8,Takashima-ryu,,,missing,no,,
H1i2J3k4,Takashima-ryu,,,missing,no,,
L9m8N7o6,Heki-ryu,,,missing,no,,
P1q2R3s4,Heki-ryu,,,missing,no,,
T5u6V7w8,Shinto Munen-ryu,,,missing,no,,
X1y2Z3a4,Shinto Munen-ryu,,,missing,no,,
C2d3E4f5,Ogasawara-ryu,,,missing,no,,
G6h7I8j9,Ogasawara-ryu,,,missing,no,,
K5l6M7n8,Hoki-ryu,,,missing,no,,
O1p2Q3r4,Hoki-ryu,,,missing,no,,
S2t3U4v5,Shingyoto-ryu,,,missing,no,,
W6x7Y8z9,Shingyoto-ryu,,,missing,no,,
A6b7C8d9,Tennen Rishin-ryu,,,missing,no,,
E1f2G3h4,Oshima-ryu,,,missing,no,,
I5j6K7l8,Tamiya-ryu,,,missing,no,,
M1n2O3p4,Tamiya-ryu,,,missing,no,,
Q2r3S4t5,Moriuchi-ryu,,,missing,no,,
U6v7W8x9,Moriuchi-ryu,,,missing,no,,
Y5z6A7b8,Owari Kan-ryu,,,missing,no,,
C1d2E3f4,Owari Kan-ryu,,,missing,no,,
G2h3I4j5,Shinshin-ryu,,,missing,no,,
K6l7M8n9,Shinshin-ryu,,,missing,no,,
O5p6Q7r8,Tatsumi-ryu,,,missing,no,,
S1t2U3v4,Tatsumi-ryu,,,missing,no,,
W2x3Y4z5,Tennen Rishin-ryu,,,missing,no,,
E2f3G4h5,Nanbu-ryu,,,missing,no,,
I6j7K8l9,Nanbu-ryu,,,missing,no,,
M2n3O4p5,Kyoshin Meiichi-ryu,,,missing,no,,
Q6r7S8t9,Kyoshin Meiichi-ryu,,,missing,no,,
dn94xLIW,Jigen-ryu,,,missing,no,,
HWVx2RQH,Taisha-ryu,,,missing,no,,
FYDuP4qf,Hozoin-ryu,,,missing,no,,
Kpolqjpi,Takashima-ryu,,,missing,no,,
e9up78iw,Takashima Shuhan,,,missing,no,,
aRG5NBuh,Ogasawara-ryu,,,missing,no,,
YAEjsSpk,Yagyu Shinkage-ryu,,,missing,no,,
zUk95oK7,Shingyoto-ryu,,,missing,no,,
GNxujC5z,Shingyoto-ryu,,,missing,no,,
dy7etYVM,Oshima-ryu,,,missing,no,,
xA0WdHYT,Choshu-den,,,missing,no,,
b4t9t4Tu,Hoki-ryu,,,missing,no,,
HtHpm6rr,Shinto Munen-ryu,,,missing,no,,
C2c7YI66,Jikishinkage-ryu,,,missing,no,,
cV55WleZ,Fujioka-ryu,,,missing,no,,
Mn6pLhBU,Nakanishi-ha,,,missing,no,,
VQVEpj4H,Kawada-ha,,,missing,no,,
9l9o7D6I,Jikishinkage-ryu,,,missing,no,,
Js3OQ9k6,Mugai-ryu,,,missing,no,,
hZsd2hMw,Mugai-ryu,,,missing,no,,
AV7mzihi,Shinto Munen-ryu,,,missing,no,,
u7p7dq3N,Heki-ryu,,,missing,no,,
yY3JpPW2,Kofu-den,,,missing,no,,
16PE9DkR,Shinkage-ryu,,,missing,no,,
e0nMZ5CL,Inatomi-ryu,,,missing,no,,
l8vKVgGg,Kishu Tamiya Ryu,,,missing,no,,
xbod2ThM,Tsumaki Ataka Motonari,,,missing,no,,
VzjMcLl8,Ono-ha,,,missing,no,,
8mNOZIZp,Itto-Ryu,,,missing,no,,
FAQ6NbvP,Wakayama-ryu,,,missing,no,,
BSEXS69U,Shinkage-ryu,,,missing,no,,
uXDtR3ft,Moriuchi-ryu,,,missing,no,,
KYOoP3uN,Yagyu Shinkage-ryu,,,missing,no,,
itQ7pFYL,Owari Kan-ryu,,,missing,no,,
ZRMWzgVh,Chikurin-ha,,,missing,no,,
G34Dov6O,Mugai-ryu,,,missing,no,,
TE3jtjR4,Shinto Munen-ryu,,,missing,no,,
8MKqmT5c,Shinto Munen-ryu,,,missing,no,,
Wwp4MRWh,Hokushin Itto-ryu,,,missing,no,,
he1f7X6N,Shinto Munen-ryu,,,missing,no,,
K4lN6AVO,Hokushin Itto-ryu,,,missing,no,,
CmjCURLr,Jigo Tenshin-ryu,,,missing,no,,
kfzGKJ3C,Yashima-ha,,,missing,no,,
jCPQ6j2z,Shinkage-ryu,,,missing,no,,
Y0DGjRFS,Heki-ryu,,,missing,no,,
O9liCb1M,Yagyu Shinkage-ryu,,,missing,no,,
Jj1toL1Y,Shinto Munen-ryu,,,missing,no,,
h1I7PEur,Jikishinkage-ryu,,,missing,no,,
z5m7bXmK,Heki-ryu,,,missing,no,,
fOnKALpl,Mugai-ryu,,,missing,no,,
L7LRVFPB,Jikishinkage-ryu,,,missing,no,,
i9kiFKJ2,Tsushin-ryu,,,missing,no,,
v4LvjYZX,Sekiguchi Shin Shin-ryu,,,missing,no,,
IfZDvkbY,Rishin-ryu,,,missing,no,,
c3qcXyBO,Tatsumi-ryu,,,missing,no,,
OfgUFL4H,Shin'in Itto-ryu,,,missing,no,,
HV1MNEAJ,Kodokan,,,missing,no,,
yytMdnlK,Kozawa Torakichi,,,missing,no,,
ZycbgH4K,Takada-ha,,,missing,no,,
pxWL5EoM,Yagyu Shinkage-ryu,,,missing,no,,
n7NKzOGo,Shinshin-ryu,,,missing,no,,
Y0g3OtyR,Mugai-ryu,,,missing,no,,
FjWtFjkl,Mizoguchi-ha,,,missing,no,,
F47pnUmJ,Kawada-ha,,,missing,no,,
ftmr7rHR,Itto-ryu,,,missing,no,,
cqWsQsQW,Ono-ha,,,missing,no,,
BAacPI2x,Yagyu Shinkage-ryu,,,missing,no,,
WeaDmapf,Nanbu-ryu,,,missing,no,,
PaOSYLs2,Tenshin Itto-ryu,,,missing,no,,
AX5JahyV,Genbukan,,,missing,no,,
kyyUdUWj,Chiba Michisaburō,,,missing,no,,
fJruoS8b,Renpeikan,,,missing,no,,
pPhUxKwN,Saito Yakuro,,,missing,no,,
pA57gbh0,Shigakukan,,,missing,no,,
2YwFm87K,Momoi Junzō,,,missing,no,,
300v5mE3,Odani Dojo,,,missing,no,,
Fgw9DOs0,Otani Nobutomo,,,missing,no,,
NgHLM8I4,Shieikan,,,missing,no,,
lmEWdeLY,Sato Hikogoro,,,missing,no,,
NgHLM841,Renbukan,,,missing,no,,
zkOmz2oV,Kingdom has the {CONTRADICTORY_POLICY} policy,,,missing,no,{CONTRADICTORY_POLICY},
BaPTImFi,Import Firearms,,,missing,no,,
BaPDImFi,"Given how outdated our current firearms are, it is better to import modern ones from across the sea to arm our troops, whatever the cost to our own domestic industry.",,,missing,no,,
BaPEImFi,importing firearms,,,missing,no,,
BaPLImFi,Town prosperity is decreased by 0.5{newline}Modern troop recruitment rate increases by 20%{newline}Foreign Arms Dealers appear in town keeps,,,missing,no,{newline} | {newline},
BaPTWeDr,Western Drill,,,missing,no,,
BaPDWeDr,"Adopt military practices from Western powers, emphasizing drill, discipline, and battlefield maneuver. Lords begin training their retainers to fight in formation, rather than relying on traditional melee tactics.",,,missing,no,,
BaPEWeDr,western drill,,,missing,no,,
BaPLWeDr,Lord party sizes are increased by 20{newline}Modern troop recruitment rate increases by 20%{newline}Troop wages are increased by 10%,,,missing,no,{newline} | {newline},
BaPTStUn,Standard Uniforms,,,missing,no,,
BaPDStUn,"Adopt standardized uniforms for modern units. These make units easier to identify, coordinate, and supply, while promoting discipline and unity among troops.",,,missing,no,,
BaPEStUn,standard uniforms,,,missing,no,,
BaPLStUn,Gun troop upgrade costs are reduced by 20%{newline}Modern troop recruitment rate increases by 10%,,,missing,no,{newline},
BaPTImCo,Implement Conscription,,,missing,no,,
BaPDImCo,"Implement conscription to create a standing modern army. By requiring all able-bodied men to serve, the military grows rapidly, though at the cost of social unrest and economic strain.",,,missing,no,,
BaPEImCo,implemented conscription,,,missing,no,,
BaPLImCo,Town prosperity is decreased by 2{newline}Settlement loyalty is decreased by 1{newline}Troop wages are decreased by 20%{newline}Troop recruitment costs are decreased by 25%{newline}Modern troop recruitment rate increases by 50%,,,missing,no,{newline} | {newline} | {newline} | {newline},
BaPTInEc,Industrialize the Economy,,,missing,no,,
BaPDInEc,"Invest heavily in modern industries, with towns fostering ironworks, textiles, and modern construction. Villages grow as they supply food and manpower to new urban centers.",,,missing,no,,
BaPEInEc,industrializing economy,,,missing,no,,
BaPLInEc,Town prosperity is increased by 5{newline}Village hearth is increased by 3{newline}Workshop production is increased by 10%{newline}Clans lose 2 influence per day,,,missing,no,{newline} | {newline} | {newline},
BaPTDiSa,Dissolve the Samurai,,,missing,no,,
BaPDDiSa,"Abolish the privileges of the samurai class, stripping them of stipends and exclusive rights. Their former domains are reorganized under new laws and modern administration.",,,missing,no,,
BaPEDiSa,dissolved the samurai,,,missing,no,,
BaPLDiSa,Clans lose 2 influence per day{newline}Town prosperity and village hearth is increased by 2{newline}Town security is increased by 1{newline}Social caste no longer has any effect in settlements owned by this kingdom,,,missing,no,{newline} | {newline} | {newline},
BaPTBrMi,British Military Mission,,,missing,no,,
BaPDBrMi,"Invite British advisors to train troops and officers in modern military tactics and logistics, leading to more professional and skilled units.",,,missing,no,,
BaPEBrMi,British military mission,,,missing,no,,
BaPLBrMi,Gun troop upgrade costs are reduced by 25%{newline}Troop wages are increased by 10%{newline}Modern troop recruitment rate increases by 10%,,,missing,no,{newline} | {newline},
BaPTFrMi,French Military Mission,,,missing,no,,
BaPDFrMi,"Invite French advisors to train troops and officers in modern military tactics and logistics, leading to more professional and skilled units.",,,missing,no,,
BaPEFrMi,French military mission,,,missing,no,,
BaPLFrMi,Gun troop upgrade costs are reduced by 25%{newline}Troop wages are increased by 10%{newline}Modern troop recruitment rate increases by 10%,,,missing,no,{newline} | {newline},
BaPTExWe,Expel the Barbarians,,,missing,no,,
BaPDExWe,"Reignite sonnō-jōi sentiment and expel foreign advisors and missionaries. This policy unifies conservatives and traditionalists, but causes economic setbacks.",,,missing,no,,
BaPEExWe,expelled the westerners,,,missing,no,,
BaPLExWe,Settlement security and loyalty is increased by 1{newline}Town prosperity is decreased by 2{newline}Clans gain 3 influence per day,,,missing,no,{newline} | {newline},
BaPTSako,Sakoku,,,missing,no,,
BaPDSako,"Reinstitute the closed country policy of previous centuries, isolating the nation from foreign influence while bolstering internal cohesion and traditional values.",,,missing,no,,
BaPESako,closed country,,,missing,no,,
BaPLSako,Settlement security and loyalty is increased by 2{newline}Town prosperity is decreased by 3{newline}Clans gain 3 influence per day{newline}Traditional troop recruitment rate increases by 50%,,,missing,no,{newline} | {newline} | {newline},
BaPTRanp,Ranpo,,,missing,no,,
BaPDRanp,"Embrace Western medical science, known as Ranpo, derived from Dutch texts and modern anatomy. Hospitals and domain physicians begin applying these foreign techniques to improve public health and treat battlefield wounds.",,,missing,no,,
BaPERanp,ranpo,,,missing,no,,
BaPLRanp,Troops have 10% higher chance to recover from fatal wounds{newline}Troop wages are increased by 5%{newline}Town prosperity is increased by 1,,,missing,no,{newline} | {newline},
BaPTCurr,New Currency Act,,,missing,no,,
BaPDCurr,"Introduce a modern national currency system based on paper bills and minted coins. This replaces the feudal koku rice standard, streamlining commerce and aligning the economy with Western financial practices.",,,missing,no,,
BaPECurr,currency system,,,missing,no,,
BaPLCurr,Town prosperity is increased by 2{newline}Village hearth is increased by 2,,,missing,no,{newline},
BaPTZaib,Zaibatsu,,,missing,no,,
BaPDZaib,"Encourage the rise of powerful merchant families to organize and centralize industrial production, at the cost of diminishing local tax revenue.",,,missing,no,,
BaPEZaib,zaibatsu,,,missing,no,,
BaPLZaib,Workshop production is increased by 25%{newline}Tax income in settlements are reduced by 10%,,,missing,no,{newline},
BaPTPuEd,Gakusei,,,missing,no,,
BaPDPuEd,"Establish a nationwide school system to educate children of all classes in literacy, arithmetic, and civics. By fostering an informed and disciplined populace, the nation prepares future soldiers, administrators, and industrial workers.",,,missing,no,,
BaPEPuEd,public education,,,missing,no,,
BaPLPuEd,Settlement loyalty is increased by 0.5{newline}Clans lose 0.5 influence per day{newline}Settlement prosperity is increased by 1,,,missing,no,{newline} | {newline},
BaPTNaSp,National Spirit,,,missing,no,,
BaPDNaSp,"Promote a national ideology rooted in loyalty, discipline, and Bushidō. Through ceremonies, oaths, and state rhetoric, soldiers and citizens alike are bound to the cause of unifying and strengthening the nation.",,,missing,no,,
BaPENaSp,national spirit,,,missing,no,,
BaPLNaSp,The influence cost of creating an army is reduced by 10%{newline}Army cohesion deteriorates 20% slower{newline}Settlement security is increased by 0.5,,,missing,no,{newline} | {newline},
BaPTSwSc,Sword Schools,,,missing,no,,
BaPDSwSc,Reform and fund kenjutsu dojos to train young samurai in traditional swordsmanship. These schools preserve martial heritage while preparing warriors for the shifting nature of modern warfare.,,,missing,no,,
BaPESwSc,sword schools,,,missing,no,,
BaPLSwSc,Traditional troop recruitment rate increases by 10%,,,missing,no,,
BaPTTrWa,Traditional Wars,,,missing,no,,
BaPDTrWa,"No matter how much we adopt modern technology, war must not change. We are samurai, and we shall fight like it.",,,missing,no,,
BaPETrWa,traditional war,,,missing,no,,
BaPLTrWa,Traditional troop recruitment rate increases by 30%,,,missing,no,,
BaPTOfAc,Officer Academies,,,missing,no,,
BaPDOfAc,"Establish modern officer academies to educate young samurai in Western military tactics, strategy, and leadership. These institutions lay the foundation for a professionalized command structure.",,,missing,no,,
BaPEOfAc,officer academies,,,missing,no,,
BaPLOfAc,Modern troop recruitment rate increases by 10%,,,missing,no,,
BaPTRail,Establish Railroad Network,,,missing,no,,
BaPDRail,TODO,,,missing,no,,
BaPERail,railroads,,,missing,no,,
BaPLRail,TODO,,,missing,no,,
BaPTImAl,Revere the Emperor,,,missing,no,,
BaPDImAl,"Elevate the Emperor as a living symbol of divine unity. Troops fight not for domain or province, but for the restoration of Imperial rule.",,,missing,no,,
BaPEImAl,serving the emperor,,,missing,no,,
BaPLImAl,Allows recruitment of Imperial Army soldiers,,,missing,no,,
BaPTShAl,Serve the Shogun,,,missing,no,,
BaPDShAl,"Reaffirm loyalty to the Tokugawa Shogunate. Troops and administrators act in service to the established bakufu, preserving order and tradition.",,,missing,no,,
BaPEShAl,serving the shogun,,,missing,no,,
BaPLShAl,Allows recruitment of Shogunate soldiers,,,missing,no,,
Bwlu7YVv,Kenjutsu,,,missing,no,,
5wsW9s9w,Battojutsu,,,missing,no,,
xMXxXOWn,Sojutsu,,,missing,no,,
18ybQYwG,Bojutsu,,,missing,no,,
hrGOqdkO,Naginatajutsu,,,missing,no,,
0XyBvbgJ,Jojutsu,,,missing,no,,
9A8GAr1u,Kyujutsu,,,missing,no,,
YYxcIhgg,Hojutsu,,,missing,no,,
PTIkb3DN,Kasagake,,,missing,no,,
JtuBJ7vT,Bajutsu,,,missing,no,,
5fbPC9f9,{CURRENT_RYUHA} Master,,,missing,no,{CURRENT_RYUHA},
PNdRrX3M,Dojo Shihan,,,missing,no,,
psszxhHA,Dojo:,,,missing,no,,
izlkGdyN,School:,,,missing,no,,
PaqnsR39,Achievements: ,,,missing,no,,
AUadhzCx,Rank: ,,,missing,no,,
7RN91ZBe,Scrolls: ,,,missing,no,,
sSi5NMFs,You are looking among the various dojos of {CURRENT_SETTLEMENT},,,missing,no,{CURRENT_SETTLEMENT},
UPcWJB5H,"You approach {CURRENT_SETTLEMENT}, a school of the {SCHOOL_TEXT}. {PROSPERITY_STATEMENT}",,,missing,no,{CURRENT_SETTLEMENT} | {SCHOOL_TEXT} | {PROSPERITY_STATEMENT},
Lxc2hdfU,"The dojo appears to be half-abandoned and scarcely visited by local inhabitants, showing how unknown the martial school is.",,,missing,no,,
eDJCjpfF,"The dojo appears to be well-maintained and attracting a modest number of students from the province, showing that the school is averagely well known.",,,missing,no,,
Q9RbQzD9,"The dojo appears to be richly decorated and crowded with students from across the region, demonstrating the fame of this martial school.",,,missing,no,,
25jfMWVQ,None,,,missing,no,,
xzOSwEgp,Keppan,,,missing,no,,
B9L5IgZ0,Mokuroku,,,missing,no,,
dBf2v3x1,Menkyo,,,missing,no,,
c5bTIlzQ,Menkyo Kaiden,,,missing,no,,
xbQk5sCF,Soke,,,missing,no,,
vQALmjEM,"You have conducted yourself with diligence in today's sparring, {PLAYER.LINK}. While errors were present, your attentiveness to form is commendable. Continue to refine your technique.",,,missing,no,{PLAYER.LINK},
DVNtArBS,"Your performance against {OPPONENT_COUNT} of your fellow students demonstrates growing competence. Remember, mastery is achieved through repetition and mindful correction of one's mistakes.",,,missing,no,{OPPONENT_COUNT},
hK5PFhNu,"You displayed considerable skill and discipline in today's exercises. There remain lapses in timing and precision, but your effort against {OPPONENT_COUNT} peers is noted and serves as a foundation for further improvement.",,,missing,no,{OPPONENT_COUNT},
bZO4pIhj,"Well done, {PLAYER.LINK}. Your engagements with {OPPONENT_COUNT} students were executed with composure and intent. Maintain this focus, and your proficiency will continue to advance.",,,missing,no,{PLAYER.LINK} | {OPPONENT_COUNT},
s1VKnfuj,Your discipline in sparring with {OPPONENT_COUNT} peers is evident. Each encounter should be regarded as a lesson. Take these observations to heart and let them guide your continued training.,,,missing,no,{OPPONENT_COUNT},
0wiYRdYM,"A notable display of technique, {PLAYER.LINK}. You faced {OPPONENT_COUNT} fellow students with control and determination. Persist in attentive practice, and your abilities will be solidified.",,,missing,no,{PLAYER.LINK} | {OPPONENT_COUNT},
fkM6Q6QV,"Congratulations, {PLAYER.LINK}. You have concluded today's series of exercises with distinction. Consistency, focus, and diligence are the hallmarks of a competent martial artist; continue to embody them.",,,missing,no,{PLAYER.LINK},
43b09aiy,"Your technique is sound and your control commendable. Continue in this manner, and you will surpass even your current abilities.",,,missing,no,,
JDLHLW4z,"You showed courage, yet your form faltered in key moments. Take this to heart, and refine your movements in preparation for the next encounter.",,,missing,no,,
sP43W5iP,"You have bested my student, {PLAYER.LINK}. Take your victory, but know that this dojo will not yield so easily next time.",,,missing,no,{PLAYER.LINK},
OfvZBKj6,"As expected, my student prevails. This dojo's training endures and proves its strength.",,,missing,no,,
CPHIlmTG,"You have defeated our representative, {PLAYER.LINK}. While your skill is clear, this dojo's honor remains intact, and we shall prepare anew.",,,missing,no,{PLAYER.LINK},
HuQCw2xA,Our student has claimed victory. This outcome reaffirms the superiority of our training and the rigor of our discipline.,,,missing,no,,
pc3lmTFV,"The duel is lost. You have prevailed, {PLAYER.LINK}. Depart now, that I may properly attend to the consequences of this contest and honor those who have fallen.",,,missing,no,{PLAYER.LINK},
ewuVlKhm,"You have been defeated in this deadly contest, {PLAYER.LINK}. Your skill was noted, yet the outcome is clear. Your life shall be spared, but consider this a grave lesson.",,,missing,no,{PLAYER.LINK},
BHmyQ4x3,"It is as it must be. This dojo has been vanquished, {PLAYER.LINK}. Our signboard shall be removed, and my students must follow where honor now permits. You have claimed what was once ours.",,,missing,no,{PLAYER.LINK},
fOX9DG6S,"The challenge has been met and repelled. This dojo stands, our honor intact, and my students remain under my guidance. Remember this lesson, {PLAYER.LINK}.",,,missing,no,{PLAYER.LINK},
gyqgse3m,You have won {AMOUNT} renown for {SCHOOL_NAME},,,missing,no,{AMOUNT} | {SCHOOL_NAME},
vNlEozjp,{SCHOOL_NAME} has gained {AMOUNT} renown,,,missing,no,{SCHOOL_NAME} | {AMOUNT},
Xgkay8ZZ,You have lose {AMOUNT} renown for {SCHOOL_NAME_2},,,missing,no,{AMOUNT} | {SCHOOL_NAME_2},
AHy8Jymb,{SCHOOL_NAME_2} has lost {AMOUNT} renown,,,missing,no,{SCHOOL_NAME_2} | {AMOUNT},
9tIiOAnC,Upgrade to {UPGRADE_TARGET}{newline}Requires: {REQUIRED_ALIGNMENT}-Aligned (You are {PARTY_ALIGNMENT}),,,missing,no,{UPGRADE_TARGET} | {newline} | {REQUIRED_ALIGNMENT} | {PARTY_ALIGNMENT},
LS8v6nSG,Upgrade to {UPGRADE_TARGET}{NEEDS_REFORM}{NEEDS_POLICY},,,missing,no,{UPGRADE_TARGET} | {NEEDS_REFORM} | {NEEDS_POLICY},
Iujoylyl,Upgrade to {UPGRADE_TARGET}{newline}You have too many artillerists,,,missing,no,{UPGRADE_TARGET} | {newline},
BaTratLT,Loyalty,,,missing,no,,
BaTrtLoA,Sabaku-ha,,,missing,no,,
BaTrtLoB,Hōkoku,,,missing,no,,
BaTrtLoC,Sonnō,,,missing,no,,
BaTrtLoD,Kinnō-Tobaku,,,missing,no,,
BaTratRT,Reformer,,,missing,no,,
BaTrtReA,Kōbudō,,,missing,no,,
BaTrtReB,Kōshū,,,missing,no,,
BaTrtReC,Kairyō,,,missing,no,,
BaTrtReD,Kyōhei,,,missing,no,,
BaTratCT,Foreign Influence,,,missing,no,,
BaTrtFIA,Sakoku,,,missing,no,,
BaTrtFIB,Jōi,,,missing,no,,
BaTrtFIC,Fukoku,,,missing,no,,
BaTrtFID,Bunmei-kaika,,,missing,no,,
NaMPa4ML,Loyalty,,,missing,no,,
hR6Zo6pD,Reformer,,,missing,no,,
HMFb1gaq,Foreign Influence,,,missing,no,,
aWns3XLH,Artillery,,,missing,no,,
Bu3WNzRR,Region,,,missing,no,,
Bu3WNzr5,Kansai,,,missing,no,,
a0iCUC9O,Tōhoku,,,missing,no,,
VBYqEwdI,Shikoku,,,missing,no,,
NsGC9toI,Kyūshū,,,missing,no,,
Q1EKFvj8,Chūgoku,,,missing,no,,
NUjXCfvp,Kantō,,,missing,no,,
jqNGNZAe,Tōkai,,,missing,no,,
FKP2xyMw,Tōsan,,,missing,no,,
Xg8SifD3,Hokuriku,,,missing,no,,
Ar3WNzr5,Ezo,,,missing,no,,
vB9pXLex,The Court of the Emperor,,,missing,no,,
Oh0CFqmN,The Old North,,,missing,no,,
mM79y0Qn,The Broker of Power,,,missing,no,,
wW2JWSdn,The Forge of Reform,,,missing,no,,
o4N0AKUh,The Hotbed of Revolt,,,missing,no,,
BmwNr0qQ,The Seat of the Shogun,,,missing,no,,
1m6uURng,The Great Road,,,missing,no,,
IKWrry8v,The Spine of the Shogunate,,,missing,no,,
4YaXI0sl,The Loyal Coast,,,missing,no,,
4aYXI0sl,The Farflung Colony,,,missing,no,,
F8ARrN5C,REGION DESC,,,missing,no,,
8FARrN5C,"Kansai is the centermost region of Japan, and the origin of most strife in the Bakumatsu. Here sonno-joi radicals and shogunate loyalists clash in the streets of Kyoto and in the court of the Emperor. From here arose Tokugawa Iemochi, the current Shogun, and Ii Naosuke, the Tairo who dominated the Bakufu throughout the period until his assassination in 1860. The domains of Kansai were once some of the strongest for the Shogun, but many are being pushed away by their political rivals, forcing them into joining the Imperial cause.",,,missing,no,,
37mpLUZE,"Tōhoku, the northernmost region of Honshū, was the home of the last holdouts of the Shogunate cause in the Boshin war. The domains here are some of the oldest and most entrenched in Japan, with clans such as the Date of Sendai, the Nanbu of Morioka, and the Tsugaru of Hirosaki having ruled in the same region for centuries. Tōhoku, due to its isolation, is also fairly conservative. Few domains have truly begun reforming, leaving them far behind the rapidly modernizing domains of the southwest.",,,missing,no,,
Vybsd8CE,"Shikoku maintains a more cautious stance than the rest of Japan. With very few large domains, the island is almost entirely dominated by the Yamauchi of Tosa and the Hachisuka of Tokushima, as well as the Date of Uwajima, a cousin of the larger main house in Sendai. Even so, these few domains are tiny compared to some of the mighty domains in the rest of Japan. The samurai of Shikoku have flocked to the sonno-joi cause en masse, much to the dismay of the more pro-Shogunate daimyo of their domains, and internal conflicts have begun to tear them apart.",,,missing,no,,
nIcaL3N3,"Kyūshū is the core of Japan's reform in the Bakumatsu. Due to its isolation at the southwest of Japan, the island remained largely untouched by the Tokugawa when they founded the Bakufu, leaving the island largely under the control of powerful tozama daimyo, like the Shimazu of Satsuma, the Nabeshima of Saga, and the Hosokawa of Kumamoto. As the Shogun's authority continues to wane, the daimyo of Kyūshū have seen their chance, rapidly rearming with modern weapons in the hopes of becoming the dominant power in this new era.",,,missing,no,,
Tv1hioxg,"Chūgoku, stretching across western Honshū, has become one of the most unstable regions of Japan in the Bakumatsu. Once a stronghold of loyalist domains guarding the western approaches to the capital, the region is now defined by upheaval and rebellion, chiefly in Chōshū, whose radical samurai and reformist leadership openly defy the Bakufu, clashing repeatedly with shogunate forces and other loyal domains. Neighboring territories such as Hiroshima and Okayama have been drawn into the turmoil, and Chūgoku is becoming the spark that will light the fire of war.",,,missing,no,,
3i4huJOq,"Kantō is the heart of the Shogunate. Within it is Edo, the capital of the Bakufu, and in which all daimyo were required to live in off years until 1862. Despite that, the region is not as stable as the Shogun wishes it to be. The samurai of Mito, ruled by one of the chief branches of the Tokugawa, are fierce advocates of expelling the foreign barbarians, a stance that the Shogunate is unable to take, leading to constant agitation and the ongoing Mito rebellion. Even so, the region remains loyal to the Tokugawa, with even the Mito samurai wishing to reform, rather than overthrow the Shogunate.",,,missing,no,,
lrQiE8yv,"Tōkai, stretching along the southern coast, is the home of the Tōkaidō, the most important of the Five Routes that link Edo to the rest of central Honshū. The Tōkaidō specifically links Edo and Kyoto, and is vital for maintaining the Shogun's control of the Imperial Court. Tōkai is almost entirely Tenryō land, alongside a handful of smaller Fudai domains, with the sole large domain being the Tokugawa branch in Owari. These domains largely remain loyal to the Shogun, but will be some of the first to roll over against the Imperial forces when they marched to Edo.",,,missing,no,,
rNXMKhtE,"Tōsan, the mountainous heart of central Japan, is highly conservative. Made up almost entirely of Tenryō land and a handful of Fudai daimyo, Tōsan has no great lords of their own, leading to their growing irrelavance in this period, as the powerful daimyo in the fringes of Japan increasingly dominate politics. Even so, Tōsan is vital to the Shogunate's continued dominance, providing a great deal of their manpower and influence.",,,missing,no,,
zMOC9gh6,"Ezo (modern Hokkaidō), home to the Ainu, remained a remote frontier. In the late Bakumatsu, the Matsumae Domain managed small garrisons and fortified trading posts to assert shogunate influence, while Ainu communities maintained autonomous governance. The region was a delicate frontier where indigenous autonomy, limited shogunate oversight, and foreign concerns, particularly Russian encroachment, intersected.",,,missing,no,,
KGDDUJjU,Settlements with this culture gain loyalty faster.,,,missing,no,,
lSytNxZV,Loyal samurai culture effect,,,missing,no,,
BkbLaOcc,Daily wages of troops in the party are decreased by 5%.,,,missing,no,,
Kr77jBts,Recruiting lords to armies costs 30% less influence.,,,missing,no,,
TsduigLB,Armies lose 20% more daily cohesion.,,,missing,no,,
cQZMNw3q,20% less relationship loss from kingdom decisions.,,,missing,no,,
dZpw8M8P,Recruiting and upgrading traditional troops are 10% cheaper.,,,missing,no,,
2Oi84ecA,Recruiting and upgrading firearm troops are 10% more expensive.,,,missing,no,,
eHP0XVYF,100% more relationship gain from kingdom decisions.,,,missing,no,,
REFZixVt,Settlements with the same culture gain security 25% faster.,,,missing,no,,
LhrnDIgt,Same culture security effect,,,missing,no,,
xIYdjP0P,Chance to recruit various Shotai units from towns and villages,,,missing,no,,
zye2jYMQ,the Tozama,,,missing,no,,
u7PBQjoy,Tozama,,,missing,no,,
Ol9J0wU3,"The Tozama are 'outside' lords who, although they submit to the Tokugawa after the decisive battles that establish shogunal supremacy, maintain control over large, semi-autonomous domains and wield considerable local power, wealth, and military strength, yet their political influence within the inner councils of the shogunate remains limited, forcing them to act cautiously and independently in matters of national importance. Their position allows them to preserve strong local authority and maintain sizable, loyal armies, making them capable of both defending their interests and exerting pressure when opportunities arise, but always under the shadow of Tokugawa oversight and exclusion from key decision-making.",,,missing,no,,
o7hk291y,the Fudai,,,missing,no,,
VKXYcAgo,Fudai,,,missing,no,,
kraPcdwy,"The Fudai are hereditary vassals of the Tokugawa who enjoy long-standing trust and occupy critical administrative and military roles within the shogunate, overseeing strategically located domains that, while often smaller in size, provide essential political and military leverage to maintain the Tokugawa order; their loyalty is relied upon to enforce shogunal policies and manage affairs across the country, giving them consistent access to influence and power, yet they remain tightly constrained by the carefully maintained balance of authority that the shogunate imposes to prevent any one ally from becoming too dominant.",,,missing,no,,
TonPcdwy,"Tosa dominates southern Shikoku, a land of steep mountains and sheltered valleys that have allowed the Yamauchi clan to cultivate a tradition of independence. The domain produces politically active samurai and reformist thinkers, who travel to Kyoto and Edo to debate modernization and imperial loyalty. Rivers carry lumber and silk to coastal ports, linking the inland valleys to trade networks. When disputes flare between coastal and inland powers, Tosa's samurai are quick to act, using both diplomacy and force to advance the clan's interests.",,,missing,no,,
DEmMv6H8,Tosa,,,missing,no,,
tRwThwR8,Daimyo,,,missing,no,,
n6nnkLxo,Daimyo {RULER.NAME},,,missing,no,{RULER.NAME},
UdiPb3xt,Lord {RULER.NAME},,,missing,no,{RULER.NAME},
KznUzEjM,the Morioka,,,missing,no,,
3Wf8Wium,Morioka,,,missing,no,,
A8YrI6XH,a lord,,,missing,no,,
kc0qT7Mo,"Spread across river valleys and rugged hills, Morioka has been the seat of the Nanbu clan for centuries. The domain's winters are harsh, but its villages and fortified towns reflect careful planning and resilience. Morioka's samurai maintain long-standing martial traditions, while the local economy depends on a mix of agriculture and horse breeding. Centuries of governance have forged a community where survival and endurance shape both politics and everyday life.",,,missing,no,,
3Wf8WiuC,Morioka,,,missing,no,,
u7lr2CeS,Magokichi,,,missing,no,,
19Iasms7,Ashi,,,missing,no,,
KzNUzEjM,the Hirosaki,,,missing,no,,
3Wf8WIUm,Hirosaki,,,missing,no,,
HurqT7Hi,"Hirosaki, perched near the northern tip of Honshu, is defined as much by its rivalry with Morioka as by its own lands. The Tsugaru clan governs fertile plains crossed by rivers, supporting villages and castle towns that thrive despite the harsh climate. Its samurai are fewer than Morioka's but disciplined, and the domain often shifts alliances to avoid being dominated by neighbors. Festivals, shrines, and the rhythms of local life give Hirosaki a cultural identity distinct from its northern rivals.",,,missing,no,,
KznUzEjA,the Akita,,,missing,no,,
3Wf8WiAm,Akita,,,missing,no,,
kc0qT7Ak,"Kubota stretches across the northern plains toward the Sea of Japan, where the Satake clan balances tradition with pragmatism. Its winters are bitter, but the land yields rice and supports horse breeding, sustaining both townspeople and samurai. The domain is famous for retaining the old ways: its warriors are said to be the last in Japan to fight fully armored. Though deeply conservative, Kubota leans toward the imperial cause, guided by practical concerns rather than ideology, blending old martial habits with careful political calculation.",,,missing,no,,
KShUzEjM,the Shonai,,,missing,no,,
3Wf8WShm,Shonai,,,missing,no,,
kc0qT7Sh,"Shonai occupies a long strip along the Sea of Japan, where fertile farmland and maritime trade enrich the Sakai clan. Unlike many northern neighbors, Shonai adapts quickly, modernizing weapons and training without abandoning its traditions. Its castle towns hum with commerce, and local craftsmanship flourishes alongside the growing military reforms. The domain's leaders remain deeply loyal to the shogunate, yet their readiness and organization make Shonai one of the most capable forces in the north.",,,missing,no,,
ShgIA2t0,Shonai,,,missing,no,,
KznUzSjM,the Sendai,,,missing,no,,
3Wf8WSen,Sendai,,,missing,no,,
SendT7ks,"Sprawling across southern Tōhoku, Sendai has been shaped over generations by the Date clan. Rivers, plains, and rolling hills support large towns and productive farms, while fortified castles reflect the clan's long martial history. Sendai's culture values practical governance and education, and samurai numbers are substantial. Politically, the domain remains loyal to the shogunate, but the leadership watches events in the southwest closely, balancing caution with preparation for change.",,,missing,no,,
SegIA2t0,Sendai,,,missing,no,,
KznUYojM,the Yonezawa,,,missing,no,,
3Wf8WYon,Yonezawa,,,missing,no,,
kc0qT7Yo,"Yonezawa is a smaller, mountainous domain under the Uesugi clan, with a history of careful stewardship after past losses. Its towns cling to hillsides and valleys, sustaining a tight-knit community of farmers and samurai. Local culture emphasizes tradition, efficiency, and scholarly pursuits, and the samurai are respected as much for their administrative skill as for martial ability. Politically, Yonezawa treads carefully, maintaining loyalty while watching the ambitions of larger neighbors.",,,missing,no,,
29h82Jh6,the Aizu,,,missing,no,,
MigIA2T0,Aizu,,,missing,no,,
kc0qT7Ai,"Nestled in the mountains of southern Tōhoku, Aizu has long been a fortress of the Tokugawa. Its river valleys support fertile rice fields, while dense forests provide timber and fuel for the region's castles and towns. Generations of Matsudaira rulers shaped the domain into a stronghold of martial tradition, where warriors trained from youth and the people prized honor and duty. Temples, local crafts, and educational institutions thrive alongside military life, giving Aizu a culture both disciplined and deeply rooted in centuries of history.",,,missing,no,,
MigAi2T0,Aizu,,,missing,no,,
LGjLJV7J,a lord,,,missing,no,,
k7visbOX,the Ozu,,,missing,no,,
OJR7iyKD,Ozu,,,missing,no,,
Ozu7C2Ky,"Ozu sits on the western coast of Shikoku, where rocky shores and sheltered bays shape both life and defense. The Katō clan governs a domain where fishing, salt production, and local trade sustain towns and samurai alike. Its castle overlooks the sea, a reminder of past conflicts and the domain's reliance on maritime knowledge. Ozu values prudence and order, blending coastal commerce with disciplined administration to maintain stability in a small but tightly organized domain.",,,missing,no,,
aVpIoaPz,Taro,,,missing,no,,
tFdd1GPj,Mitu,,,missing,no,,
M7visbnX,the Matsuyama,,,missing,no,,
MJR7iyKD,Matsuyama,,,missing,no,,
Da97CIwo,"Iwo-Matsuyama, ruled by the Matsudaira clan, occupies a coastal and mountainous region of Shikoku, where fertile river valleys meet rocky hills. Its towns are modest but well-organized, with local markets supporting both farmers and samurai households. The domain has a long history of managing these challenging lands, emphasizing careful administration and fortification rather than sheer military strength. While its samurai maintain traditional martial training, the domain also leans on commerce, fishing, and regional trade to sustain its people.",,,missing,no,,
U7visbnX,the Uwajima,,,missing,no,,
UwR7iyKD,Uwajima,,,missing,no,,
Da97CUwa,"Uwajima domain is led by a branch of the Date clan, located far from their homeland in Sendai. During the Bakumatsu period, their Daimyo, Date Munenari, was considered one of the Four Wise Lords of the Bakumatsu, alongside Yamauchi Toyoshige, Shimazu Nariakira, and Matsudaira Yoshinaga. During the Bakumatsu, they remained neutral, acting as a go between between the two sides, a stance which ultimately left them less relevant in the Meiji era.",,,missing,no,,
TovisbnX,the Tokushima,,,missing,no,,
ToR7iyKD,Tokushima,,,missing,no,,
Da97CTok,"Tokushima Domain, despite their strong connections to the Shogunate, remained neutral during the Bakumatsu. Instead of supporting the Shogun or Emperor, they advocated for the kōbu gattai movement, which proposed the unification of the Imperial court and Shogunate against the western powers. Even so, many Tokushima samurai were rather radically pro-Imperial.",,,missing,no,,
4xetxME5,Kyoto,,,missing,no,,
c1iM3mw8,"The capital in name of Japan, Kyoto is the seat of the Emperor. Once the power center of Japan, its decline during the late Sengoku period and throughout the Edo period have left the city a shell of its former self. However, the turmoil of the Bakumatsu has brought the city back to relevance, as Daimyo clash in the halls of government and samurai and ronin clash in the streets of the city.",,,missing,no,,
xWdiU0s3,Jiro,,,missing,no,,
5n2wTzWg,Naka,,,missing,no,,
HikisbnX,the Hikone,,,missing,no,,
HiR7iyKD,Hikone,,,missing,no,,
2FMOGwHi,"Hikone sits along the shores of Lake Biwa, dominated by its sprawling castle and the Ii clan, whose samurai are famous for their bright red armor and fierce discipline. The Ii have long been loyal to the Tokugawa, serving as both military leaders and administrators of the shogunate. The assassination of Ii Naosuke sent shockwaves through the domain, and his retainers seethe with outrage against the Sonno-joi movement.",,,missing,no,,
KuwisbnX,the Kuwana,,,missing,no,,
KuR7iyKD,Kuwana,,,missing,no,,
2FMOGwKu,"Ruled by the Hisamatsu Matsudaira, the Kuwana domain is fiercely loyal to the Shogunate, with members of the domain fighting through the end of the war in the North and in Ezo. During the war, their soldiers will be some of the best trained and drilled among all the Shogunate troops.",,,missing,no,,
KiiisbnX,the Kishu,,,missing,no,,
Kii7iyKD,Kishu,,,missing,no,,
2FMOGKis,"Kishu, alternatively named Kii or Wakayama, is a powerful shinpan domain and the fifth richest domain in Japan. It is ruled by one of the three Gosanke houses, descendants of Tokugawa Ieyasu who exist as backups in case the main Tokugawa line ever falters. Despite providing the current Shogun, Iemochi, Kishu domain will go on to surrender to and join the Imperial side",,,missing,no,,
TsuisbnX,the Tsu,,,missing,no,,
Tsu7iyKD,Tsu,,,missing,no,,
2FMOGTsu,"Rising out of humble roots, Tsu domain was founded by Todo Takatora, a low ranking ashigaru who later became a daimyo under Toyotomi Hideyoshi and Oda Nobunaga. Due to their loyalty to the Shogunate, samurai in the Edo period often state that 'If the battle occurs, the vanguard is the Hikone's Ii clan and the Todo clan of Ise.'",,,missing,no,,
FuKisbnX,the Fukui,,,missing,no,,
FuK7iyKD,Fukui,,,missing,no,,
vNsphaFu,"The location of the main branch of the Yuki Matsudaira, Fukui-han is a wealthy modernized domain. In the 1850s, they instituted one of the first vaccination programs in Japan, and they've modernized their military, phasing out their archery corps in favor of riflemen. Their lord had an eye for talent, with statesmen like Yokoi Shōnan, Hashimoto Sanai and Yuri Kimimasa rising out of Fukui.",,,missing,no,,
T84XD6Di,Saburo,,,missing,no,,
za5d9NWg,Tosi,,,missing,no,,
NaGisbnX,the Nagaoka,,,missing,no,,
NaG7iyKD,Nagaoka,,,missing,no,,
vNsphNga,"Nagaoka is far more modernized than most Shogunate domains, reforming under the leadership of Kawai Tsugunosuke. Nagaoka is the rare exception to the northern refusal to modernize, being one of the few domains in Hokuriku and Tohoku to fully modernize, at one point owning 2/3 of the Gatling Guns in Japan.",,,missing,no,,
KAGisbnX,the Kaga,,,missing,no,,
KAG7iyKD,Kaga,,,missing,no,,
vNsphKag,"Kaga Domain stretches across Hokuriku, a land of fertile plains, bustling towns, and the glittering rivers that feed into the Sea of Japan. The Maeda clan has ruled for generations, amassing wealth that rivals even the shogunate in scale, and even their lesser retainers are as wealthy as Daimyo. However, Kaga is also deeply unwilling to reform, for fear of being targetted by the Shogunate.",,,missing,no,,
ObaisbnX,the Obama,,,missing,no,,
Oba7iyKD,Obama,,,missing,no,,
vNsphOba,"Obama Domain hugs the northern coast of Wakasa Bay, where the town's harbor has long connected the mountains to the sea. The Sakai clan rules here with a careful hand, balancing the needs of merchants, fishermen, and samurai. The domain is known for its skilled boatmen and fortified castle that watches over both river traffic and coastal approaches.",,,missing,no,,
JoziabnX,the Jozai,,,missing,no,,
K6sg7Joz,Jozai,,,missing,no,,
y6BfVJoz,"A fairly new and small domain, Jozai is highly loyal to the Shogunate. They would fight throughout the entire war, only surrendering upon hearing that the Shogun would keep a fief after the war. Jozai was one of only two domains to be stripped of their holdings during the Boshin war.",,,missing,no,,
greVHxgb,Genzaemon,,,missing,no,,
ltuJdbxe,Kiso,,,missing,no,,
OwaiabnX,the Owari,,,missing,no,,
K6sg7Owa,Owari,,,missing,no,,
y6BfVOwa,"Owari is ruled by the seniormost of the Gosanke of the Tokugawa. Owari-han is a powerful and wealthy domain, behind only the Kaga, Satsuma, and Sendai domains, and the most powerful of the Tokugawa houses besides the Shogunate itself. Despite their family ties, however, Owari would go on to support the Imperial forces during the Boshin War.",,,missing,no,,
MitoabnX,the Mito,,,missing,no,,
K6sg7Mit,Mito,,,missing,no,,
y6BfVMit,"Despite being ruled by one of the Gosanke of the Tokugawa, Mito Domain is a hotbed of Sonno-joi and anti-Shogunate sentiment in the Bakumatsu. Throughout this period, agitators from Mito constantly undermine the Shogunate and push other domains to adopt the ideology. While not as influential as Satsuma and Choshu would come to be, it cannot be denied that Mito was one of the cores of the Sonno-joi.",,,missing,no,,
tRwThwSh,Daimyo,,,missing,no,,
n6nnkLxS,Shogun {RULER.NAME},,,missing,no,{RULER.NAME},
UdiPb3Da,Daimyo {RULER.NAME},,,missing,no,{RULER.NAME},
TenrabnX,the Tenryo,,,missing,no,,
K6sg7Ten,Tenryo,,,missing,no,,
K6sg7Tok,Tokugawa,,,missing,no,,
y6BfVTen,"The Tokugawa may be the Shoguns, but they are also daimyo. At its core, the Bakufu is simply a domain so powerful that all others must bow to it. This power is maintained via Tenryo, land directly under the control of the Tokugawa. Containing some of the wealthiest cities and areas of Japan, most of Tokai, Tosan, and Kanto was Tenryo, as was significant chunks of Kyushu, Chugoku, and Kansai.",,,missing,no,,
8zD7DOe1,Yosuke,,,missing,no,,
evkgbLwl,Kosi,,,missing,no,,
HILwjvTW,Edo,,,missing,no,,
y6BfVEdo,"No city in Japan is greater than Edo, the seat of the Shogunate. From here reign the Tokugawa shoguns, and it is here that over one million people live in the peace that is the Edo period. The center of Japan in many ways, Edo is the center of culture, administration, the economy, and the military. The influence it had upon Japan in this period cannot be overstated, and it is here that the deals and alliances that led to the fall of the Bakufu were formed.",,,missing,no,,
n6nnkLxD,Daimyo {RULER.NAME},,,missing,no,{RULER.NAME},
UdiPb3Lo,Lord {RULER.NAME},,,missing,no,{RULER.NAME},
9TCedFd1,the Choshu,,,missing,no,,
LiAaSgTz,Choshu,,,missing,no,,
OOBz6Cho,"Chōshū occupies the western tip of Honshu, with rugged mountains and jagged coasts that have long shaped the character of its people. The Mōri clan has ruled here for generations, cultivating a culture of fierce independence and hatred of the Shogunate. Samurai from Chōshū are known for their sharp swords, quick thinking, and readiness to defy authority when necessary. In recent years, Choshu has emerged as a hotbed of political action, containing many of the most radical ishin shishi in Japan.",,,missing,no,,
qi7Awili,Ichiro,,,missing,no,,
4DPIxoKe,Hisi,,,missing,no,,
9TCedFHi,the Hiroshima,,,missing,no,,
HiAaSgTz,Hiroshima,,,missing,no,,
OOBz6Hir,"Hiroshima Domain sprawls across the fertile delta of the Ota River, with the castle town at its center serving as both administrative hub and cultural heart. The Asano clan has ruled here for generations, known for disciplined samurai and a stable, well-organized administration. The domain has long fostered artisans, merchants, and schools, giving it a reputation for both martial and cultural refinement. Politically, Hiroshima maintains a careful balance: its samurai enforce order and support the shogunate when called upon, but the radicals of Choshu force them further towards the sonno-joi side.",,,missing,no,,
9TCedFTo,the Tottori,,,missing,no,,
ToAaSgTz,Tottori,,,missing,no,,
Totz6uxY,"Tottori-han, ruled by the Ikeda, has long been close with the Shogunate. Their daimyo are allowed to use the Matsudaira name and crest, they have the right to carry their swords into Edo castle, and their daimyo is the half brother of the man who will one day become the last shogun, Tokugawa Yoshinobu. However, they also have many proponents of the Imperial cause within, and just the year ago a pro-Imperial samurai assassinated a pro-Shogunate official within their domain.",,,missing,no,,
9TCedFOk,the Okayama,,,missing,no,,
OkaySgTz,Okayama,,,missing,no,,
OOBz6uOk,"One of the few Tozama daimyo to serve under the Shogunate, the Ikeda of Okayama domain are relatively sonno-joi, but still support the Shogunate. During the Boshin War, seeing the threat, the daimyo adopted a more pro-imperial successor and retired, so as to allow the domain to take the winning side without violating his own beliefs. While the domain itself avoided joining the war, many units formed in the domain would go fight in the north.",,,missing,no,,
KuruabnX,the Kurume,,,missing,no,,
Kusg7Oum,Kurume,,,missing,no,,
BTSZWKur,"Kurume domain is a fierce battleground between Sonno-Joi and Shogunate supporters, both originating from the Tenpo School. Following the death of Arima Yorinaga in 1846, they split into the Gai-doshi, a radical sonno-joi traditionalist faction, and Nai-doshi, a reformer, pro-western, pro-shogunate factions. Currently, the Nai-doshi hold sway, but who knows if that will change.",,,missing,no,,
Xufzvdj8,Sukesaburo,,,missing,no,,
SQPfPWOw,Yuna,,,missing,no,,
KumuabnX,the Kumamoto,,,missing,no,,
KMsg7Oum,Kumamoto,,,missing,no,,
BTSZWKum,"One of the wealthiest domains in Japan, Kumamoto is ruled by the Hosokawa clan, one of the most powerful clans in Japan. They are more hesitant to join the Emperor than many of the more radical domains, but are still a powerful modern domain.",,,missing,no,,
HitoabnX,the Hitoyoshi,,,missing,no,,
Hiog7Oum,Hitoyoshi,,,missing,no,,
BTSZWHit,"Nestled in the valleys of southern Kyushu, Hitoyoshi is a small but proud domain, its hills and rivers shaping life as much as the Sagara clan that rules it. Their samurai, like so many others in the period, are deeply split between the Shogunate and Emperor, leading to their own internal clashes.",,,missing,no,,
FuKuabnX,the Fukuoka,,,missing,no,,
FMsg7Ouk,Fukuoka,,,missing,no,,
BTSZFuku,"Fukuoka is very prominently Sonno-joi, so much so that the Shogunate is considering arresting their daimyo on suspicion of rebellion. However, they are unwilling to actually dedicate their own troops to the cause, instead using forces they consider expendable, cobbled together from what the dregs of society to war against the Shogunate.",,,missing,no,,
KoKuabnX,the Kokura,,,missing,no,,
KMsg7Ook,Kokura,,,missing,no,,
BTSZWkKo,"Kokura is the rare Shogunate loyalist in the southwest, supporting the Shogun even despite being surrounded by larger, more pro-Imperial domains. This attitude remains ever despite losses against the sonno-joi forces, an almost admirable attitude if it didn't end up with a burning castle.",,,missing,no,,
SaguabnX,the Saga,,,missing,no,,
SMsg7Oag,Saga,,,missing,no,,
BTSZWSaga,"Saga is perhaps the most modern domain in Japan. The Nabeshima have invested in steam engines, steel refining, artillery, and modern firearms, alongside vaccination programs and significant domain reforms, modernizing even before the Black Ships arrived in 1853. There are few domains friendlier to the west than Saga.",,,missing,no,,
SaTuabnX,the Satsuma,,,missing,no,,
SMsg7Oat,Satsuma,,,missing,no,,
BTSZWSat,"Satsuma occupies a unique position in the late Bakumatsu. The Shimazu joined the shogunate under their own terms due to their distance from the rest of Japan and their military power, providing them with a semi-independent status. The domain is highly militarized, with more samurai than any other domain in Japan, and samurai renowned for their loyalty, identifying first as Satsuma men before anything else. They are also rapidly reforming, forming some of the most modern troops in Japan.",,,missing,no,,
Ahstr123,"Sir, I have been granted leave to attend within the castle. If you have business with me, I will answer as I am able.",,,missing,no,,
5btjxLtj,"I am honored to be received here. If you wish to examine arms or equipment, I am prepared to present them.",,,missing,no,,
QsddX3eh,"My lord, it is a rare honor to address you within these walls. I await your direction.",,,missing,no,,
Wtb31Hs3,"If it would not trouble you, might I look over the firearms and artillery you have for sale?",,,missing,no,,
mva5nyTl,I am reviewing available firearms and artillery. Show me what you can provide.,,,missing,no,,
8TuyK72M,Present the catalogue of firearms and artillery presently in your possession.,,,missing,no,,
OM89d4ck,"I was also hoping to see what uniforms or military dress you handle, if any.",,,missing,no,,
AuTzBWN7,I will examine your Western-style uniforms and military equipment.,,,missing,no,,
uPJkgdGD,Lay out the patterns and specifications of the uniforms you supply.,,,missing,no,,
ZFQR3SvO,I thank you. I will see that the matter is recorded and reported properly.,,,missing,no,,
Nx38bSD2,Your commission will be conveyed through the proper channels. You have my thanks.,,,missing,no,,
pqJd9JUm,I accept this commission with humility. I will ensure it is carried out with due care.,,,missing,no,,
xVLc7xwo,I will take my leave.,,,missing,no,,
ZKHy2fwB,Your clan is now at war with {QUEST_GIVER.LINK}'s realm. Your agreement with {QUEST_GIVER.LINK} was canceled.,,,missing,no,{QUEST_GIVER.LINK} | {QUEST_GIVER.LINK},
4ULpJzxb,Your actions have started a war with {QUEST_GIVER.LINK}'s faction. {?QUEST_GIVER.GENDER}She{?}He{\\?} cancels your agreement and the quest is a failure.,,,missing,no,{QUEST_GIVER.LINK} | {?QUEST_GIVER.GENDER} | {?} | {\\?},
JBODfHad,Lord Needs Modern Firearms,,,missing,no,,
8I7rnZgU,{QUEST_GIVER.LINK} asks you to provide them firearms for their military campaign.,,,missing,no,{QUEST_GIVER.LINK},
eFZZnz5R,"{QUEST_GIVER.LINK}, a retainer of the {QUEST_GIVER_FACTION} has told you that they need smoothbore Geweer for their upcoming military campaign. {?QUEST_GIVER.GENDER}She{?}He{\\?} wanted you to deliver {SMOOTHBORE_AMOUNT} Geweer guns and although it's not necessary, to provide {RIFLE_AMOUNT} Minieru rifles and {CARTRIDGE_AMOUNT} cartridge boxes. {?QUEST_GIVER.GENDER}she{?}he{\\?} would appreciate it.",,,missing,no,{QUEST_GIVER.LINK} | {QUEST_GIVER_FACTION} | {?QUEST_GIVER.GENDER} | {?} | {\\?} | {SMOOTHBORE_AMOUNT} | {RIFLE_AMOUNT} | {CARTRIDGE_AMOUNT} | {?QUEST_GIVER.GENDER} | {?} | {\\?},
w5ewvISR,You have successfully delivered the weapons as requested.,,,missing,no,,
u8acevoA,You have failed to deliver the weapons in time.,,,missing,no,,
HGgXm9vO,You have left {QUEST_GIVER_FACTION}. Your agreement with {QUEST_GIVER.LINK} is terminated.,,,missing,no,{QUEST_GIVER_FACTION} | {QUEST_GIVER.LINK},
bPu4G6n5,Collected Smoothbore Amount,,,missing,no,,
wpZCGO2b,Collected Minieru Amount (Optional),,,missing,no,,
B7DazJe3,Collected Cartridge Amount (Optional),,,missing,no,,
ZTxn6upe,You have collected all the weapons that the retainer requested. Return to their party and deliver the firearms,,,missing,no,,
sUgW9gby,You have collected enough smoothbores that the retainer requested. Return to their party and deliver the firearms,,,missing,no,,
hQjI73CI,"We are preparing for a major engagement, but my arsenal is dangerously lacking in modern firearms. Without rifles and ammunition, my troops will be hopelessly outmatched. I cannot spare any of my own captains for this task, so I need someone else to secure a sufficient supply and deliver it to me without delay. Can you do this?",,,missing,no,,
CAF3byiv,Of course I can supply you with weapons. What do you need?,,,missing,no,,
KrY6pO4T,"We need {SMOOTHBORE_AMOUNT} Geweer muskets to meet our basic needs. And if you can find {RIFLE_AMOUNT} Minieru or Geberu and {CARTRIDGE_AMOUNT} of ammunition, that would be a great favor. Better weapons are a great advantage.",,,missing,no,{SMOOTHBORE_AMOUNT} | {RIFLE_AMOUNT} | {CARTRIDGE_AMOUNT},
J1fGA6AF,"I'll deliver {SMOOTHBORE_AMOUNT} Geweer muskets as soon as possible {?QUEST_GIVER.GENDER}lady{?}sir{\\?}, and try to find some Minieru and cartridges as you requested.",,,missing,no,{SMOOTHBORE_AMOUNT} | {?QUEST_GIVER.GENDER} | {?} | {\\?},
G1KdJiXD,"Very well. Don't worry, all your expenses will be covered.",,,missing,no,,
8ixXU8Nr,Have you brought our firearms?,,,missing,no,,
0EszIjuf,"Yes commander, I have brought your Geweer, Minieru, and cartridges as you requested.",,,missing,no,,
V5udi1Xh,"Yes commander, I have brought your Geweer and Minieru as you requested.",,,missing,no,,
OD88mtYy,"Yes commander, I have brought your Geweer and cartridges as you requested.",,,missing,no,,
JGgYyIoJ,"Yes commander, I have brought your Geweer as you requested.",,,missing,no,,
XKd7mvR2,Not yet commander. I'm still working on it.,,,missing,no,,
tPprUTs1,"Splendid. I will never forget your service, my friend.",,,missing,no,,
MZtHSWQD,Thank you. Your service will be remembered.,,,missing,no,,
HVb55Sz8,Good. We need them as soon as possible.,,,missing,no,,
wK5gBuZh,Merchants can't sell foreign firearms in {ISSUE_GIVER_SETTLEMENT},,,missing,no,{ISSUE_GIVER_SETTLEMENT},
CqaJXXVp,Merchant can't sell foreign guns,,,missing,no,,
ia427Wig,The laws of {ISSUE_GIVER_SETTLEMENT} dictate that only Japanese-made firearms may be bought or sold by in town. Now the merchants wish to smuggle the guns out to sell in other towns.,,,missing,no,{ISSUE_GIVER_SETTLEMENT},
7QnWKCcZ,The smiths are watching the merchants fiercely. I bet {QUEST_GIVER.NAME} is planning a way to sell off their foreign stock right now.,,,missing,no,{QUEST_GIVER.NAME},
zZlOr4dD,{ISSUE_GIVER.LINK} a merchant from {ISSUE_GIVER_SETTLEMENT} has complained to you about not being able to sell foreign made firearms in the town. {?ISSUE_GIVER.GENDER}She{?}He{\\?} will pay {REWARD}{GOLD_ICON} for you to take the guns to another town. You have tasked {COMPANION.LINK} and {ALTERNATIVE_SOLUTION_TROOP_COUNT} men to smuggle {?ISSUE_GIVER.GENDER}her{?}his{\\?} goods to a “friend” in {TARGET_TOWN}. They will return to you in {RETURN_DAYS} days with a sizable sum of {REWARD}{GOLD_ICON}.,,,missing,no,{ISSUE_GIVER.LINK} | {ISSUE_GIVER_SETTLEMENT} | {?ISSUE_GIVER.GENDER} | {?} | {\\?} | {REWARD} | {GOLD_ICON} | {COMPANION.LINK} | {ALTERNATIVE_SOLUTION_TROOP_COUNT} | {?ISSUE_GIVER.GENDER} | {?} | {\\?} | {TARGET_TOWN} | {RETURN_DAYS} | {REWARD} | {GOLD_ICON},
y6l0Z6qH,{QUEST_GIVER.LINK} a merchant from {QUEST_GIVER_SETTLEMENT} has complained to you about not being able to sell their stock of foreign guns because of the unfair local laws. {?QUEST_GIVER.GENDER}She{?}He{\\?} will pay {REWARD_AMOUNT}{GOLD_ICON} for you to take the guns to another town. You agreed to take {?QUEST_GIVER.GENDER}her{?}his{\\?} guns to {TARGET_HERO.LINK} in {TARGET_SETTLEMENT}.,,,missing,no,{QUEST_GIVER.LINK} | {QUEST_GIVER_SETTLEMENT} | {?QUEST_GIVER.GENDER} | {?} | {\\?} | {REWARD_AMOUNT} | {GOLD_ICON} | {?QUEST_GIVER.GENDER} | {?} | {\\?} | {TARGET_HERO.LINK} | {TARGET_SETTLEMENT},
84ZkcDua,Delivered {RIFLE},,,missing,no,{RIFLE},
g7jLAowc,{QUEST_GIVER.LINK} sends {?QUEST_GIVER.GENDER}her{?}his{\\?} regards for a fine job done with the {REWARD}{GOLD_ICON} {?QUEST_GIVER.GENDER}she{?}he{\\?} promised.,,,missing,no,{QUEST_GIVER.LINK} | {?QUEST_GIVER.GENDER} | {?} | {\\?} | {REWARD} | {GOLD_ICON} | {?QUEST_GIVER.GENDER} | {?} | {\\?},
h3Peswv5,You have failed to deliver {REQUESTED_AMOUNT} {.%}{?(REQUESTED_AMOUNT > 1)}rifles{?}rifle{\\?}{.%} to {TARGET_SETTLEMENT} in time as {QUEST_GIVER.LINK} asked you.,,,missing,no,{REQUESTED_AMOUNT} | {.%} | {?(REQUESTED_AMOUNT > 1)} | {?} | {\\?} | {.%} | {TARGET_SETTLEMENT} | {QUEST_GIVER.LINK},
NqFagpyg,You refused to hand over the items. {QUEST_GIVER.LINK} must be furious.,,,missing,no,{QUEST_GIVER.LINK},
K3X6XuPz,"I move more than most in these markets, yet my purse stays thin. Some trades are tied by law, others by who watches the coin. The goods that could change fortunes must sometimes find their way quietly, to the right hands, or they gather dust.[if:convo_annoyed]",,,missing,no,,
jxC6tvL0,How can I help?,,,missing,no,,
NJGmstlZ,"I need you to deliver {REQUESTED_AMOUNT} {.%}{?(REQUESTED_AMOUNT > 1)}{PLURAL(RIFLES)}{?}{RIFLES}{\?}{.%} to my contact {TARGET_HERO.LINK} in {TARGET_SETTLEMENT}. Keep it quiet—what we're moving isn't exactly welcome at the market. The town's authorities and merchants might sniff around, but as long as it reaches him intact, that's all that matters.",,,missing,no,{REQUESTED_AMOUNT} | {.%} | {?(REQUESTED_AMOUNT > 1)} | {PLURAL(RIFLES)} | {?} | {RIFLES} | {\?} | {.%} | {TARGET_HERO.LINK} | {TARGET_SETTLEMENT},
RiI7PuFu,"If you aren't going towards {TARGET_SETTLEMENT}, maybe you could have some of your men take my goods and bring back the profit? It shouldn't take more than {ALTERNATIVE_SOLUTION_MEN_AMOUNT} men and one of your trusted lieutenants with decent grasp of trade. They can go and be back in about {RETURN_DAYS} days.[if:convo_annoyed]",,,missing,no,{TARGET_SETTLEMENT} | {ALTERNATIVE_SOLUTION_MEN_AMOUNT} | {RETURN_DAYS},
rpAeFiru,"You could change this law, my {?PLAYER.GENDER}lady{?}lord{\\?}. All of us would be grateful. and we're willing to donate {REWARD}{GOLD_ICON} to show our thanks...",,,missing,no,{?PLAYER.GENDER} | {?} | {\\?} | {REWARD} | {GOLD_ICON},
vRVYf3fc,I will issue a decree to remove the restrictions on the sale of firearms.,,,missing,no,,
pnnMDlGh,You need to be the owner of this settlement!,,,missing,no,,
Gg2Q9lOH,"You issued a decree to remove the restrictions on the sale of firearms, as the merchants had requested.",,,missing,no,,
apQbh0Sp,"My {?PLAYER.GENDER}lady{?}lord{\\?}, that would be very good. The artisans won't like it but hard-working merchants like me will be grateful to you.",,,missing,no,{?PLAYER.GENDER} | {?} | {\\?},
wbfpKxTZ,(One of the artisans in the town comes to talk as you are preparing to depart.),,,missing,no,,
mi2RZIty,"My {?PLAYER.GENDER}lady{?}lord{\\?}, we heard that you wish to issue a decree allowing the sale of foreign weapons. This will devastate the business of our smithies who have toiled for generations. Please reconsider this.",,,missing,no,{?PLAYER.GENDER} | {?} | {\\?},
OJ99XYAc,"I understand. I'll hold off on the decree, then.",,,missing,no,,
hc7G86ft,That's the right call. Thank you for listening to the voice of reason.,,,missing,no,,
mi1zGfb3,"After listening to the town artisans, you decided to keep the restrictions on the sale of firearms. Your decision made the artisans happy but disappointed the {QUEST_GIVER.LINK}.",,,missing,no,{QUEST_GIVER.LINK},
EItqPPaR,"Sorry, I have to do it.",,,missing,no,,
bys96mgQ,"That's your right, my {?PLAYER.GENDER}lady{?}lord{\\?}. But if you can't get the support of the artisans here when you next need it, well, don't say no one said anything.",,,missing,no,{?PLAYER.GENDER} | {?} | {\\?},
NizER6fW,I can take your “goods” to {TARGET_HERO.LINK} in {TARGET_SETTLEMENT} myself.,,,missing,no,{TARGET_HERO.LINK} | {TARGET_SETTLEMENT},
8U7Cqtte,Excellent. I'll have the goods delivered to you right away.[if:convo_nonchalant],,,missing,no,,
03E9TCrn,I believe the goods have been delivered to you.,,,missing,no,,
6ZCAQ1S9,Great. I will be heading out soon.,,,missing,no,,
3SBDbPjD,Good to hear that! Safe journeys.,,,missing,no,,
JOaD2BlP,In due time. Let's not be too hasty here.,,,missing,no,,
ppi6eVos,As you wish.,,,missing,no,,
dS9S5DR5,"We have heard rumors that you have purchased foreign firearms from {QUEST_GIVER.NAME}. Well, our laws require that only domestic firearms may be bought or sold here.[if:convo_annoyed][ib:hip]",,,missing,no,{QUEST_GIVER.NAME},
4EB6Mc7G,"I'm sure what you did was an honest mistake, but there are laws. Hand over the contraband to me, and this will be the end of it.",,,missing,no,,
FfBgIdhQ,This town has laws about unauthorized trade. Turn over the guns to me now.,,,missing,no,,
nTKr0Mhx,I don't want to break the law. You can take the guns.,,,missing,no,,
ihsNfbUv,That's the right call. You seem a responsible type.[if:convo_nonchalant],,,missing,no,,
ZBqrd46y,That's just robbery under the cover of law. I'm not giving you anything.,,,missing,no,,
dD1PdT8o,"Respectfully, you're making a big mistake and I think you're going to regret it.[if:convo_furious]",,,missing,no,,
XQvqkFkO,"My {?PLAYER.GENDER}lady{?}lord{\\?}, we have heard rumors that you have purchased foreign firearms from {QUEST_GIVER.NAME}.[ib:demure] Surely this cannot be true. Our laws require that only Japanese-made firearms may be bought or sold here.",,,missing,no,{?PLAYER.GENDER} | {?} | {\\?} | {QUEST_GIVER.NAME},
JqjY2Kz1,"Perhaps, my {?PLAYER.GENDER}lady{?}lord{\\?}, it was a mistake? If you were to relinquish the goods, it would avoid a situation that might appear, well, a bit unseemly.",,,missing,no,{?PLAYER.GENDER} | {?} | {\\?},
6xFbPCqg,I suppose the laws of this town bind me as well. You can take the guns.,,,missing,no,,
wXCkhAih,"A just decision, my {?PLAYER.GENDER}lady{?}lord{\\?}.",,,missing,no,{?PLAYER.GENDER} | {?} | {\\?},
8BYZOARX,"I decide how the law here is applied, merchant.",,,missing,no,,
36fxek2x,"Respectfully, my {?PLAYER.GENDER}lady{?}lord{\\?}, I must protest this. But of course you are free to do what you will.",,,missing,no,{?PLAYER.GENDER} | {?} | {\\?},
X6XhPEx0,You can have one of my companions and {REQUIRED_TROOP_AMOUNT} of my men to take your “goods” to {TARGET_TOWN},,,missing,no,{REQUIRED_TROOP_AMOUNT} | {TARGET_TOWN},
WO3YxOLJ,Thank you my {?PLAYER.GENDER}lady{?}lord{\\?}. I am sure your men will take care of the problem.,,,missing,no,{?PLAYER.GENDER} | {?} | {\\?},
kbfCQVn1,I am still waiting for news from {TARGET_SETTLEMENT}. Thanks again for sparing your men.,,,missing,no,{TARGET_SETTLEMENT},
WPOZWfEx,About the task {QUEST_GIVER.LINK} gave me...,,,missing,no,{QUEST_GIVER.LINK},
jBuerjt5,Yes... {QUEST_GIVER.LINK} sent word to us. We are expecting the {.%}{RIFLES}{.%} that {?QUEST_GIVER.GENDER}she{?}he{\\?} had.,,,missing,no,{QUEST_GIVER.LINK} | {.%} | {RIFLES} | {.%} | {?QUEST_GIVER.GENDER} | {?} | {\\?},
KzO8KtgQ,Have you brought {REQUESTED_AMOUNT} {.%}{?(REQUESTED_AMOUNT > 1)}rifles{?}rifle{\\?}{.%}? I have a fat purse of {REWARD}{GOLD_ICON} for you as promised.,,,missing,no,{REQUESTED_AMOUNT} | {.%} | {?(REQUESTED_AMOUNT > 1)} | {?} | {\\?} | {.%} | {REWARD} | {GOLD_ICON},
1X5EGsW5,Yes. I have the goods right here. I brought {REQUESTED_AMOUNT} {.%}{?(REQUESTED_AMOUNT > 1)}rifles{?}rifle{\\?}{.%} as we agreed.,,,missing,no,{REQUESTED_AMOUNT} | {.%} | {?(REQUESTED_AMOUNT > 1)} | {?} | {\\?} | {.%},
LiSVfbAw,Very good! Here is your money. Thank you.[if:convo_grateful],,,missing,no,,
ZA6nv3x4,You have delivered the goods from {QUEST_GIVER.NAME}.,,,missing,no,{QUEST_GIVER.NAME},
C2nMCGgX,"Most of the goods are here, but I lost some of them along the way. I have {AVAILABLE_AMOUNT} with me.",,,missing,no,{AVAILABLE_AMOUNT},
mBSHMLJX,"Yes, things come up, but my agreement with {QUEST_GIVER.LINK} was for a fixed amount of goods. I don't want to negotiate a new deal. Please come back when you can get the full amount.[if:convo_nervous2][ib:closed]",,,missing,no,{QUEST_GIVER.LINK},
3PoEAXXg,You have delivered {DELIVERED_ITEM_COUNT} rifles from {QUEST_GIVER.NAME}.,,,missing,no,{DELIVERED_ITEM_COUNT} | {QUEST_GIVER.NAME},
jOUTl8Ap,You have to bring in amount {REQUIRED_AMOUNT} more to fulfill your end of the deal.,,,missing,no,{REQUIRED_AMOUNT},
vDcOjrxO,Sorry. I don't have anything for you this time.,,,missing,no,,
bS7WJIMq,"Well, try to bring it soon.[if:convo_thinking][ib:closed]",,,missing,no,,
U722hDoU,"You know, these goods are worth more to me than what you'll paying. I will keep them.",,,missing,no,,
HvJERw0E,What? That's a breach of contract. {QUEST_GIVER.LINK} will certainly hear about this...[if:convo_grave][ib:aggressive],,,missing,no,{QUEST_GIVER.LINK},
bFwPCPzN,Escort Foreign Merchant,,,missing,no,,
mcYqVaNp,"There's been a real surge of radical activity around here recently. I don't know if it's because the lords are away fighting or something else, but it's a miracle if a foreigner can make three leagues beyond the gates without being set upon by shishi. As the host of one such merchant, I must ensure his safety.",,,missing,no,,
AA5OOS8p,Things have gotten a lot worse recently with the shishi radicals on the roads around town. I cannot risk the safety of my guest when he leaves the city.,,,missing,no,,
NRUYf35y,Go on.,,,missing,no,,
mA9UXRxz,"My foreign guest wishes to go on a trade mission, but I fear he will be murdered before along the way. So I am looking for some good fighters who can escort him until he finds his footing and visits a couple of settlements.",,,missing,no,,
CRaOL9Y9,Caravan of the {NATION},,,missing,no,{NATION},
vvj4J3GI,Ishin Shishi Radicals,,,missing,no,,
Bk6bWGnc,"I will be willing to pay generously {BASE_REWARD}{GOLD_ICON} for each day the foreigner is on the road. It will be more than I usually pay for guards, but you look like the type who send a message to these radicals, that foreign merchants aren't to be messed with.",,,missing,no,{BASE_REWARD} | {GOLD_ICON},
TXI42rzU,"I will be willing to pay generously {BASE_REWARD}{GOLD_ICON} for each day the foreigner is on the road. It will be more than I usually pay for guards, but figure maybe you can scare these radicals off. I can't afford the cost of a foreign reprisal just because some fools hate outsiders.",,,missing,no,{BASE_REWARD} | {GOLD_ICON},
rmRGFaXP,"Don't worry, I'll escort the foreigner myself.",,,missing,no,,
ADNlFhdf,I'll assign one of my companions and {NEEDED_MEN_COUNT} of my men to protect your guest for {RETURN_DAYS} days.,,,missing,no,{NEEDED_MEN_COUNT} | {RETURN_DAYS},
1vtMvEHX,"I am sure your men are as capable as you are and will look after my guest. Thanks again for your help, my friend.",,,missing,no,,
bkTnHGbI,"Thank you, {?PLAYER.GENDER}madam{?}sir{\\?}, I think they will be enough.",,,missing,no,{?PLAYER.GENDER} | {?} | {\\?},
E9rOQzPT,"{ISSUEGIVER.LINK}, a merchant from {SETTLEMENT}, has told you about {?ISSUEGIVER.GENDER}her{?}his{\\?} recent problems with shishi radicals. {?ISSUEGIVER.GENDER}She{?}he{\\?} asked you to guard {?ISSUEGIVER.GENDER}her{?}his{\\?} foreign guest for a while and deal with any attackers. In return {?ISSUEGIVER.GENDER}she{?}he{\\?} offered you {GOLD}{GOLD_ICON} for each day your troops spend on escort duty.{newline}You agreed to lend {?ISSUEGIVER.GENDER}her{?}him{\\?} {NEEDED_MEN_COUNT} men. They should be enough to turn away most of the radicals. Your troops should return after {RETURN_DAYS} days.",,,missing,no,{ISSUEGIVER.LINK} | {SETTLEMENT} | {?ISSUEGIVER.GENDER} | {?} | {\\?} | {?ISSUEGIVER.GENDER} | {?} | {\\?} | {?ISSUEGIVER.GENDER} | {?} | {\\?} | {?ISSUEGIVER.GENDER} | {?} | {\\?} | {GOLD} | {GOLD_ICON} | {newline} | {?ISSUEGIVER.GENDER} | {?} | {\\?} | {NEEDED_MEN_COUNT} | {RETURN_DAYS},
8Hulmn4B,Your companion has protected the foreign merchant from {SETTLEMENT} as promised. {?ISSUE_GIVER.GENDER}She{?}He{\\?} was happy with your work.,,,missing,no,{SETTLEMENT} | {?ISSUE_GIVER.GENDER} | {?} | {\\?},
e1rRz5fw,A foreign merchant needs an escort for protection against ishin shishi radicals.,,,missing,no,,
Lbhu9Pg9,"{ISSUE_GIVER.LINK}, a merchant from {SETTLEMENT}, has told you about {?ISSUE_GIVER.GENDER}her{?}his{\\?} recent problems with shishi radicals. {?ISSUE_GIVER.GENDER}She{?}He{\\?} asked you to guard {?ISSUE_GIVER.GENDER}her{?}his{\\?} foreign guest for a while and deal with any attackers. In return {?ISSUE_GIVER.GENDER}she{?}he{\\?} offered you {GOLD}{GOLD_ICON} denars for each day you spend on escort duty.{newline}You have agreed to guard him yourself until he visits {NUMBER_OF_SETTLEMENTS} settlements.",,,missing,no,{ISSUE_GIVER.LINK} | {SETTLEMENT} | {?ISSUE_GIVER.GENDER} | {?} | {\\?} | {?ISSUE_GIVER.GENDER} | {?} | {\\?} | {?ISSUE_GIVER.GENDER} | {?} | {\\?} | {?ISSUE_GIVER.GENDER} | {?} | {\\?} | {GOLD} | {GOLD_ICON} | {newline} | {NUMBER_OF_SETTLEMENTS},
JtNLRexB,The merchant was killed. Quest failed.,,,missing,no,,
xPGULV91,You have lost the track of the merchant. Your agreement with {ISSUE_GIVER.LINK} is failed.,,,missing,no,{ISSUE_GIVER.LINK},
gdwEkklF,The merchant was killed by Shishi radicals. Your agreement with {ISSUE_GIVER.LINK} is failed.,,,missing,no,{ISSUE_GIVER.LINK},
rr1JIrHP,You have attacked the merchant.,,,missing,no,,
G5F2rg6G,"The merchant is traveling between ports, and you do not have enough ships to follow. Your agreement with {QUEST_GIVER.LINK} was canceled and they have paid you for the merchant's progress.",,,missing,no,{QUEST_GIVER.LINK},
10j7vXkT,All profitable trade routes of the foreign merchant are blocked by recent wars. He has decided to return until the situation gets better. {QUEST_GIVER.LINK} was happy with your service and sent you {REWARD}{GOLD_ICON} as promised.,,,missing,no,{QUEST_GIVER.LINK} | {REWARD} | {GOLD_ICON},
RlMNWer2,You have protected the foreign merchant from {SETTLEMENT} as promised. He was happy with your work.,,,missing,no,{SETTLEMENT},
i3hC6h7B,Visited Settlements,,,missing,no,,
gF7k2Z7p,Thank you. You can find the foreigner just outside the settlement.,,,missing,no,,
O0XnHdx6,"I feel good knowing that you're looking after the foreigner. Safe journeys, my friend!",,,missing,no,,
ASrnwfgv,I feel safe knowing that you're looking after us. Please continue to follow us my friend!,,,missing,no,,
mMP5n9dT,Greetings. This caravan is under the authority of the President of the United States of America and is guaranteed by {MERCHANT.LINK} of {SETTLEMENT}. How may we be of service?[if:convo_normal],,,missing,no,{MERCHANT.LINK} | {SETTLEMENT},
Khi1HFAj,"Greetings. This caravan is under the protection of Her Majesty, Queen Victoria of the United Kingdom of Great Britain and Ireland, and is guaranteed by {MERCHANT.LINK} of {SETTLEMENT}. How may we assist you?[if:convo_normal]",,,missing,no,{MERCHANT.LINK} | {SETTLEMENT},
Zo06Fz4z,"Greetings. This caravan travels under the authority of His Imperial Majesty, Napoleon III of the French Empire, and is guaranteed by {MERCHANT.LINK} of {SETTLEMENT}. How may we be of service?[if:convo_normal]",,,missing,no,{MERCHANT.LINK} | {SETTLEMENT},
xdlx5HK7,Greetings. This caravan travels under the authority of the President of the Third French Republic and is guaranteed by {MERCHANT.LINK} of {SETTLEMENT}. How may we be of service?[if:convo_normal],,,missing,no,{MERCHANT.LINK} | {SETTLEMENT},
uyzr5G62,"Greetings. These goods are secured by His Majesty, King Wilhelm I of Prussia and is guaranteed by {MERCHANT.LINK} of {SETTLEMENT}. How may we help you?[if:convo_normal]",,,missing,no,{MERCHANT.LINK} | {SETTLEMENT},
1UbGKna4,"Greetings. These goods are secured by His Majesty, Wilhelm I, German Emperor and King of Prussia, and is guaranteed by {MERCHANT.LINK} of {SETTLEMENT}. How may we help you?[if:convo_normal]",,,missing,no,{MERCHANT.LINK} | {SETTLEMENT},
kbBJ7Sby,"Greetings. This caravan operates under the protection of His Majesty, King William III of the Netherlands, and is guaranteed by {MERCHANT.LINK} of {SETTLEMENT}. How may we assist you?[if:convo_normal]",,,missing,no,{MERCHANT.LINK} | {SETTLEMENT},
FmCDGaIG,The merchant you are protecting is ambushed by shishi radicals!,,,missing,no,,
IMmMRUaR,{MALE_LESSER_NOBLE_NAME}{.o} {ALIGNMENT} Revolt,,,missing,no,{MALE_LESSER_NOBLE_NAME} | {.o} | {ALIGNMENT},
O0aur7dN,"{ISSUE_GIVER.LINK}, lord of {SETTLEMENT}, says that a {MALE_LESSER_NOBLE_TITLE} named {MALE_LESSER_NOBLE_NAME} is stirring up unrest in the countryside. You asked your companion to deal with {MALE_LESSER_NOBLE_NAME}'s band. They should rejoin your party in {RETURN_DAYS} days",,,missing,no,{ISSUE_GIVER.LINK} | {SETTLEMENT} | {MALE_LESSER_NOBLE_TITLE} | {MALE_LESSER_NOBLE_NAME} | {MALE_LESSER_NOBLE_NAME} | {RETURN_DAYS},
hQc8EEzS,{QUEST_GIVER.LINK} says that a {MALE_LESSER_NOBLE_TITLE} named {MALE_LESSER_NOBLE_NAME} is stirring up unrest in the countryside. {?QUEST_GIVER.GENDER}She{?}He{\\?} asked you to disperse {MALE_LESSER_NOBLE_NAME}'s band using whatever means necessary before the movement gets enough support.,,,missing,no,{QUEST_GIVER.LINK} | {MALE_LESSER_NOBLE_TITLE} | {MALE_LESSER_NOBLE_NAME} | {?QUEST_GIVER.GENDER} | {?} | {\\?} | {MALE_LESSER_NOBLE_NAME},
5ET5J1bf,{QUEST_GIVER}{.o} informants reported that {MALE_LESSER_NOBLE_NAME}{.o} party has been seen near {VILLAGE}.,,,missing,no,{QUEST_GIVER} | {.o} | {MALE_LESSER_NOBLE_NAME} | {.o} | {VILLAGE},
pK1cyTKG,You were convinced by {MALE_LESSER_NOBLE_NAME} to let him gather support. {QUEST_GIVER.LINK} will be very upset about this.,,,missing,no,{MALE_LESSER_NOBLE_NAME} | {QUEST_GIVER.LINK},
AFm4CMvA,You failed to stop {MALE_LESSER_NOBLE_NAME} before he stirred up unrest in the countryside. {QUEST_GIVER.LINK} will be very upset about this.,,,missing,no,{MALE_LESSER_NOBLE_NAME} | {QUEST_GIVER.LINK},
f4f2bzaP,You lost the battle against {MALE_LESSER_NOBLE_NAME} and failed to help {QUEST_GIVER.LINK} as promised.,,,missing,no,{MALE_LESSER_NOBLE_NAME} | {QUEST_GIVER.LINK},
IFH3fzAZ,{QUEST_GIVER.LINK} has left {KINGDOM}. Your agreement with {?QUEST_GIVER.GENDER}her{?}him{\\?} has been canceled.,,,missing,no,{QUEST_GIVER.LINK} | {KINGDOM} | {?QUEST_GIVER.GENDER} | {?} | {\\?},
9pJsnMgo,You have persuaded {MALE_LESSER_NOBLE_NAME} to disband his party and return home. You received {REWARD}{GOLD_ICON} in return for your service.,,,missing,no,{MALE_LESSER_NOBLE_NAME} | {REWARD} | {GOLD_ICON},
xuBLopmE,You have defeated {MALE_LESSER_NOBLE_NAME} and helped {QUEST_GIVER.LINK} as promised. You received {REWARD}{GOLD_ICON} in return for your service.,,,missing,no,{MALE_LESSER_NOBLE_NAME} | {QUEST_GIVER.LINK} | {REWARD} | {GOLD_ICON},
YcpUKz3W,Support level of {MALE_LESSER_NOBLE_NAME},,,missing,no,{MALE_LESSER_NOBLE_NAME},
0D9sHq49,{MALE_LESSER_NOBLE_NAME}{.o} {ALIGNMENT} Party,,,missing,no,{MALE_LESSER_NOBLE_NAME} | {.o} | {ALIGNMENT},
tMeStSOS,{ISSUE_GIVER.LINK} wants you to stop the {MALE_LESSER_NOBLE_NAME}'s movement before it turns into a strong resistance.,,,missing,no,{ISSUE_GIVER.LINK} | {MALE_LESSER_NOBLE_NAME},
J4oQk0mR,"Yes... As you know, this realm is deeply divided between the Imperial and Shogunate cause. Despite the stance taken by the great lords, many of our lower retainers hold an opposing stance. A few of us, myself included, wish to take a stronger stance. I don't know how we will end up acting, but rumors of it have gotten out in my district, and many of the kachi are growing restless. Now, most of us are doing their part to keep a lid on things. But there's one, {MALE_LESSER_NOBLE_NAME}, who I am ashamed to say was once a {TOP_TIER_CAV_TITLE} under my banner, who's been going around the countryside, stirring up trouble. He's gathered a following and they have a whole list of demands, including a requirement that our domain take a {OPP_STANCE} stance. I'd take care of him myself, but that would imply I can't control my own men. Maybe you can help?[if:convo_thinking][ib:closed2]",,,missing,no,{MALE_LESSER_NOBLE_NAME} | {TOP_TIER_CAV_TITLE} | {OPP_STANCE},
IALbJ6to,Maybe. What do you need exactly?,,,missing,no,,
ZFHyr785,"His band has been going about from village to village. Find him and stop him. You can tell him he's guilty of sedition, and if he doesn't disperse, then you can use force.[if:convo_thinking][ib:hip2]",,,missing,no,,
M1kjUlYl,Is there any other way to solve this problem?,,,missing,no,,
FlnCOwS1,"Not that I can think of. But if you don't want to do it, you can nominate someone from your party. It's not going to be easy, though. Whoever you name should be a good leader and have a good knowledge of tactics, and should take along at least {ALTERNATIVE_SOLUTION_NEEDED_MAN_COUNT} men. I'm ready to pay {REWARD}{GOLD_ICON} for your service. And if it comes to a fight, you can take whatever loot you want as spoils of war.[if:convo_thinking]",,,missing,no,{ALTERNATIVE_SOLUTION_NEEDED_MAN_COUNT} | {REWARD} | {GOLD_ICON},
rPtBmUau,I'll find them and put a stop to what they're doing.,,,missing,no,,
OMhPSSTm,"Thank you. {MALE_LESSER_NOBLE_NAME} is always on the move, so finding him might be tricky. But don't worry, I get regular reports from the landowners around here and I'll keep you updated on his movements...[if:convo_undecided_closed]",,,missing,no,{MALE_LESSER_NOBLE_NAME},
cqIoRnBL,Don't worry. I will send my best men to deal with this.,,,missing,no,,
j74yIXRJ,Thank you.[if:convo_relaxed_happy] I hope your men deal with them as soon as possible.,,,missing,no,,
QxPyfgaF,Have you put a stop to {MALE_LESSER_NOBLE_TITLE}{.s}?[if:convo_undecided_open],,,missing,no,{MALE_LESSER_NOBLE_TITLE} | {.s},
Qg9ggtOm,"Yes, we know where he is. It's just a matter of time to catch them.",,,missing,no,,
LAMDOGev,Good. I count on you.[if:convo_relaxed_happy],,,missing,no,,
z6WZwsTu,We are working on it.,,,missing,no,,
4KSZcsTW,Very well. But every day he's out there spreading sedition make things more dangerous for all of us.[if:convo_undecided_closed],,,missing,no,,
SHoWDmG2,"Greetings, {?PLAYER.GENDER}madame{?}sir{\\?}. May I help you?",,,missing,no,{?PLAYER.GENDER} | {?} | {\\?},
ZkMqeK65,Anything else to say?,,,missing,no,,
r588MwWh,Sedition? You have been misinformed. My men and I are loyal servants of {RULER_NAME_AND_TITLE}. We are simply going about informing the people that our {RULER_TITLE} is surrounded by bad advisers who are advocating for the treasonous {ALIGNMENT} cause. We petition {RULER.NAME} to listen to us and join the righteous movement.[if:convo_normal][ib:hip],,,missing,no,{RULER_NAME_AND_TITLE} | {RULER_TITLE} | {ALIGNMENT} | {RULER.NAME},
qcOnI5AG,Consequences? You would shed the blood of {RULER.NAME}'s loyal servants just for raising their voices against a wicked cause?[if:convo_confused_normal][ib:closed],,,missing,no,{RULER.NAME},
m4ykHih7,"Yes, that's sedition all right. Disperse now or face the consequences.",,,missing,no,,
9kt3ZjGJ,I will talk no more. Get ready to fight.,,,missing,no,,
4ysdp0dV,The Heavens will grant victory to the just![ib:warrior][if:convo_contemptuous],,,missing,no,,
qdRwGOmg,"No, I don't want to shed your blood.",,,missing,no,,
59ooBNpU,Wise decision.[if:convo_undecided_closed][ib:normal],,,missing,no,,
uqe1N18S,"Well, I have indeed been misinformed. You may go on your way...",,,missing,no,,
xXSjHp5p,"You're doing a good thing, {?PLAYER.GENDER}madame{?}sir{\\?}. Our great cause will remember your kindness",,,missing,no,{?PLAYER.GENDER} | {?} | {\\?},
pKjYnoKr,Let me try to talk some sense into you...,,,missing,no,,
rSLgT9yU,"If you start a rebellion, you're just going to get a lot of samurai around here killed...",,,missing,no,,
kdDoqJxM,"The nobles aren't trying to defend a wicked cause, but they cannot risk the domain's destruction by its enemies.",,,missing,no,,
5T9v3DNk,"You know the dark hearts of men... Those who start as rebels end up turning bandit. Rebellion brings anarchy, not justice.",,,missing,no,,
kxdkmOPu,Thus always spoke the wicked to the just! We can only pray that the Heavens help the righteous cause. Now stay out of my way.[if:convo_undecided_closed][ib:closed],,,missing,no,,
MciIqod6,Couch Lance,,,missing,no,,
DaP0zCuL,Saber,,,missing,no,,
PiHpR4QL,One Handed,,,missing,no,,
YDassFgV,"A scroll depicting the techniques of Hōzōin-ryū school, a spear martial arts specialised in the use of the Jumonji sickle spear to enable diverse offensive and defensive techniques.",,,missing,no,,
R6gnCH7g,Kouno Castle,,,missing,no,,
k1yojJ4A,Nishino,,,missing,no,,
KEX5sbP0,REPLACE_DESCRIPTION,,,missing,no,,
fOUsLdZR,Pasture,,,missing,no,,
66Mzk0NZ,Thicket,,,missing,no,,
iXA5SttU,Bog,,,missing,no,,
Nw6vXG2r,Chiburi,,,missing,no,,
UvTpCUpH,Kushizaki,,,missing,no,,
BDnW3J67,"Strategically located in the westernmost part of the San'yō region, near the Kanmon Straits that separate Honshu from Kyushu, Kushizaki is a port castle town originally by the Naitō clan, from which it is possible to control the sea and the flow of trade and people across the western provinces.",,,missing,no,,
stpD675i,Backstreet,,,missing,no,,
fR2M5ZdV,Clearing,,,missing,no,,
MAusOuPK,Waterfront,,,missing,no,,
kD3Q4P0u,Akamagazeki,,,missing,no,,
VIWC07Rb,Chofu,,,missing,no,,
GuFaRjgy,Aio,,,missing,no,,
kO0l01wy,Sanbonmatsu,,,missing,no,,
sRgUwjnw,"Positioned near the confluence of several key trade routes in the Chūgoku region, the castle town of Sanbonmatsu has become a target for expanding warlords. While its military importance seems negligible, its location along vital supply routes makes it a key target for forces looking to consolidate control over the region.",,,missing,no,,
vHOOBCB9,Hagi,,,missing,no,,
aK0HSc4W,Oi,,,missing,no,,
GxkGnl8i,Mikazura,,,missing,no,,
NSAkQv1M,Yoshida-Koriyama,,,missing,no,,
mW8IM8PG,"Originally built as a small fortified residence for the Mōri clan this coastal castle town grew in importance along with the expansion of its inhabitants' power, while its hilltop location ensures control over the surrounding territories and sea routes.",,,missing,no,,
ntbMy243,Togouchi,,,missing,no,,
uxffoc1I,Kabe,,,missing,no,,
nVDIrAUN,Miyoshi,,,missing,no,,
ihU3yZM0,Iwami,,,missing,no,,
GYTyXmZN,"Iwami is famed for its rich silver mines, which have made it one of the most valuable settlements in Japan. The most powerful daimyos of the region have long battled for control of the Iwami ginzan, which has most recently fallen to the Mōri clan.",,,missing,no,,
ryejJvC5,Tomogaura,,,missing,no,,
VDGlQJwd,Ishigane,,,missing,no,,
r5ANVqKb,Hane,,,missing,no,,
5CN8ewVp,Gassantoda,,,missing,no,,
eDhJwiwf,"Gassantoda is a castle town in San'in that traces its origins back to the Kamakura period and before that to the Heian period when a fortress was built to protect trade routes and the renowned local steel production. More recently, Gassantoda became the stage for the last stand of the once dominant Amago clan against the ascendant Ōuchi and Mōri clans, with the conquest by Mōri Motonari marking the definitive shift of power in the region.",,,missing,no,,
LwUShO8j,Yasugi,,,missing,no,,
EOMv6L5Q,Mihonoseki,,,missing,no,,
9aMOSRHh,Yodoe,,,missing,no,,
qti2YofG,Okayama,,,missing,no,,
ALnnHm7B,"Okayama is a castle town located in the western part of the Chūgoku region, providing both military and economic advantages through access to maritime trade routes and strategic passage between Honshu and Shikoku",,,missing,no,,
7MPxSfAc,Kibitsu,,,missing,no,,
U5Vy1oxO,Hachihama,,,missing,no,,
wwAiZo2v,Saidaiji,,,missing,no,,
sZfJiRtF,Aratakiyama Castle,,,missing,no,,
rdMHs0On,Hiju,,,missing,no,,
Tk7cr6rz,Setozaki,,,missing,no,,
ggBeWjpi,Kounomine Castle,,,missing,no,,
hYa3ko4i,Mitajiri,,,missing,no,,
vuFxEg9A,Miyaichi,,,missing,no,,
vsTEVmuj,Shimoseyama Castle,,,missing,no,,
ScnAHUPM,Susa,,,missing,no,,
jX87tqV5,Nakazu,,,missing,no,,
CKaQktOo,Mitsuodake Castle,,,missing,no,,
s36OCLVb,Murozumi,,,missing,no,,
P01HZUoY,Iwakuni,,,missing,no,,
xkmklOPf,Sakurao Castle,,,missing,no,,
OPAS78bG,Kuba,,,missing,no,,
glsWfxE7,Itsukushima,,,missing,no,,
9iUfpjzA,Hinoyama Castle,,,missing,no,,
1nlzOWW9,Misumiminato,,,missing,no,,
p15FKoXR,Goutsu,,,missing,no,,
rQfnY5ul,Noumi Castle,,,missing,no,,
dZN5LLR7,Seto,,,missing,no,,
jIQ8ABmU,Kure,,,missing,no,,
cw2phJPG,Matsuo Castle,,,missing,no,,
dYC6hZpp,Takehara,,,missing,no,,
eqDZ9V5G,Shiraichi,,,missing,no,,
MGzfCArb,Misawa Castle,,,missing,no,,
QNTlHbu0,Kizuki,,,missing,no,,
BSLeHhbG,Shirakata,,,missing,no,,
H4uQyBi6,Kurushima Castle,,,missing,no,,
i2U342nt,Oji,,,missing,no,,
ZyJVH3pK,Miyaura,,,missing,no,,
D2EylgG7,Aoki Castle,,,missing,no,,
gqR6QX1Z,Nakanosho,,,missing,no,,
6lrC1jYV,Setoda,,,missing,no,,
nag3Cuo5,Niitakayama Castle,,,missing,no,,
E9fVF5iD,Onomichi,,,missing,no,,
MCoAiEZz,Kasaoka,,,missing,no,,
RYsEuRur,Kouzan Castle,,,missing,no,,
uyVTNrO8,Tsuarjima,,,missing,no,,
bBkiYp7q,Shimotsu,,,missing,no,,
p6Qi9gzt,Hogi Castle,,,missing,no,,
v81uLwPi,Ushimado,,,missing,no,,
qMUrlmZh,Inbe,,,missing,no,,
aWGi78Ll,Tenjinyama Castle,,,missing,no,,
Nr6GaOhH,Shioyu,,,missing,no,,
MTe8tb9b,Togawa,,,missing,no,,
6ccxu05w,Ueshi Castle,,,missing,no,,
0WX9hA8s,Hashizu,,,missing,no,,
04PwDqo1,Kara,,,missing,no,,
VqVNevKA,Ichijodani,,,missing,no,,
0GYO9OBo,"Ichijodani is a fortified town in western Hokuriku, surrounded on all sides by the natural defences of rivers and mountains, making it a difficult target for any besieger. Built by the Asakura clan, Ichijodani has grown into a centre of culture, craftsmanship and religion thanks to the hospitality afforded by the Asakura clan to refugees fleeing Kyoto during the Ōnin War, making it a jewel rivaling the Imperial Capital itself.",,,missing,no,,
cT34Ebdw,Mizuochi,,,missing,no,,
t2wPJnTl,Kitanosho,,,missing,no,,
6yl5DIfX,Heisenji,,,missing,no,,
6PgvlbUT,Oyama,,,missing,no,,
lVVZzX8n,"Originally a fortified temple complex of the Kaga Ikko movement, Oyama has evolved into a significant stronghold in the Hokuriku region and its strategic and religious value has drawn the attention of powerful neighbors.",,,missing,no,,
JyG9eqDR,Byakusan,,,missing,no,,
6HTGkGwu,Ataka,,,missing,no,,
VPbrsyV3,Miyakoshi,,,missing,no,,
WYXGfvnF,Nanao,,,missing,no,,
EGOIuaaC,"A Nanao, the stronghold of the Hatakeyama clan, is one of the most important castle towns along the Noto Peninsula. Surrounded by mountains and the sea, its defenses are strong, and its harbor allows for active maritime trade.",,,missing,no,,
JwZnAQwK,Fukuura,,,missing,no,,
NgWPLmrQ,Hakui,,,missing,no,,
30Bb9CUF,Himi,,,missing,no,,
O2PYgcG1,Kasugayama,,,missing,no,,
uk2xGbQl,"Perched atop a steep mountain, the castle town of Kasugayama was originally a possession of the Nagao clan, but has served as the seat of the powerful Uesugi clan since Uesugi Kenshin, born a Nagao,  took over. Kenshin turned Kasugayama into a center of military power in Echigo from which he departed several times at the head of his armies to challenge the Takeda clan.",,,missing,no,,
POZGi4zI,Funai,,,missing,no,,
fLVmeCsk,Naoetsu,,,missing,no,,
RVCdQOAQ,Arai,,,missing,no,,
CK6roQ1s,Niigata,,,missing,no,,
mhnNNG3m,"Situated on the coast of Echigo Province, Niigata is a prosperous port town benefiting from maritime trade and fertile agricultural lands. The Shinano River provides an essential route for transporting rice and goods inland. The town falls under the influence of Uesugi Kenshin, whose strong rule ensures stability in the region. Fishermen, salt merchants, and shipbuilders contribute to Niigata’s economy, making it an important asset for Kenshin’s war efforts.",,,missing,no,,
2UhVzhNg,Kanbara,,,missing,no,,
FXLQqRDx,Shibata,,,missing,no,,
4Hvmfg62,Tsugawa,,,missing,no,,
vwKTR3B3,Fukashi,,,missing,no,,
bF0R3AqG,"Fukashi is a castle town built amongst the mountains of Shinano to protect the domains of the Ogasawara clan until it was taken over by its parent clan following a famous siege by Takeda Shingen, who subsequently converted it into one of the outposts of the expanding Takeda clan.",,,missing,no,,
4J5DeSPz,Shiojiri,,,missing,no,,
Epzs9bvB,Asaka,,,missing,no,,
jewHO3R5,Suwa,,,missing,no,,
za4xFjbt,Kofu,,,missing,no,,
G1Gwql28,"Kōfu, a castle town in the heart of Kai Province in the southern part of the Tōsan region, has been the home of the Takena clan since its beginnings, but has only recently grown considerably thanks to Takeda Shingen, who has made it the centre of his expanding domain and undertaken major flood control projects to increase agricultural production and quality of life",,,missing,no,,
9ZpFMf9j,Iwama,,,missing,no,,
etBS08Ko,Uwato,,,missing,no,,
hKFfL2SM,Enzan,,,missing,no,,
D5Jcm1JC,Sunpu,,,missing,no,,
KoEdsC34,"Sunpu has served as the seat of the powerful Imagawa clan for decades, during which the castle town has flourished as a center of governance, trade and culture, benefiting from its location along the strategic Tōkaidō road. However, the Imagawa’s power has declined significantly since their crushing defeat at the hands of Oda Nobunaga exposing Sunpu and other Imagawa domains to the thirst for conquest of neighbouring lords.",,,missing,no,,
RiByzBoT,Ishizu,,,missing,no,,
BUEoaNBS,Kunoujii,,,missing,no,,
RLbLgutH,Shimizu,,,missing,no,,
o7IPA6R2,Hamamatsu,,,missing,no,,
Bt4eiXyI,"Hamamatsu is a castle town in Tokai, built by the Imagawa clan to guard the access the access to the vital Tōkaidō highway, it was then taken over by the rising Tokugawa Ieyasu in the aftermath of the battle of Okehazama.",,,missing,no,,
piCQps0D,Kakezuka,,,missing,no,,
TCosghZ8,Asawa,,,missing,no,,
pQeaKfeW,Hamanoura,,,missing,no,,
CrOG8PLd,Okazaki,,,missing,no,,
pZBrZ9j6,"Okazaki, the birthplace of the rising lord Tokugawa Ieyasu, is a vital castle town in Mikawa Province. Under Tokugawa rule, it has been reinforced as a military base, securing the clan’s control over the region. The castle town is flourishing, with a growing population of samurai, merchants, and craftsmen. Its position along the Tōkaidō road makes it an essential stop for travelers and military movements.",,,missing,no,,
DDYwxAgB,Utsumi,,,missing,no,,
Unk1zUdF,Ohama,,,missing,no,,
yXgoIejT,Kariya,,,missing,no,,
7o6576n8,Kiyosu,,,missing,no,,
iyxZXmq2,"Built in the Kamakura period to guard the highways between Kyoto and the Shogunal capital, Kiyosu has long been the seat of the Oda clan of Owari and the site of political intrigue and military conflicts surrounding the clan, at least until the young lord Oda Nobunaga chose to move his seat to Gifu. Although the relocation of the court weakened its position, Kiyosu remains an important fortified city bustling with activity.",,,missing,no,,
vJbZkdX7,Tsushima,,,missing,no,,
YiKQhjoQ,Nagono,,,missing,no,,
JjNW477Q,Atsuta,,,missing,no,,
lXdj1TtH,Sakurabora,,,missing,no,,
nYD2Zvp6,"Hidden deep within the mountainous interior of the Tosan region, Sakurabora has long served as the fortified residence of the Anekouji, guarding key approaches into central Japan. Its elevated position offers commanding views of the rugged valleys below, making it a valuable asset in controlling travel and communication through the region.",,,missing,no,,
3rm0moPF,Gero,,,missing,no,,
5MsVakpv,Maze,,,missing,no,,
yOZsTIzn,Hagiwara,,,missing,no,,
2TMu4lC2,Gifu,,,missing,no,,
zIIebF6g,"“The one who controls Gifu controls Japan” is a common saying that emphasises the strategic location of this castle town. Once a possession of the Saitō clan and recently seized by Oda Nobunaga, who chose to rename it after the legendary mountain where most of ancient china was unified and the birthplace of Confucious, signalling to everyone his intention to unify the whole of Japan.",,,missing,no,,
bjDeU9E6,Kani,,,missing,no,,
yjHtAEEM,Kakamigahara,,,missing,no,,
HTo81wy6,Tenzutsu Castle,,,missing,no,,
BdXzJLer,Tsuruga,,,missing,no,,
ijmNcreb,Obama,,,missing,no,,
kePZsN6S,Fuchu Castle,,,missing,no,,
qEewJDux,Kawanoura,,,missing,no,,
DUDOlYTC,Fuchu,,,missing,no,,
BznGdbFo,Mizoe Castle,,,missing,no,,
P5SW4Or6,Mikuniminato,,,missing,no,,
9VFHLA3r,Kanazu,,,missing,no,,
Y7mNSs2D,Daishoji Castle,,,missing,no,,
T2Q4WFMt,Yoshizaki,,,missing,no,,
Ecd8IGJg,Miyukizuka,,,missing,no,,
MXbySYjt,Masuyama Castle,,,missing,no,,
y0hE60ln,Hojozu,,,missing,no,,
CepFf3AB,Uozu,,,missing,no,,
p9IiDYf9,Anamizu Castle,,,missing,no,,
xvGZzqHc,Nakai,,,missing,no,,
h7DlJtQC,Wajima,,,missing,no,,
4atk7P2g,Nechi Castle,,,missing,no,,
5rC2HuFe,Oumi,,,missing,no,,
6sQmsU2E,Nou,,,missing,no,,
OZD9byGd,Saruge Castle,,,missing,no,,
7JtnPd3c,Kakizaki,,,missing,no,,
VB9q8lt1,Kasiwazaki,,,missing,no,,
fhMckOAE,Yoita Castle,,,missing,no,,
vcwfVYcz,Izumosaki,,,missing,no,,
Lsn74WcF,Teradomari,,,missing,no,,
c149C2cR,Shishiga Castle,,,missing,no,,
7t3vyHmx,Sawane,,,missing,no,,
d7QHPRHE,Matsugasaki,,,missing,no,,
HwZEw9mI,Hirabayashi Castle,,,missing,no,,
8qvbF7TU,Hirabayashi,,,missing,no,,
hWQ6aSCk,Iwafune,,,missing,no,,
BSK7ThAp,Honjyo Castle,,,missing,no,,
Ko1h36Co,Murakami,,,missing,no,,
J9ywrIPV,Sarusawa,,,missing,no,,
NudqZujm,Tochio Castle,,,missing,no,,
n7NdjTwb,Zaodo,,,missing,no,,
F0FJSIJ3,Sanjo,,,missing,no,,
6MHOv64n,Sakato Castle,,,missing,no,,
RJ7ntwZm,Iiyama,,,missing,no,,
1soJweIO,Yuzawa,,,missing,no,,
JDqrBEiT,Kaizu Castle,,,missing,no,,
ESwxpHkr,Imoi,,,missing,no,,
0auCw7Uk,Higano,,,missing,no,,
cRX7KAze,Ueda Castle,,,missing,no,,
Hu5KORDr,Sakaki,,,missing,no,,
whinybNk,Yamabe,,,missing,no,,
Hd7GiElO,Komoro Castle,,,missing,no,,
RLsQENAd,Tateshina,,,missing,no,,
YsHcsOZG,Iwamurada,,,missing,no,,
W35XhvjQ,Iwadonoyama Castle,,,missing,no,,
jDTmVPMc,Yoshida,,,missing,no,,
RbZ6aQZJ,Tsuru,,,missing,no,,
ZlC6XmVV,Yamanaka Castle,,,missing,no,,
N3c8Rw9g,Oka-miya,,,missing,no,,
gx1JDkqp,Mishima,,,missing,no,,
tJhgPPS6,Nagahama Castle,,,missing,no,,
XZY1KrYO,Numazu,,,missing,no,,
ckiCB6KN,Dohi,,,missing,no,,
TbEP7yGe,Shimoda Castle,,,missing,no,,
0rDc1SBx,Kokura,,,missing,no,,
nykU8Y8J,Shimoda,,,missing,no,,
VqLXxRhc,Omiya Castle,,,missing,no,,
u3qEz2Sj,Omiya,,,missing,no,,
uGXJfGNs,Yoshiwara,,,missing,no,,
gJxWqKpJ,Kakegawa Castle,,,missing,no,,
9u6MWvx2,Kakegawa,,,missing,no,,
BAkfKBd7,Sagara-Minato,,,missing,no,,
pP3Z8ZKy,Iidani Castle,,,missing,no,,
zulU0Gkq,Murakushi,,,missing,no,,
2chHj54l,Yoshida Castle,,,missing,no,,
Z1I0sr9p,Muro,,,missing,no,,
1rfay3TH,Komatsubara,,,missing,no,,
OzxYpqps,Ogaki Castle,,,missing,no,,
63YZvplM,Miyakawa,,,missing,no,,
gVfxpn0b,Yoro,,,missing,no,,
d1uSH7Lb,Joganji Castle,,,missing,no,,
drRb1eJx,Joganj,,,missing,no,,
ZwLyRZ4l,Maeba,,,missing,no,,
bMmdlGU7,Kiun Castle,,,missing,no,,
ccQlu1Kg,Kiun,,,missing,no,,
ckPgXqYM,Shirakawa,,,missing,no,,
yyGbsWow,Nabeyama Castle,,,missing,no,,
RYgkBrwy,Hachiga,,,missing,no,,
JddcPSQa,Yoshiki,,,missing,no,,
3iExDKs3,Kotakari Castle,,,missing,no,,
zNtx1PQ0,Furukawa,,,missing,no,,
AIzmEXqU,Kojima,,,missing,no,,
NY1GGm2P,Mori Castle,,,missing,no,,
sNI8ZZHb,Ikeda,,,missing,no,,
Jo0WieRJ,Sakishina,,,missing,no,,
JXcJCRXa,Kiso-Fukushima Castle,,,missing,no,,
4nFCr6ZB,Seba,,,missing,no,,
qVMNO1bw,Tsumago,,,missing,no,,
xsrz8R6S,Takato Castle,,,missing,no,,
kpvsA1WL,Tera,,,missing,no,,
Gc9lqI9K,Fukuchi,,,missing,no,,
SPg1xeg2,Nirasaki,,,missing,no,,
A3cOvSag,Ichikawa,,,missing,no,,
6JVWOV78,Odawara,,,missing,no,,
Kpqqt4hJ,"A Odawara, the stronghold of the powerful Hojo clan, stands as an impregnable fortress in the Kanto region. With its vast network of walls, moats, and outlying fortifications, it is considered one of the most well-defended castles in Japan. The city below is a thriving center of trade, with merchants, farmers, and artisans benefiting from Hojo governance. Odawara’s strategic location allows the Hojo to control access to eastern Japan, ensuring their dominance over the region.",,,missing,no,,
rSHDe4X7,Atami,,,missing,no,,
wpQ2ndaa,Suga,,,missing,no,,
w4XrPFPx,Kamakura,,,missing,no,,
0V7RNUk1,Edo,,,missing,no,,
xs9RSzg0,"Originally developed from a small fishing village as a fortified residence for a local noble of the Heian Period, Edo was later fortified to become the castle town that currently towers over the Musashino Plateau and Edo Bay. The recent turmoil in Kantō has seen Edo shift between the different warring Clans and has severely hampered its development, but the city still retains its enormous potential.",,,missing,no,,
dIIiTxyA,Shinagawa,,,missing,no,,
TbCoWKJH,Funabashi,,,missing,no,,
aTuhwpl9,Ota,,,missing,no,,
Jco28GN3,"Originally the seat of the namesake clan, Ota is a castle town in Kantō in close proximity to the vital Tōkaidō road, which connects the region to the capital Kyoto, making it an important military and administrative center.",,,missing,no,,
3afDSFUm,Nukada,,,missing,no,,
OeVsHQQJ,Kuzihama,,,missing,no,,
BEXJ1F23,Okubo,,,missing,no,,
9iMMapjE,Nagaoka,,,missing,no,,
6B4SIOWm,"First built in the Heian period,  the castle town of Utsunomiya was the seat of the clan of the same name for centuries and one of the most important centres in the Kantō region which exerts control over many of the local land routes.",,,missing,no,,
71698EPm,Kanuma,,,missing,no,,
jVHfshhL,Liyama,,,missing,no,,
9hFMeM35,Shioya,,,missing,no,,
g5NTSS2Y,Minowa,,,missing,no,,
luiLYflb,"Built as the fortified residence of the Nagano clan, the castle town of Minowa has long been a critical stronghold for the control of the surrounding region, which made it a mandatory target in the confrontation between the Uesugi and Takeda clans, until the forces of Takeda Shingen seized Minowa resulting in the demise of the Nagano clan and the death of all its members.",,,missing,no,,
BuDdh2hN,Annaka,,,missing,no,,
IwK2OW0t,Kuragano,,,missing,no,,
BYtxHdvg,Umayabashi,,,missing,no,,
qmGxdT6U,Misaki Castle,,,missing,no,,
m6eYZWMH,Misaki,,,missing,no,,
AcrA0peb,Uraga,,,missing,no,,
mQQksGbP,Kozukue Castle,,,missing,no,,
UmtiRMvI,Mutsura,,,missing,no,,
qsDR6nPt,Kanagawa,,,missing,no,,
JkjaieKD,Motosakura Castle,,,missing,no,,
8K5XNHMS,Sakura,,,missing,no,,
8uc0Kj7G,Narita,,,missing,no,,
MKOOPTCF,Toke Castle,,,missing,no,,
4Qm8SgWv,Ichihara,,,missing,no,,
Gv5tERn8,Oyumi,,,missing,no,,
CfzXQacm,Siizu Castle,,,missing,no,,
VBw6AtIt,Kisarazu,,,missing,no,,
6OLFNFPW,Shiizu,,,missing,no,,
fUMpuOOb,Sanuki Castle,,,missing,no,,
1s4zTkO1,Sanuki,,,missing,no,,
cPnEh9c9,Futtsu,,,missing,no,,
Ij0Ax0W7,Okamoto Castle,,,missing,no,,
o9lZQluw,Tateyama,,,missing,no,,
3vIIUJfX,Hota,,,missing,no,,
LWEAx25N,Otaki Castle,,,missing,no,,
JaeqMZbL,Kominato,,,missing,no,,
1czltRYb,Katsuura,,,missing,no,,
wP9NMb9t,Kururi Castle,,,missing,no,,
mlDukSZk,Kururi,,,missing,no,,
vRxccLfw,Mariyatsu,,,missing,no,,
zSObBDHa,Iinuma Castle,,,missing,no,,
2cLzFoE1,Hatsukaichi,,,missing,no,,
vehvdeEq,Iinuma,,,missing,no,,
63kkGmr0,Takahama,,,missing,no,,
t7zPXy1y,Hokota,,,missing,no,,
5GFPjyZy,Mito Castle,,,missing,no,,
unBMdPnQ,Mito,,,missing,no,,
S3r12ca1,Nakaminato,,,missing,no,,
QR0ARLZq,Karasuyama Castle,,,missing,no,,
dr8GFyIJ,Fukuhara,,,missing,no,,
EalLYsws,Otawara,,,missing,no,,
r6clYwLT,Numata Castle,,,missing,no,,
GuVB0o4t,Shibukawa,,,missing,no,,
yNbrNqwD,Numata,,,missing,no,,
1BrRu6lB,Kunimine Castle,,,missing,no,,
t1inD5Lx,Obata,,,missing,no,,
o57onn7Q,Okudaira,,,missing,no,,
PWixu1jO,Oshi Castle,,,missing,no,,
9FKbt4zD,Fukaya,,,missing,no,,
J65jYwD3,Kumagaya,,,missing,no,,
4PWgvY7u,Kawagoe Castle,,,missing,no,,
JndaZB2w,Kawagoe,,,missing,no,,
zRanyUdc,Urawa,,,missing,no,,
x0qpsNZw,Kanayama Castle,,,missing,no,,
8UOoxztL,Nitta,,,missing,no,,
rZXDni5c,Tatebayashi,,,missing,no,,
fVwXqwlO,Karasawayama Castle,,,missing,no,,
xRwhSNem,Akami,,,missing,no,,
TuSOLp1h,Sano,,,missing,no,,
C8avRQxs,Yuki Castle,,,missing,no,,
VWIh1O6T,Mibu,,,missing,no,,
CwUpZL5t,Shimodate,,,missing,no,,
Rw5bAtwn,Masuko Castle,,,missing,no,,
GXGaCaHX,Haga,,,missing,no,,
9OKrr8tM,Mooka,,,missing,no,,
S931liPY,Kasama Castle,,,missing,no,,
uapC71GC,Kasama,,,missing,no,,
lKDCjpUw,Akasawa,,,missing,no,,
2nt5o1X2,Oda Castle,,,missing,no,,
Z31UOoXV,Oda,,,missing,no,,
XneOdQah,Tsuchiura,,,missing,no,,
UWvQEtSF,Ushiku Castle,,,missing,no,,
5JkMs0GN,Ushiku,,,missing,no,,
Q2NujO9N,Yatabe,,,missing,no,,
RvzQHYRy,Iwatsuki Castle,,,missing,no,,
B0U7VE21,Kogane,,,missing,no,,
02LbyErE,Matsuyama,,,missing,no,,
dteKiJUQ,Koga Castle,,,missing,no,,
XpOX5VFs,Koga,,,missing,no,,
kX8k2MwY,Sekiyado,,,missing,no,,
lwTLUV3T,Kashima Castle,,,missing,no,,
qtzqW2Oy,Sahara,,,missing,no,,
dvlPiU2U,Kashima,,,missing,no,,
VMkkWy2l,Hachigata Castle,,,missing,no,,
KHJX6ldN,Fujita,,,missing,no,,
dVLQGITS,Chichibu,,,missing,no,,
Ix4mcLNc,Himeji,,,missing,no,,
gECCFBvx,"Himeji was originally built in the early Muromachi period by the Akamatsu clan as a small fortified outpost atop Himeyama Hill and along the western route to capital Kyoto, but underwent several demolitions and reconstructions until it reached its present form as a mighty castle town barring the way to would-be invaders.",,,missing,no,,
LSCpqFPj,Naba,,,missing,no,,
xqyUiSCO,Muro,,,missing,no,,
hl01ZaFi,Aga,,,missing,no,,
wFbatASK,Osaka,,,missing,no,,
TGw7giTg,"Dominated by the temple fortress of Ishiyama Hongan-ji, Osaka has grown into a major center of religious and economic activity. The temple fortress, controlled by the militant Ikkō-ikki, serves as the stronghold of the Jōdo Shinshū sect, resisting the rule of samurai warlords.",,,missing,no,,
qMS6rcJ7,Amagasaki,,,missing,no,,
PNF5BqUL,Hirakata,,,missing,no,,
NU4XA4XB,Wakae,,,missing,no,,
m6qrzyCa,Sakai,,,missing,no,,
WV6XuHT5,"Sakai, one of the wealthiest and most autonomous cities in Japan, thrives as a center of commerce. The city’s merchant guilds operate independently of the warring daimyōs, maintaining direct trade with China and Portuguese traders. Famous for its high-quality firearms, swords, and luxury goods, Sakai’s economy flourishes even as war ravages the surrounding regions.",,,missing,no,,
qh0lJtT0,Kusabe,,,missing,no,,
43fknY0a,Haze,,,missing,no,,
gvK789wT,Nara,,,missing,no,,
Rfd9cOAd,"Once the great imperial capital of Japan, Nara remains a center of Buddhist influence and cultural heritage. The massive temples of Tōdaiji and Kōfukuji stand as reminders of its former glory, housing powerful monastic factions.",,,missing,no,,
YJwLUC98,Koriyama,,,missing,no,,
HPJqbRGp,Ikaruga,,,missing,no,,
kEOZW3MW,Imai,,,missing,no,,
nvCkXHAa,Kyoto,,,missing,no,,
bYxqhFC3,"Kyoto, once the unrivaled capital of Japan, emerged almost completely destroyed by the struggles for control over the central power. The authority of the Ashikaga Shogunate has crumbled, leaving the city at the mercy of the warring daimyos, while the Imperial Court sits back and watches helplessly. Nevertheless, Kyoto remains the depository of secular traditions and while its days as the true centre of power seem to be over, its religious and cultural influence persists.",,,missing,no,,
UombAy1F,Kameoka,,,missing,no,,
fc4uciRX,Otsu,,,missing,no,,
SqhunkSg,Yamashina,,,missing,no,,
fxIwAwp3,Kannonji,,,missing,no,,
8xv7T88d,"A seemingly quiet castle town built atop Mount Kinugasa, Kannonji has been repeatedly embroiled in the conflicts of its ancestral owners, the Rokkaku clan, and only the castle’s natural defenses have allowed it to resist several sieges.",,,missing,no,,
svF9a3AO,Sakamoto,,,missing,no,,
zPlJZ4Et,Katata,,,missing,no,,
GdmtbPuu,Azuchi,,,missing,no,,
RL5Xo8fq,Odani,,,missing,no,,
OZsf12k6,"Built as the fortified seat of the Azai clan to rule over the surrounding region, the castle town of Odani sits atop a steep ridge, its defenses making it a formidable stronghold, while its position along key trade routes ensure the growing prosperity of the settlement.",,,missing,no,,
Z6IR3pmc,Nagahama,,,missing,no,,
nvn46but,Kunitomo,,,missing,no,,
idWuOFGc,Shiozu,,,missing,no,,
4fxOILfF,Shiota Castle,,,missing,no,,
8zJovLxd,Shisou,,,missing,no,,
fif8CY4b,Iwa,,,missing,no,,
UORxMVZv,Ikuno Castle,,,missing,no,,
B4rIgAXu,Asago,,,missing,no,,
kvIfk7Pn,Awaga,,,missing,no,,
b5ROKqKn,Konosumiyama Castle,,,missing,no,,
FQrxDEty,Youfu,,,missing,no,,
AKm44xSa,Shirosaki,,,missing,no,,
jIlbYCaV,Takebeyama Castle,,,missing,no,,
31sB29eI,Miyazu,,,missing,no,,
I64Wuxzl,Tanabe,,,missing,no,,
R4vwFE7h,Gochaku Castle,,,missing,no,,
TNmMVECR,Oshio,,,missing,no,,
wjCmFvz8,Takasago,,,missing,no,,
9HBXGwhM,Miki Castle,,,missing,no,,
ZqMNObKk,Miki,,,missing,no,,
CQHwBFdV,Akashi,,,missing,no,,
M0osfYXn,Takiyama Castle,,,missing,no,,
TA6vAIHp,Hyogo,,,missing,no,,
HCBBJbxX,Kurume,,,missing,no,,
PKP1FMJk,Akutagawayama Castle,,,missing,no,,
1lijcoPq,Itami,,,missing,no,,
8RAd0mOi,Tona,,,missing,no,,
eqwquYnl,Kutsuki Castle,,,missing,no,,
ssuKNazT,Kaizu,,,missing,no,,
XqDclA04,Sawayama Castle,,,missing,no,,
kJ7GSg2b,Taga,,,missing,no,,
eiBJgTd6,Koura,,,missing,no,,
VDk55ikU,Shigisan Castle,,,missing,no,,
8BeZLj90,Tomi,,,missing,no,,
d6koZFZX,Heguri,,,missing,no,,
X1XNarZc,Takaya Castle,,,missing,no,,
H96dzZca,Kyuhouji,,,missing,no,,
hJXbIbcC,Tondabayashi,,,missing,no,,
JHkqe79H,Kishiwada Castle,,,missing,no,,
jxkb3kzF,Kaizuka,,,missing,no,,
zDhlobyA,Tannowa,,,missing,no,,
PYM45AKb,Sumoto Castle,,,missing,no,,
AvIvF9cQ,Yura,,,missing,no,,
4E2Osk84,Fukura,,,missing,no,,
3XWs4TyE,Iwamuro Castle,,,missing,no,,
LZQI2qYV,Koda,,,missing,no,,
JiCy0cGU,Kinominato,,,missing,no,,
My5AlIjm,Toya Castle,,,missing,no,,
dfHStZUp,Yuasa,,,missing,no,,
dXkBXUQ2,Kii-Yura,,,missing,no,,
td8qkkz0,Toba Castle,,,missing,no,,
scbRMDG2,Kunisak,,,missing,no,,
Z06Isd7R,Ominato,,,missing,no,,
t2ioc3tv,Tsu Castle,,,missing,no,,
vYdmdRjj,Aritaki,,,missing,no,,
mV7Ib8JR,Hosokumi,,,missing,no,,
hN7GTqtN,Anotsu,,,missing,no,,
iYjZ69ZO,Ueno Castle,,,missing,no,,
WhNyyoAt,Nabari,,,missing,no,,
t93lkmYo,Tsuge,,,missing,no,,
5Dg2vkaC,Hino Castle,,,missing,no,,
DT6ynFvP,Minakuchi,,,missing,no,,
vecUUwJp,Otowa,,,missing,no,,
rogs3NNl,Sakuma-Kameyama Castle,,,missing,no,,
4VCQnnAN,Shirako,,,missing,no,,
8ikUEhbQ,Kusu,,,missing,no,,
tJBWAjyZ,Nagashima Castle,,,missing,no,,
ZnlA58aj,Kuwana,,,missing,no,,
P5GkX0F8,Nakaei,,,missing,no,,
1VIjjKWB,Shoryuji Castle,,,missing,no,,
JrStOL0U,Oyamazaki,,,missing,no,,
02pX6hRh,Uji,,,missing,no,,
RmvKSL4R,Kii-Kameyama Castle,,,missing,no,,
HbMqTOlK,Gobo,,,missing,no,,
bbUOxTCp,Koyama,,,missing,no,,
7o1ufRGz,"Koyama is strategic stronghold in Southern Kyushu, nestled in the rugged terrain of Higo Province, where mountain passes connect inland domains to the western coast.",,,missing,no,,
a0MVffcN,Backstreet,,,missing,no,,
LWHIVshb,Clearing,,,missing,no,,
Rr1cy5Sk,Waterfront,,,missing,no,,
j25R8lHH,Takasu,,,missing,no,,
kWIpce0W,Aira,,,missing,no,,
LUmsTlq0,Kanoya,,,missing,no,,
DvfCu92X,Uchi,,,missing,no,,
GyIr6NHT,"A small but strategically located settlement, Uchi serves as a waypoint for travelers and merchants moving through its province. The town’s location makes it valuable to any daimyo seeking control over the surrounding region.",,,missing,no,,
L6kjepZF,Kawakami,,,missing,no,,
p6O0gMzu,Imuta,,,missing,no,,
eJyaOfUD,Chiran,,,missing,no,,
9w6vlX8J,Sadowara,,,missing,no,,
7zKX3k7y,"The castle town of Sadowara, located in the southern portion of Kyushu, has served as the seat of the Itō clan for generations. Benefiting from fertile plains and proximity to maritime routes, Sadowara has flourished as both an administrative and agricultural center becoming the epicenter of the Itō clan's expansion attempts in the region.",,,missing,no,,
4XJg880P,Miyazaki,,,missing,no,,
SVbVfUM2,Kiwaki,,,missing,no,,
BNks4KgV,Yuyae,,,missing,no,,
bXE3Eti6,Hitoyoshi,,,missing,no,,
reqICg9a,"A castle town nestled deep in the mountains of South-western Kyushu, Hitoyoshi has served as the seat of the Sagara clan since the Kamakura period. It is said that during the construction work a moon-shaped stone was unearthed, thus giving rise to the alternative folk name of moon castle. Popular tales aside, Hitoyoshi stands as an imposing fortification that has only once been attacked by an enemy and with a fatal outcome.",,,missing,no,,
4HuxiIxy,Okoba,,,missing,no,,
oFXG6Da7,Kinoue,,,missing,no,,
5eaNziO9,Yamada,,,missing,no,,
sgEq01Iv,Nyushima,,,missing,no,,
1OHDyEtH,"Benefiting from its position along key maritime trade routes and its proximity to the island’s northern provinces, Nyushima has grown into a prosperous castle town, also thanks to the influence of the Ōtomo clan, that has promoted the town as a center of local governance.",,,missing,no,,
ffcYS6qW,Hikiji,,,missing,no,,
sRoPcqQk,Isshiyakuya,,,missing,no,,
HHWkdmFT,Kiidani,,,missing,no,,
DFE7hHDt,"Nestled within the rugged highlands of northern Kyushu, Kiidani has long served as a fortified settlement, guarding the access to the western island of Japan. Its position overlooking vital inland routes has given it strategic relevance amid the growing contest for control over Kyushu and has already turned Kiidani into a conflict point between the Ouchi and Otomo in the past.",,,missing,no,,
ASyaMblp,Shonai,,,missing,no,,
ZqZ1vTUG,Hirotsu,,,missing,no,,
mlSVyux6,Urustu,,,missing,no,,
p7K9495f,Yanagawa,,,missing,no,,
fOOOFAf4,"Located in north-western Kyushu, Yanagawa is strategically located on the banks of the Chikugo River, at the crossroads of trade routes connecting much of the region, which facilitates both trade and military movements.",,,missing,no,,
HsmYTQSG,Shiozuka,,,missing,no,,
ul6hJmhX,Sarukaki,,,missing,no,,
FfxSAyD5,Tachiarai,,,missing,no,,
k2e9Z4Cn,Kumamoto,,,missing,no,,
JwSGTyTV,"Well-positioned between coastal trade routes and mountain strongholds of western Kyushu, Kumamoto has enjoyed steady growth thanks to the flow of trade and local production that made it a thriving and well-defended castle town.",,,missing,no,,
r0VfhBU0,Mifune,,,missing,no,,
RGjU5dz5,Umeo,,,missing,no,,
DAWFhgck,Kikuchi,,,missing,no,,
tfwfgbGr,Tachibanayama,,,missing,no,,
QK5trJCE,"Perched on a prominent hill in northern Kyushu, Tachibanayama was originally built for its namesake Tachibana clan as a fortified town, whose control over the surrounding areas remains vital for securing key trade routes and access to both land and sea.",,,missing,no,,
vAe5refA,Mizuki,,,missing,no,,
CpUJiWgf,Komono,,,missing,no,,
eL3o2vmZ,Muranaka,,,missing,no,,
kw7kEnWY,"Muranaka has long served as a local stronghold in Western Kyushu, functioning as a minor seat of governance under the protection of the Aso clan, whose authority once extended across the central highlands. With the Aso clan’s power sharply declined under pressure from the Shimazu to the south and the Ōtomo to the east, Muranaka is now left vulnerable.",,,missing,no,,
XVb1ehch,Tokushima,,,missing,no,,
0aitRUqP,Sarushi,,,missing,no,,
NjWKX8LI,Hinoe,,,missing,no,,
rRdiqxwR,"The castle town of Hinoe sits on the west coast of Kyushu on the Shimabara Peninsula. Built in the early Kamakura period, Hinoe has since served as the home base and major source of profits for the Arima clan, who from here controlled maritime trade routes and more recently the Nanban foreign trade.",,,missing,no,,
EjeToav7,Kuchinotsu,,,missing,no,,
9YfwfCjt,Koujiro,,,missing,no,,
UxE57P3d,Hamano,,,missing,no,,
oAgVFI62,Tomita Castle,,,missing,no,,
rRgHbmlr,Nejime,,,missing,no,,
WZH3w9tF,Noma,,,missing,no,,
MoJR4iq9,Shibushi Castle,,,missing,no,,
tQmhIOIF,Shibushitsu,,,missing,no,,
OIi5cXVf,Anraku,,,missing,no,,
72CP6gNY,Kasedaga Castle,,,missing,no,,
1Fr3VoTo,Tarumizu,,,missing,no,,
hLETw6Gd,Nogata,,,missing,no,,
Z6xvSsd1,Miyakono Castle,,,missing,no,,
GKxseaL3,Umekita,,,missing,no,,
NH7hv1F0,Takarabe,,,missing,no,,
VDOHxziL,Kajiki Castle,,,missing,no,,
yIiSFFeh,Kamou,,,missing,no,,
NahCzVBn,Hiramatsu,,,missing,no,,
V4l3uOOV,Izaku Castle,,,missing,no,,
DHj4tjcO,Tajiri,,,missing,no,,
J9ojWArl,Bonotsu,,,missing,no,,
YlHG1uim,Ei Castle,,,missing,no,,
1PXeijMQ,Yamagawa,,,missing,no,,
f1qlejME,Ibusuki,,,missing,no,,
cVBxmTT1,Iino Castle,,,missing,no,,
fCbUH9xs,Ikejima,,,missing,no,,
ABY7N8bq,Shiratori,,,missing,no,,
kQ3nFXBb,Ichiuji Castle,,,missing,no,,
5cBCgUn1,Kushikino,,,missing,no,,
fzrGQOuD,Fujikawa,,,missing,no,,
e0V4GJYO,Izumi Castle,,,missing,no,,
FKAHnPeI,Akune,,,missing,no,,
HT1TJQRB,Dozaki,,,missing,no,,
m9VjNH76,Obi Castle,,,missing,no,,
cXYrWwnD,Sakatani,,,missing,no,,
hih1prHh,Aburanotsu,,,missing,no,,
0peuGHvI,Kiyotake Castle,,,missing,no,,
JHhvCoXG,Kagamizu,,,missing,no,,
o7OrcwcK,Soi,,,missing,no,,
UVF2azp9,Aya Castle,,,missing,no,,
3DfoUkQy,Nojiri,,,missing,no,,
UysYG0ST,Minou,,,missing,no,,
0LHvahhd,Kadogawa Castle,,,missing,no,,
qiAah3xb,Shiomi,,,missing,no,,
8sz0tXhd,Sasouzu,,,missing,no,,
J0Mo41hV,Nabe Castle,,,missing,no,,
RnY20xbi,Kume,,,missing,no,,
xRmEtOTl,Okuchi Castle,,,missing,no,,
7CLX8g0B,Hatsuki,,,missing,no,,
UiKJPgNh,Ushikusoin,,,missing,no,,
dENmoFnW,Furufumoto Castle,,,missing,no,,
VtJMB9Su,Tokubuchitsu,,,missing,no,,
MnzEGhcs,Sashiki,,,missing,no,,
kXl5DF4d,Tsurusaki Castle,,,missing,no,,
3E9YRaFR,Terajihama,,,missing,no,,
TLZ8fwHD,Senzai,,,missing,no,,
r0l7lIjW,Oka Castle,,,missing,no,,
RJwm8sOR,Fujikita,,,missing,no,,
OHnTDMNl,Ichimada,,,missing,no,,
6weMf3aJ,Kitsuki Castle,,,missing,no,,
QsnLEOc2,Nata,,,missing,no,,
GP8I3F8l,Takada,,,missing,no,,
HrvBj1b6,Takaidake Castle,,,missing,no,,
dCD739MX,Ishimatsu,,,missing,no,,
MfCOiZMx,Yamashita Castle,,,missing,no,,
eBLaHjSJ,Mizoguchi,,,missing,no,,
YIGWJwKV,Yabe,,,missing,no,,
EOUbYBPk,Tamaoka Castle,,,missing,no,,
5OrsY3Wz,Maki,,,missing,no,,
Ucg7oX28,Takaba,,,missing,no,,
LKUxUR8Y,Kawaradake Castle,,,missing,no,,
aopAmhHp,Okurayama,,,missing,no,,
XqBNIq9G,Ousaka,,,missing,no,,
Eux6uT73,Matsuyama Castle,,,missing,no,,
0QTdZKo2,Moji,,,missing,no,,
aALll4Gm,Nagano,,,missing,no,,
lJKoL9IH,Hasuike Castle,,,missing,no,,
qTl7CJAl,Kanoe,,,missing,no,,
5u0Pc117,Sakimura,,,missing,no,,
Qhvj6XO9,Seifukuji Castle,,,missing,no,,
SBckHhdZ,Chifu,,,missing,no,,
2lDJWmDh,Imayama,,,missing,no,,
bsA0vCZ7,Kajimine Castle,,,missing,no,,
TMiJJOHo,Hazama,,,missing,no,,
kYDrfyq9,Haruke,,,missing,no,,
MBqlRZU5,Sanjo Castle,,,missing,no,,
nBaMGgNo,Iwamatsu,,,missing,no,,
b7yO79tn,Nagasaki,,,missing,no,,
40woqJi6,Suko Castle,,,missing,no,,
0AIh4sLQ,Ojima,,,missing,no,,
pyqR4PGc,Kishima,,,missing,no,,
DhFnievF,Mifune Castle,,,missing,no,,
j1XEMyqn,Mashiki,,,missing,no,,
Tr73jAZQ,Udo,,,missing,no,,
TvyJMitP,Iwao Castle,,,missing,no,,
y19oi5PN,Katashida,,,missing,no,,
ROS1fAAN,Kusa,,,missing,no,,
Xycc7oGz,Nakamura,,,missing,no,,
RzWkXm61,"Nakamura, is a castle town in Western Shikoku. Surrounded by rivers and mountains, it enjoys a natural defensive advantage, benefitting from the fertile lands that produce rice and timber.",,,missing,no,,
r2zh2zgG,Kashiwajima,,,missing,no,,
htHL9YA2,Simizu,,,missing,no,,
v1JzXhFl,Irino,,,missing,no,,
2W7Fq6SK,Kurose,,,missing,no,,
lhPHAUHU,"Located in the inland reaches of Shikoku, Kurose is a strategically placed castle town that provides control over the inland routes and a valuable defensive position against neighbouring domains.",,,missing,no,,
nP4eDvur,Itashima,,,missing,no,,
5RlNrax2,Yawatahama,,,missing,no,,
Y3U6iVbc,Hoketsu,,,missing,no,,
buxaDLVS,Yuzuki,,,missing,no,,
nyUeGzWY,"Yuzuki is a fortified port town in western Shikoku, built by the Kōno clan as as a gateway to maritime commerce. Despite its modest size, Yuzuki has prospered thanks to the Kōno clan's unofficial alliance with local pirates and the castle's defensive position.",,,missing,no,,
cOkHyAGW,Ebara,,,missing,no,,
nlTcnzDH,Masaki,,,missing,no,,
wQMWYpmM,Mitsuhama,,,missing,no,,
BkQ18hKt,Okou,,,missing,no,,
wWXECumA,"Okou is a castle town located in a a key strategic location in the southern part of Shikoku, that has been serving as the ancestral seat of the Chōsokabe clan since the Kamakura period. Okou recently played a crucial role in the consolidation of power by Chōsokabe Motochika.",,,missing,no,,
q6ybFEVI,Urado,,,missing,no,,
7XDTcaQb,Motoyama,,,missing,no,,
nmm8Bu6b,Kouso,,,missing,no,,
uqoP6awr,Amagiri,,,missing,no,,
QF8vgBEz,"Amagiri is a fortified town on top of the namesake Mountain, built by the Kagawa Clan as its seat in the Northern part of Shikoku. Thanks to its strategically fortified location and access to the Inland Sea coast, Amagiri is an important centre for controlling the surrounding territory and trade routes.",,,missing,no,,
AnrHVvKK,Nio,,,missing,no,,
aMpkMmHq,Tadotsu,,,missing,no,,
0R2n2Ghr,Ushiki,,,missing,no,,
McWUwCaM,"Ushiki is a castle town in eastern Kyushu built by the Daimyo Ōtomo Sōrin as the main base for his expanding domain. Located on what is virtually an island connected to the rest of Kyushu only during low tides, Ushiki dominates the eponymous bay.",,,missing,no,,
ku69fD7c,Tachibana,,,missing,no,,
x0ujuUWA,Hirashima,,,missing,no,,
vOc88PUp,Yuki,,,missing,no,,
KDinodgg,Himenono Castle,,,missing,no,,
k2dvsiaD,Yotsu,,,missing,no,,
vEYNurYp,No Description,,,missing,no,,
nAzazSPE,Susaki,,,missing,no,,
gv26VlxV,Ozu Castle,,,missing,no,,
kPVN94M0,Uchiko,,,missing,no,,
xnMIkc2w,Tokiwa Castle,,,missing,no,,
IOanxV4Y,Fukaura,,,missing,no,,
zmnn621o,Sukumo,,,missing,no,,
PLiqyrst,Kokubuyama Castle,,,missing,no,,
VtFXe1Li,Imabari,,,missing,no,,
FmvBJPlM,Oura,,,missing,no,,
WZE9iw0B,Kira Castle,,,missing,no,,
Tz4Dextk,Ino,,,missing,no,,
Dt7tVVZ2,Usa,,,missing,no,,
mFN2WlLP,Kaneko Castle,,,missing,no,,
jdzhgkfo,Niihama,,,missing,no,,
NR5KAE14,Kawanoe,,,missing,no,,
ehKkRG65,Onishi Castle,,,missing,no,,
3Gtl1ZWV,Umaji,,,missing,no,,
Ydi2eMWL,Shuzu,,,missing,no,,
o1iKzaRQ,Aki Castle,,,missing,no,,
FMZ0ghV3,Inoguchi,,,missing,no,,
NbT4Swom,Nahari,,,missing,no,,
PlKW3dYT,Sakihama Castle,,,missing,no,,
BwdDTePk,Murotsu,,,missing,no,,
tC73LOrW,Kannoura,,,missing,no,,
cvw8Hsv2,Sogo Castle,,,missing,no,,
hxnWpK6g,Kozai,,,missing,no,,
hE6MmVcF,Shido,,,missing,no,,
PaZTWp5t,Tosadomari Castle,,,missing,no,,
5Y2Acdc9,Bekku,,,missing,no,,
yMHAPvF7,Komatsushima,,,missing,no,,
5avzU4Vd,Kurokawa,,,missing,no,,
eIQDsF1J,"The castle town of Kurokawa was built by the Ashina clan as its seat in the southernmost part of Ōu region, an isolated area that ensured that Kurokawa could grow while avoiding the worst of the conflicts between neighbouring lords.",,,missing,no,,
qZJxFCAP,Kouzashi,,,missing,no,,
lUgrIbsy,Shingu,,,missing,no,,
x3I1aFDf,Sakigawa,,,missing,no,,
RCqlfDCy,Yonezawa,,,missing,no,,
mq4zhe9z,"Built during the Kamakura period, the castle town of Yonezawa has served as the seat of the Date clan since they drove out the previous lords and from here they plan the domination of neighbouring domains.",,,missing,no,,
ucQBmrCG,Nagai,,,missing,no,,
F5azEbwE,Komatsu,,,missing,no,,
2vWUQEjx,Takahata,,,missing,no,,
dzB5r5rJ,Yamagata,,,missing,no,,
ullPdzCT,"Yamagata has been the seat of the Mogami since before they adopted this name, its location marked by the many mountains and rivers that shield it and at the same time make it an important connection centre for the surrounding regions.",,,missing,no,,
gaUB4BnH,Kashikura,,,missing,no,,
df4bDfVc,Narusawa,,,missing,no,,
tVLZhzFJ,Iwanami,,,missing,no,,
dedDT7v0,Ishinomaki,,,missing,no,,
P7woV3wC,"Ishinomaki is a bustling coastal town in the southern part of the Ōu region that has grown as an important port for trade and fishing as Matsushima Bay provides natural protection and  the Kitakami River serves as a vital route for transporting goods inland. Although its strategic location has ensured its prosperity, it also makes it an important military target for the plans of expansion of the local clans.",,,missing,no,,
uz57gbic,Monou,,,missing,no,,
I7PkmB8a,Yokoura,,,missing,no,,
7rgGkG5A,Hagihama,,,missing,no,,
iIBfwKXU,Sakata,,,missing,no,,
69FUsSqB,"Sakata is a a key port in the northern part of the Tōhoku region, the castle town has grown into a vital hub for trade, particularly due to its access to the Sea of Japan and its proximity to the rich agricultural lands of the surrounding region.",,,missing,no,,
mv5V2ut6,Fukiura,,,missing,no,,
HYWVIvb5,Kamegasaki,,,missing,no,,
hMUcPr79,Dewa-Oura,,,missing,no,,
KGp4U6ZT,Tzuchizaki-Minato,,,missing,no,,
QBjyZBVp,"Situated along the windswept coastline of northern Honshu, Tzuchizaki‑Minato has long served as a crucial point for maritime trade and the transport of goods between the main islands and the northern provinces.",,,missing,no,,
31TCIXhh,Wakimoto,,,missing,no,,
74v8alVP,Akitanada,,,missing,no,,
H1j9IJpL,Toyoshima,,,missing,no,,
YUFX5LdB,Sannohoe,,,missing,no,,
4i6COw8g,"Located along a key mountain pass, Sannohoe is a fortified town that serves as a military outpost, guarding vital routes for trade and troop movements on the borders of competing powers.",,,missing,no,,
REnRF8j7,Okuze,,,missing,no,,
g5nOB4NF,Tonai,,,missing,no,,
JD0A5H5Z,Tago,,,missing,no,,
d2r4B3vq,Tosaminato,,,missing,no,,
oUeaHLhb,"Located in the northernmost reaches of Honshu, Tosaminato serves as a key trade hub with the Ainu people of Hokkaido although the harsh winters and isolation make it difficult to defend, leaving it vulnerable to raids. Once a thriving port and administrative center of the Andō clan, Tosaminato has declined following the clan’s expulsion.",,,missing,no,,
PUlURumW,Minma,,,missing,no,,
fBj65a4D,Isamatsu,,,missing,no,,
1SYbPUL2,Ushiogata,,,missing,no,,
cSv4dDYF,Funaoka Castle,,,missing,no,,
bQNPHfvT,Sekishiba,,,missing,no,,
QaEH7Dir,Funaoka,,,missing,no,,
Yz5C61wb,Inawashiro Castle,,,missing,no,,
0nigus9o,Shirozu,,,missing,no,,
DYJqFlFJ,Inawashiro,,,missing,no,,
s7rze40X,Nihonmatsu Castle,,,missing,no,,
PyJrv2Zi,Adachi,,,missing,no,,
6EjtiE1h,Nihonmatsu,,,missing,no,,
yHyulJvD,Miharu Castle,,,missing,no,,
umB4cBex,Tamura,,,missing,no,,
4JR9iFkF,Sukagawa Castle,,,missing,no,,
gJ8oFcbF,Iwase,,,missing,no,,
YYwosnpB,Iinotaira Castle,,,missing,no,,
uJ6CdWHi,Shirado,,,missing,no,,
7Hq10uGX,Funao,,,missing,no,,
f2CeLPNG,Odaka Castle,,,missing,no,,
i3yQgaJa,Kusano,,,missing,no,,
QF5ogRWa,Odaka,,,missing,no,,
WyYgoD82,Soma-Nakamura Castle,,,missing,no,,
C2H4DaQK,Kakeda,,,missing,no,,
6lW35QHG,Nakamuta,,,missing,no,,
2O1LTj6A,Yanagawa Castle,,,missing,no,,
QOPgjGHV,Nishiyama,,,missing,no,,
bD7XR9fp,Marumori,,,missing,no,,
UZpcsghh,Watari Castle,,,missing,no,,
FXqfnZn9,Sakatsuda,,,missing,no,,
ZwoRpuj0,Watari,,,missing,no,,
oaO9LGPD,Tendo Castle,,,missing,no,,
bK3dj8lF,Shiraiwa,,,missing,no,,
gBu1s21m,Aterazawa,,,missing,no,,
uUTWektF,Iwakiri Castle,,,missing,no,,
OMLWJ5Fr,Shiogama,,,missing,no,,
vsV1qXqp,Sendai,,,missing,no,,
iB14AOiv,Nakaniida Castle,,,missing,no,,
FvBaL0TE,Ohira,,,missing,no,,
sofCUqLo,Iwadeyama Castle,,,missing,no,,
76tvhW5p,Ichikuri,,,missing,no,,
Z4W1hXLz,Isoda,,,missing,no,,
eehsgWjf,Takashimizu Castle,,,missing,no,,
wqtco3R9,Miyazawa,,,missing,no,,
WyzxYdII,Furukawa,,,missing,no,,
KySQHYm3,Teraike Castle,,,missing,no,,
nWaehi3F,Sanuma,,,missing,no,,
hodlaZbm,Matsuzaki,,,missing,no,,
bdNND23Q,Nobesawa Castle,,,missing,no,,
9FV8t8dZ,Ohanazawa,,,missing,no,,
pJZ7r6bs,Nobesawa,,,missing,no,,
xyaQJs4i,Sakenobe Castle,,,missing,no,,
Zofovajl,Kisakata,,,missing,no,,
UKEAbrPY,Niwatsuki,,,missing,no,,
RDni1NjO,Nikaho Castle,,,missing,no,,
Slnm1ecp,Akaotsu,,,missing,no,,
ocaoj1QX,Kanaura,,,missing,no,,
v3MePHaA,Inaniwa Castle,,,missing,no,,
vjlhfzst,Iwasaki,,,missing,no,,
Euog4rMA,Yokote Castle,,,missing,no,,
Izs9VpaL,Inooka,,,missing,no,,
6gi0UGoC,Nabekura,,,missing,no,,
P9LlpXym,Akaiwa Castle,,,missing,no,,
BONgbdKq,Karakuwa,,,missing,no,,
hEKTynbL,Kesennuma,,,missing,no,,
ZT8MEupe,Yokota Castle,,,missing,no,,
7CRT9rFq,Tono,,,missing,no,,
7wjzzonU,Otsuchi,,,missing,no,,
c6WgdqDP,Sentoku Castle,,,missing,no,,
UogO5FoZ,Takusari,,,missing,no,,
5c3BJNVM,Miyako,,,missing,no,,
2UZWHWxt,Kousuiji Castle,,,missing,no,,
pbXTKvQy,Kozukata,,,missing,no,,
AzsAhFFD,Toyagasaki,,,missing,no,,
Aq4agpBP,Kakunodate Castle,,,missing,no,,
FVZd8Tl0,Naraoka,,,missing,no,,
o9liYcr7,Tomaki,,,missing,no,,
Ob5vJ7q3,Hiyama Castle,,,missing,no,,
YxF2cu41,Noshiro,,,missing,no,,
0V9ZvruS,Yonaizawa,,,missing,no,,
ld7y4DJs,Odate Castle,,,missing,no,,
uces05JF,Hanaoka,,,missing,no,,
YlXMYatL,Sugisawa,,,missing,no,,
YSsAfEU9,Kunohe Castle,,,missing,no,,
QZ9ZAS3I,Joho-ji,,,missing,no,,
kcAqbMj0,Kuzumaki,,,missing,no,,
MR2TmeTe,Kuji Castle,,,missing,no,,
IrLmW3mx,Kuji,,,missing,no,,
uk7bwWFE,Tamagawa,,,missing,no,,
4gUUbuqA,Ne Castle,,,missing,no,,
pAmrC57D,Hachinohe,,,missing,no,,
Yyc80YCh,Shichinohe Castle,,,missing,no,,
j8k6HP7X,Yokohama,,,missing,no,,
aUExdpE1,Nobeji,,,missing,no,,
fVzszw07,Oura Castle,,,missing,no,,
0gDY3o31,Azhigasawa,,,missing,no,,
2YQh9dGU,Icchoda,,,missing,no,,
FHNWihyd,Namioka Castle,,,missing,no,,
EUW4qdGe,Aburakawa,,,missing,no,,
hXqRZVEA,Hirota,,,missing,no,,
FTjRvoSv,Junpo-ji Castle,,,missing,no,,
w65n9Jva,Ohata,,,missing,no,,
ojRLdFub,Hideout,,,missing,no,,
8dDNWHR4,The Retreat,,,missing,no,,
pTwgbeAF,This is the retirement retreat location.,,,missing,no,,
iPw8cWlo,"I can share my story with you, if you have the time.",,,missing,no,,
47t2GEk5,"I served a small fudai domain for twelve years. My lord was a decent man, but his chief councillors were parasites who spent more time arguing over stipends than preparing for the storm that is coming.",,,missing,no,,
irhL16IF,"When Commodore Perry arrived, I said we should modernize our troops. When Choshu began arming with Western weapons, I said we should do the same. They called me reckless. Then they bought rifles themselves and pretended it had been their idea all along.",,,missing,no,,
YLn5hxVB,"I spoke too openly in council. Now I travel without a stipend, without a master, and without patience for men who mistake caution for wisdom.",,,missing,no,,
T07xEuQR,A noble decision!,,,missing,no,,
cPpWwCU9,How virtue has crumbled since the old days.,,,missing,no,,
EQzHDnlS,"At any rate, I'll fight for any man willing to take the same risks that his men face.",,,missing,no,,
y4EHUEhJ,I have not betrayed my lord. I merely refused to flatter fools.,,,missing,no,,
fbkhftUI,"You know, you'd think this place could serve proper sake, instead of this piss... Sorry, where were we? Ah yes, my story.",,,missing,no,,
q4PcHv5B,"I was born the son of a village headman, but I studied in a domain school where the teachers spoke of loyalty to the Throne and the corruption of Edo.",,,missing,no,,
8LJhHcdn,"The Shogunate signs treaties with foreigners, bows to foreign demands, and allows foreign ships into our waters. Every year the old order grows weaker, yet the officials tell us to remain calm.",,,missing,no,,
ZshQMkvF,"I have not joined any conspiracy. Not yet. But if a man truly intends to restore honor to the realm, I would hear him out before I hear another speech from a Tokugawa bureaucrat.",,,missing,no,,
bMHFQgVE,"Aye, real honor is as scarce as hen's teeth these days.",,,missing,no,,
4u0yW6NO,"A disappointing thing, that so few are willing to die for His Imperial Majesty.",,,missing,no,,
mwP0qLdr,"Let me tell you something - I'm sick of cowardice, sick of those who don't come forth to serve their Emperor.",,,missing,no,,
9LgUgtje,The Emperor sits in Kyoto while weak men rule in his name.,,,missing,no,,
56VPnxQd,"You're a nosy one, I see.",,,missing,no,,
NJBOYpT8,"I served with a patrol force outside Osaka. We escorted tax shipments, guarded roads, and kept hot-headed young samurai from turning every argument into a blood feud.",,,missing,no,,
QYtKUuSG,"These days everyone talks about restoring this or expelling that. Fine words. But when merchants are robbed and villages burn, it is still Tokugawa officials who restore order.",,,missing,no,,
5wQ8SVFg,"The Shogunate is imperfect. So is every government ever created by men. I have no love for corrupt magistrates, but I fear chaos more than I fear reformers.",,,missing,no,,
0SnKUaex,No doubt a sad state of affairs. So what do you do?,,,missing,no,,
tZoZqI4J,What? Does no one respect their lords anymore?,,,missing,no,,
DVoKPeYg,"The Shogunate will stand with or without me. It has reigned for 250 years, and it will undoubtedly rule for another 1000.",,,missing,no,,
KsvWPyis,Everyone complains about Edo until bandits appear on the road.,,,missing,no,,
B3UQTCRE,Refill my glass and I'll tell you.,,,missing,no,,
B3FYzxuX,"A younger son of a samurai family, I was sent to Edo to study at a famous d┼ìj┼ì. Every evening the students argued politics more fiercely than they crossed swords.",,,missing,no,,
76PZeDr8,"Some swore the Emperor must rule directly. Others said the Tokugawa alone kept the peace. I came to master the blade, not speeches.",,,missing,no,,
j8Uu9hDq,"After too many duels over matters that had nothing to do with technique, I left. Steel cuts the same no matter whose crest is painted on the scabbard.",,,missing,no,,
WcIRq8oJ,Indeed. Nobody is more important than a skilled swordsman.,,,missing,no,,
CrgC7TT9,Resentment is poison to a friendship. Men must learn to follow the natural flow.,,,missing,no,,
VZvFRGVj,I studied the sword to perfect myself. Now everyone wants me to choose a side.,,,missing,no,,
tes9mQpC,"My father traded through Nagasaki, where I first saw Dutch books, foreign instruments, and machines unlike anything made in Japan. While other boys practiced the sword, I struggled through foreign texts, determined to understand the secrets they contained.",,,missing,no,,
8D9bBLDI,"The more I learned, the clearer it became that the outside world was changing faster than we were. Some say Western knowledge is poison. Others worship it without question. I think both are fools.",,,missing,no,,
ZirqXvvL,"I do not seek to make Japan into the West. I only wish to learn whatever can strengthen her. So I travel where knowledge can be found, serving any lord wise enough to value skill over tradition alone.",,,missing,no,,
WQCAanal,"Ah, the old days. And no doubt back then they complained about the older days. I've heard enough.",,,missing,no,,
QxLnNYYP,"Well, I can't just sit around and drink myself to death, so I sell my sword to anyone worth following. I'm a good trainer - I don't bother with horsemen or archers, but if you've got good steady footmen I can do a lot with them.",,,missing,no,,
eTnx78E4,Most men think the world ends at Japan's shores. I know better.,,,missing,no,,
1Slubhxc,It's not many who ask that question.,,,missing,no,,
STrkPNAu,"I spent years riding between castle towns carrying my lord's messages. Most were dullΓÇötax records, supply requests, invitations to banquetsΓÇöbut now and then I was entrusted with letters sealed so tightly that men would kill to read them. I never broke a seal. I never asked questions. A messenger who lives long learns when not to be curious.",,,missing,no,,
GwBLUOvp,"Still, it was impossible not to notice the country changing. Every road carried more soldiers than merchants. Every castle wanted rifles, powder, or foreign books. Men who smiled at one another in spring refused to speak by autumn.",,,missing,no,,
Q24HJPaK,"When my lord died, his heir dismissed half the household to save money. I kept my horse and my knowledge of the roads. Those have served me better than any official seal ever did.",,,missing,no,,
mR659A6K,What? Does no one respect messengers anymore?,,,missing,no,,
udY7HF3U,"Well, I can't just sit around and drink myself to death, so I sell my sword to anyone worth following. I'm a good scout, anything you want me to find I will.",,,missing,no,,
6Jv713W9,"If you carry enough letters, you begin to understand the people who write them.",,,missing,no,,
cyE7XNwX,Infanterie de Ligne,,,missing,no,,
qaYb5hje,Chasseurs a Pied,,,missing,no,,
BUWEaHih,Dragons de l'Imperatrice,,,missing,no,,
UtOwd7s7,Royal Marines Light Infantry,,,missing,no,,
AxePLDNN,Royal Marines Light Infantry Veteran,,,missing,no,,
yAchbdS0,Matsudaira Yoshinaga,,,missing,no,,
92Plru2R,Hosokawa Tsuneko,,,missing,no,,
m28lOKlG,Matsudaira Yasu,,,missing,no,,
PeZKtHl4,Matsudaira Mochiaki,,,missing,no,,
10GS8hh6,Koga Sachiko,,,missing,no,,
zHzGUOYl,Honda Fukumoto,,,missing,no,,
nTqCvCWT,Honda Kiyoko,,,missing,no,,
byu8D8HC,Honda Tomiyoshi,,,missing,no,,
maSOGXrZ,Honda Chiyo,,,missing,no,,
X5qVfju7,Honda Fukumasa,,,missing,no,,
K5vrtqxW,Honda Otatsu,,,missing,no,,
MxewE2UB,Honda Fukuyoshi,,,missing,no,,
LrsfIPm8,Honda Fukuyasu,,,missing,no,,
FjN0SPCO,Koma Takakatsu,,,missing,no,,
edubnNQh,Koma Yoshiko,,,missing,no,,
DGRdBFWD,Koma Rinnosuke,,,missing,no,,
YiN0QUpV,Koma Haruko,,,missing,no,,
htAMl2eb,Koma Takamune,,,missing,no,,
Bhxb1sTw,Nakane Yukie,,,missing,no,,
aCNFnmpJ,Nakane Tose,,,missing,no,,
eqgaZO03,Nakane Morotatsu,,,missing,no,,
NagaZO03,Nakane Cho,,,missing,no,,
MNaaZO03,Nakane Mitsu,,,missing,no,,
FXVHs6Rl,Yokoi Shonan,,,missing,no,,
pTApzZjo,Yajima Tsuseko,,,missing,no,,
ZctOTbV9,Yokoi Tokio,,,missing,no,,
zCTOTbV9,Yokoi Miya,,,missing,no,,
jGCv6Uil,Hasebe Yoshitsura,,,missing,no,,
YuKkGPsJ,Yuri Kimimasa,,,missing,no,,
jaNkGPsJ,Murata Ujihisa,,,missing,no,,
8NfTd97s,Sakai Tadauiji,,,missing,no,,
khSBd7oA,Sakai Ryoko,,,missing,no,,
zgHNjeAc,Sakai Tadaaki,,,missing,no,,
Ozp8uVH2,Sakai Eiko,,,missing,no,,
3t8eBlK9,Sakai Tadamichi,,,missing,no,,
50rxSxoL,Sakai Hisako,,,missing,no,,
YS6J1DSx,Sakai Hisao,,,missing,no,,
ChLVdmm5,Sakai Tadayori,,,missing,no,,
fllPpIHN,Sakai Tatsu,,,missing,no,,
rmn0keBY,Ban Nobuchika,,,missing,no,,
pOV36qLw,Ban Hisa,,,missing,no,,
Mwzg4d94,Ban Nobutomo,,,missing,no,,
BUaB2CAs,Ban Mio,,,missing,no,,
reQL1Reg,Sakai Tadamasu,,,missing,no,,
ZAVB59DI,Sakai Rakuko,,,missing,no,,
x5bCceO3,Sakai Tadae,,,missing,no,,
0wP2NHjx,Sakai Aki,,,missing,no,,
BFpJOH9B,Sakai Tadatsune,,,missing,no,,
oWMNADvQ,Itakura Sada,,,missing,no,,
iDawiizs,Sakai Tadaaki,,,missing,no,,
VkHrE7QN,Sakai Tadayuki,,,missing,no,,
8Njl5F1v,Sakai Yoshiko,,,missing,no,,
XOj9DW3l,Sakai Toyo,,,missing,no,,
zzPufQWW,Matsudaira Yorihide,,,missing,no,,
Uq5GEfN0,Abe Sadako,,,missing,no,,
uWclrYkK,Matsudaira Yorisato,,,missing,no,,
L7cUrjNA,Ichijo Michiko,,,missing,no,,
MzeRfL4G,Matsudaira Sumiko,,,missing,no,,
Ykm1ZcKt,Kuno Sumikata,,,missing,no,,
54P6AoCQ,Kuno Matsu,,,missing,no,,
BH4qApyf,Kuno Masazumi,,,missing,no,,
mxxEQmKL,Kuno Toshimasa,,,missing,no,,
6UGnlTvg,Mizuno Masatomo,,,missing,no,,
mtpjGuCC,Mizuno Tatsu,,,missing,no,,
JoEyAqpB,Mizuno Masayoshi,,,missing,no,,
zfaBVnTz,Miura Tamemoto,,,missing,no,,
PkUrZWtb,Kinoshita Haru,,,missing,no,,
9LHg8tSs,Miura Tameaki,,,missing,no,,
PySBB1Zv,Miura Sada,,,missing,no,,
1zGy3GLa,Miura Jiro,,,missing,no,,
uNnrQHZs,Miura Tame,,,missing,no,,
8ZM8IWIL,Maeda Nariyasu,,,missing,no,,
X37Mxlbd,Maeda Tomoko,,,missing,no,,
XY7oOzvJ,Maeda Narinaga,,,missing,no,,
16wGsj58,Maeda Takako,,,missing,no,,
gUfblyxg,Maeda Yoshiyasu,,,missing,no,,
HNxdD6bx,Maeda Noriko,,,missing,no,,
KkMduqEv,Maeda Reiko,,,missing,no,,
37zNtHHt,Maeda Hime,,,missing,no,,
pm7cjBgT,Maeda Toshitsugu,,,missing,no,,
DCmCs5kM,Maeda Kane,,,missing,no,,
qPinCtuZ,Maeda Toshikata,,,missing,no,,
o6NRDplP,Maeda Toshiatsu,,,missing,no,,
6cjX925Z,Maeda Naokata,,,missing,no,,
pVCYrGIa,Maeda Toshiyasu,,,missing,no,,
JJRp7jcS,Maeda Kumi,,,missing,no,,
EAijrwwg,Maeda Toshitomo,,,missing,no,,
nO8nbFeD,Yokoyama Takahira,,,missing,no,,
YJnCp2Ng,Yokoyama Matsu,,,missing,no,,
ELQ0jKOQ,Yokoyama Takataka,,,missing,no,,
HkWcWG8X,Yokoyama Takaaki,,,missing,no,,
6EDf32QW,Yokoyama Takaoki,,,missing,no,,
JkG837Se,Yokoyama Tama,,,missing,no,,
ttOsDrht,Okumura Naoharu,,,missing,no,,
v3KNHiGz,Okumura Kiyo,,,missing,no,,
vJhGvDMI,Okumura Atsuteru,,,missing,no,,
xnKhOXA6,Okumura Tadanao,,,missing,no,,
Eh5FcIr3,Murai Nagaakira,,,missing,no,,
HBQgU0KK,Murai Kane,,,missing,no,,
YxadjwHu,Murai Mataroku,,,missing,no,,
dTVh9niZ,Murai Nagasada,,,missing,no,,
uWUgquZb,Murai Tsune,,,missing,no,,
EDp1Ip1P,Murai Nagamichi,,,missing,no,,
FOuyGkLb,Watanabe Aritsuna,,,missing,no,,
WM3E1lhn,Watanabe Mitsu,,,missing,no,,
YMwxPbeL,Watanabe Hirotsuna,,,missing,no,,
ADvtqTtw,Watanabe Chiyo,,,missing,no,,
nvlUciWt,Watanabe Yuki,,,missing,no,,
CkNry5Sa,Watanabe Tsunamichi,,,missing,no,,
lQFaxxIJ,Watanabe Ikuko,,,missing,no,,
1R17d0b8,Watanabe Tsunaaki,,,missing,no,,
SKcB9YGC,Ishikawa Mitsushige,,,missing,no,,
L05jsNrJ,Ishikawa Akiyo,,,missing,no,,
3qxBLbew,Ishikawa Mitsuaki,,,missing,no,,
XLXbashl,Ishikawa Setsu,,,missing,no,,
3QxBLbew,Ishikawa Mitsuhiro,,,missing,no,,
XLXbAShl,Ishikawa Matsu,,,missing,no,,
3qxBLbEW,Ishikawa Mitsuho,,,missing,no,,
lhX5bcSW,Tokugawa Iemochi,,,missing,no,,
0VxHt8iA,Kazu-no-miya Chikako,,,missing,no,,
KPL2cW75,Tokugawa Iesada,,,missing,no,,
zHBbLO7U,Tenshoin ,,,missing,no,,
T7whzugC,Tokugawa Ieyoshi,,,missing,no,,
TokHiYos,Tokugawa Yoshinobu,,,missing,no,,
TokHiMik,Tokugawa Mikako,,,missing,no,,
TokHiMoc,Tokugawa Mochinaga,,,missing,no,,
TokHiMas,Tokugawa Masahime,,,missing,no,,
TokTaYoy,Tokugawa Yoshiyori,,,missing,no,,
TokTaYko,Tokugawa Yoshiko,,,missing,no,,
TokTaKik,Tokugawa Kiku,,,missing,no,,
TokTaTch,Tokugawa Takachiyo,,,missing,no,,
TokTaIet,Tokugawa Ietada,,,missing,no,,
ttXuqvjP,Honda Tadamoto,,,missing,no,,
wTE64EJ5,Honda Eiko,,,missing,no,,
pzKWxRoL,Honda Tadahide,,,missing,no,,
BDFqD8yc,Honda Hisa,,,missing,no,,
9DY2gzT7,Honda Tadanao,,,missing,no,,
OfpHBzpT,Honda Tadatane,,,missing,no,,
oGp9i8O6,Honda Tadanaka,,,missing,no,,
NIaOPKNj,Honda Sachi,,,missing,no,,
g4maTpNu,Honda Yasushige,,,missing,no,,
TYa3IRFt,Honda Toshiko,,,missing,no,,
MpF2HDx9,Honda Yasunao,,,missing,no,,
Ha5aVxa5,Honda Yasutora,,,missing,no,,
SMr29glZ,Honda Yasutsugu,,,missing,no,,
cZMqkGId,Honda Misaohime,,,missing,no,,
dID6ayTM,Honda Yasuaki,,,missing,no,,
9gdMPNbq,Honda Nobuhime,,,missing,no,,
4RHGzzz5,Honda Eiko,,,missing,no,,
bp0JE7lD,Honda Mutsumi,,,missing,no,,
p9CqbJC5,Honda Masayoshi,,,missing,no,,
e0sW01xt,Honda Hikari,,,missing,no,,
ulF9F7Xm,Honda Masahiro,,,missing,no,,
0Kytj7yK,Honda Masasada,,,missing,no,,
2nmhylAz,Honda Masaharu,,,missing,no,,
HrxOrz25,Honda Kazuko,,,missing,no,,
3fFAXVUS,Honda Fujiko,,,missing,no,,
Q3mn8U0b,Honda Nobue,,,missing,no,,
fdPNZSo0,Honda Sukezane,,,missing,no,,
9eEzhPnB,Honda Yamato,,,missing,no,,
So0Nn6DM,Honda Suketaka,,,missing,no,,
cYVbPLNq,Honda Sukejun,,,missing,no,,
mdI2AIhF,Honda Sanekata,,,missing,no,,
6S59Qnpu,Honda Suketsugu,,,missing,no,,
vSW8NxqF,Honda Mitsuru,,,missing,no,,
rfdnxhDr,Honda Suketoshi,,,missing,no,,
A8v1L7R2,Sakakibara Masataka,,,missing,no,,
46c1t4F9,Arima Kuniko,,,missing,no,,
7TBN1cQm,Sakakibara Toshiko,,,missing,no,,
Hns8bp7I,Sakakibara Masachika,,,missing,no,,
pe2Jt1Xd,Sakakibara Kura,,,missing,no,,
9BdMPNbq,Sakakibara Masanori,,,missing,no,,
W5wJGTC8,Matsudaira Tadanari,,,missing,no,,
MESMSv9a,Matsudaira Tadaatsu,,,missing,no,,
5O1LWXJp,Matsudaira Tadataka,,,missing,no,,
RuCWEn4I,Matsudaira Yoshi,,,missing,no,,
yGFHfoKI,Matsudaira Tadakata,,,missing,no,,
TCUOLBRT,Matsudaira Mitsuko,,,missing,no,,
qmR0GKfJ,Matsudaira Chikayoshi,,,missing,no,,
DM691On9,Matsudaira Eiko,,,missing,no,,
fMcQDpxT,Matsudaira Chikataka,,,missing,no,,
fy68erIy,Matsudaira Hide,,,missing,no,,
wr8Xrdq3,Matsudaira Chikaakira,,,missing,no,,
jKoS0rtx,Matsudaira Kameko,,,missing,no,,
Hkshvmje,Ando Nobumasa,,,missing,no,,
vbIJLnaE,Ando Chiyo,,,missing,no,,
0glR6o3S,Ando Nobutami,,,missing,no,,
hCph1y6W,Ando Nobutake,,,missing,no,,
Uh8eLrzj,Ando Nobumori,,,missing,no,,
CST4VZ3y,Ando Okuko,,,missing,no,,
duYGUbdI,Ikeda Mochimasa,,,missing,no,,
Ry3yD8SW,Ikeda Manjuko,,,missing,no,,
ZO4sRBgt,Ikeda Akimasa,,,missing,no,,
U5BbLUHL,Ikeda Akishi,,,missing,no,,
UAYyU8nN,Ikeda Michiko,,,missing,no,,
KncY4a2p,Ikeda Yoshimasa,,,missing,no,,
d6GG2W3X,Ikeda Utako,,,missing,no,,
R2xuV24U,Toda Tadayuki,,,missing,no,,
Dg5B2zhF,Toda Shimako,,,missing,no,,
g45BojcX,Toda Tadatomo,,,missing,no,,
zF6jIhMK,Toda Tadaharu,,,missing,no,,
diLqkUYp,Doi Toshinori,,,missing,no,,
LkcZ0r5Y,Doi Shinsei-in,,,missing,no,,
Yq8SOeXP,Doi Toshiyo,,,missing,no,,
KDNU2gvn,Doi Toshinari,,,missing,no,,
ecShe0I2,Doi Haruko,,,missing,no,,
foSkGqkk,Doi Toshiyoshi,,,missing,no,,
HjUZWMTO,Doi Nishiki,,,missing,no,,
YXIWbWf0,Doi Toshinori,,,missing,no,,
92oaxFYB,Doi Toshisuke,,,missing,no,,
0mCx7j50,Doi Mitsuru,,,missing,no,,
GgnkEyTV,Sakai Tadatoshi,,,missing,no,,
rrFghyqq,Sakai Rei,,,missing,no,,
A626l0Gm,Sakai Tadaaki,,,missing,no,,
60W9WGjN,Sakai Keiko,,,missing,no,,
B626l0Gm,Sakai Tadatsune,,,missing,no,,
nOD4Gqu3,Okubo Tadayoshi,,,missing,no,,
LLDSUh4P,Harada Kinu,,,missing,no,,
wcz0nDz4,Okubo Tadayori,,,missing,no,,
xCBCWoyE,Nakagawa Hisaaki,,,missing,no,,
Juq9azQr,Nakagawa Toyoko,,,missing,no,,
WVGige9a,Nakagawa Hisanari,,,missing,no,,
kgkhqmWv,Nakagawa Hisatomo,,,missing,no,,
8GNzUWme,Nakagawa Eiko,,,missing,no,,
RxAnenAt,Nakagawa Yoshiko,,,missing,no,,
SrBZhW62,Nakagawa Hisanori,,,missing,no,,
p6u25ahF,Nakagawa Iku,,,missing,no,,
6qygzS4a,Toda Ujiakira,,,missing,no,,
kQx9hdpB,Toda Sachiko,,,missing,no,,
H9SHda0i,Toda Ujimasa,,,missing,no,,
subHFWkG,Toda Oya,,,missing,no,,
NxcRsCiG,Toda Ujiyoshi,,,missing,no,,
NMWHcNzI,Toda Ujitaka,,,missing,no,,
CGW3d2m1,Matsudaira Naokatsu,,,missing,no,,
pMatiznR,Matsudaira Sachiko,,,missing,no,,
p5ZVom76,Matsudaira Naoyuki,,,missing,no,,
MatTsYTo,Matsudaira Yoshitomo,,,missing,no,,
MatTsGiH,Matsudaira Gihime,,,missing,no,,
MatTsNaT,Matsudaira Naritami,,,missing,no,,
MatTsBiH,Matsudaira Binhime,,,missing,no,,
MatTsYaT,Matsudaira Yasutomo,,,missing,no,,
MatAkYTo,Matsudaira Yoshinori,,,missing,no,,
MatAkHaH,Matsudaira Harihime,,,missing,no,,
MatAkNar,Matsudaira Naritsugu,,,missing,no,,
MatAkNao,Matsudaira Naomune,,,missing,no,,
MatItNay,Matsudaira Naoyasu,,,missing,no,,
MatItNah,Matsudaira Naoharu,,,missing,no,,
MatItKum,Matsudaira Kuma,,,missing,no,,
HiHaKaKi,Katsu Kaishu,,,missing,no,,
HiHaEnTa,Enomoto Takeaki,,,missing,no,,
HiHaOgTa,Oguri Tadamasa,,,missing,no,,
HiHaMiTa,Mizuno Tadanori,,,missing,no,,
HiHaOtKe,Otori Keisuke,,,missing,no,,
HiHaMaNo,Matsudaira Norikata,,,missing,no,,
HiHaKuJo,Kurimoto Jo'un,,,missing,no,,
HiHaOkIc,Okubo Ichio,,,missing,no,,
HiHaImNo,Imai Nobuo,,,missing,no,,
HiHaYaTe,Yamaoka Tesshu,,,missing,no,,
HiHaTaDe,Takahashi Deishu,,,missing,no,,
HiHaAbeM,Abe Masato,,,missing,no,,
qNbyhQaj,Uesugi Narinori,,,missing,no,,
6etIEETB,Uesugi Narisada,,,missing,no,,
Weis43hU,Uesugi Taki,,,missing,no,,
8Iv9ecNC,Uesugi Mochinori,,,missing,no,,
shVCPmCc,Matsudaira Yuki,,,missing,no,,
RWQCCx4o,Uesugi Katsukata,,,missing,no,,
RWQCCxTa,Uesugi Tadataka,,,missing,no,,
shVCPmEi,Uesugi Eiko,,,missing,no,,
shVCPmYu,Uesugi Yukiko,,,missing,no,,
Cg9EoY4r,Makino Tadayasu,,,missing,no,,
6z9bSHa7,Makino Fusako,,,missing,no,,
luKhUhXh,Makino Chiyoko,,,missing,no,,
bSqEzLcJ,Makino Tadayoshi,,,missing,no,,
XgIyv7bL,Naito Nobuchika,,,missing,no,,
wOt7PGWW,Sakai Kinyo,,,missing,no,,
RNZWsztn,Naito Nobutami,,,missing,no,,
UX8SD6t0,Naito Nobutomi,,,missing,no,,
CQuYOgRo,Naito Masatoshi,,,missing,no,,
9zniFw6a,Naito Masuko,,,missing,no,,
aizCBXYO,Naito Masayasu,,,missing,no,,
4yJ1D3Lk,Oda Nobumichi,,,missing,no,,
N5nPQ9iT,Oda Itoko,,,missing,no,,
jeDlQqJW,Oda Nobumi,,,missing,no,,
LVyZvRCD,Oda Asako,,,missing,no,,
Vnl5lCcr,Oda Nobutoshi,,,missing,no,,
msDDZ9zQ,Oda Suemaru,,,missing,no,,
lTQNNnd4,Mizuno Tadakiyo,,,missing,no,,
hVSyu2fz,Mizuno Ai,,,missing,no,,
TbOZeUsx,Mizuno Tadahiro,,,missing,no,,
6HJv9QVb,Mizuno Shizuko,,,missing,no,,
rctAbfBY,Mizuno Tadami,,,missing,no,,
Bs8eZQFC,Mizuno Kiyoko,,,missing,no,,
Yb8Jirco,Ishihara Shigetoki,,,missing,no,,
NDluCjrj,Ishihara Hana,,,missing,no,,
Ng1qk1bc,Ishihara Shigemitsu,,,missing,no,,
9107Gylz,Ishihara Mine,,,missing,no,,
7U80DoRY,Ishihara Shigemi,,,missing,no,,
5LpGgkPs,Sakai Tadakata,,,missing,no,,
1oAT3tap,Sakai Kameyo,,,missing,no,,
3MdGZMX4,Sakai Ryotsune,,,missing,no,,
CmHdCNgW,Sakai Tadashige,,,missing,no,,
4i6fDyD8,Sakai Enhime,,,missing,no,,
zKMW1v8g,Sakai Tadateru,,,missing,no,,
Jc58jQNn,Sakai Fumiko,,,missing,no,,
86eH8vEV,Sakai Tadahiro,,,missing,no,,
v3Z4a3yT,Sakai Tamako,,,missing,no,,
DaR7ks4O,Sakai Tadataka,,,missing,no,,
oDOj9SD6,Sakai Kiso,,,missing,no,,
xpuvPs14,Sakai Tadanori,,,missing,no,,
y03WXHuV,Sakai Tadayuki,,,missing,no,,
1TVdy9aJ,Sakai Tadatoshi,,,missing,no,,
AnDrohq6,Sakai Ise,,,missing,no,,
XTtGyQDW,Sakai Kayoko,,,missing,no,,
08ToFFXf,Sakai Tadakuni,,,missing,no,,
zTstz8YU,Sakai Tadaaki,,,missing,no,,
Kr9vJDJr,Sakai Tadayasu,,,missing,no,,
mf6qRfQ9,Kawai Yoshiomi,,,missing,no,,
g6O5UTIU,Kawai Kisa,,,missing,no,,
sUPNtt42,Kawai Yoshihiro,,,missing,no,,
DHiUrEoe,Kawai Mitsu,,,missing,no,,
fcNnjXsC,Kawai Tetsugoro,,,missing,no,,
3qyP1ctn,Kawai Yoshikan,,,missing,no,,
gz7lL74b,Kawai Michiomi,,,missing,no,,
njGs760D,Kawai Yasuko,,,missing,no,,
SJcxjwoG,Matsudaira Katsumichi,,,missing,no,,
JaOi7kxn,Matsudaira Hisashi,,,missing,no,,
PTuEiwT5,Matsudaira Sadanobu,,,missing,no,,
6F0GOTMx,Matsudaira Katsushige,,,missing,no,,
iREsPn2R,Sakai Hagane,,,missing,no,,
LPbuuBT7,Matsudaira Sadaaki,,,missing,no,,
tCqVkzwq,Matsudaira Katsuyoshi,,,missing,no,,
TyQ6HZYx,Sakai Kuma,,,missing,no,,
OO1CZVQY,Matsudaira Reihime,,,missing,no,,
OJ0Bt41g,Matsudaira Kuni,,,missing,no,,
QsBBAV6a,Matsudaira Sadakoto,,,missing,no,,
c9kHua0I,Takayama Iwao,,,missing,no,,
Fo5zfzvM,Takayama Sada,,,missing,no,,
GtQEM4H1,Takayama Naoki,,,missing,no,,
R6QFv61S,Takayama Otsuyu,,,missing,no,,
1dudFqAY,Takayama Morie,,,missing,no,,
BmHwTG2p,Takayama Eisuke,,,missing,no,,
R0oRncp7,Okudaira Sadaomi,,,missing,no,,
P1UiQyME,Okudaira Tatsu,,,missing,no,,
r9MHER6o,Okudaira Sadahiro,,,missing,no,,
mteALoQA,Okudaira Yuki,,,missing,no,,
jDEOJ3VU,Okudaira Sadamasa,,,missing,no,,
RGfPAqxo,Okudaira Saki,,,missing,no,,
9yB1OZBM,Okudaira Sadatsugu,,,missing,no,,
NzPVJZQJ,Okudaira Rui,,,missing,no,,
22eOrkcg,Okudaira Masatoshi,,,missing,no,,
FCzQSXcq,Okudaira Masakage,,,missing,no,,
PsuvJwcR,Ii Naonori,,,missing,no,,
hznl27AL,Ii Yoshiko,,,missing,no,,
eeY8Wqqk,Ii Naosuke,,,missing,no,,
xF9RihZf,Ii Riwa,,,missing,no,,
usy9v6yR,Ii Naoaki,,,missing,no,,
pK7A2Rp7,Mori Takachika,,,missing,no,,
fov5Mzy7,Mori Tomiko,,,missing,no,,
x08M6xh2,Mori Motonori,,,missing,no,,
HzJdFNL7,Mori Yasuko,,,missing,no,,
DjUMn7At,Mori Motoaki,,,missing,no,,
14vUfETg,Mori Narihiro,,,missing,no,,
BSWxMZFE,Mori Kazuhime,,,missing,no,,
TmaAlQZ0,Mori Motochika,,,missing,no,,
YqOXyWEZ,Mori Matsuko,,,missing,no,,
GdKyldZW,Mori Mototoshi,,,missing,no,,
wMYFNM6X,Mori Koshi,,,missing,no,,
BXLhyQKn,Hosokawa Shusai,,,missing,no,,
N2Z8yCGx,Mori Motoyuki,,,missing,no,,
EHBZVYCj,Mori Kinko,,,missing,no,,
f846iOIo,Mori Motomitsu,,,missing,no,,
aNxr9NcV,Mori Yaeko,,,missing,no,,
tAxoidEM,Mori Sumiko,,,missing,no,,
uIHSWACL,Mori Motoyoshi,,,missing,no,,
MWaaoXcS,Mori Yasuko,,,missing,no,,
dlXo3cfH,Mori Hiroshige,,,missing,no,,
s4Imj6GD,Mori Takise,,,missing,no,,
VUZ97dN1,Mori Motozumi,,,missing,no,,
U4DnOQh4,Mori Masako,,,missing,no,,
gYclqkoJ,Mori Sadako,,,missing,no,,
WCuytuAF,Mori Mototada,,,missing,no,,
WCuyKiAF,Mori Mototsugu,,,missing,no,,
3gl90OC4,Kikkawa Tsunemasa,,,missing,no,,
ujpvQZRt,Kikkawa Nobuko,,,missing,no,,
tMK6TwxL,Kikkawa Tsunetake,,,missing,no,,
O6uSZlqz,Kikkawa Chokichi,,,missing,no,,
p4gAtQ44,Kikkawa Tsuneakira,,,missing,no,,
fFw7eVr9,Kikkawa Seisoin,,,missing,no,,
JBy4izdl,Shishido Chikamoto,,,missing,no,,
3t890NFw,Shishido Kinko,,,missing,no,,
IoiBIuNR,Shishido Norihiro,,,missing,no,,
fA2yEMQT,Shishido Genrei,,,missing,no,,
vsXnQaY3,Shishido Toyoko,,,missing,no,,
3WRBgvB5,Fukuhara Echigo,,,missing,no,,
Y4IdPEjO,Fukuhara Eiko,,,missing,no,,
Num8z5UZ,Fukuhara Yoshimichi,,,missing,no,,
JNbU5CCb,Fukuhara Hikoshichi,,,missing,no,,
0LcWeO9q,Fukuhara Takako,,,missing,no,,
0VdMZ0JH,Fukuhara Eitaro,,,missing,no,,
gzGocQQH,Masuda Chikanobu,,,missing,no,,
e97cGhbY,Masuda Hisako,,,missing,no,,
VDpeZ1bz,Masuda Akiyoshi,,,missing,no,,
OCQRIum4,Masuda Chikayoshi,,,missing,no,,
5v6c3AmS,Mori Motosuke,,,missing,no,,
MQjGjSgA,Mori Mitsuko,,,missing,no,,
8ZbntjPj,Mori Chikanobu,,,missing,no,,
qU1saRSl,Mori Yoshihisa,,,missing,no,,
9BscWFYJ,Mori Motoyoshi,,,missing,no,,
PqjmlE5W,Mori Teiko,,,missing,no,,
QnqH5KZ0,Mori Naoki,,,missing,no,,
3OyxaM6M,Mori Fusaakira,,,missing,no,,
0wrHmcK7,Mori Chikatami,,,missing,no,,
BrDafz9a,Mori Motokazu,,,missing,no,,
akFMV6yS,Mori Iyoko,,,missing,no,,
UENAABaj,Mori Chikanao,,,missing,no,,
BDvDn7EA,Mori Jusuke,,,missing,no,,
3PJdgQiO,Mori Chikahiko,,,missing,no,,
unkJIljQ,Mori Takiko,,,missing,no,,
tZTNsQR1,Mori Chikatsune,,,missing,no,,
9tqn5PPq,Mori Michiaki,,,missing,no,,
Zrq9XCGa,Mori Tsune,,,missing,no,,
ljrQK9ik,Mori Hiroyori,,,missing,no,,
VQH0SYq0,Mori Iseko,,,missing,no,,
eqnHNZTn,Mori Chikaaki,,,missing,no,,
FjERkhTK,Mori Toshiko,,,missing,no,,
wREIyLQ0,Mori Norimasa,,,missing,no,,
ljrQKaKT,Kido Junichiro,,,missing,no,,
ljrQKaMa,Kido Matsuko,,,missing,no,,
ljrQKaKs,Katsura Katsusaburo,,,missing,no,,
ljrQWaMa,Wada Masakage,,,missing,no,,
ljrQKuHa,Kuruhara Haruko,,,missing,no,,
ljrQKuRy,Kuruhara Ryozo,,,missing,no,,
ljrQKaTa,Kido Takamasa,,,missing,no,,
ljrQKaSh,Kido Shojiro,,,missing,no,,
ChSeiSuM,Sufu Masanosuke,,,missing,no,,
ChSeiKuC,Kunishi Chikasuke,,,missing,no,,
ChSeiTaS,Takasugi Shinsaku,,,missing,no,,
ChSeiInK,Inoue Kaoru,,,missing,no,,
ChSeiAkT,Akane Taketo,,,missing,no,,
ChSeiYaA,Yamagata Aritomo,,,missing,no,,
ChSeiKaM,Masataka Kawase,,,missing,no,,
ChSeiItH,Ito Hirobumi,,,missing,no,,
ChSeiMiK,Mihori Kosuke,,,missing,no,,
ChSeiMaI,Maebara Issei,,,missing,no,,
ChSeiYoK,Yoshitomi Kanichi,,,missing,no,,
ChSeiOmM,Omura Masujiro,,,missing,no,,
ChSeiShC,Shimizu Chikatomo,,,missing,no,,
ChSeiShM,Shishido Masumi,,,missing,no,,
ChSeiYaM,Yamada Matasuke,,,missing,no,,
ChSeiMaM,Maeda Magoemon,,,missing,no,,
ChSeiMoN,Mori Noboru,,,missing,no,,
ChSeiMaG,Matsushima Gozo,,,missing,no,,
ChSeiYaY,Yamato Yahachiro,,,missing,no,,
ChSeiWaK,Watanabe Kurata,,,missing,no,,
ChZokMuT,Mukunashi Tota,,,missing,no,,
ChZokNaU,Nakagawa Uemon,,,missing,no,,
ChZokAwC,Awaya Chikatada,,,missing,no,,
ChZokIsM,Isuke Muraoka,,,missing,no,,
ChZokInK,Inoue Kaisetsu,,,missing,no,,
ChZokIiK,Iida Kozo,,,missing,no,,
ChTokHiS,Hirosawa Saneomi,,,missing,no,,
ChTokSaM,Sakurai Mikizo,,,missing,no,,
ChTokSuM,Sugi Magoshichiro,,,missing,no,,
ChTokUrM,Ura Mototoshi,,,missing,no,,
ChTokNeK,Negoro Kazusa,,,missing,no,,
ChShiSaS,Sanjo Sanetomi,,,missing,no,,
ChShiSNS,Sanjo Nishi Suetomo,,,missing,no,,
ChShiShT,Shijo Takauta,,,missing,no,,
ChShiHiM,Higashikuze Michitomi,,,missing,no,,
ChShiMiM,Mibu Motoosa,,,missing,no,,
ChShiNiY,Nishikikoji Yorinori,,,missing,no,,
ChShiSaN,Sawa Nobuyoshi,,,missing,no,,
BakAaNag,Asano Nagamichi,,,missing,no,,
BakAaShu,Asano Shun,,,missing,no,,
BakAaNaG,Asano Nagakoto,,,missing,no,,
BakAsTsu,Yamauchi Tsunahime,,,missing,no,,
BakAaNAt,Asano Nagatoshi,,,missing,no,,
BakAaNos,Hisamitsu Noshika,,,missing,no,,
BakAaTos,Asano Toshitsugu,,,missing,no,,
BakAaUnk,Asano ?,,,missing,no,,
BakAaNaa,Asano Nagaatsu,,,missing,no,,
BakAaMam,Asano Mamoru,,,missing,no,,
BakMiATd,Asano Tadashi,,,missing,no,,
BakMiATt,Asano Tadataka,,,missing,no,,
BakMiATy,Asano Tadayoshi,,,missing,no,,
BakMiAIs,Asano Ise,,,missing,no,,
BakToAMi,Asano Michioki,,,missing,no,,
BakToAMc,Asano Michiko,,,missing,no,,
BakToATa,Ueda Tadashi,,,missing,no,,
BakToAKa,Asano Kame,,,missing,no,,
BakUeYas,Ueda Yasuatsu,,,missing,no,,
BakUeYaT,Ueda Yasutsugu,,,missing,no,,
BakUeYao,Ueda Yasutoki,,,missing,no,,
BakUeUnk,Ueda ?,,,missing,no,,
BakUeDan,Ueda Danshoku,,,missing,no,,
cndf29xy,Matsudaira Sadayasu,,,missing,no,,
3jEENNGd,Matsudaira Kohime,,,missing,no,,
hJUC1nK9,Matsudaira Naoki,,,missing,no,,
yGggICSa,Matsudaira Naritoki,,,missing,no,,
e5jJlTcT,Matsudaira Hikari,,,missing,no,,
qYih12OY,Matsudaira Naoya,,,missing,no,,
HhM0uBm3,Matsudaira Naotoshi,,,missing,no,,
fdzr5fWf,Matsudaira Yoshimura,,,missing,no,,
lDbNEfEh,Matsudaira Naomi,,,missing,no,,
07juHC01,Matsudaira Naoaki,,,missing,no,,
DFrIaaPX,Matsudaira Naohiro,,,missing,no,,
WFQ0UuXw,Matsudaira ?,,,missing,no,,
Aa6selTk,Matsudaira Takesato,,,missing,no,,
npZ70oDb,Matsudaira Toshiko,,,missing,no,,
2qyQ5uu7,Matsudaira Takenari,,,missing,no,,
t4DRKSAY,Inoue Masanao,,,missing,no,,
asA0b5mz,Inoue Yoshi,,,missing,no,,
6U06bX7V,Inoue Masaharu,,,missing,no,,
k7pTFu2E,Inoue Eiko,,,missing,no,,
SRa7FYKy,Inoue Masamoto,,,missing,no,,
cy3gpggj,Inoue Kihime,,,missing,no,,
7lHBstOq,Inoue Masahide,,,missing,no,,
Z6vTfYje,Inoue Masaaki,,,missing,no,,
K4rav43o,Inoue Masanao,,,missing,no,,
zVUgQ4Mr,Inoue Masakane,,,missing,no,,
ZPjH5pVz,Inoue Kiyo,,,missing,no,,
9IFe41L8,Inoue Masato,,,missing,no,,
nSIP71V7,Ota Sukemoto,,,missing,no,,
Q4wQhlze,Ota Ryo,,,missing,no,,
yWf4nQeJ,Ota Sukekatsu,,,missing,no,,
V5SvHfO0,Ota Misao,,,missing,no,,
b3YDzA8r,Ota Kiyoko,,,missing,no,,
ZiQq8JDT,Ota Sukeyoshi,,,missing,no,,
uog9xjJ7,Sakai Takiko,,,missing,no,,
P3zTiZCm,Tokugawa Yoshiatsu,,,missing,no,,
RSvvwQuG,Hirohata Kyoko,,,missing,no,,
fpxfCA95,Tokugawa Nariaki,,,missing,no,,
w54S5I3N,Tokugawa Yoshiko,,,missing,no,,
pizr75r3,Tokugawa Yoriko,,,missing,no,,
1agVt6tW,Tokugawa Atsuyoshi,,,missing,no,,
iUvP6aFv,Tokugawa Atsumori,,,missing,no,,
fAdkH6BS,Tokugawa Akinori,,,missing,no,,
Ihhdccnz,Tokugawa Tsuchiya,,,missing,no,,
I6HLatlC,Tokugawa Akitake,,,missing,no,,
XT3whBO1,Tokugawa Akichika,,,missing,no,,
HMftyqYc,Tokugawa Sadako,,,missing,no,,
IFVBo0UW,Matsudaira Yoritsugu,,,missing,no,,
Koe4GEO4,Matsudaira Karu,,,missing,no,,
uzEB7rTO,Matsudaira Yorifumi,,,missing,no,,
1ME4J4P8,Matsudaira Mamoru,,,missing,no,,
GXvLySIv,Matsudaira Masako,,,missing,no,,
ViSD5Bbn,Matsudaira Yasuko,,,missing,no,,
tgMbwfiE,Matsudaira Yorihisa,,,missing,no,,
zDjE64TE,Matsudaira Toshi,,,missing,no,,
IOihIX4O,Matsudaira Yorinori,,,missing,no,,
N7FUZLza,Matsudaira Yorinaga,,,missing,no,,
8rJWmjlH,Matsudaira Yorimi,,,missing,no,,
WSOVFn2s,Matsudaira Yoritoshi,,,missing,no,,
iSVGS3Xg,Matsudaira Chiyoko,,,missing,no,,
hbrNLVoD,Matsudaira Yoritane,,,missing,no,,
KxM5VRa1,Matsudaira Fumihime,,,missing,no,,
zp5C0etl,Matsudaira Hisako,,,missing,no,,
lsVY4d0J,Matsudaira Yoshiakira,,,missing,no,,
wTLH9970,Matsudaira Yoriyasu,,,missing,no,,
f3MMiYMN,Nakayama Nobuaki,,,missing,no,,
HxDyc3ql,Nakayama Tsuruko,,,missing,no,,
nDpdaTzx,Nakayama Nobuzane,,,missing,no,,
Id4pOfky,Nakayama Nobuaki,,,missing,no,,
BEOaffU2,Nakayama Nobuteru,,,missing,no,,
PgAQVzbF,Nakayama Nobumori,,,missing,no,,
gSd6sI0U,Nakayama Iro,,,missing,no,,
szgwXx0f,Nakayama Nobutomi,,,missing,no,,
SwQ02lSF,Yamanobe Yoshimi,,,missing,no,,
Vm16qd8L,Yamanobe Shizuka,,,missing,no,,
HvKdwFFQ,Yamanobe Yoshimoto,,,missing,no,,
ZDygI93n,Yamanobe Hisa,,,missing,no,,
QWiufJBx,Yamanobe Iwahime,,,missing,no,,
z0hkNFGC,Yamanobe Yoshimasa,,,missing,no,,
KrY4IEpg,Suzuki Shigemune,,,missing,no,,
WYTqPJNj,Suzuki Misa,,,missing,no,,
RUVHqSha,Hasuda Takasada,,,missing,no,,
zsUPpaIN,Suzuki Haru,,,missing,no,,
BSQ982ou,Suzuki Haritaro,,,missing,no,,
lHQ3t4SP,Suzuki Jinjiro,,,missing,no,,
jdtXL2lm,Suzuki Shigekyo,,,missing,no,,
o7IMZNBt,Suzuki Misa,,,missing,no,,
N0wdIy1B,Ota Sukenobu,,,missing,no,,
vC6z8WVM,Ota Misao,,,missing,no,,
oBXKUC02,Ota Sukemoto,,,missing,no,,
lIMwYkmk,Ota Ryo,,,missing,no,,
73thINiW,Ota Suketoki,,,missing,no,,
40uzrYwA,Ota Takara,,,missing,no,,
KDNrkROu,Ota Cho,,,missing,no,,
QYDzg3jA,Ota Enhime,,,missing,no,,
lVNG6nvY,Hida Hamagoro,,,missing,no,,
OjtJRVA8,Hida Kiyo,,,missing,no,,
2dwqNcV0,Hida Haruyasu,,,missing,no,,
aVzIfT5b,Hida Nobu,,,missing,no,,
jTPsXTQs,Hida Shosaku,,,missing,no,,
CimHJY3v,Hida Ine,,,missing,no,,
HxOIq1UO,Hida Harutatsu,,,missing,no,,
TtRVEzF9,Hida Kuni,,,missing,no,,
OjNzZ4z7,Hida Daisuke,,,missing,no,,
l0dKAD1a,Hasuda Hiroyasu,,,missing,no,,
HyfCYlLK,Hasuda Sumako,,,missing,no,,
wAcogWf3,Hasuda Shihoko,,,missing,no,,
fLSGAgYC,Hasuda Hiromi,,,missing,no,,
qjnRwQly,Hasuda Sakurao,,,missing,no,,
r8PNf9r5,Hasuda Sode,,,missing,no,,
L4V95dkR,Hasuda Tozo,,,missing,no,,
olSVCZmf,Hasuda Hiroichi,,,missing,no,,
tCf4lIPu,Ichikawa Sanzaemon,,,missing,no,,
NxaysxUC,Asahina Yataro,,,missing,no,,
O06DIhu2,Sato Tosho,,,missing,no,,
MsX1Hln6,Oi Kanzaburo,,,missing,no,,
9zqTKcqA,Tomobe Yataro,,,missing,no,,
2cUjpzfQ,Watanabe Iemon,,,missing,no,,
F9XMsCHI,Oiwa Banjiro,,,missing,no,,
peuTgDWX,Takeda Kounsai,,,missing,no,,
2axdqLeU,Takeda Nobuko,,,missing,no,,
l7gGIVfb,Takeda Hikoemon,,,missing,no,,
KaW2u7Wt,Tamaru Inanoemon,,,missing,no,,
3dRiCHIH,Yamakuni Hyobu,,,missing,no,,
WNXdlC6n,Hayashi Tadataka,,,missing,no,,
mF93OB0Z,Hayashi Chie,,,missing,no,,
45HFAruq,Hayashi Tadaakira,,,missing,no,,
WIMsWqlV,Hayashi Toyo,,,missing,no,,
1VsYAGf0,Hayashi Tadafusa,,,missing,no,,
Sl8tIOAe,Hayashi Sakae,,,missing,no,,
ZOyxIYLt,Hayashi Tadakata,,,missing,no,,
RZW4u1bw,Hayashi Kiyoko,,,missing,no,,
BLEI9odB,Hayashi Tadahiro,,,missing,no,,
BijTmjLN,Hayashi Tadaoki,,,missing,no,,
mSLw5dla,Hayashi Chiyo,,,missing,no,,
ojHJapKr,Hayashi Tadasada,,,missing,no,,
XsI6P4Lw,Hayashi Tadamasa,,,missing,no,,
Ae4oJ078,Hayashi Kanako,,,missing,no,,
3u6MPLG6,Maeda Toshika,,,missing,no,,
wTQEOpa7,Maeda Hisashi,,,missing,no,,
r9bbr3VW,Maeda Toshimichi,,,missing,no,,
AWwPQ7GP,Maeda Shogen-in,,,missing,no,,
NClTemsw,Maeda Kameko,,,missing,no,,
y968PY0G,Maeda Toshihira,,,missing,no,,
10oV0mMQ,Maeda Ai,,,missing,no,,
jysbc6Uf,Okumura Noritomo,,,missing,no,,
FxCpKg3G,Okumura Hatsu,,,missing,no,,
MHd8ZnPH,Okumura Mine,,,missing,no,,
P3Qi7ksg,Okumura Atsunori,,,missing,no,,
UkMRMuYI,Okumura Tora,,,missing,no,,
EnNxr4sS,Maeda Naonobu,,,missing,no,,
L3rcTXEN,Maeda Riyo,,,missing,no,,
4Ve0NOnj,Maeda Nobuyoshi,,,missing,no,,
4UF3c1YO,Makino Tadayuki,,,missing,no,,
k8YjNpOk,Makino Cho,,,missing,no,,
YMsdSa5O,Makino Tadakuni,,,missing,no,,
gwB9W7mm,Inagaki Shigemitsu,,,missing,no,,
J0VnbU4a,Inagaki Kane,,,missing,no,,
0xmB7XJS,Inagaki Shigeyasu,,,missing,no,,
l2brrFCq,Inagaki Etsuko,,,missing,no,,
WO5zvxR8,Inagaki Gonichi,,,missing,no,,
tGEgf2XE,Inagaki Mitsu,,,missing,no,,
7vqf8p1x,Yamamoto Yoshimichi,,,missing,no,,
B55gNGt8,Yamamoto Chiyo,,,missing,no,,
GhX1cQFn,Yamamoto Yoshikazu,,,missing,no,,
u6pL0K8t,Yamamoto Yumi,,,missing,no,,
qs5YLGCM,Yamamoto Ihoko,,,missing,no,,
IpGWXGXO,Satake Yoshitaka,,,missing,no,,
lTEN0uBO,Satake Taki,,,missing,no,,
lEBzZaFW,Satake Yoshichika,,,missing,no,,
NGUNB04b,Satake Setsuko,,,missing,no,,
cS0BYmEj,Satake Yoshitaka,,,missing,no,,
O91iIET8,Satake Kotobuki,,,missing,no,,
TO3KcPYq,Satake Yoshinobu,,,missing,no,,
di3hvLje,Satake Masako,,,missing,no,,
RlQJPV7D,Satake Kaname,,,missing,no,,
f5XYXxSk,Satake Yoshitomo,,,missing,no,,
tLFdyt4x,Satake Naka,,,missing,no,,
isJ2mg9v,Satake Yoshihisa,,,missing,no,,
pRzOVEbH,Tagaya Chikasada,,,missing,no,,
iK6pKdiD,Tagaya Mitsu,,,missing,no,,
JrCw7IOL,Tagaya Atsutaka,,,missing,no,,
ad2F8T2d,Tagaya Okuri,,,missing,no,,
mWRFq0Y2,Tagaya Mutsuaki,,,missing,no,,
RHgM2Jbk,Tagaya Yuichi,,,missing,no,,
fFzatPZB,Satake Yoshikatsu,,,missing,no,,
P0Rdtbsk,Satake Yoshitoki,,,missing,no,,
lK0BVLKk,Satake Nami,,,missing,no,,
wOWbGCUg,Satake Sai,,,missing,no,,
e3yhg6Dv,Satake Yoshimasa,,,missing,no,,
Nc8F0LEf,Shibue Daizen,,,missing,no,,
xuJSkGe4,Shibue Nao,,,missing,no,,
wGuR0ntw,Shibue Myomitsu,,,missing,no,,
aYVxNbSo,Shibue Kakumitsu,,,missing,no,,
g1hC3I76,Shibue Tokomitsu,,,missing,no,,
iqtWNEZR,Shibue Nobumitsu,,,missing,no,,
WAlIagfl,Iwaki Takakuni,,,missing,no,,
Niu6EEIX,Hotta Mariko,,,missing,no,,
BiJQ3gwj,Iwaki Takaaki,,,missing,no,,
vgzjShtW,Iwaki Ryuji,,,missing,no,,
uq93RE5H,Kuroda Nagahiro,,,missing,no,,
zFfxKok8,Kuroda Sumiko,,,missing,no,,
q2wWaf6n,Kuroda Nagatomo,,,missing,no,,
vpp0X2di,Kuroda Toyoko,,,missing,no,,
nbMsupjp,Tsukigata Senzo,,,missing,no,,
WBljkXLV,Kuroda Naganori,,,missing,no,,
tPBBMN4Z,Kuroda Yukiko,,,missing,no,,
qgu18aBw,Kuroda Nagamoto,,,missing,no,,
jqDkyoQZ,Kuroda Keiko,,,missing,no,,
Oew1Bf9P,Kuroda Nagayoshi,,,missing,no,,
FZ1Eq6lh,Kuroda Kenoko,,,missing,no,,
kLlP5rni,Nomura Touma,,,missing,no,,
tUcpDeTS,Nomura Chiyo,,,missing,no,,
nR1sGRoK,Nomura Sukuharu,,,missing,no,,
pRDHDfAf,Kuroda Kazuyoshi,,,missing,no,,
YrKWMZru,Kuroda Rihoko,,,missing,no,,
AptV40KY,Kuroda Kazumi,,,missing,no,,
awh97eY4,Kuroda Chiyoko,,,missing,no,,
964hRB7s,Kuroda Kazuo,,,missing,no,,
So1hDGim,Kato Shisho,,,missing,no,,
vbW4lVBo,Kato Yasuko,,,missing,no,,
apqhx41m,Kato Tokuhiro,,,missing,no,,
dO3CawFk,Kato Sen,,,missing,no,,
Brly3Pam,Kato Taketake,,,missing,no,,
VYrrxnX9,Kato Daishiro,,,missing,no,,
19IdACYb,Tsukigata Senzo,,,missing,no,,
gzC7F4fo,Tsukigata Hana,,,missing,no,,
PVVSjRbo,Tsukigata Shinzo,,,missing,no,,
qRHfzyUs,Tsukigata Yasuko,,,missing,no,,
MYV9KYo1,Tsukigata Shoka,,,missing,no,,
pyD59qMo,Mori Muramasa,,,missing,no,,
pvqqQutQ,Mori Sayo,,,missing,no,,
0VHC3xFH,Mori Murasei,,,missing,no,,
Boxu3rYM,Mori Murakoshi,,,missing,no,,
3Cbdw30u,Ikoma Nagai,,,missing,no,,
QZU9vMWY,Ikoma Sen,,,missing,no,,
DakzCL2f,Ikoma Nagasada,,,missing,no,,
pDYIBBAa,Ikoma Ryu,,,missing,no,,
M8CaIjW3,Ikoma Nagasu,,,missing,no,,
Xe63ilYA,Takechi Hanpeita,,,missing,no,,
sTM8QM4l,Takechi Tomiko,,,missing,no,,
us2k9KPi,Shibata Katsumi,,,missing,no,,
L3NzXFr3,Hirai Masami,,,missing,no,,
pnoyota2,Goro Yoshikazu,,,missing,no,,
v8k486Cv,Tani Tateki,,,missing,no,,
kZUzygaP,Motoyama Shigetou,,,missing,no,,
D6cW9BRv,Oishi Yataro,,,missing,no,,
vwBchbKt,Shimamura Ekichi,,,missing,no,,
YP2fV2hW,Masaki Tetsuma,,,missing,no,,
pAupiXnj,Kadota Tamenosuke,,,missing,no,,
z8vSvDSj,Kono Togama,,,missing,no,,
bPdxO4MG,Nakamichi Shimamoto,,,missing,no,,
FlzkbFch,Ihara Asaaki,,,missing,no,,
o05gJRtq,Ihara Yuki,,,missing,no,,
lhA4QmHy,Ihara Asamitsu,,,missing,no,,
hsD5bJui,Ihara Mutsu,,,missing,no,,
dKcLiTvb,Ihara Asahiro,,,missing,no,,
DavzUQup,Nagano Shuzen,,,missing,no,,
EmiPhqA0,Takino Taki,,,missing,no,,
HQiKv4QF,Tada Tatewaki,,,missing,no,,
DtWZ2i3N,Nagano Nariyoshi,,,missing,no,,
iYqL2Vy6,Nagano Naritoshi,,,missing,no,,
7oUfZNuF,Nagano Narimasa,,,missing,no,,
CHalr5aK,Kimata Moritaka,,,missing,no,,
ruz4z36n,Kimata Hiwa,,,missing,no,,
CzufOZcO,Kimata Moriyasu,,,missing,no,,
RurSjEyY,Kimata Tora,,,missing,no,,
K0rUvzyH,Kimata Morimichi,,,missing,no,,
Ez9wouSk,Kimata Matsu,,,missing,no,,
oNEiBB2d,Saigo Tozaemon,,,missing,no,,
kJXoV9Pb,Saigo Ritsu,,,missing,no,,
NmILYBIw,Saigo Morinobu,,,missing,no,,
nMjExeXI,Saigo Chika,,,missing,no,,
QbkbZH6B,Saigo Yoshikuni,,,missing,no,,
vs49SDks,Tokugawa Mochitsugu,,,missing,no,,
BeVxuHbe,Tokugawa Nariyuki,,,missing,no,,
eHD3yI8F,Toyoko Konoe,,,missing,no,,
0TdWVoYC,Tokugawa Noriko,,,missing,no,,
9QUwXAo6,Tokugawa Hisako,,,missing,no,,
kYtWhJo4,Tokugawa Takako,,,missing,no,,
ACqEvloB,Tokugawa Chofuku-maru,,,missing,no,,
PbADW8O5,Mizuno Tadamoto,,,missing,no,,
JrNemg5t,Mizuno Yae,,,missing,no,,
iMqha8Z4,Mizuno Tadayoshi,,,missing,no,,
Rrbu472n,Mizuno Tadahiro,,,missing,no,,
wCCzDL2D,Mizuno Tamako,,,missing,no,,
fcAG1QqW,Ando Naohiro,,,missing,no,,
3QhK8vOe,Toda Sada,,,missing,no,,
WCJsiBsB,Ando Naonori,,,missing,no,,
rCZzutl7,Miura Iku,,,missing,no,,
QQ62CWn2,Ando Naoki,,,missing,no,,
Bqky19ae,Ando Haru,,,missing,no,,
NbKeRcPM,Ando Naoyuki,,,missing,no,,
vVdUl9kZ,Okumura Eimichi,,,missing,no,,
uhGVlVcb,Okumura Nami,,,missing,no,,
ZHgHiq5g,Okumura Eishige,,,missing,no,,
dLk4Mfmb,Okumura Asao,,,missing,no,,
CGMTB5IR,Maeda Takanori,,,missing,no,,
RqrjjOwd,Maeda Rin,,,missing,no,,
dcTmgzR2,Maeda Takanaka,,,missing,no,,
KyBM4EGe,Matsudaira Sadamichi,,,missing,no,,
YKfuhIdz,Matsudaira Sadako,,,missing,no,,
5c4QE4T3,Matsudaira Sadaaki,,,missing,no,,
f4nYiBuo,Matsudaira Hatsuko,,,missing,no,,
0TCCnJ52,Matsudaira Sadanori,,,missing,no,,
ejRgtgY3,Matsudaira Sadayuki,,,missing,no,,
rUBu7S4M,Tatsumi Naofumi,,,missing,no,,
3d9HHjwb,Machida Takesuke,,,missing,no,,
FD9LbBC5,Tatsumi Hisashi,,,missing,no,,
GM8rv4Ak,Komai Shigetada,,,missing,no,,
SuEovhqt,Komai Shigenori,,,missing,no,,
2wRgcvgX,Sakai Magohachiro,,,missing,no,,
iZkMYp72,Tokugawa Yoshikatsu,,,missing,no,,
rvDsCUpk,Tokugawa Kane,,,missing,no,,
qIzG5074,Tokugawa Yoshinori,,,missing,no,,
RF8JjIdu,Tokugawa Koko,,,missing,no,,
Av28pOpi,Tokugawa Michi,,,missing,no,,
VBrMcD42,Tokugawa Yoshitoshi,,,missing,no,,
WbWoS8l0,Matsudaira Yoshitake,,,missing,no,,
RsCPH7VE,Matsudaira Nobu,,,missing,no,,
rwB3k83J,Matsudaira Yoshitake,,,missing,no,,
99ZeqWCB,Tokugawa Nori,,,missing,no,,
xz7VtMCD,Matsudaira Yoshikazu,,,missing,no,,
dme8x5FX,Matsudaira Yoshinari,,,missing,no,,
A73fNqDB,Naruse Masamitsu,,,missing,no,,
wATMO4SF,Naruse Kei,,,missing,no,,
ZkYr4Q04,Naruse Masao,,,missing,no,,
MRwSxq1k,Naruse Yoshio,,,missing,no,,
6F2ikYXs,Naruse Tamiko,,,missing,no,,
VejCmIYn,Naruse Masaatsu,,,missing,no,,
kHIiTY6k,Takekoshi Masatomi,,,missing,no,,
aNr0aTAb,Takekoshi Ryu,,,missing,no,,
5wrVt0wH,Takekoshi Masamoto,,,missing,no,,
BzIGHgCx,Naka Takako,,,missing,no,,
WvVFYg9z,Shimizu Tadahiro,,,missing,no,,
eqrjET0Q,Shimizu Kame,,,missing,no,,
HGBst1md,Shimizu Tadakane,,,missing,no,,
quPWUb7d,Shimizu Asahi,,,missing,no,,
wqjEk0zZ,Todo Takayuki,,,missing,no,,
aCLFE9fV,Todo Sayo,,,missing,no,,
6fpqsOCb,Todo Takasawa,,,missing,no,,
WKW8zGVB,Todo Kikaru,,,missing,no,,
3k7drsea,Todo Takasato,,,missing,no,,
0JPVJU94,Todo Iwa,,,missing,no,,
ITHpOHC1,Todo Takakiyo,,,missing,no,,
XFJfiBaw,Todo Ryoko,,,missing,no,,
Asdctfqh,Todo Tonosuke,,,missing,no,,
7whQnMzi,Todo Takatsugu,,,missing,no,,
8BhkuRWC,Todo Takaaki,,,missing,no,,
Jn0K7PNf,Todo Eiko,,,missing,no,,
Z6OKK1nA,Todo Takakuni,,,missing,no,,
v5MbvJJH,Todo Sawako,,,missing,no,,
VuO1uj5T,Todo Takaaki,,,missing,no,,
6DNrUFap,Todo Fumiko,,,missing,no,,
JmzS3yub,Todo Takayori,,,missing,no,,
3tcSrSZS,Todo Toku,,,missing,no,,
DEN7nvP0,Todo Takayuki,,,missing,no,,
rV9fvZPM,Todo Naganori,,,missing,no,,
zccColGo,Todo Yoshiko,,,missing,no,,
1Auqkl29,Todo Naganori,,,missing,no,,
llqgj9e4,Todo Yu,,,missing,no,,
9GlIn49d,Todo Takayoshi,,,missing,no,,
I0VAUSEq,Todo Tsuruko,,,missing,no,,
XWDbAYjm,Todo Nagachika,,,missing,no,,
sPSLtwCr,Todo Waku,,,missing,no,,
B4oQXBYc,Todo Kago,,,missing,no,,
KvnteUqO,Todo Takasetsu,,,missing,no,,
sc9FjP2E,Todo Motoshige,,,missing,no,,
C67lGw7D,Todo Hyun,,,missing,no,,
eYxUCzZl,Todo Motonobu,,,missing,no,,
iMc2zSg8,Todo Tsune,,,missing,no,,
Ey1d5pwc,Todo Mototaka,,,missing,no,,
wCNIpIB4,Todo Yae,,,missing,no,,
JTzieEQH,Todo Takakatsu,,,missing,no,,
cq8VOWkD,Todo Ryoko,,,missing,no,,
H2FsCrUJ,Todo Takafumi,,,missing,no,,
f3DEuNXC,Todo Nagauji,,,missing,no,,
PtY5O0oR,Todo Takashige,,,missing,no,,
wbEuy9q4,Todo Takakiyo,,,missing,no,,
P1AgeXcD,Todo Takahisa,,,missing,no,,
Q50kWDFW,Todo Shigeko,,,missing,no,,
gqt0QIl5,Kinoshita Toshimasa,,,missing,no,,
eBydZ8UR,Kinoshita Ayako,,,missing,no,,
9zZwFuMM,Kinoshita Toshiatsu,,,missing,no,,
YCkbvrI5,Kinoshita Kagami,,,missing,no,,
iu9a9wWD,Kinoshita Toshikata,,,missing,no,,
nerTByza,Kinoshita Masa,,,missing,no,,
TDa0KpyV,Matsudaira Ujiyoshi,,,missing,no,,
LmtF2OEL,Matsudaira Mitsutsune,,,missing,no,,
78tz8gaC,Matsudaira Ihoko,,,missing,no,,
7s4dxFt3,Shimazu Hisamitsu,,,missing,no,,
gv3wrMe3,Shimazu Chiyoko,,,missing,no,,
czGM0U4X,Shimazu Osada,,,missing,no,,
yquLAovd,Shimazu Tadayoshi,,,missing,no,,
p9NeUjUw,Shimazu Tadatsune,,,missing,no,,
8fj2kDNi,Shimazu Tadanari,,,missing,no,,
vI3iTRAa,Shimazu Nariakira,,,missing,no,,
X2sLljXc,Shimazu Narioki,,,missing,no,,
hShr91A7,Shimazu Yahime,,,missing,no,,
PRLxNKTC,Shimazu Takaatsu,,,missing,no,,
BgW75GXX,Shimazu Yao,,,missing,no,,
bCEeQkkF,Shimazu Takanori,,,missing,no,,
LvRRedWW,Shimazu Oguri,,,missing,no,,
UdtsY26m,Shimazu Tadahiro,,,missing,no,,
a5ytpM6f,Shimazu Misao,,,missing,no,,
gJxQjIhn,Shimazu Tadaakira,,,missing,no,,
60Aeo2HK,Shimazu Takeo,,,missing,no,,
t99JjHho,Shimazu Tadafuyu,,,missing,no,,
xTIL6Lf0,Shimazu Tadayuki,,,missing,no,,
j5q1b0ZO,Shimazu Suihime,,,missing,no,,
YiDzP43I,Shimazu Tadayuki,,,missing,no,,
ltdCwtlK,Shimazu Kuni,,,missing,no,,
CtPTpklz,Shimazu Tadakata,,,missing,no,,
0PAYYOYo,Shimazu Iwao,,,missing,no,,
t99JjHhO,Shimazu Tadafuyu,,,missing,no,,
a7Bus3qz,Katsura Hisatake,,,missing,no,,
YBDz0cMr,Katsura Keiko,,,missing,no,,
SpjpkISo,Katsura Hisakaya,,,missing,no,,
jp7XzhCN,Katsura Kogichi,,,missing,no,,
9j0CtAEy,Katsura Hisakira,,,missing,no,,
Fm7HitzI,Katsura Riyo,,,missing,no,,
qyCDkM5m,Tanegashima Shojuin,,,missing,no,,
QF3JI70b,Tanegashima Hisamichi,,,missing,no,,
zy3vzsD2,Tanegashima Hisanao,,,missing,no,,
V9EPyj3M,Tanegashima Nobu,,,missing,no,,
XCSdjqll,Tanegashima Hatsu,,,missing,no,,
L1wnB6pW,Komatsu Chika,,,missing,no,,
92pspLlK,Komatsu Kiyonao,,,missing,no,,
qb7Z1U5h,Komatsu Kiyotaka,,,missing,no,,
QeuaL3cf,Kuroda Kiyotaka,,,missing,no,,
V6jIFhcG,Matsukata Masayoshi,,,missing,no,,
TLxsl5iX,Godai Tomoatsu,,,missing,no,,
k3CpNDG5,Oyama Iwao,,,missing,no,,
eCNnvQM4,Murata Shinpachi,,,missing,no,,
ODtiTkOv,Beppu Shinsuke,,,missing,no,,
CaWfkO0p,Kawamura Sumiyoshi,,,missing,no,,
Ht8hAJcl,Yamamoto Gonnohyoe,,,missing,no,,
emI5NXQu,Terashima Munenori,,,missing,no,,
Ax7ZFxHb,Narahara Shigeru,,,missing,no,,
fexWXUPu,Nishi Tokujiro,,,missing,no,,
HjyxWWhy,Togo Heihachiro,,,missing,no,,
u6vPOWe7,Nozu Michitsura,,,missing,no,,
KhqU55r0,Shimazu Chinhiko,,,missing,no,,
3vLKX0xu,Shimazu Noriko,,,missing,no,,
JMd4a3AO,Shimazu Tadakimi,,,missing,no,,
5iU3TdnF,Shimazu Tomoko,,,missing,no,,
Otv143ry,Shimazu Tadatsura,,,missing,no,,
ELhVncx1,Shimazu Oiki,,,missing,no,,
o1LMD9ny,Kimotsuki Kaneyoshi,,,missing,no,,
vXMcTPtw,Kimotsuki Kaneko,,,missing,no,,
tb6JqqiB,Kimotsuki Kanefuru,,,missing,no,,
yU00LUuA,Kimotsuki Toyoko,,,missing,no,,
dcCPC5JH,Shimazu Hisataka,,,missing,no,,
uOiEhWdc,Shimazu Mitsuko,,,missing,no,,
VHFYSwnu,Shimazu Hisanaga,,,missing,no,,
we21zLIb,Shimazu Kaneko,,,missing,no,,
8SPgT8lv,Shimazu Hisanori,,,missing,no,,
JhlzLqNk,Shimazu Rin,,,missing,no,,
B8yOZDB1,Shimazu Hisaji,,,missing,no,,
wqENKt24,Shimazu Takako,,,missing,no,,
NkRdYQ2Z,Shimazu Nagamaru,,,missing,no,,
BosSaKic,Saigo Kichibei,,,missing,no,,
BosShMas,Shiihara Masa,,,missing,no,,
BosTakam,Saigo Takamori,,,missing,no,,
BosIchKo,Ichiki Koto,,,missing,no,,
BosKichi,Saigo Kichijiro,,,missing,no,,
BosSaiTa,Saigo Taka,,,missing,no,,
BosSJudo,Saigo Judo,,,missing,no,,
BosKohei,Saigo Kohei,,,missing,no,,
BosSaAri,Arikana,,,missing,no,,
BosIchMa,Ichiki Masanao,,,missing,no,,
BosSMasu,Saigo Masu,,,missing,no,,
BosKiyok,Saigo Kiyoko,,,missing,no,,
BosKikuj,Saigo Kikujiro,,,missing,no,,
BosIchKa,Ichiki Tsugu,,,missing,no,,
BosIchKr,Ichiki Kanroku,,,missing,no,,
BosOkToh,Okubo Toshiyo,,,missing,no,,
BosOkFuk,Minayoshi Fuku,,,missing,no,,
BosOkTos,Okubo Toshimichi,,,missing,no,,
BosOkMas,Okubo Masuko,,,missing,no,,
BosOkTok,Okubo Toshikazu,,,missing,no,,
BosOkNob,Okubo Nobukuma,,,missing,no,,
BosNiiNa,Niiro Naka,,,missing,no,,
BosNiiTa,Niiro Tatsou,,,missing,no,,
BosIsKic,Ishihara Kichi,,,missing,no,,
BosIsCha,Ishihara Chikayoshi,,,missing,no,,
BosYaSum,Yamada Suma,,,missing,no,,
BosYaAri,Yamada Aritsune,,,missing,no,,
BosYaHik,Yamada Hikohachi,,,missing,no,,
BosYaNao,Yamada Naoya,,,missing,no,,
BosIsMin,Ishihara Mine,,,missing,no,,
J1KrYoB2,Matsudaira Yorinori,,,missing,no,,
blCzYNBm,Matsudaira Mitsumi,,,missing,no,,
aUgD8yWg,Matsudaira Yoritaka,,,missing,no,,
Ywbdn3tH,Matsudaira Yasu,,,missing,no,,
xk81zGz1,Matsudaira Yoritsune,,,missing,no,,
Z7OeNcGK,Matsudaira Yorihira,,,missing,no,,
N5VldQQt,Matsudaira Ko,,,missing,no,,
A8Iz9ZZT,Koshiro Fujita,,,missing,no,,
XTnJEsYW,Ogasawara Tadayoshi,,,missing,no,,
Zo5RCGJQ,Ogasawara Shigeko,,,missing,no,,
4atnqu27,Ogasawara Kin,,,missing,no,,
uihfZdNy,Ogasawara Tadanobu,,,missing,no,,
zc3RATLY,Ogasawara Sadamasa,,,missing,no,,
bi2KysQW,Ogasawara Himeko,,,missing,no,,
lVI3T9fG,Ogasawara Sadanori,,,missing,no,,
85Bsa0wA,Ogasawara Sadayasu,,,missing,no,,
2CvJRlY1,Ogasawara Sadazane,,,missing,no,,
ioFUZ0oL,Ogasawara Ryoko,,,missing,no,,
peaJoNOB,Ogasawara Nagatake,,,missing,no,,
rOnLD0w7,Ogasawara Tsuna,,,missing,no,,
Zyip3QcN,Miyamoto Sadaaki,,,missing,no,,
Uf3QK6ng,Miyamoto Chiyo,,,missing,no,,
ZtJyjDvr,Miyamoto Hatsu,,,missing,no,,
IGRDYaLn,Shimamura Shizuma,,,missing,no,,
kxPhkWeY,Shimamura Tsuchi,,,missing,no,,
a0POjhcf,Shimamura Sokichi,,,missing,no,,
zE5EwPDa,Komiya Minbu,,,missing,no,,
4EowmW3n,Komiya Tsune,,,missing,no,,
5eZfB982,Sagara Yorimoto,,,missing,no,,
qLcsYHM7,Uesugi Sakae,,,missing,no,,
HAtmAA4A,Sagara Suzu,,,missing,no,,
5GMpq6XY,Sagara Motosaburo,,,missing,no,,
NutJCPcj,Sagara Hiroko,,,missing,no,,
NWi3RA0H,Sagara Nagatomi,,,missing,no,,
dvyfGKTU,Okudaira Misao,,,missing,no,,
bbvlOOs5,Sagara Yoritsugu,,,missing,no,,
YNU67geV,Sagara Yoriyuki,,,missing,no,,
916pH86X,Kamei Oga,,,missing,no,,
dKC0bSr2,Matsumoto Ryoichiro,,,missing,no,,
0K6M8tdY,Matsumoto Hana,,,missing,no,,
EmtnyFBl,Matsumoto Miyanosuke,,,missing,no,,
MSsRSBtV,Matsumoto Chiyo,,,missing,no,,
nnG2BZn7,Shingu Gyozo,,,missing,no,,
L9k5QuOT,Shingu Kisa,,,missing,no,,
MF8e93EW,Nasu Shihosuke,,,missing,no,,
3kwAqpNa,Nasu Rin,,,missing,no,,
16V5w91f,Kikuchi Shichirozaemon,,,missing,no,,
57TkTUlx,Kikuchi Mitsu,,,missing,no,,
Knylet1a,Inaba Masakuni,,,missing,no,,
UIKx01xx,Inaba Koto,,,missing,no,,
7sbPoa0a,Inaba Masanao,,,missing,no,,
a5rohL3A,Inaba Masayoshi,,,missing,no,,
acpnamQM,Inaba Masamori,,,missing,no,,
HgdZp0Wl,Inaba Iwa,,,missing,no,,
5HotxjQe,Inaba Masanori,,,missing,no,,
svKW968A,Inaba Sadako,,,missing,no,,
TzTHrzds,Tago Yotaro,,,missing,no,,
z3dbPelZ,Tago Eiko,,,missing,no,,
k92lOXHJ,Tanabe Gondayu,,,missing,no,,
teYikAqn,Tanabe Matsuko,,,missing,no,,
SqbUj7yq,Tanabe Nobuharu,,,missing,no,,
bS8yxN7k,Tanabe Harunosuke,,,missing,no,,
iIKYURwu,Tanabe Kiyoko,,,missing,no,,
QhQNpW8c,Tanabe Shinsen,,,missing,no,,
vTJsC4OH,Tanabe Itoko,,,missing,no,,
99cmIBLl,Honda Masahito,,,missing,no,,
IqQ6wbYX,Honda Masako,,,missing,no,,
3DxSAP5P,Honda Masakazu,,,missing,no,,
m9ddTE2d,Honda Suzu,,,missing,no,,
wq7KfqBC,Honda Masazane,,,missing,no,,
USrCyCPN,Honda Masamichi,,,missing,no,,
lKbRz6eD,Cho Tsurayasu,,,missing,no,,
0Y43uQrL,Cho Kono,,,missing,no,,
Sj68FhWp,Cho Naritsura,,,missing,no,,
NkhLWVag,Cho Hiroshi,,,missing,no,,
lpweWPGd,Cho Katsura,,,missing,no,,
LeuCYp9y,Cho Tsurahiro,,,missing,no,,
dmMvttf2,Cho Yasu,,,missing,no,,
E46uMtvl,Kawai Tsugunosuke,,,missing,no,,
ILKZCqYF,Kawai Suga,,,missing,no,,
2GaQofVb,Kawai Akiaki,,,missing,no,,
uBCOrdQV,Kawai Sada,,,missing,no,,
Z2GCOUtm,Kawai Yasuko,,,missing,no,,
x6R93cIi,Kawai Matsu,,,missing,no,,
m19CQd6x,Makino Tsuneko,,,missing,no,,
1yDEuokr,Makino Tadakatsu,,,missing,no,,
XoV0TPFq,Hosokawa Yoshikuni,,,missing,no,,
saxrxGki,Hosokawa Mine,,,missing,no,,
7eurlUtR,Hosokawa Narimori,,,missing,no,,
SRSldKIW,Hosokawa Masu,,,missing,no,,
jpK0zLw5,Hosokawa Morihisa,,,missing,no,,
cCBVwKSj,Hosokawa Hiro,,,missing,no,,
4ZWfBLHb,Nagaoka Moriyoshi,,,missing,no,,
NYlbLufq,Matsui Akinori,,,missing,no,,
fo7AmZvZ,Matsui Chiyo,,,missing,no,,
VwVczw6S,Matsui Tameyuki,,,missing,no,,
LRFeUoJn,Matsui Toshiyuki,,,missing,no,,
9rmhZ9SX,Hosokawa Yukimasa,,,missing,no,,
AwDyF3fr,Hosokawa Yukifumi,,,missing,no,,
0YMRJmlt,Hosokawa Mitsuko,,,missing,no,,
0dn4iBEk,Hosokawa Tatsunori,,,missing,no,,
1erzaD8X,Hosokawa Kei,,,missing,no,,
nCvG3JeX,Hosokawa Toshinaga,,,missing,no,,
ZQpSL7UA,Utsu Suzuko,,,missing,no,,
SQP2yZeu,Hosokawa Toshiyoshi,,,missing,no,,
KrF8FmSs,Hosokawa Tomoko,,,missing,no,,
1btPFqMR,Hosokawa Tadatomi,,,missing,no,,
lNlmN4wG,Miyabe Teizo,,,missing,no,,
85PKWhYi,Miyabe Haruzo,,,missing,no,,
ahYt1SDs,Todorobu Bei,,,missing,no,,
GA5dFkPJ,Takagi Motoemon,,,missing,no,,
q4kHT4nt,Sassa Junjiro,,,missing,no,,
ccbI0eaO,Ariyoshi Tatsuhiro,,,missing,no,,
l20Tre0E,Ariyoshi Rin,,,missing,no,,
mZZiN58r,Ariyoshi Tatsuo,,,missing,no,,
4UMLD8VG,Ariyoshi Mine,,,missing,no,,
BQpT7Ot2,Ariyoshi Tosei,,,missing,no,,
PhtIj0GH,Ariyoshi Hana,,,missing,no,,
NkAfByDU,Yoneda Koretake,,,missing,no,,
c5eoivff,Yoneda Korekata,,,missing,no,,
ovVdGXOn,Yoneda Koreyasu,,,missing,no,,
ZlHul9Zt,Shimotsu Kyuma,,,missing,no,,
HQk5m5lx,Motoda Nagazane,,,missing,no,,
b9gzn2hY,Ogi Masakuni,,,missing,no,,
EALX2wiH,Arima Yorishige,,,missing,no,,
Zf2ThTMe,Arima Shoko,,,missing,no,,
bqlAf3Ep,Arima Yoriko,,,missing,no,,
8KGtAWLM,Arima Chiyo,,,missing,no,,
P5bd2ucF,Arima Yorimasa,,,missing,no,,
B67b5TXq,Arima Yorimitsu,,,missing,no,,
HbzP5AAB,Arima Yorito,,,missing,no,,
DrxNkMPh,Maki Yasuomi,,,missing,no,,
adfnCVYV,Mizuno Masana,,,missing,no,,
i2ihnVmH,Ogawa Masafumi,,,missing,no,,
38sUEkUk,Sasaki Kinpei,,,missing,no,,
Y7RBrR1o,Tsuji Ichizaemon,,,missing,no,,
hPnLYYJO,Arima Masanaga,,,missing,no,,
UxSkwZcc,Imai Sakae,,,missing,no,,
iqiu9axQ,Fuwa Masahiro,,,missing,no,,
M9fL4iOG,Nozaki Heihachi,,,missing,no,,
S9l95YBY,Arimatsu Seijiro,,,missing,no,,
4hhMmQZv,Honjo Eizoro,,,missing,no,,
gP7qZ1sx,Matsuoka Denjuro,,,missing,no,,
xzrz8EdV,Inoue Tetsuji,,,missing,no,,
0u4eOAjF,Nakata Honsho,,,missing,no,,
EJFqZ0Re,Nabeshima Naotada,,,missing,no,,
GJikOBTs,Nabeshima Naotora,,,missing,no,,
IunQmBW8,Nabeshima Naomaru,,,missing,no,,
TVY3ysQM,Nabeshima Naotomo,,,missing,no,,
pKRWlHY2,Nabeshima Suiko,,,missing,no,,
BpNWO1VW,Nabeshima Naosuke,,,missing,no,,
sLjMUtzo,Nabeshima Yuiko,,,missing,no,,
afjOzd7v,Nabeshima Naotora,,,missing,no,,
dJrycT5U,Nabeshima Haruko,,,missing,no,,
Bun8uTcC,Nabeshima Naoyoshi,,,missing,no,,
QoJqPtiQ,Nabeshima Kuzuko,,,missing,no,,
1U8b3UIP,Nabeshima Naonaga,,,missing,no,,
tITu2Ofm,Nabeshima Choshun-in,,,missing,no,,
jmFzBD6r,Nabeshima Shigemasa,,,missing,no,,
oKY3txxT,Nabeshima Tameko,,,missing,no,,
uPz1Xvdn,Nabeshima Shigetomo,,,missing,no,,
UOIYnsPP,Nabeshima Matsu,,,missing,no,,
IuaPQ3Jf,Nabeshima Shigemasa,,,missing,no,,
8SJ7vUnX,Nabeshima Iku,,,missing,no,,
5vMME1MH,Nabeshima Hidemasa,,,missing,no,,
MRn4lWn1,Isahaya Ichigaku,,,missing,no,,
ZjiY3efx,Isahaya En,,,missing,no,,
XUnjjMXE,Isahaya Ietaka,,,missing,no,,
GVedNuqp,Taku Shigetsugu,,,missing,no,,
SNVHLgax,Taku Yotsu,,,missing,no,,
25ZutWwE,Nabeshima Naohiro,,,missing,no,,
3WB4WKAb,Nabeshima Taneko,,,missing,no,,
v3bb1Q5X,Nabeshima Naomasa,,,missing,no,,
Jnx18tIy,Nabeshima Fude,,,missing,no,,
0YuKB1a0,Nabeshima Naoteru,,,missing,no,,
vHYZgp4m,Nabeshima Yukiko,,,missing,no,,
glmLovBF,Nabeshima Naotaka,,,missing,no,,
aBevKeGx,Murata Masatada,,,missing,no,,
MLD6QUoN,Murata Rin,,,missing,no,,
0WWMrnLV,Eto Shinpei,,,missing,no,,
Duy1yvLw,Shima Yoshitake,,,missing,no,,
VhUaonxW,Asakura Naotake,,,missing,no,,
LfZC8oxt,Okuma Shigenobu,,,missing,no,,
YazRHukF,Sano Tsunetami,,,missing,no,,
PJm0OEPx,Oki Takato,,,missing,no,,
Xup6gETO,Soejima Taneomi,,,missing,no,,
vAL4CzPc,Edayoshi Shinyo,,,missing,no,,
Vz6OtTyq,Edayoshi Nanbori,,,missing,no,,
XbjCzJTi,Tanaka Hisashige,,,missing,no,,
W3XjwTmf,Muta Bunnosuke,,,missing,no,,
aACMcMnP,Ishii Tadasuke,,,missing,no,,
ROAQ3r08,Kondo Isami,,,missing,no,,
tDyOs33I,Hijikata Toshizo,,,missing,no,,
4MEC7NCo,Yamanami Keisuke,,,missing,no,,
FAMP0ZXN,Okita Soji,,,missing,no,,
AmaQ3r08,Amano Hachiro,,,missing,no,,
KasOs33I,Kasuga Akimichi,,,missing,no,,
IkeC7NCo,Ikeda Nagahiro,,,missing,no,,
KawP0ZXN,Kawamura Keizo,,,missing,no,,
AizKouSe,Kousaka Senkichi,,,missing,no,,
AizKoHaK,Hasegawa Kotaro,,,missing,no,,
AizKoKoH,Kobayashi Hyokichi,,,missing,no,,
Naka3r08,Nakano Takeko,,,missing,no,,
NaKos33I,Nakano Koko,,,missing,no,,
YaYaeNCo,Yamamoto Yaeko,,,missing,no,,
YuJi0ZXN,Yukiko Jinbo,,,missing,no,,
IshiBuze,Ishii Buzen,,,missing,no,,
ChujKinn,Chujo Kinnosuke,,,missing,no,,
NakaKoto,Nakazawa Koto,,,missing,no,,
OkitRint,Okita Rintaro,,,missing,no,,
SakaRyom,Sakamoto Ryoma,,,missing,no,,
NakaShin,Nakaoka Shintaro,,,missing,no,,
IwasYata,Iwasaki Yataro,,,missing,no,,
SasaTaka,Sasaki Takayuki,,,missing,no,,
NakaTada,Nakayama Tadamitsu,,,missing,no,,
IkeKurat,Ike Kurata,,,missing,no,,
HiraTake,Hiraoka Takeo,,,missing,no,,
IshiEiki,Ishida Eikichi,,,missing,no,,
KawaGens,Kawakami Gensai,,,missing,no,,
KiriTosh,Kirino Toshiaki,,,missing,no,,
OkadaIzo,Okada Izo,,,missing,no,,
bMfqWjqk,Kato Yasutomi,,,missing,no,,
g5pzHuFm,Mizoguchi Fumi,,,missing,no,,
kHOJ0Awe,Kato Yasuaki,,,missing,no,,
Jb6FawOB,Yamauchi Fukuko,,,missing,no,,
gTFSsjbm,Kato Yasumoto,,,missing,no,,
qwJbUUQV,Maeda Zenko,,,missing,no,,
RzWxJC41,Kato Yasutoshi,,,missing,no,,
vT8u3noP,Okudaira Kaedehara,,,missing,no,,
GZEDDxOG,Kato Yasunori,,,missing,no,,
KDfcebZ7,Kato Yasutomo,,,missing,no,,
gSncZATa,Naito Masayoshi,,,missing,no,,
GCLn5ECy,Naito Toyoko,,,missing,no,,
UgnuLgbA,Naito Masataka,,,missing,no,,
51dM4xsA,Naito Masayori,,,missing,no,,
l9dNB33O,Date Munenari,,,missing,no,,
vZK6RwNC,Nabeshima Mashiko,,,missing,no,,
aa7k9lsZ,Date Munetada,,,missing,no,,
FH6ohwg7,Nabeshima Kan,,,missing,no,,
84OJJiZg,Mori Takako,,,missing,no,,
qsvolxnV,Date Munenori,,,missing,no,,
j6oilqBS,Doi Michio,,,missing,no,,
R9UQCnuM,Doi Gokichiro,,,missing,no,,
NrJRgRfz,Doi Yoshiko,,,missing,no,,
pvhvN7QV,Kojima Korekata,,,missing,no,,
rHKVyyVc,Kojima Ai,,,missing,no,,
kCyapaMi,Kaneko Tadaaki,,,missing,no,,
qnY9HZY8,Date Munemichi,,,missing,no,,
q7dRw8dj,Shimazu Rei,,,missing,no,,
Pi1K6Dyu,Date Muneyoshi,,,missing,no,,
Q5L1Tq9A,Date Hisawaka,,,missing,no,,
PGjI36Ae,Date Oshin,,,missing,no,,
EFVk0L5h,Yamauchi Toyonori,,,missing,no,,
6CK8HDZR,Mori Nao,,,missing,no,,
s6nTS5jf,Yamauchi Toyosuke,,,missing,no,,
OdLEdQd3,Ikeda Yusen-in,,,missing,no,,
JVEOWyAi,Yamauchi Toyoteru,,,missing,no,,
MgtskN05,Yamauchi Toyoatsu,,,missing,no,,
ufdDL1IS,Yamauchi Toyoshige,,,missing,no,,
zcC4TL48,Yamauchi Masako,,,missing,no,,
U9RsqAwX,Yamauchi Ujisato,,,missing,no,,
RySY5fQu,Yamauchi Yuki,,,missing,no,,
KyUYLo0G,Yamauchi Ujinari,,,missing,no,,
mfPg78eX,Yamauchi Ujikata,,,missing,no,,
hvyaWDgX,Fukao Shigenori,,,missing,no,,
DeCbQeHC,Fukao Uta,,,missing,no,,
1YCmAvvP,Fukao Shigemoto,,,missing,no,,
FXZNXucw,Fukao Shigeyoshi,,,missing,no,,
pGrd03pI,Inui Taisuke,,,missing,no,,
kKdyVFsm,Inui Suzu,,,missing,no,,
Uk8wWxBw,Inui Masashige,,,missing,no,,
gswXQDd7,Inui Hayashi,,,missing,no,,
KwL2BhJu,Inui Hokotaro,,,missing,no,,
NMjVGI7u,Inui Masashi,,,missing,no,,
m3YajwyO,Yamauchi Toyofuku,,,missing,no,,
uht0Icck,Yamauchi Noriko,,,missing,no,,
YK0QNAGY,Yamauchi Toyokata,,,missing,no,,
uuCL0VJy,Yamauchi Keiko,,,missing,no,,
1OhuHuRD,Yamauchi Toyotake,,,missing,no,,
pOfNSi6V,Yamauchi Miya,,,missing,no,,
UYASRxJw,Yamauchi Toyomitsu,,,missing,no,,
hhYUOKRh,Yamauchi Toyomasa,,,missing,no,,
ic0O247n,Yamauchi Kane,,,missing,no,,
HAaOI8lO,Yamauchi Kuniko,,,missing,no,,
CLvsoPtJ,Yamauchi Toyoko,,,missing,no,,
HVP1iekL,Goto Masami,,,missing,no,,
Hlkt9zR1,Goto Rikiko,,,missing,no,,
g2mr3QCM,Goto Masakata,,,missing,no,,
Mxr5FYoa,Hachisuka Narihiro,,,missing,no,,
6gzf2OX9,Takatsukasa Shinako,,,missing,no,,
JLomyVbr,Hachisuka Mochiaki,,,missing,no,,
75JZYLpa,Hachisuka Michiko,,,missing,no,,
NPrwtYts,Hachisuka Aya,,,missing,no,,
2AJOuAzz,Hachisuka Narimasa,,,missing,no,,
diWjBHKp,Takatsukasa Noriko,,,missing,no,,
uu3PRYD5,Ikeda Masatoyo,,,missing,no,,
HxfQ7WNA,Ikeda Saki,,,missing,no,,
GLB0eZon,Ikeda Nagataka,,,missing,no,,
nKh0IYa0,Ikeda Chiyo,,,missing,no,,
dBBf1wOB,Ikeda Nagaoki,,,missing,no,,
GiqQGwGA,Hachisuka Mori,,,missing,no,,
4jgyfZ85,Ikeda Akinori,,,missing,no,,
4MZmJxE6,Ikeda Hisa,,,missing,no,,
cjm2q36D,Kashima Masanobu,,,missing,no,,
0vFKvTmm,Kashima Iyo,,,missing,no,,
2yPLLgtG,Kashima Masaaki,,,missing,no,,
cOejVaQ2,Kashima Rin,,,missing,no,,
Z7HNxyjm,Kashima Tatsu,,,missing,no,,
zQfWhCEH,Kashima Masanori,,,missing,no,,
CjIwIpNQ,Kashima Haru,,,missing,no,,
0D5ublc2,Kashima Masakazu,,,missing,no,,
vktgsLcf,Inada Uemasa,,,missing,no,,
wseAsdnA,Inada Chiyo,,,missing,no,,
s4GK3ysW,Inada Uefu,,,missing,no,,
7RyhvBYR,Inada Uegei,,,missing,no,,
OBe36Dgm,Inada Kiyo,,,missing,no,,
tzDZ2CnQ,Inada Uenori,,,missing,no,,
L0lMoM6a,Inada Teijyuin,,,missing,no,,
chCyXnc8,Inada Uekuni,,,missing,no,,
JJbwQ3jB,Inada Kunie,,,missing,no,,
EqsKtTd5,Inada Yau,,,missing,no,,
WbfzMksA,Inada Uetoshi,,,missing,no,,
mH1Ruh1j,Inada Matsu,,,missing,no,,
LACOAPLK,Inada Ueyoshi,,,missing,no,,
MVfwFwvD,Inada Hana,,,missing,no,,
khx3Vgh8,Matsudaira Katamori,,,missing,no,,
mzCn8ZC7,Matsudaira Toshi,,,missing,no,,
sdzqsV1G,Matsudaira Katataka,,,missing,no,,
liJQwhE3,Matsudaira Teru,,,missing,no,,
QkJaEi3K,Matsudaira Nobunori,,,missing,no,,
YwGkSfbK,Inawashiro Morikuni,,,missing,no,,
kDG4hH19,Inawashiro Matsu,,,missing,no,,
7iNle8U9,Inawashiro Moritane,,,missing,no,,
scnJL5kL,Saigo Hosobuko,,,missing,no,,
9wTMtQuw,Saigo Takiko,,,missing,no,,
9WtMtQuw,Saigo Tazuko,,,missing,no,,
7INle8U9,Saigo Chikasato,,,missing,no,,
7INlEbU9,Saigo Naosetsu,,,missing,no,,
7INlEbu9,Saigo Kazuto,,,missing,no,,
uSZ3ktlG,Yamakawa Hiroshi,,,missing,no,,
eKVl7rFn,Yamakawa Tose,,,missing,no,,
E8H6JIrN,Yamakawa Shigetaka,,,missing,no,,
4Wvo7FV1,Yamakawa Karagino,,,missing,no,,
Cu1xPRNB,Yamakawa Kenjiro,,,missing,no,,
IWEJ4mrY,Yamakawa Futaba,,,missing,no,,
kJATuUtQ,Yamakawa Shigehide,,,missing,no,,
PBI1pb9J,Naito Nobuyuki,,,missing,no,,
VtEfOh9T,Naito Nobutsushi,,,missing,no,,
wnmhSjVG,Kajiwara Kageo,,,missing,no,,
9WmlolIC,Tanaka Gensei,,,missing,no,,
foAJh4Aw,Tanaka Misa,,,missing,no,,
4gtrnix8,Tanaka Genko,,,missing,no,,
AizSagKa,Sagawa Kanbei,,,missing,no,,
AizHayYa,Hayashi Yasusada,,,missing,no,,
AizKajHe,Kajiwara Heima,,,missing,no,,
AizYamGo,Yamamoto Gonpachi,,,missing,no,,
AizYamSa,Yamamoto Saku,,,missing,no,,
AizYamKa,Yamamoto Kakuma,,,missing,no,,
AizYamSb,Yamamoto Saburo,,,missing,no,,
AizHyuNa,Hyuga Naiki,,,missing,no,,
AizAkiTe,Akizuki Teijiro,,,missing,no,,
AizAsaCh,Asaba Chunosuke,,,missing,no,,
CrgYCr35,Soma Michitane,,,missing,no,,
ppxVSFKS,Soma Naga,,,missing,no,,
CkTKok6g,Soma Tomotane,,,missing,no,,
bI1XmCI8,Soma Yoshitada,,,missing,no,,
YwuGBeax,Soma Yoshitane,,,missing,no,,
nci1JssK,Soma Hanako,,,missing,no,,
BGJzNDaJ,Niwa Nagakuni,,,missing,no,,
1NJGIP9x,Niwa Hisako,,,missing,no,,
4zIz7SLR,Niwa Mine,,,missing,no,,
BGJZnDaJ,Niwa Nagatomi,,,missing,no,,
1NJgiP9x,Niwa Masu,,,missing,no,,
nlu9kbj8,Ikeda Yoshinori,,,missing,no,,
HByndZnP,Ikeda Hiroko,,,missing,no,,
sxbLtOpV,Ikeda Terutomo,,,missing,no,,
aZssFvBr,Ikeda Tsuneko,,,missing,no,,
DuxfRUZv,Ikeda Nakaken,,,missing,no,,
oEJsVsvL,Ikeda Norisada,,,missing,no,,
AabIiWIA,Arao Shigehiro,,,missing,no,,
o5Zq7Oek,Shimizutani Tsuman,,,missing,no,,
MCup3o6i,Arao Shigeo,,,missing,no,,
yi11OrT2,Arao ?,,,missing,no,,
nMadfoql,Arao Shigetomi,,,missing,no,,
fELklkpF,Arao Yasu,,,missing,no,,
AhCQLCtb,Arao Naonari,,,missing,no,,
nLNPP20E,Arao Mitsunari,,,missing,no,,
UVX0OxFg,Arao ??,,,missing,no,,
EB3nmSxp,Arao Tsugunari,,,missing,no,,
PIfaqh7Q,Arao Tamenari,,,missing,no,,
3Pn5oEfx,Date Yoshikuni,,,missing,no,,
EDAnoqXI,Tokugawa Takako,,,missing,no,,
KAHCFSfY,Date Nariyoshi,,,missing,no,,
0JKuKUGj,Date Shiba,,,missing,no,,
23ZArAMO,Date Narikuni,,,missing,no,,
BX6Yp0vZ,Date Noriko,,,missing,no,,
5UBPnUHd,Date Munemoto,,,missing,no,,
HgsPH3W5,Date Tsunemura,,,missing,no,,
TGJrgoXP,Date Teiso-in,,,missing,no,,
5uYt8kLx,Date Muneatsu,,,missing,no,,
ROpC8P2s,Katakura Kuninori,,,missing,no,,
w4XrKYdu,Katakura Kagenori,,,missing,no,,
MlE07cvv,Date Aiko,,,missing,no,,
xNmZREFs,Katakura Umeko,,,missing,no,,
5M0NN2yN,Katakura Kagemitsu,,,missing,no,,
faonKywA,Tamura Kuniyoshi,,,missing,no,,
G8NxnJE5,Tamura Teruko,,,missing,no,,
C9MEAEGI,Tamura Takaaki,,,missing,no,,
tLDDSJ4h,Tamura Mutsumi,,,missing,no,,
6syqEkxm,Tamura Kuniyuki,,,missing,no,,
3fLCijjk,Date Kunitaka,,,missing,no,,
ASQ0gZto,Date Motoko,,,missing,no,,
JZFYlzYb,Date Tanemoto,,,missing,no,,
chvnuxQs,Date Chiho,,,missing,no,,
1dDTpLSL,Date Kuninari,,,missing,no,,
hFIaafxw,Date Kunizane,,,missing,no,,
yKztqf7Y,Date Toyoko,,,missing,no,,
PdMyVeC2,Date Motoi,,,missing,no,,
GfI6uQA0,Date Kuninori,,,missing,no,,
V03JK8Wj,Date Ryo,,,missing,no,,
4enjcrq2,Date Motoyasu,,,missing,no,,
uLgRyxxy,Date Yasunao,,,missing,no,,
qyv1DVLK,Date Kuninao,,,missing,no,,
zS1xCtvl,Date Shibu,,,missing,no,,
A91ldYIn,Date Motonori,,,missing,no,,
2vUBdY6S,Date Kuninaka,,,missing,no,,
bs10mHWo,Date Munehira,,,missing,no,,
qLjgsdLd,Rusu Haru,,,missing,no,,
OMoDuAqu,Date Noriko,,,missing,no,,
uGlEqEJX,Date Kuniyoshi,,,missing,no,,
NpV12vkH,Date Kuninori,,,missing,no,,
rg6sw1Q9,Date Aihime,,,missing,no,,
JkZOorvD,Date Motoharu,,,missing,no,,
uxzJmlwA,Date Keifuku,,,missing,no,,
BabGjggN,Itakura Katsuaki,,,missing,no,,
hxOrAtOY,Uesugi Iku,,,missing,no,,
EtRVL3Xg,Itakura Katsumi,,,missing,no,,
4GWpCzJZ,Itakura Tadashi,,,missing,no,,
AgF95oLC,Itakura Katsuhide,,,missing,no,,
XWlzkdNm,Itakura Katsutoshi,,,missing,no,,
hxOraTOY,Itakura Sada,,,missing,no,,
XWlzkDnM,Itakura Katsunaga,,,missing,no,,
hxOratoy,Itakura Yae,,,missing,no,,
ItaKatsu,Itakura Katsunori,,,missing,no,,
ItaKatsa,Itakura Katsusato,,,missing,no,,
MatTakes,Matsubara Takeshi,,,missing,no,,
PHvwg0Xu,Inaba Hisamichi,,,missing,no,,
PF8gDLpE,Inaba Takashi,,,missing,no,,
JjgMoz43,Inaba Junmichi,,,missing,no,,
9ipPC2rK,Inaba Akimichi,,,missing,no,,
dUHmrYee,Inaba Tonohime,,,missing,no,,
6AupeJ2N,Matsudaira Mitsuhisa,,,missing,no,,
tY6vS3gw,Matsudaira Shige,,,missing,no,,
KqISOYEY,Matsudaira Yasuhiro,,,missing,no,,
ZbVonqWL,Okubo Noriyoshi,,,missing,no,,
D0DDSMQY,Okubo Fukuko,,,missing,no,,
gyhJohjp,Okubo Tadayoshi,,,missing,no,,
mWkIbjPO,Okubo Tadanori,,,missing,no,,
Txz2u8Oq,Okubo Yuki,,,missing,no,,
a2OoRcJh,Okubo Tadanao,,,missing,no,,
vktTGyQq,Okubo Chohime,,,missing,no,,
XUP0oREf,Sakai Tadaaki,,,missing,no,,
jg1L0wFo,Sakai Kaya,,,missing,no,,
p4t1iXm5,Sakai Tadazumi,,,missing,no,,
8hFeGd0I,Sakai Tadamichi,,,missing,no,,
RhHRQkPQ,Sakai Tadatoshi,,,missing,no,,
M12NsVpR,Sakai Naokata,,,missing,no,,
WkEGfvdg,Sakai Misa,,,missing,no,,
62tdkvpy,Sakai Naoyasu,,,missing,no,,
VgE08XCk,Sakai Tsune,,,missing,no,,
MjQRacs8,Sakai Nogata,,,missing,no,,
cYZFWbZM,Matsudaira Hisashige,,,missing,no,,
FEk7Sghh,Matsudaira Hisayoshi,,,missing,no,,
QiAwLSXY,Matsudaira Hisaaki,,,missing,no,,
WlbkIU1a,Sakai Tadayoshi,,,missing,no,,
NvZMn1nx,Sakai Haru,,,missing,no,,
9NoCTl9V,Sakai Tadayasu,,,missing,no,,
6VMRRxMG,Sakai Toshikata,,,missing,no,,
bxPIgkEG,Sakai Tadakata,,,missing,no,,
EI4GudVP,Sakai Otetsu,,,missing,no,,
l1FlQE5M,Sakai Rakuko,,,missing,no,,
bLbHwsOu,Akita Tomosue,,,missing,no,,
2lCIr4Yo,Akita Matsuko,,,missing,no,,
V0yNJaSo,Akita Norisue,,,missing,no,,
KLD5OGKr,Akita Tetsu,,,missing,no,,
Nn83RWCj,Akita Akisue,,,missing,no,,
CuZoMuTC,Akita Sueharu,,,missing,no,,
MnxZWCfr,Akita Tatsuko,,,missing,no,,
UP1GXVUv,Akita Chinko,,,missing,no,,
PBJm4EDg,Tsugaru Yukitsugu,,,missing,no,,
Zd7dIZYX,Tsugaru Izumi,,,missing,no,,
DxKKXmBo,Tsugaru Tsuguakira,,,missing,no,,
bCUAVf01,Tsugaru Tsunehime,,,missing,no,,
tePWyu1J,Tsugaru Naramaro,,,missing,no,,
ghllwrCJ,Tsugaru Tsugumichi,,,missing,no,,
PZT6X6Nv,Tsugaru Chiyoko,,,missing,no,,
EhjiWov4,Tsugaru Tsuguyasu,,,missing,no,,
J4YAWqUc,Tsugaru Torakuko,,,missing,no,,
Y4g7oumw,Sugiyama Shigetomo,,,missing,no,,
AfDpOut5,Sugiyama Kame,,,missing,no,,
iLroIUcH,Sugiyama Hisanoshin,,,missing,no,,
hStRHmEI,Sugiyama Shigenori,,,missing,no,,
GsSSWLlB,Yamanaka Itsuro,,,missing,no,,
NYdIhl32,Yamanaka Utaro,,,missing,no,,
xxpsHzns,Yamanaka Iwa,,,missing,no,,
5cfM2Wsd,Yamanaka Yoshimaro,,,missing,no,,
xzgrBlXk,Chinda Sutemi,,,missing,no,,
kmuEpByR,Daidouji Junsei,,,missing,no,,
ZPBJZyhY,Daidouji Mibu,,,missing,no,,
97vWqS1S,Tsugaru Naramaro,,,missing,no,,
qDo4xRn3,Nanbu Toshihisa,,,missing,no,,
kD2IsTSN,Nanbu Matsuhime,,,missing,no,,
4HJGGKQV,Nanbu Toshiyuki,,,missing,no,,
oG7Xj5F1,Nanbu Ikuko,,,missing,no,,
F44DRUrw,Nanbu Hidemaru,,,missing,no,,
TLlGQ3hu,Nanbu Nobukata,,,missing,no,,
SMHA0cYX,Nanbu Asako,,,missing,no,,
vi4WkU82,Nanbu Toshitomo,,,missing,no,,
A3IWaEnQ,Nanbu Toshitada,,,missing,no,,
JcbZs4It,Nanbu Retsuko,,,missing,no,,
ETIKKEst,Nanbu Toyoko,,,missing,no,,
sD4FqEXl,Nanbu Nobutami,,,missing,no,,
4fsMSmDZ,Nanbu Mutsuko,,,missing,no,,
DjV342Vx,Nanbu Saisho,,,missing,no,,
L0wrNKVa,Nanbu Nobunori,,,missing,no,,
50jyluRi,Nanbu Nobuyuki,,,missing,no,,
ly1rOf4V,Nanbu Tsuruhime,,,missing,no,,
IaI3rd8b,Nanbu Sakinobu,,,missing,no,,
U2fcoM3V,Nakano Yasukuni,,,missing,no,,
OnWob7FY,Nakano Yasuko,,,missing,no,,
ybA8C3Pn,Nakano Yasutaka,,,missing,no,,
ktJ3A4pU,Nanbu Saiyu,,,missing,no,,
fCPVtYJi,Nanbu Tsuki,,,missing,no,,
0JfNpzoT,Kita Saidai,,,missing,no,,
VrwnAg7Z,Kita Sumire,,,missing,no,,
WOxNvejG,Kita Saigo,,,missing,no,,
1Ms9l2Vr,Kita Saiken,,,missing,no,,
Kn3UwNzn,Nanbu Seiyo,,,missing,no,,
KJxRs4Uz,Nanbu Haru,,,missing,no,,
Yhd8MKk4,Nanbu Haruaki,,,missing,no,,
aXv9jGz0,Nanbu Ito,,,missing,no,,
LQ4LfBqy,Nanbu Harukage,,,missing,no,,
kn3UwNzn,Nanbu Yosota,,,missing,no,,
kJxRs4Uz,Nanbu Kane,,,missing,no,,
kn3UwNzN,Nanbu Tamon,,,missing,no,,
rQvhIKmk,Mito Shikibu,,,missing,no,,
Loa2z2lg,Mito Hime,,,missing,no,,
k0VTBlM1,Mito Yosho,,,missing,no,,
N8YxPOIs,Mito Sadaaki,,,missing,no,,
RQvhIKmk,Mito Saisho,,,missing,no,,
PH6vnz2s,Azuma Masazu,,,missing,no,,
UUC5lMpW,Azuma Teru,,,missing,no,,
7VsSFAbY,Azuma Masahiro,,,missing,no,,
aCGR0aAJ,Azuma Masanori,,,missing,no,,
ph6vnz2s,Sado Narayama,,,missing,no,,
ph6vnz2S,Hara Takashi,,,missing,no,,
ph6VNZ2S,Sasaki Toyoju,,,missing,no,,
NavGuC3X,Antique Cannon,,,missing,no,,
NapGuC3X,M1857 12-Pounder Napoleon,,,missing,no,,
LHiGuC3X,Yonkin-sanpo (Canon de Montagne de 4 La Hitte),,,missing,no,,
ArmGuC3X,RBL 12-Pounder 8 CWT Armstrong Gun,,,missing,no,,
GatGuC3X,Model 1865 Gatling Gun,,,missing,no,,
3yd9Pq07,Personal Mokuroku,,,missing,no,,
HM3Bq7N7,Hokushin Itto-ryu Hatsumokuroku,,,missing,no,,
HMs8hQyH,Hokushin Itto-ryu Chūmokuroku,,,missing,no,,
HMmCw4Bg,Hokushin Itto-ryu Daimokuroku,,,missing,no,,
HMaXn8qV,Hokushin Itto-ryu Naginata Mokuroku,,,missing,no,,
OMB4e6MT,Ono-ha Junikajō Mokuroku,,,missing,no,,
OMs8hQyH,Ono-ha Kanajisho Mokuroku,,,missing,no,,
OM1D8zxc,Ono-ha Hon Mokuroku,,,missing,no,,
JR8luozd,Jigen-ryu Sho-Mokuroku,,,missing,no,,
JRL4F9EU,Jigen-ryu Chū-Mokuroku,,,missing,no,,
JRllQMrj,Jigen-ryu Okumokuroku,,,missing,no,,
JRzDg0b9,Jigen-ryu Sōmokuroku,,,missing,no,,
SRon0sjs,Shinkage-ryu Omote Mokuroku,,,missing,no,,
SRrjal9r,Shinkage-ryu O-marobashi Mokuroku,,,missing,no,,
SR7iL6Eg,Shinkage-ryu Ko-marobashi Mokuroku,,,missing,no,,
SRHug8cR,Shinkage-ryu Tengu-shomokuroku,,,missing,no,,
SRXrRixu,Shinkage-ryu Karimokuroku,,,missing,no,,
SRHKfmPe,Shinkage-ryu Mokuroku,,,missing,no,,
SRL4GoMr,Shinkage-ryu Gaiden Mokuroku,,,missing,no,,
SRYwlJAv,Shinkage-ryu Naiden Mokuroku,,,missing,no,,
SR3fPS6n,Shinkage-ryu Kaiden Mokuroku,,,missing,no,,
JRC2LX8Y,Jikishinkage-ryu Shomokuroku,,,missing,no,,
JRu0Pgwn,Jikishinkage-ryu Jomokuroku,,,missing,no,,
JR9uc7Z6,Jikishinkage-ryu Reikenden Mokuroku,,,missing,no,,
JRONpX7g,Jikishinkage-ryu Kyuri-no-Maki Mokuroku,,,missing,no,,
JRLrNt0o,Jikishinkage-ryu Goku-i Mokuroku,,,missing,no,,
JR5IyDWZ,Jikishinkage-ryu Mokuroku-menkyo,,,missing,no,,
MR2EPFPW,Mugai-ryu Goyo-mokuroku,,,missing,no,,
MRL85pP0,Mugai-ryu Goka-mokuroku,,,missing,no,,
MRblQwuC,Mugai-ryu Goo-mokuroku,,,missing,no,,
MR4e0JyT,Mugai-ryu Hashiri-gakari Mokuroku,,,missing,no,,
MRIIPYmN,Mugai-ryu Naiden-mokuroku,,,missing,no,,
MRKIBT0f,Mugai-ryu Tachi-mokuroku,,,missing,no,,
MRhYy27i,Mugai-ryu Wakizashi-mokuroku,,,missing,no,,
TRETWLF6,Tatsumi-ryu Oden Mokuroku,,,missing,no,,
TRZ5xPMe,Tatsumi-ryu Tojutsu Tachiai-mokuroku,,,missing,no,,
TRRaW6II,Tatsumi-ryu Tojutsu Iai-mokuroku,,,missing,no,,
TR1kLRlw,Tatsumi-ryu Mokuroku-menkyo,,,missing,no,,
TRjf5wHR,Tatsumi-ryu Yari-mokuroku,,,missing,no,,
TRuXqhmE,Tatsumi-ryu Shuriken-mokuroku,,,missing,no,,
TRFBhFME,Tatsumi-ryu Monomi-mokuroku,,,missing,no,,
TRMH1C6n,Tatsumi-ryu Shudan-sentōhō Mokuroku,,,missing,no,,
TRhYy27i,Tatsumi-ryu Wakizashi-mokuroku,,,missing,no,,
TRaXn8qV,Tatsumi-ryu Naginata Mokuroku,,,missing,no,,
HMg9HTTc,Heki-ryu Yumi Mokuroku,,,missing,no,,
HMiwn1t6,Yari Hyōhōmokuroku,,,missing,no,,
TRpLo9Gd,Tamiya-ryu Omote no Maki Mokuroku,,,missing,no,,
TRGafnr2,Tamiya-ryu Koran no Maki Mokuroku,,,missing,no,,
HMRQZY3w,Yari Omote-mokuroku,,,missing,no,,
HM7wSDVD,Yari Ura-mokuroku,,,missing,no,,
HMOCMPWH,Yari Shinshikake Mokuroku,,,missing,no,,
pevalQVx,Bajōzutsu,,,missing,no,,
N23dcv8c,Tanzutsu,,,missing,no,,
FSQBKQfP,Arquebus,,,missing,no,,
elFuMatP,Samurai Zutsu,,,missing,no,,
pmslilcc,Tanegashima,,,missing,no,,
b2H3pbSq,Small Ozutsu,,,missing,no,,
PzGFwFj9,Large Ozutsu,,,missing,no,,
cZ4rg27o,Explosive Teppo Ammunition,,,missing,no,,
0IZlpSDy,Ozutsu Explosive Ammunition,,,missing,no,,
WtjHvLHS,La Hitte Shell,,,missing,no,,
WtjHvArm,Armstrong Shell,,,missing,no,,
BosMIGca,Gatling Gun Cartridges,,,missing,no,,
BosMICan,Canister Shot,,,missing,no,,
WtjHvAqv,Naval Cannon Ammunition,,,missing,no,,
WtjHvAIr,Airburst Shell,,,missing,no,,
dfzeWUCf,Ozutsu Ammunition,,,missing,no,,
jASYDOcA,Teppo Ammunition,,,missing,no,,
1q5oRKaE,Kazaori-eboshi,,,missing,no,,
1q5oSuKa,Sui'ei Kanmuri,,,missing,no,,
BakMHach,Hachimaki,,,missing,no,,
BakMHacT,Tokugawa Hachimaki,,,missing,no,,
BakMHacH,Plated Hachimaki,,,missing,no,,
BakMHFoC,Forage Cap,,,missing,no,,
BakMHKep,Kepi,,,missing,no,,
BakMHEKe,Eboshi,,,missing,no,,
BakMHKPP,Private's Kepi,,,missing,no,,
BakMHKSP,Sergeant's Kepi,,,missing,no,,
BakMHKeH,Kepi with Havelock,,,missing,no,,
BakMBKSwr,Plumed Blue Kepi,,,missing,no,,
BakMBKSfw,Plumed Blue Kepi,,,missing,no,,
BakMRKSwr,Plumed Red Kepi,,,missing,no,,
BakMRKSfw,Plumed Red Kepi,,,missing,no,,
fgpjp9lo,Shako,,,missing,no,,
BakMHNGT,Nirayama Gasa (Tokugawa),,,missing,no,,
BakMHNGa,Nirayama Gasa,,,missing,no,,
BakMTonky,Tonkyogasa,,,missing,no,,
SHkZxjuj,Hatsumurigasa,,,missing,no,,
BakMJinga,Jingasa,,,missing,no,,
BakMJingC,Commander's Jingasa,,,missing,no,,
BakMManju,Manjugasa,,,missing,no,,
BakMNirZ,Nirayama Zukin,,,missing,no,,
BakMTopZ,Toppaizukin,,,missing,no,,
BakGuSha,Shaguma,,,missing,no,,
BakGuHag,Haguma,,,missing,no,,
BakGuKog,Koguma,,,missing,no,,
BakChHoo,Kusari Shikoro,,,missing,no,,
BakHachi,Hachigane,,,missing,no,,
Vyt0bkFh,Shinai,,,missing,no,,
nVRMf2SK,Training Spear,,,missing,no,,
1N8vmNag,Robust Nagaekatana,,,missing,no,,
yDvQJNag,Solid Nagaekatana,,,missing,no,,
gQmNagif,Quality Nagaekatana,,,missing,no,,
HsKHrONa,Excellent Nagaekatana,,,missing,no,,
juKNag88,Superior Nagaekatana,,,missing,no,,
AqNalzyn,Elegant Nagaekatana,,,missing,no,,
UAEmZTNa,Superb Nagaekatana,,,missing,no,,
sR4rNagq,Stable Nagaekatana,,,missing,no,,
TQfGjNag,Sturdy Nagaekatana,,,missing,no,,
9NgHxrqg,Strong Nagaekatana,,,missing,no,,
BakMIGee,Geweer (Imported Musket),,,missing,no,,
BakMIGeB,Geweer (Imported Musket w/ Bayonet),,,missing,no,,
BakMIGec,Geweer (Imported Carbine),,,missing,no,,
BakMIMin,Minieru (Pattern 1851 Minié Rifle),,,missing,no,,
BakMIMiB,Minieru (Pattern 1851 Minié Rifle w/ Bayonet),,,missing,no,,
BakMIEnb,Geberu (P53 Enfield Rifle),,,missing,no,,
BakMIEGB,Geberu (P53 Enfield Rifle w/ Bayonet),,,missing,no,,
BakMSpri,Minieru (Springfield Model 1861),,,missing,no,,
BakMSprB,Minieru (Springfield Model 1861 w/ Bayonet),,,missing,no,,
BakMILor,Minieru (M1854 Lorenz Rifle-Musket),,,missing,no,,
BakMILoB,Minieru (M1854 Lorenz Rifle-Musket w/ Bayonet),,,missing,no,,
BakMIWhi,Whitworth Rifle,,,missing,no,,
BakMIEnf,1866 Snider-Enfield Short Rifle,,,missing,no,,
BakMIEnB,1866 Snider-Enfield Short Rifle w/ Bayonet,,,missing,no,,
BakMIEnM,Sunaidoru (P-1861 Enfield Musketoon),,,missing,no,,
BakMISpC,M1862 Spencer Repeating Carbine,,,missing,no,,
BakMISpR,M1862 Spencer Repeating Rifle,,,missing,no,,
BakMISRB,M1862 Spencer Repeating Rifle w/ Bayonet,,,missing,no,,
BakMIDre,Zundnadelgewehr M/41,,,missing,no,,
BakMIDrB,Zundnadelgewehr M/41 w/ Bayonet,,,missing,no,,
BakMICha,M1866 Chassepot Rifle,,,missing,no,,
BakMIChB,M1866 Chassepot Rifle w/ Bayonet,,,missing,no,,
BakMISEn,1866 Snider-Enfield Infantry Rifle,,,missing,no,,
BakMISEB,1866 Snider-Enfield Infantry Rifle w/ Bayonet,,,missing,no,,
BakMISha,1851 Sharps Carbine,,,missing,no,,
BakMIFlP,Flintlock Pistol,,,missing,no,,
BosMIElg,Elgin Cutlass Pistol,,,missing,no,,
BosMISaW,Smith and Wesson Model No. 2 Army Revolver,,,missing,no,,
BosMICol,Colt 1851 Navy,,,missing,no,,
BosMICoD,Colt Dragoon,,,missing,no,,
BosMIRem,Remington 1858,,,missing,no,,
BosMICar,Cartridges,,,missing,no,,
BosMICaL,Large Cartridges,,,missing,no,,
BosMICaR,Cartridge in the Chamber,,,missing,no,,
iSmRldgS,Western-style Lance,,,missing,no,,
y4HUDDKb,Jitte,,,missing,no,,
vOvcAoJB,Long Jitte,,,missing,no,,
ndfetImB,Brocade Standard,,,missing,no,,
ndfetTaB,Tall Standard,,,missing,no,,
BakMSYat,Yataghan Bayonet,,,missing,no,,
4mlOUouv,Kyu Gunto,,,missing,no,,
5y2poyah,Mle 1822 Light Cavalry Saber,,,missing,no,,
TnXNExpb,Model 1860 Light Cavalry Saber,,,missing,no,,
lYLLHPGw,Model 1840 Cavalry Saber,,,missing,no,,
BosBeSas,Sash Belt,,,missing,no,,
BosBeWSq,Western Square Belt,,,missing,no,,
BosBeWCi,Western Circle Belt,,,missing,no,,
BosBeObi,Obi Belt,,,missing,no,,
BosBeDCE,Belt and Sash w/ Cavalry Equipment,,,missing,no,,
BosBeCaE,Western Square Belt w/ Cavalry Equipment,,,missing,no,,
BosBeObS,Obi Belt with Sodejirushi,,,missing,no,,
BosBeWCS,Western Circle Belt w/ Shoulder Belt,,,missing,no,,
BosBeWSS,Western Square Belt w/ Shoulder Belt,,,missing,no,,
BosBeWSB,Western Square Belt w/ Bayonet Shoulder Belt,,,missing,no,,
BosBeObC,Obi Belt w/ Crossbelt,,,missing,no,,
BosBeWCC,Western Circle Belt w/ Crossbelt,,,missing,no,,
BosBeWSC,Western Square Belt w/ Crossbelt,,,missing,no,,
P089dwt6,Infantry Equipment - Crossbelt and Pack,,,missing,no,,
BosBeCro,Crossbelt,,,missing,no,,
BosBeOCS,Obi Belt w/ Sodejirushi and Shoulder Belt,,,missing,no,,
BosBeSho,Shoulder Belt,,,missing,no,,
BosBePac,Crossbelt and Pack,,,missing,no,,
BosBeObP,Obi Belt w/ Pack,,,missing,no,,
BosBeOPS,Obi Belt w/ Sodejirushi and Pack,,,missing,no,,
BosBeWCP,Western Circle Belt w/ Pack,,,missing,no,,
BosBeWSP,Western Square Belt w/ Pack,,,missing,no,,
q1KgboXi,Ō-yoroi Kote,,,missing,no,,
BosBeOve,Overcoat,,,missing,no,,
BosBeHao,Haori,,,missing,no,,
BosBSHao,Shinsengumi Haori,,,missing,no,,
BosbSHao,Shinchogumi Haori,,,missing,no,,
BosBeBKb,Bussakibaori,,,missing,no,,
BosBeKKM,Kikko Manchira,,,missing,no,,
BosBeArm,Armband,,,missing,no,,
BosBeSod,Sode Jirushi,,,missing,no,,
BosBeSoj,Sonno-Joi Sode Jirushi,,,missing,no,,
BosBeSok,Kurume Sode Jirushi,,,missing,no,,
BosBeSoA,Aizu Sode Jirushi,,,missing,no,,
BosBeSoB,Byakkotai Sode Jirushi,,,missing,no,,
BosBeSoH,Hiroshima Sode Jirushi,,,missing,no,,
BosBeSoK,Kaga Sode Jirushi,,,missing,no,,
BosBeSoS,Saga Sode Jirushi,,,missing,no,,
BosBeSoN,Nagaoka Sode Jirushi,,,missing,no,,
BosBeSoO,Okayama Sode Jirushi,,,missing,no,,
BosBeSoo,Owari Sode Jirushi,,,missing,no,,
BosBeSos,Shinsengumi Sode Jirushi,,,missing,no,,
BosBeSSh,Shogitai Sode Jirushi,,,missing,no,,
BosBeSoT,Tokushima Sode Jirushi,,,missing,no,,
BosBeSot,Tsu Sode Jirushi,,,missing,no,,
BosBeSoz,Ozu Sode Jirushi,,,missing,no,,
BosUnMar,Sleeve Markings,,,missing,no,,
BosUnTab,Tabi,,,missing,no,,
BosUnBoo,Brogans,,,missing,no,,
BosBunSo,Bunkan Sokutai,,,missing,no,,
BosHaKei,Keikogi-hakama,,,missing,no,,
9G3QcMuk,Mukabaki-hakama,,,missing,no,,
BosHaHao,Haori-hakama,,,missing,no,,
BoshSHao,Shinsengumi Haori-hakama,,,missing,no,,
BosShHao,Shinchogumi Haori-hakama,,,missing,no,,
BosHybUn,Early Uniform and Trousers,,,missing,no,,
BosHybUN,Early Summer Uniform and Trousers,,,missing,no,,
BosHyCoa,Uniform and Hakama,,,missing,no,,
BoFFrCoa,French Infantry Coat and Trousers,,,missing,no,,
BoFSeTun,Chasseur a Pied Tunic and Trousers,,,missing,no,,
BoFTuUni,Dragon de l'Imperatrice Uniform and Trousers,,,missing,no,,
BoBSeTun,Royal Marines Tunic and Trousers,,,missing,no,,
BosSaCoa,Sack Coat and Trousers,,,missing,no,,
BosFrCoa,Frock Coat and Trousers,,,missing,no,,
BosSeTun,Service Tunic and Trousers,,,missing,no,,
BosSeTuO,Officer's Service Tunic and Trousers,,,missing,no,,
BosSeTuM,Marines Service Tunic and Trousers,,,missing,no,,
BosTuUni,Shell Jacket and Trousers,,,missing,no,,
HaTkGPsJ,Hasebe Tatsutora,,,missing,no,,
L6k0BihZ,Yokoyama Takaaki,,,missing,no,,
Pd02cWIP,Kuno Toshimasa,,,missing,no,,
tIwfNdAU,Honda Eiko,,,missing,no,,
CAxVPHIx,Honda Mutsumi,,,missing,no,,
ksrFELDK,Honda Suketoshi,,,missing,no,,
vXdi14Dt,Sakakibara Masachika,,,missing,no,,
RuAChgqW,Sakakibara Kura,,,missing,no,,
7PtkKC5L,Ikeda Akimasa,,,missing,no,,
a8fhiErH,Ikeda Akishi,,,missing,no,,
mZrml2Ov,Ikeda Michiko,,,missing,no,,
VylcfU2r,Ikeda Yoshimasa,,,missing,no,,
qiIMdezD,Ikeda Utako,,,missing,no,,
kJSK4wyx,Doi Toshinori,,,missing,no,,
aEtxWN2O,Doi Shinsei-in,,,missing,no,,
MLZq7awV,Uesugi Narisada,,,missing,no,,
QwRXJCmI,Uesugi Taki,,,missing,no,,
axhJs6IX,Uesugi Mochinori,,,missing,no,,
jCqzvM9s,Oda Nobumi,,,missing,no,,
r6hPxS8L,Shibata Tensho-in,,,missing,no,,
0W8I3WDW,Sakai Tadateru,,,missing,no,,
ypwKxiQu,Sakai Fumiko,,,missing,no,,
J8S3HAxP,Okudaira Rui,,,missing,no,,
ayqIRS5x,Inoue Masaaki,,,missing,no,,
78h2ApYu,Yamanobe Yoshimi,,,missing,no,,
5Zj9vfbh,Yamanobe Shizuka,,,missing,no,,
dP4NuLXZ,Yamanobe Yoshimoto,,,missing,no,,
PiGMjXxP,Yamanobe Hisa,,,missing,no,,
7JhWt0Cr,Hida Hamagoro,,,missing,no,,
DkDMVX0S,Hida Haruyasu,,,missing,no,,
xKCKGPUy,Oi Kanzaburo,,,missing,no,,
8doVlvNw,Oiwa Banjiro,,,missing,no,,
Vjv0jhtU,Hayashi Tadaakira,,,missing,no,,
6pWBEhfi,Hayashi Toyo,,,missing,no,,
eCgQgJ32,Maeda Toshinori,,,missing,no,,
JgzJTQRD,Maeda Nobuyoshi,,,missing,no,,
cyPZnisM,Satake Setsuko,,,missing,no,,
oRMj5Dw4,Iwaki Takakuni,,,missing,no,,
qaSYtI7f,Kuroda Kazuyoshi,,,missing,no,,
Iqa3v7D1,Ihara Asanori,,,missing,no,,
Cxfk22gK,Ihara Kuwa,,,missing,no,,
JD9quZid,Kimata Matsu,,,missing,no,,
wmriGx9z,Kinoshita Toshimasa,,,missing,no,,
DHsiGvld,Shimazu Yahime,,,missing,no,,
SqR0Mu6S,Tanegashima Hisanao,,,missing,no,,
ewils0Dz,Komatsu Chika,,,missing,no,,
b8DHDVJl,Nabeshima Naotaka,,,missing,no,,
y7KNSSPN,Maki Yasuomi,,,missing,no,,
6VZ8rqKC,Mizuno Masana,,,missing,no,,
qtwaI7LN,Ogawa Masafumi,,,missing,no,,
XqAwpT3d,Sasaki Kinpei,,,missing,no,,
YgGJdujN,Tsuji Ichizaemon,,,missing,no,,
qjFeheme,Fuwa Masahiro,,,missing,no,,
5EDIHiUN,Honda Masamichi,,,missing,no,,
gcJhVyAL,Cho Hiroshi,,,missing,no,,
j1RRxloG,Kawai Suga,,,missing,no,,
XYmKfVXX,Hosokawa Toshinaga,,,missing,no,,
hv1qJGAV,Miyabe Teizo,,,missing,no,,
P62eOd0e,Miyabe Haruzo,,,missing,no,,
L7lfoFu7,Todorobu Bei,,,missing,no,,
WRBJMAxG,Takagi Motoemon,,,missing,no,,
3IgBMBjO,Sassa Junjiro,,,missing,no,,
uq8mSvxo,Kikuchi Shichirozaemon,,,missing,no,,
w1okK9gq,Rogan,,,missing,no,,
a2rhPaGB,Father,,,missing,no,,
V44d9fIP,Mother,,,missing,no,,
CLqPbdiZ,Ferry Driver,,,missing,no,,
EPAOxYQz,Inada Ueyoshi,,,missing,no,,
wx2ueWmc,Inada Hana,,,missing,no,,
RvDxK05Y,Inada Uemasa,,,missing,no,,
hM5I9P0H,Inada Chiyo,,,missing,no,,
rWLTD0VP,Inada Uegei,,,missing,no,,
1DquGOk6,Inada Kiyo,,,missing,no,,
IAlJOXYB,Inada Uefu,,,missing,no,,
yHGYnv7J,Inada Uekuni,,,missing,no,,
nTvvBSyL,Inada Kunie,,,missing,no,,
SQk4kSuU,Inada Yau,,,missing,no,,
MuaWnIVG,Inada Uenori,,,missing,no,,
oeXBYpPO,Inada Teijyuin,,,missing,no,,
vufFgWYR,Inada Uetoshi,,,missing,no,,
CoZaJNAY,Inada Matsu,,,missing,no,,
l7TOWvmc,Soma Yoshitada,,,missing,no,,
CS8KPrQ8,Date Kuninari,,,missing,no,,
iMBlTpJj,Matsudaira Hisaaki,,,missing,no,,
XRWN4wOB,Matsudaira-shi Yuki-ke,,,missing,no,,
0EuaiL5U,Honda-shi Fukui-ke,,,missing,no,,
65nRjENB,Koma-shi,,,missing,no,,
YokAhV9G,Yokoi-shi,,,missing,no,,
NakAhV9G,Nakane-shi,,,missing,no,,
QWSAhV9G,Fukui Retainers,,,missing,no,,
lo1uTEQ8,Sakai-shi Obama-ke,,,missing,no,,
SNvfboK3,Ban-shi,,,missing,no,,
LboIPHhY,Sakai-shi Tsuruga-ke,,,missing,no,,
1iyE0PaI,Matsudaira-shi Saijo-ke,,,missing,no,,
oooOrCfb,Kuno-shi,,,missing,no,,
iilNBXIF,Mizuno-shi Tarosaku-ke,,,missing,no,,
IqeslrzB,Miura-shi,,,missing,no,,
PQRi3uY3,Maeda-shi,,,missing,no,,
ToMi3uY3,Maeda-shi Toyama-ke,,,missing,no,,
8Kqhx9R1,Yokoyama-shi,,,missing,no,,
kXGcCns5,Murai-shi,,,missing,no,,
c0sws5As,Watanabe-shi,,,missing,no,,
uUYsYxYv,Ishikawa-shi,,,missing,no,,
qVwe6PhI,Tokugawa-shi,,,missing,no,,
or53kdHi,Tokugawa-shi Hitotsubashi-ke,,,missing,no,,
or53kdTa,Tokugawa-shi Tayasu-ke,,,missing,no,,
u6lrAs3a,Honda-shi Heihachiro-ke,,,missing,no,,
cNcintrO,Honda-shi Hikohachiro-ke,,,missing,no,,
Oznhza31,Honda-shi Sanyazaemon-ke,,,missing,no,,
mQXREA7g,Honda-shi Bungo no Kami-ke,,,missing,no,,
5WrhQacH,Sakakibara-shi,,,missing,no,,
zMS7kVYL,Matsudaira-shi Fujii-ke,,,missing,no,,
vbUCt3rO,Matsudaira-shi Nomi-ke,,,missing,no,,
gW4rfIRa,Ando-shi,,,missing,no,,
6NWgGmYf,Akita-shi,,,missing,no,,
XUZY7RKL,Ikeda-shi,,,missing,no,,
QowjvKFN,Toda-shi Tahara-ke,,,missing,no,,
lJ4G39SA,Doi-shi,,,missing,no,,
EsXGTKG6,Doi-shi Mikawa-ke,,,missing,no,,
8ARCCCRo,Maeda-shi Tosa-no-kami-ke,,,missing,no,,
9k6cL3KU,Okubo-shi Tadanori-ke,,,missing,no,,
9k6cL3Na,Toda-shi Ogaki-ke,,,missing,no,,
or53kdM3,Matsudaira-shi Itoigawa-ke,,,missing,no,,
qVwe6PhM,Shogunate Retainers,,,missing,no,,
cst28b0f,Uesugi-shi,,,missing,no,,
KLuc7HoH,Makino-shi,,,missing,no,,
ut0zK1q3,Naito-shi Nobunari-ke,,,missing,no,,
46beFBYz,Naito-shi Mikawa-ke,,,missing,no,,
dOsL2isy,Todo-shi Hisai-ke,,,missing,no,,
5CN6Gy5S,Mizuno-shi,,,missing,no,,
Zh7GjSjo,Ishihara-shi,,,missing,no,,
yCcCT6mZ,Sakai-shi Himeji-ke,,,missing,no,,
I9hQfxer,Kawai-shi,,,missing,no,,
PUbRLoYj,Matsudaira-shi Hisamatsu-ke,,,missing,no,,
AWRMmV7h,Matsudaira-shi Hisamatsu-ke,,,missing,no,,
kRGxcRfS,Takayama-shi,,,missing,no,,
Ewr11Fdb,Okudaira-shi Hijika-ke,,,missing,no,,
2UQC6ICH,Ii-shi,,,missing,no,,
TR017av3,Mori-shi,,,missing,no,,
1Ty8UxNT,Mori-shi Chofu-ke,,,missing,no,,
kL7d963P,Mori-shi Tokuyama-ke,,,missing,no,,
JGZnehmf,Mori-shi Kiyosue-ke,,,missing,no,,
CpuD24Mi,Kikkawa-shi,,,missing,no,,
J9HRNpb0,Shishido-shi,,,missing,no,,
J9HRNpFu,Fukuhara-shi,,,missing,no,,
2SX9wmc3,Masuda-shi,,,missing,no,,
2SX9wMi3,Mori-shi Migita-ke,,,missing,no,,
n2CCJZwh,Mori-shi Asa-ke,,,missing,no,,
n2CCJZYo,Mori-shi Yoshiki-ke,,,missing,no,,
n2CCJZAg,Mori-shi Agawa-ke,,,missing,no,,
w0u8gG6o,Mori-shi Ono-ke,,,missing,no,,
wwt1foUn,Katsura-shi,,,missing,no,,
Cht1fSei,Seigi-ha,,,missing,no,,
Cht1fZok,Zokuron-ha,,,missing,no,,
Cht1fTok,Tokoji-ha,,,missing,no,,
Cht1fShi,Shichikyo,,,missing,no,,
OVQoC9fn,Matsudaira-shi Ochi-ke,,,missing,no,,
OVQoC9To,Tojo Asano-shi,,,missing,no,,
lE7sVvZR,Inoue-shi,,,missing,no,,
9rJNJbXR,Ota-shi,,,missing,no,,
TJfQdtFe,Tokugawa-shi Mito-ke,,,missing,no,,
57hjGaZL,Matsudaira-shi Ishioka-ke,,,missing,no,,
XxcwBNno,Matsudaira-shi Takamatsu-ke,,,missing,no,,
a5C2zixP,Nakayama-shi,,,missing,no,,
7odtySTp,Yamanobe-shi,,,missing,no,,
hfTDnPCp,Suzuki-shi Iwami no Kami-ke,,,missing,no,,
lfglFdss,Todo-shi,,,missing,no,,
4YXW6utE,Hida-shi,,,missing,no,,
HaXW6utE,Hasuda-shi,,,missing,no,,
JcaTBEWg,Shosei-to,,,missing,no,,
KmXmnjce,Tengu-to,,,missing,no,,
UOfUWQw6,Hayashi-shi,,,missing,no,,
O1t78okp,Masaki-shi,,,missing,no,,
8OkaB9R1,Okumura-shi Bunke,,,missing,no,,
2u6WvxxW,Makino-shi,,,missing,no,,
9zQ8kYAR,Inagaki-shi,,,missing,no,,
3cIhQHtN,Yamamoto-shi,,,missing,no,,
DOFvDvMn,Satake-shi,,,missing,no,,
L1YBjtAz,Satake-shi Hokke-ke,,,missing,no,,
M0xrXK9O,Tagaya-shi,,,missing,no,,
BCsXgT4T,Satake-shi Minami-ke,,,missing,no,,
hOwxMbu9,Iwaki-shi,,,missing,no,,
HowxMbu9,Shibue-shi,,,missing,no,,
lY9SDV7a,Kuroda-shi,,,missing,no,,
AkiSDV7a,Kuroda-shi Akizuki-ke,,,missing,no,,
YlpRkhrE,Nomura-shi,,,missing,no,,
cLtGOm40,Kuroda-shi Minagi-ke,,,missing,no,,
1O30HvkU,Kato-shi,,,missing,no,,
lY9SDVTs,Tsugikata-shi,,,missing,no,,
RmkJpDHV,Mori Jingobei-shi,,,missing,no,,
PLqvpKje,Ikoma-shi,,,missing,no,,
HTqZfe96,Tosa Kinno-to,,,missing,no,,
cm25rmmT,Ihara-shi,,,missing,no,,
j0760mT5,Nagano-shi,,,missing,no,,
gq9NGwvB,Kimata-shi,,,missing,no,,
kwCYCFhQ,Saigo-shi Hikone-ke,,,missing,no,,
xRnrOdTc,Honganji-shi,,,missing,no,,
Hkaz0M4C,Ganshoji-shi,,,missing,no,,
lx34RrxX,Tokugawa-shi Kii-ke,,,missing,no,,
99Mh6vBQ,Mizuno-shi,,,missing,no,,
ikViyOmi,Ando-shi,,,missing,no,,
AFuBZx4V,Matsudaira-shi Hisamatsu-ke,,,missing,no,,
skZuhNKm,Kuwana Retainers,,,missing,no,,
9jmhs2Af,Tokugawa-shi Owari-ke,,,missing,no,,
Oz4Epb0l,Matsudaira-shi Takasu-ke,,,missing,no,,
QGOk0nP3,Naruse-shi,,,missing,no,,
iHzPlDkM,Takekoshi-shi,,,missing,no,,
Mq2WPvMA,Shimizu-shi,,,missing,no,,
Fch4loOb,Todo-shi Nabari-ke,,,missing,no,,
g1Mabrdw,Todo-shi Ueno-ke,,,missing,no,,
L48ll2wn,Todo-shi Izumo-ke,,,missing,no,,
OljOni7v,Kinoshita-shi,,,missing,no,,
xtwV8mNg,Shimazu-shi,,,missing,no,,
vb51XuDL,Shimazu-shi Sadowara-ke,,,missing,no,,
xtwV8mnG,Shimazu-shi Tarumi-ke,,,missing,no,,
vb51XUdL,Shimazu-shi Imaizumi-ke,,,missing,no,,
6WeEzXMc,Shimazu-shi Kajiki-ke,,,missing,no,,
PKFVNkMS,Shimazu-shi Miyakonojo-ke,,,missing,no,,
prFVNkLc,Shimazu-shi Shigetomi-ke,,,missing,no,,
gqaEBwUE,Katsura-shi,,,missing,no,,
kKsnNZDD,Tanegashima-shi,,,missing,no,,
DRRT6Yh1,Komatsu-shi,,,missing,no,,
PKFVNkLc,Kimotsuki-shi,,,missing,no,,
BosSaigo,Saigo-shi,,,missing,no,,
BaDTSaig,"The Saigō are not daimyō, but few wield as much influence in Satsuma as Saigō Takamori. A samurai of humble origin and towering presence, Saigō is a leading voice in the sonnō jōi movement. Beloved by the lower samurai and feared by political rivals, he walks a tightrope between personal loyalty to the Shimazu clan and his growing vision for a reformed Japan. In 1864, Saigō has returned from exile to help Satsuma crush the Chōshū rebellion, but his heart lies with imperial cause. Torn between duty and destiny, the Saigō family rises not through land or armies, but through the charisma and ideals of its reluctant champion.",,,missing,no,,
BosOkubo,Okubo-shi,,,missing,no,,
BaDTOkub,"Hailing from a modest samurai background in Kagoshima, the Ōkubo are bureaucrats rather than warriors—but it is in politics that they sharpen their blades. Ōkubo Toshimichi, pragmatic and sharp-tongued, is fast becoming one of the most feared minds in Satsuma. A staunch ally of Saigō Takamori, he believes that only radical reform can save Japan from subjugation by the West. While others cry for war against foreign powers, Ōkubo sees the greater enemy in Japan's own corruption and feudal stagnation. As the Satsuma domain balances on the edge of rebellion, the Ōkubo clan builds networks, forges alliances, and prepares to steer the storm. In 1864, they are the hidden hand guiding the future of a crumbling shogunate.",,,missing,no,,
DRRT6YSR,Satsuma Retainers,,,missing,no,,
qfHKfquH,Hosokawa-shi,,,missing,no,,
2nPDxvvU,Matsui-shi,,,missing,no,,
PcbbEMKz,Hosokawa-shi Udo-ke,,,missing,no,,
yJvoBlCU,Hosokawa-shi Takase-ke,,,missing,no,,
xq41XdpH,Higo Kinno-to,,,missing,no,,
nKMoFXSw,Ariyoshi-shi,,,missing,no,,
kAG0Yn7Z,Yoneda-shi,,,missing,no,,
erfPD3kM,Ogasawara-shi,,,missing,no,,
erfPD3km,Ogasawara-shi Bunke,,,missing,no,,
1GCcC8FV,Ogasawara-shi Anji-ke,,,missing,no,,
MiCcC8FV,Miyamoto-shi,,,missing,no,,
5mXM9iS3,Shimamura-shi,,,missing,no,,
5KoM9iS3,Komiya-shi,,,missing,no,,
FfWqS9rv,Matsudaira-shi Shishido-ke,,,missing,no,,
WMGq6j1n,Sagara-shi,,,missing,no,,
FHrTjQq8,Matsumoto-shi,,,missing,no,,
hepAMIkF,Shingu-ha,,,missing,no,,
fHnbNu30,Inaba-shi Masashige=ke,,,missing,no,,
2yKuCKTm,Tanabe-shi,,,missing,no,,
pmrkQRf2,Honda-shi Kaga-ke,,,missing,no,,
nyZnP0q5,Cho-shi,,,missing,no,,
MUFiSZnN,Kawai-shi,,,missing,no,,
VqhXPqel,Arima-shi,,,missing,no,,
WHJDjBAc,Gai-doshi,,,missing,no,,
mBLBhiJ2,Nai-doshi,,,missing,no,,
FQ1msfS3,Nabeshima-shi,,,missing,no,,
FQ1msfSh,Nabeshima-shi Shiraishi-ke,,,missing,no,,
ztOTUHZ8,Nabeshima-shi Hasuike-ke,,,missing,no,,
FQ1msfOg,Nabeshima-shi Ogi-ke,,,missing,no,,
FQ1msfKa,Nabeshima-shi Kashima-ke,,,missing,no,,
FQ1msfSu,Nabeshima-shi Suko-ke,,,missing,no,,
tF67sEyg,Nabeshima-shi Takeo-ke,,,missing,no,,
FQ1msRIs,Ryuzoji-shi Isahaya-ke,,,missing,no,,
FQ1msRTa,Ryuzoji-shi Taku-ke,,,missing,no,,
eym8aSZ5,Murata-shi,,,missing,no,,
FQ1msSeT,Seikan-to,,,missing,no,,
LvmXDnyd,Saga Retainers,,,missing,no,,
wApBgknq,Kato-shi,,,missing,no,,
fjHaaIVW,Kato-shi Shintani-ke,,,missing,no,,
PpQpwq85,Naito-shi,,,missing,no,,
B2hBOm0p,Date-shi Uwajima-ke,,,missing,no,,
pM9CGa9T,Doi-shi,,,missing,no,,
KFO7OUtf,Kojima-shi,,,missing,no,,
uymXzBkI,Date-shi Yoshida-ke,,,missing,no,,
92mcWZ66,Yamauchi-shi,,,missing,no,,
VweRUc2K,Iga-shi,,,missing,no,,
YrjfSw48,Fukao-shi,,,missing,no,,
Ec8VRUVe,Inui-shi,,,missing,no,,
DNhzKMbS,Yamauchi-shi Azabu-ke,,,missing,no,,
flZ5WVeG,Goto-shi,,,missing,no,,
mBoaB6DD,Hachisuka-shi,,,missing,no,,
IYIPPzhY,Ikeda-shi Amagi-ke,,,missing,no,,
bE75tDOy,Kashima-shi,,,missing,no,,
sb0Pv1Rt,Inada-shi,,,missing,no,,
o0Xm5Rqk,Playerland,,,missing,no,,
FguhKirf,Oihagi Looters,,,missing,no,,
FZjVu6zx,Zoku Bandits,,,missing,no,,
sTvDztWN,Yato Bandits,,,missing,no,,
MEQv3Fvs,Kaizoku Pirates,,,missing,no,,
4S24PmMZ,Sanzoku Mountain Bandits,,,missing,no,,
rW0j3kZA,Burai Ronin,,,missing,no,,
Vfsbslpv,Deserters,,,missing,no,,
6HH6w5ZG,Kinno-to,,,missing,no,,
PLkAXWwi,"The Kinno-to are violent Imperialists, called terrorists by some. Drawn from the ranks of the Shishi, their cause combines fierce reverence for the throne with violent action, embracing assassination, agitation, and open rebellion.",,,missing,no,,
GPVvKObz,Tenchugumi,,,missing,no,,
XrdlGOOd,"The Tenchūgumi are a small band of imperial loyalists who launched an armed uprising in Yamato in 1863, believing they are carrying out heaven's punishment against enemies of the emperor.",,,missing,no,,
7RJeJS64,Shinchogumi,,,missing,no,,
JRiczAx9,"The Shinchōgumi are a Bakumatsu policing corps formed by the shogunate in Edo, composed mainly of loyalist rōnin tasked with patrols, guard duty, and keeping order in the capital as tensions with imperial forces grow. In 1864, they fell under the command of Shonai-han",,,missing,no,,
TjluN6ig,Kameyama Shachu,,,missing,no,,
U71vvdhm,"Kameyama Shachū is a small, semi-private maritime venture founded by Sakamoto Ryōma to move weapons, conduct trade, and operate ships independent of the Bakufu. It will later evolve into the Kaientai, a more organized naval-style volunteer corps that carries out transport, escort, and political missions during the final years of the Bakumatsu.",,,missing,no,,
7FYD9CMy,Joshigun,,,missing,no,,
Qihoea4H,"The Aizu Joshigun are groups of Aizu domain women who organized themselves during the Boshin War, taking on support roles and, in many cases, joining combat alongside the domain's remaining defenders.",,,missing,no,,
alnKa3Bg,Shogitai,,,missing,no,,
zZCKPklj,"The Shōgitai are a corps of elite retainers who rose to defend the Shogunate in its final days. Trained in both traditional and modern warfare, they embody the spirit of the old samurai while adapting to the new age. Their resolve in battle is legendary.",,,missing,no,,
qX0hsHoS,Shinsengumi,,,missing,no,,
jycPZTp7,"The Shinsengumi are a corps of loyalists formed to protect the Shogunate's interests in Kyoto. Renowned for their strict discipline and unmatched swordsmanship, they strike fear into rebels and ronin alike. Their loyalty is absolute, and their blades swift.",,,missing,no,,
kEoddDyL,Aizu Kotetsu-kai,,,missing,no,,
bgA6na9m,"Aizu Kotetsu is a feared street boss who serves as an unofficial enforcer for the Aizu clan in Kyoto. His crew handles the dirty work the samurai cannot, using local influence and hard violence to protect Aizu interests in the back alleys of the capital.",,,missing,no,,
fXENjJJL,Oda Clan,,,missing,no,,
eC2ASTQN,Matsudaira-shi Hoshina-ke,,,missing,no,,
fynHJTwu,Saigo-shi Aizu-ke,,,missing,no,,
8FEa2FoG,Yamakawa-shi,,,missing,no,,
GXmPOdWx,Naito-shi Kai-ke,,,missing,no,,
H87qo4NM,Tanaka-shi,,,missing,no,,
Aizqo4NM,Aizu Retainers,,,missing,no,,
AomEuPxP,Soma-shi,,,missing,no,,
kXgAqsVE,Niwa-shi,,,missing,no,,
Txtm8EQj,Ikeda-shi,,,missing,no,,
LOgpObOY,Arao-shi,,,missing,no,,
5BAcZId0,Date-shi,,,missing,no,,
KOOT63wV,Katakura-shi,,,missing,no,,
PTlPcJhs,Tamura-shi,,,missing,no,,
yoWzFxzf,Date-shi Wakuya-ke,,,missing,no,,
N3obbklH,Date-shi Watari-ke,,,missing,no,,
52ZbOGpN,Date-shi Tome-ke,,,missing,no,,
GghWbhMx,Date-shi Iwadeyama-ke,,,missing,no,,
Mmlec0W6,Date-shi Mizusawa-ke,,,missing,no,,
5opAomPm,Itakura-shi,,,missing,no,,
e0X7neFB,Inaba-shi,,,missing,no,,
piDj6z9f,Matsudaira-shi Toda-ke,,,missing,no,,
0rKkFwOg,Okubo-shi Yamanaka-ke,,,missing,no,,
k1xUIUj8,Okubo-shi,,,missing,no,,
71PEDLZf,Sakai-shi,,,missing,no,,
wmoenMOl,Sakai-shi Okunosuke-ke,,,missing,no,,
NuTx5zmj,Matsudaira-shi Jinzaburo-ke,,,missing,no,,
pI6YjX8M,Sakai-shi Matsuyama-ke,,,missing,no,,
UyMq8aDj,Tsugaru-shi,,,missing,no,,
6LMl0tI8,Tsugaru-shi Kuroishi-ke,,,missing,no,,
xy3cU9cP,Sugiyama-shi,,,missing,no,,
4IKyEBDc,Daidouji-shi,,,missing,no,,
5IKyEBDc,Yamanaka-shi,,,missing,no,,
c006Hx4r,Nanbu-shi,,,missing,no,,
kHne65Y9,Nanbu-shi Shichinohe-ke,,,missing,no,,
flBMJ4Es,Nanbu-shi Hachinohe-ke,,,missing,no,,
ZVlwFZZv,Nakano-shi,,,missing,no,,
NyMA6A7K,Kita-shi,,,missing,no,,
3LujlMb3,Minami-shi,,,missing,no,,
BMQyxH2f,Mito-shi,,,missing,no,,
aArztftR,Azuma-shi,,,missing,no,,
AArztftR,Nanbu Retainers,,,missing,no,,
gVZxlFB4,Ashigaru,,,missing,no,,
701yWTen,Tenryo{newline}{newline}Foreign Merchant: French,,,missing,no,{newline} | {newline},
686xcJ5S,Taro,,,missing,no,,
xbwRkO5Z,Ichiro,,,missing,no,,
0T1OCfRY,Jiro,,,missing,no,,
1187gbgM,Saburo,,,missing,no,,
BN54hR9V,Shiro,,,missing,no,,
OfanclyF,Goro,,,missing,no,,
9wz88kH7,Rokuro,,,missing,no,,
pEnQ7qL8,Shichiro,,,missing,no,,
BQEJpaKM,Hachiro,,,missing,no,,
Zf6pqP1S,Kuro,,,missing,no,,
F4wYBL82,Juro,,,missing,no,,
3cTGorVo,Jusuke,,,missing,no,,
4yJsfsiM,Suketaro,,,missing,no,,
XBtOokns,Sukejiro,,,missing,no,,
5P5FkBwH,Sukesaburo,,,missing,no,,
tubOfaxz,Sukeshiro,,,missing,no,,
3R5j7RYA,Sukegoro,,,missing,no,,
Ds3cZg6r,Sukebei,,,missing,no,,
nKMOkNFw,Sukezaemon,,,missing,no,,
7iiIq9r6,Sukeemon,,,missing,no,,
kD70iJ3J,Shintaro,,,missing,no,,
fpdWiWfz,Shinichiro,,,missing,no,,
A2GoIvbc,Shinjiro,,,missing,no,,
Bti8upGR,Sinsaburo,,,missing,no,,
OMBLQ8zN,Shingoro,,,missing,no,,
CeFXPZ4y,Shinjuro,,,missing,no,,
8AWswCXB,Shinsuke,,,missing,no,,
u6o96I4Y,Shinnosuke,,,missing,no,,
KT8o8D8j,Shinkichi,,,missing,no,,
QXoI9qum,Shinzo,,,missing,no,,
l4hS80xv,Shinbei,,,missing,no,,
xGgjfTcH,Shinzaemon,,,missing,no,,
nP12n3Fs,Shinemon,,,missing,no,,
2HEjtotK,Kantaro,,,missing,no,,
ctzwdIKa,Kanichiro,,,missing,no,,
nWOBDgpj,Kanjiro,,,missing,no,,
NbvnNk2S,Kanzaburo,,,missing,no,,
kN3o6xzR,Kangoro,,,missing,no,,
rtGBo128,Kanjuro,,,missing,no,,
YRDygFj6,Kansuke,,,missing,no,,
cGq2zXGn,Kannosuke,,,missing,no,,
2BhHfnxd,Kankichi,,,missing,no,,
eZOVCTrX,Kanzo,,,missing,no,,
4Nkceif9,Kanbei,,,missing,no,,
pr5IdVlQ,Choutaro,,,missing,no,,
6get6Y8E,Chouichiro,,,missing,no,,
b9VnjeKp,Choujiro,,,missing,no,,
ZjsS13ws,Chouzaburo,,,missing,no,,
QP1vL1Z5,Chougoro,,,missing,no,,
onoKVXjp,Choujuro,,,missing,no,,
8Lqk2NsA,Chousuke,,,missing,no,,
XWldYuhm,Chouunosuke,,,missing,no,,
q1a85TXt,Choukichi,,,missing,no,,
QCC1D0p5,Chouzo,,,missing,no,,
uA1I8WpX,Choubei,,,missing,no,,
S34Gm8bG,Chouzaemon,,,missing,no,,
7wmjr9N6,Chouemon,,,missing,no,,
FyfAPTam,Yotaro,,,missing,no,,
5yIPZNOC,Yoichiro,,,missing,no,,
lK7DyjrE,Yojiro,,,missing,no,,
MJ1Oqpvu,Yosaburo,,,missing,no,,
JNR0uO1t,Yogoro,,,missing,no,,
73ORmCAk,Yojuro,,,missing,no,,
ZMYEFBjO,Yosuke,,,missing,no,,
EgvAhszY,Yonosuke,,,missing,no,,
NC96SIAV,Yokichi,,,missing,no,,
Xr2ZmWZw,Yozo,,,missing,no,,
29MCqLs8,Yohei,,,missing,no,,
RPKbRH8T,Yozaemon,,,missing,no,,
FcRcfWZy,Yoemon,,,missing,no,,
DhCSfZzt,Gentaro,,,missing,no,,
DvyQIA3d,Genichiro,,,missing,no,,
ItTycCE3,Genjiro,,,missing,no,,
8p1CMJc0,Genzaburo,,,missing,no,,
TZVh0WX4,Gengoro,,,missing,no,,
WFx5O7js,Genjuro,,,missing,no,,
cJ2lc6t0,Gensuke,,,missing,no,,
geoBdNT4,Gennosuke,,,missing,no,,
m7TQ90rZ,Genzo,,,missing,no,,
TkJw9Duw,Gennai,,,missing,no,,
Z1zN5otw,Genbei,,,missing,no,,
AbuVBtV8,Genzaemon,,,missing,no,,
AtsmKH9M,Genemon,,,missing,no,,
HG9UGvJg,Kotaro,,,missing,no,,
8kVtgCIk,Koichiro,,,missing,no,,
6vARoohf,Kojiro,,,missing,no,,
Ak4DXEag,Kosaburo,,,missing,no,,
xYhQ9Gab,Kogoro,,,missing,no,,
KFlqyj5C,Kojuro,,,missing,no,,
88kt2fqY,Shotaro,,,missing,no,,
lUXZJHsr,Shoichiro,,,missing,no,,
yylgHdJi,Shojiro,,,missing,no,,
WJocHKZm,Shosaburo,,,missing,no,,
aoezMSUO,Shogoro,,,missing,no,,
rKb72D2I,Shojuro,,,missing,no,,
8ZO6U0MK,Shosuke,,,missing,no,,
FKcnKXmS,Shonosuke,,,missing,no,,
w3AqbTQs,Shokichi,,,missing,no,,
m10TL2CQ,Shozo,,,missing,no,,
enQ9CtYF,Shobei,,,missing,no,,
yOuFJRP1,Shozaemon,,,missing,no,,
nitvYEGB,Shoemon,,,missing,no,,
V8VowuPM,Toutaro,,,missing,no,,
TaQeyQCL,Touichiro,,,missing,no,,
qXPONqPW,Toujiro,,,missing,no,,
FZDkXvEM,Tousaburo,,,missing,no,,
2z2LglVH,Tougoro,,,missing,no,,
V9bQ7Maa,Toujuro,,,missing,no,,
1QBVd4da,Tousuke,,,missing,no,,
SmVurwZt,Tounosuke,,,missing,no,,
Wq5qYwL7,Toukichi,,,missing,no,,
n1btMUnd,Touzo,,,missing,no,,
wsOx7Udj,Tounai,,,missing,no,,
ffaLCN8L,Toubei,,,missing,no,,
WdoaF6Up,Touzaemon,,,missing,no,,
0TrEYRKe,Touemon,,,missing,no,,
cousoQ4k,Mataichiro,,,missing,no,,
7GGb9pks,Matajiro,,,missing,no,,
Mi6jEdGA,Matasaburo,,,missing,no,,
50m6bXju,Matagoro,,,missing,no,,
HEpg6hFQ,Matajuro,,,missing,no,,
EjYlRDvH,Matasuke,,,missing,no,,
irRONE36,Matanosuke,,,missing,no,,
XGQmrAxZ,Matakichi,,,missing,no,,
Faecpmvv,Matazo,,,missing,no,,
hDYNv8cs,Matabei,,,missing,no,,
iXpL1lbL,Matazaemon,,,missing,no,,
P4kQzauj,Mataemon,,,missing,no,,
5i4ToX51,Tokutaro,,,missing,no,,
pMvZ04mm,Tokuichiro,,,missing,no,,
INK1MJlR,Tokujiro,,,missing,no,,
jlDVjQnu,Tokusaburo,,,missing,no,,
HQ7qfRgD,Tokugoro,,,missing,no,,
clrovKXi,Tokujuro,,,missing,no,,
FQlRLvY9,Tokusuke,,,missing,no,,
CCUwTZYL,Tokunosuke,,,missing,no,,
9qQ9evZv,Tokukichi,,,missing,no,,
ijnOHHSh,Tokuzo,,,missing,no,,
30Z0KoSI,Tokubei,,,missing,no,,
lIvG7CnE,Tokuzaemon,,,missing,no,,
RdMNMHrY,Tokuemon,,,missing,no,,
U58ZOdQG,Yataro,,,missing,no,,
ny1aqEL7,Yaichiro,,,missing,no,,
k0kehmUu,Yajiro,,,missing,no,,
XKMzktuD,Yasaburo,,,missing,no,,
EfW7Ru9p,Yagoro,,,missing,no,,
UUNZapL6,Yajuro,,,missing,no,,
4TAPNSDP,Yasuke,,,missing,no,,
STLLrKL8,Yanosuke,,,missing,no,,
fPHEbh56,Yakichi,,,missing,no,,
dhkBuvlk,Yazo,,,missing,no,,
Nh4tadmB,Yahei,,,missing,no,,
u1LJWWKJ,Yazaemon,,,missing,no,,
12lLmL2X,Yaemon,,,missing,no,,
9CL8y7uV,Magotaro,,,missing,no,,
W1Uk2bMW,Magoichiro,,,missing,no,,
CpstFlRL,Magojiro,,,missing,no,,
myxmbqU0,Magozaburo,,,missing,no,,
BewFYzJe,Magogoro,,,missing,no,,
k2aKue4A,Magojuro,,,missing,no,,
Mszofuwe,Magosuke,,,missing,no,,
PG1lH9J9,Magonosuke,,,missing,no,,
DnJOcAzi,Magokichi,,,missing,no,,
PM82Pqwb,Magozo,,,missing,no,,
zIfoLUIX,Magobei,,,missing,no,,
TTt1dATj,Magozaemon,,,missing,no,,
7nUQ4by7,Magoemon,,,missing,no,,
kISlg1tA,Zenichiro,,,missing,no,,
w6XY8Pw4,Zenjiro,,,missing,no,,
Qm5bAnQX,Zenzaburo,,,missing,no,,
Z3BeJBAS,Zengoro,,,missing,no,,
aFnWRxFk,Zenjuro,,,missing,no,,
6xE2RZ7l,Zensuke,,,missing,no,,
XJ9ajAGZ,Zennosuke,,,missing,no,,
UhAHri58,Zenkichi,,,missing,no,,
8dQZUa4y,Zenzo,,,missing,no,,
WfUZsGO1,Zennai,,,missing,no,,
E2TB5J7F,Zenbei,,,missing,no,,
cs1H4EqR,Zenzaemon,,,missing,no,,
6sEaLkkL,Zenemon,,,missing,no,,
i62ROvkh,Kiichiro,,,missing,no,,
usXhU7cq,Kizaburo,,,missing,no,,
siR5eu2H,Kijuro,,,missing,no,,
rptigya9,Kisuke,,,missing,no,,
JRFFb5Yp,Kinosuke,,,missing,no,,
aexJxPzD,Kizo,,,missing,no,,
5iJKF6OL,Souichiro,,,missing,no,,
bOaRvMKu,Soujiro,,,missing,no,,
KOYIX6bo,Souzaburo,,,missing,no,,
hQ8J9ehd,Sougoro,,,missing,no,,
WpNXQ2Wg,Soujuro,,,missing,no,,
MSQw9m26,Sousuke,,,missing,no,,
MSA98yTk,Sounosuke,,,missing,no,,
BcZmXIib,Soukichi,,,missing,no,,
FDNTSgX5,Souzo,,,missing,no,,
QQyFUrjM,Soubei,,,missing,no,,
95u0n5Gw,Souzaemon,,,missing,no,,
UuJecsoc,Souemon,,,missing,no,,
rC6bGIYr,Jinichiro,,,missing,no,,
tUuATMXL,Jinjiro,,,missing,no,,
5CILZ1Mw,Jinzaburo,,,missing,no,,
xntsULXS,Jingoro,,,missing,no,,
3kZ6KnLw,Jinjuro,,,missing,no,,
1YstbZrT,Jinsuke,,,missing,no,,
ZUSD95RW,Jinnosuke,,,missing,no,,
CifluU3w,Jinkichi,,,missing,no,,
RtC7Igb8,Jinzo,,,missing,no,,
WYjJfaRF,Jinbei,,,missing,no,,
li6FcW6d,Jinzaemon,,,missing,no,,
OFRiI1ZH,Jinemon,,,missing,no,,
PT48Pdyv,Hikoichiro,,,missing,no,,
qOHD4hmz,Hikojiro,,,missing,no,,
claatCYX,Hikozaburo,,,missing,no,,
LVSnchon,Hikogoro,,,missing,no,,
Md3I4b9A,Hikojuro,,,missing,no,,
NOhSVuEd,Hikosuke,,,missing,no,,
IyWeSdrc,Hikonosuke,,,missing,no,,
Wz5ivE3j,Hikozo,,,missing,no,,
4LySx3FC,Hikobei,,,missing,no,,
0PkorrCr,Hikozaemon,,,missing,no,,
leI5JyG8,Hikoemon,,,missing,no,,
nrW2LLb4,Seiichiro,,,missing,no,,
YqIBnGJg,Seijiro,,,missing,no,,
eZf87dj4,Seizaburo,,,missing,no,,
CiuuF7Zt,Seigoro,,,missing,no,,
Xtf9w0UQ,Seijuro,,,missing,no,,
ryPxfNOi,Seisuke,,,missing,no,,
OMsFEksS,Seinosuke,,,missing,no,,
Bt3wxgJc,Seizo,,,missing,no,,
qctPhh4n,Seibei,,,missing,no,,
iwo72hty,Seizaemon,,,missing,no,,
23onjdyq,Seiemon,,,missing,no,,
RP6oIBv1,Sentaro,,,missing,no,,
1XiYQZec,Senjiro,,,missing,no,,
PHWNIb1U,Senzaburo,,,missing,no,,
aIRIvtzt,Sengoro,,,missing,no,,
jXS4Xyuz,Senjuro,,,missing,no,,
wOXwXos9,Sensuke,,,missing,no,,
o6ipx7CX,Sennosuke,,,missing,no,,
GbzQmodT,Senzo,,,missing,no,,
6HSVwyHm,Senbei,,,missing,no,,
k0QkYUKf,Senzaemon,,,missing,no,,
HDO43hmP,Senemon,,,missing,no,,
BZenLkHE,Mantaro,,,missing,no,,
EaxgVhEA,Manjiro,,,missing,no,,
oHVTd16T,Manzaburo,,,missing,no,,
W1f3Xyka,Mangoro,,,missing,no,,
KQJB6tIF,Manjuro,,,missing,no,,
Dgnokr0s,Mansuke,,,missing,no,,
ZuY3PKvk,Mannosuke,,,missing,no,,
2zvbXuvD,Manzo,,,missing,no,,
DemRvjqX,Manbei,,,missing,no,,
xqLuC100,Manzaemon,,,missing,no,,
bKpT7ydh,Manemon,,,missing,no,,
qTjJ6VNB,Kouichiro,,,missing,no,,
OiQWNnCC,Kouzaburo,,,missing,no,,
alsRXQfE,Kougoro,,,missing,no,,
tiQigL4M,Koujuro,,,missing,no,,
5vy1Kcut,Kousuke,,,missing,no,,
ewIhSqSg,Kounosuke,,,missing,no,,
uUuyf0oq,Kouzo,,,missing,no,,
6JYI2cM1,Koubei,,,missing,no,,
Ucc1XJtA,Kouzaemon,,,missing,no,,
c0POyeDy,Kouemon,,,missing,no,,
8r6KNpJu,Ichitaro,,,missing,no,,
adSaxUtg,Ichijiro,,,missing,no,,
PHZYnyJG,Ichisaburo,,,missing,no,,
2Zz5tOGM,Ichigoro,,,missing,no,,
UE8Q9iLC,Ichijuro,,,missing,no,,
A38aKm8V,Ichisuke,,,missing,no,,
6maHAom2,Ichinosuke,,,missing,no,,
jGDO6UVX,Ichizo,,,missing,no,,
fRC2Sv0I,Ichibei,,,missing,no,,
vvLImum3,Ichizaemon,,,missing,no,,
qzEnN6b2,Ichiemon,,,missing,no,,
Bv1SBqYA,Dentaro,,,missing,no,,
0iGkPeDd,Denichiro,,,missing,no,,
1jKdOkXK,Denjiro,,,missing,no,,
oS7aAM2u,Densaburo,,,missing,no,,
0676hgZd,Dengoro,,,missing,no,,
4rt2PIJj,Denjuro,,,missing,no,,
vrNgITIa,Densuke,,,missing,no,,
bSnAdlUv,Dennosuke,,,missing,no,,
n8ygcUdT,Denzo,,,missing,no,,
uL8OvdBZ,Dennai,,,missing,no,,
ENaKTTDb,Denbei,,,missing,no,,
EVBmSHD1,Denzaemon,,,missing,no,,
F3NFayMh,Denemon,,,missing,no,,
5YYTcaY5,Buntaro,,,missing,no,,
5PkRFEfl,Bunichiro,,,missing,no,,
3kNHKBLR,Bunjiro,,,missing,no,,
bxtXeEFE,Bunsaburo,,,missing,no,,
0iBcR9Oj,Bungoro,,,missing,no,,
Fg3jIKFw,Bunjuro,,,missing,no,,
rvIN9ZTT,Bunsuke,,,missing,no,,
7I5vZfW3,Bunnosuke,,,missing,no,,
6wEnMxwM,Bunzo,,,missing,no,,
csOTlDG2,Bunnai,,,missing,no,,
Ild4lSX7,Bunbei,,,missing,no,,
IhUPTgiY,Bunzaemon,,,missing,no,,
xwzqFQHe,Bunemon,,,missing,no,,
xNuFAChh,Kyutaro,,,missing,no,,
PGONDRwL,Kyuichiro,,,missing,no,,
YphWCH0O,Kyujiro,,,missing,no,,
RK9XaxfL,Kyusaburo,,,missing,no,,
jCPhfeQe,Kyugoro,,,missing,no,,
whdi1PqW,Kyujuro,,,missing,no,,
qboKlFcb,Kyusuke,,,missing,no,,
IqtNcUKR,Kyunosuke,,,missing,no,,
EnAKh2jl,Kyuzo,,,missing,no,,
kmP42SIm,Kyunai,,,missing,no,,
6lv28NaV,Kyubei,,,missing,no,,
WtrhY68f,Kyuzaemon,,,missing,no,,
UoyQxG88,Kyuemon,,,missing,no,,
RgM49V8I,Risuke,,,missing,no,,
rOuEyl4j,Rihei,,,missing,no,,
WtGggyWu,Tomotaro,,,missing,no,,
FALveYtm,Tomoichiro,,,missing,no,,
cPCDrqQ9,Tomojiro,,,missing,no,,
FrCZl1Kc,Tomosaburo,,,missing,no,,
aTLCRfbo,Tomogoro,,,missing,no,,
VJ8JjKdn,Tomojuro,,,missing,no,,
eybQD7fW,Tomosuke,,,missing,no,,
ouJSaXMs,Tomonosuke,,,missing,no,,
5cUv40An,Tomozo,,,missing,no,,
EkbEmCds,Mosuke,,,missing,no,,
jskM3d0i,Mohei,,,missing,no,,
NrA6HIZh,Kintaro,,,missing,no,,
848CJxJF,Kinichiro,,,missing,no,,
7Y0EXAUF,Kinjiro,,,missing,no,,
YscUSvVM,Kinsaburo,,,missing,no,,
XFTScKgz,Kingoro,,,missing,no,,
NGdaEade,Kinjuro,,,missing,no,,
TZ1EuCNG,Kinsuke,,,missing,no,,
4MflqKiV,Kinnosuke,,,missing,no,,
FNMFahJE,Kinzo,,,missing,no,,
cRihXQNl,Kinbei,,,missing,no,,
4CONhzCA,Kinzaemon,,,missing,no,,
96CxYziS,Kinemon,,,missing,no,,
x0UuCfZy,Kametaro,,,missing,no,,
ZfUBVs4h,Kameichiro,,,missing,no,,
a01TqKHx,Kamejiro,,,missing,no,,
OfQZK6DU,Kamesaburo,,,missing,no,,
xyMCyFya,Kamegoro,,,missing,no,,
4enmAjQG,Kamejuro,,,missing,no,,
2RTqEBHZ,Kamesuke,,,missing,no,,
DsdZZ7ls,Kamenosuke,,,missing,no,,
nhWIvnQN,Kamezo,,,missing,no,,
22qdH8rc,Tsurutaro,,,missing,no,,
sAfPsIZ8,Tsuruichiro,,,missing,no,,
kfHjrOIs,Tsurujiro,,,missing,no,,
5CSrGJfb,Tsurusaburo,,,missing,no,,
wkcqyrPI,Tsurugoro,,,missing,no,,
EugzWPXo,Tsurujuro,,,missing,no,,
p0vR6eJa,Tsurusuke,,,missing,no,,
7N515T5W,Tsurunosuke,,,missing,no,,
oUA7SxtT,Tsuruzo,,,missing,no,,
oTCqcyRD,Sakutaro,,,missing,no,,
jJYN1RwQ,Sakuichiro,,,missing,no,,
VHEgq8bQ,Sakujiro,,,missing,no,,
7qfdlqBi,Sakusaburo,,,missing,no,,
WeUjfIJ1,Sakugoro,,,missing,no,,
ZzfKmRnj,Sakujuro,,,missing,no,,
vSeWlxFv,Sakusuke,,,missing,no,,
PruyWPPU,Sakunosuke,,,missing,no,,
IqqhbpKT,Sakuzo,,,missing,no,,
Jts7a19A,Sakubei,,,missing,no,,
uzEmlox6,Iichiro,,,missing,no,,
9iBq0QQK,Izaburo,,,missing,no,,
2AiJGGSn,Ijuro,,,missing,no,,
CTOORbUG,Isuke,,,missing,no,,
jGQAK7wi,Inosuke,,,missing,no,,
ZzQtwy55,Izo,,,missing,no,,
1DpmL0dT,Ihei,,,missing,no,,
M24CQ7LC,Izaemon,,,missing,no,,
0HhVmhAb,Iemon,,,missing,no,,
M7NqDxH8,Sasuke,,,missing,no,,
mCtJGBTR,Tarozaemon,,,missing,no,,
0dcfuOXl,Taroemon,,,missing,no,,
MvkAmOXM,Jirozaemon,,,missing,no,,
6xKoyc6E,Hiroemon,,,missing,no,,
hNnejvkq,Saburozaemon,,,missing,no,,
h8G0fO3K,Saburoemon,,,missing,no,,
kNjiQUn5,Shirozaemon,,,missing,no,,
KeKB3A1g,Shiroemon,,,missing,no,,
p2JXgAFZ,Gorozaemon,,,missing,no,,
Z62OstUb,Goroemon,,,missing,no,,
ab4sZWzd,Ai,,,missing,no,,
japJIRRy,Ao,,,missing,no,,
VHbcxIU1,Aka,,,missing,no,,
CMxdilZo,Aki,,,missing,no,,
oldI3981,Asa,,,missing,no,,
IrnQzBvz,Ashi,,,missing,no,,
ONWqd9Hd,Kumamoto,,,missing,no,,
u9Pq27aa,Ama,,,missing,no,,
bLckTBYg,Ami,,,missing,no,,
Yk5AaGis,Aya,,,missing,no,,
9spwFIMF,Ayu,,,missing,no,,
icH6H6qJ,Ara,,,missing,no,,
UgdrhMLn,Awa,,,missing,no,,
Anthc16w,Iki,,,missing,no,,
qimV9Hxm,Iku,,,missing,no,,
T6f6o1Bn,Isi,,,missing,no,,
G3bhQAAE,Ise,,,missing,no,,
c7q2fLjb,Iso,,,missing,no,,
p3I674Qb,Iti,,,missing,no,,
B3kJ5DP4,Ina,,,missing,no,,
soDfj3wG,Ine,,,missing,no,,
gK8vPJRo,Ima,,,missing,no,,
TQiCvmEX,Iyo,,,missing,no,,
hL7n98V7,Uki,,,missing,no,,
Rjj08KZk,Usu,,,missing,no,,
1tp1eT1f,Uta,,,missing,no,,
FNz4NI40,Une,,,missing,no,,
HnHrluJJ,Umi,,,missing,no,,
gE3Hqou8,Ume,,,missing,no,,
1I8FC31x,Uya,,,missing,no,,
Sl3saZgp,Ura,,,missing,no,,
qfFDtDwr,Uri,,,missing,no,,
RJSAXUMm,Uzu,,,missing,no,,
j4HdI45k,Ena,,,missing,no,,
L7msLwYi,Ema,,,missing,no,,
LT0jytMw,Emi,,,missing,no,,
HFBFS90C,Oki,,,missing,no,,
DsOfIrAJ,Oku,,,missing,no,,
s9l9Q3k4,Otu,,,missing,no,,
TxdyO9Ap,Oto,,,missing,no,,
gyuAycqs,Kai,,,missing,no,,
up78idxc,Kane,,,missing,no,,
VT6HjYzj,Kano,,,missing,no,,
8k3FCmKN,Kaho,,,missing,no,,
KSdRaHkS,Kame,,,missing,no,,
ujfb2pFG,Kaya,,,missing,no,,
IOqdIxCq,Kayo,,,missing,no,,
kv3ndFaH,Kiku,,,missing,no,,
Pv7ea4X6,Kisi,,,missing,no,,
EW5X2f0M,Kise,,,missing,no,,
zdb2NTCA,Kiso,,,missing,no,,
jLY0MV0K,Kita,,,missing,no,,
6wI9KqdW,Kiti,,,missing,no,,
FEKGGq4E,Kitu,,,missing,no,,
UmIltDrq,Kina,,,missing,no,,
RI8N5c4R,Kima,,,missing,no,,
8WfG5S6b,Kinu,,,missing,no,,
sfFxUyMo,Kine,,,missing,no,,
mWIkRnp4,Kino,,,missing,no,,
KmjDf7sk,Kiyo,,,missing,no,,
1I1ml2CF,Kin,,,missing,no,,
TelT9dGO,Kusi,,,missing,no,,
gJqMupbd,Kuni,,,missing,no,,
ClZg7i2D,Kuma,,,missing,no,,
evYMHyLJ,Kuri,,,missing,no,,
0VtFmtbM,Kura,,,missing,no,,
zKgtrFlM,Kuwa,,,missing,no,,
XvOb3Vwc,Kesa,,,missing,no,,
1JS0UhVH,Koi,,,missing,no,,
bmxZofcA,Kosi,,,missing,no,,
3O8nA90w,Koto,,,missing,no,,
9mxqMpWp,Sai,,,missing,no,,
5m4AaikN,Sae,,,missing,no,,
6RyBbZzh,Saki,,,missing,no,,
TlcOPE8V,Sati,,,missing,no,,
b5jjvG8v,Sato,,,missing,no,,
A0nnN1Bs,Sana,,,missing,no,,
3ZG5q6fC,Sane,,,missing,no,,
4Qq2nraH,Saya,,,missing,no,,
LTGg9VfY,Sayo,,,missing,no,,
te1zrRcu,Sawa,,,missing,no,,
V8ZjxSqh,San,,,missing,no,,
uH3PP2vd,Sii,,,missing,no,,
cltMCIte,Sie,,,missing,no,,
eIRxHAfM,Sino,,,missing,no,,
p0pwjEGg,Sima,,,missing,no,,
LkpYelD5,Sira,,,missing,no,,
qq7IhZqX,Sige,,,missing,no,,
txd54Uxq,Sizu,,,missing,no,,
Rpp0GkVb,Sue,,,missing,no,,
DsMiOMAl,Sumi,,,missing,no,,
Co6CVsTn,Suwa,,,missing,no,,
9PFPNnut,Suzu,,,missing,no,,
LciAOoxg,Seki,,,missing,no,,
90tYcZnV,Sena,,,missing,no,,
C0WToKkS,Seri,,,missing,no,,
ALmaRDqh,Sen,,,missing,no,,
LdhmLcqT,Sono,,,missing,no,,
p7HhzIOW,Some,,,missing,no,,
qJl74TrM,Sora,,,missing,no,,
hFoAOFav,Tae,,,missing,no,,
euu2KEpY,Taka,,,missing,no,,
BdezqiyJ,Taki,,,missing,no,,
KxoQul8K,Take,,,missing,no,,
gHTh0qbu,Tatu,,,missing,no,,
rqJlNuAP,Tani,,,missing,no,,
DBzh6GCw,Tane,,,missing,no,,
gGpyeF6m,Tama,,,missing,no,,
BtvJlQvJ,Tami,,,missing,no,,
788TRav9,Tame,,,missing,no,,
3ndapyaU,Tie,,,missing,no,,
gSk9DM6l,Tika,,,missing,no,,
FPFqiv7a,Tise,,,missing,no,,
aHHPOcUo,Tita,,,missing,no,,
cfJP1a1D,Tino,,,missing,no,,
OyxDo16q,Tiyo,,,missing,no,,
UZrCJPZv,Tuki,,,missing,no,,
fJzk4BNs,Tuta,,,missing,no,,
whxtdqVI,Tuna,,,missing,no,,
ZBK2n7tg,Tune,,,missing,no,,
Imo98lXX,Tuya,,,missing,no,,
PZbf10XQ,Tuyu,,,missing,no,,
6HSzptnS,Turu,,,missing,no,,
J0UsxkRC,Tei,,,missing,no,,
g1qXRvel,Teru,,,missing,no,,
a3VKcfJa,Toi,,,missing,no,,
T62NIiA6,Toki,,,missing,no,,
TFs4nM7I,Toku,,,missing,no,,
ZzRx1abW,Tosa,,,missing,no,,
ecTaQB7j,Tosi,,,missing,no,,
TJMitVon,Tose,,,missing,no,,
XZlG26oj,Toti,,,missing,no,,
kFitx5pm,Tone,,,missing,no,,
VRx7ynCm,Tome,,,missing,no,,
iqkzFqot,Toyo,,,missing,no,,
VwDXADid,Tora,,,missing,no,,
Di20AtpT,Towa,,,missing,no,,
ZzWzXLht,Nae,,,missing,no,,
nDpHHmR1,Nao,,,missing,no,,
ZEmO4WfN,Naka,,,missing,no,,
3x8xcHOj,Natu,,,missing,no,,
tT546r7c,Nana,,,missing,no,,
eVbD6jeL,Nami,,,missing,no,,
VPUvGEii,Nawa,,,missing,no,,
kVvV6i76,Nisi,,,missing,no,,
NyCRcnms,Nei,,,missing,no,,
AiQKTb3M,Nene,,,missing,no,,
HEKsNIc0,Noe,,,missing,no,,
nFeGwvdW,Noto,,,missing,no,,
CGlpxIRk,Haku,,,missing,no,,
4RaBnJJd,Hasu,,,missing,no,,
bucIcjxy,Hata,,,missing,no,,
oA19rmhg,Hatu,,,missing,no,,
2uCie4Q2,Hana,,,missing,no,,
OcCRaagX,Haru,,,missing,no,,
ue0urULM,Hisa,,,missing,no,,
EJpUBSCs,Hisi,,,missing,no,,
6HoPLMn3,Hina,,,missing,no,,
vY9Bp6uB,Fuki,,,missing,no,,
9LTZ9XB7,Fuku,,,missing,no,,
4UmAhqew,Fusa,,,missing,no,,
UohnfxGD,Fusi,,,missing,no,,
XCHQC5f3,Futi,,,missing,no,,
KyQ1C73j,Funa,,,missing,no,,
Gnl8tupV,Fune,,,missing,no,,
4akZ5HEq,Fumi,,,missing,no,,
kLALO29g,Fuzi,,,missing,no,,
88hLDKtN,Mai,,,missing,no,,
gxfZ2w3W,Masa,,,missing,no,,
yJXssD0P,Masu,,,missing,no,,
LJyp9AKZ,Matu,,,missing,no,,
bj63fnCB,Mana,,,missing,no,,
4rWDHouO,Mame,,,missing,no,,
qXNWMbUO,Mayu,,,missing,no,,
wblnzRnV,Mari,,,missing,no,,
ufNTpzmv,Mie,,,missing,no,,
LuePJv7g,Miti,,,missing,no,,
PV5iDOtM,Mitu,,,missing,no,,
D7la9JKQ,Mina,,,missing,no,,
Gu1BKtTu,Mine,,,missing,no,,
6kg6dx0j,Miya,,,missing,no,,
ZMQ1VDUl,Miyo,,,missing,no,,
DvL7f4QU,Moto,,,missing,no,,
aq9b50cV,Momo,,,missing,no,,
wRPynz1h,Yae,,,missing,no,,
eHd1rxID,Yasu,,,missing,no,,
sufwawfp,Yui,,,missing,no,,
q8EmtRbW,Yuna,,,missing,no,,
vnjOoU7B,Yumi,,,missing,no,,
0b9APW9w,Yume,,,missing,no,,
yjmoZDpL,Yuri,,,missing,no,,
y3LihP27,Yosi,,,missing,no,,
ynSceRn1,Yona,,,missing,no,,
llXWtjvk,Yone,,,missing,no,,
keDd7GwF,Yono,,,missing,no,,
p2YaumtD,Rie,,,missing,no,,
6BuhQ3yC,Riku,,,missing,no,,
LVLqSHsN,Risa,,,missing,no,,
dUUYeeqh,Ritu,,,missing,no,,
xdlCLqcy,Rin,,,missing,no,,
zLwhd8EY,Rui,,,missing,no,,
IVbOeER4,Ruri,,,missing,no,,
SNAlZ25g,Kamahara,,,missing,no,,
s5OF0IgD,Matsushita,,,missing,no,,
pX3UiO6u,Okuyama,,,missing,no,,
NOdQLGHo,Uemura,,,missing,no,,
KzddrTY6,Hiraiwa,,,missing,no,,
X62QLJ9n,Ōsuga,,,missing,no,,
NIElosXN,Inagaki,,,missing,no,,
FbwQawMP,Itakura,,,missing,no,,
zItxWuhw,Saji,,,missing,no,,
DYcmhaec,Hirano,,,missing,no,,
cKmxbhCS,Maeno,,,missing,no,,
dPbbo3wV,Kawajiri,,,missing,no,,
TverdHvf,Tsubouchi,,,missing,no,,
4sBs4QBv,Horio,,,missing,no,,
1VXLYCzS,Hitotsuyanagi,,,missing,no,,
eOPxRtP0,Hotta,,,missing,no,,
ymrFRnrW,Koide,,,missing,no,,
EuZYLsjt,Kuwayama,,,missing,no,,
TctYsNIg,Arao,,,missing,no,,
z9zkacmg,Edo{newline}{newline}Foreign Merchant: French,,,missing,no,{newline} | {newline},
XM9EPZDi,Satsuma,,,missing,no,,
60nJZSa2,TODO{newline}{newline}Foreign Merchant: Dutch,,,missing,no,{newline} | {newline},
ZdBXMo7L,Akizuki,,,missing,no,,
46fsk7gw,Asou,,,missing,no,,
JWeFzVlO,Nuki,,,missing,no,,
pwYAuMyG,Katsuki,,,missing,no,,
YgTsZMc0,Kiroki,,,missing,no,,
UeORdILD,Chikushi,,,missing,no,,
KssObQt2,Saigo,,,missing,no,,
VSE45J5r,Shiga,,,missing,no,,
JkFrZzdM,Kamata,,,missing,no,,
p0krwhS7,Himeno,,,missing,no,,
TztBu7HI,Shibue,,,missing,no,,
ac95GhXU,Shisa,,,missing,no,,
pdwy8MTC,Mitai,,,missing,no,,
gWlW80aW,Fukabori,,,missing,no,,
Ie9Vn818,Akahoshi,,,missing,no,,
uboP42ci,Ijichi,,,missing,no,,
AuwGwWpz,Hishikari,,,missing,no,,
ADarelik,Shikine,,,missing,no,,
XM9EPKur,Kurume,,,missing,no,,
XM9EPKuM,Kumamoto,,,missing,no,,
XM9EPHio,Hitoyoshi,,,missing,no,,
XM9EPFuK,Fukuoka,,,missing,no,,
XM9EPKoK,Kokura,,,missing,no,,
XM9EPSag,Saga,,,missing,no,,
dN143uK3,TODO{newline}{newline}Foreign Merchant: Dutch,,,missing,no,{newline} | {newline},
tvHNsbSX,Ichimiya,,,missing,no,,
sA7HhHFB,Kaifu,,,missing,no,,
Ppt5KaxP,Hayuka,,,missing,no,,
gjKusDBC,Sangawa,,,missing,no,,
XhI0s8qx,Shigemi,,,missing,no,,
1YztovH5,Kutsuna,,,missing,no,,
404D726C,Ōhira,,,missing,no,,
FPQpRwnh,Toyonaga,,,missing,no,,
DjV5rjFQ,Kataoka,,,missing,no,,
hE9AOZAC,Kaneko,,,missing,no,,
aEAoHKyE,Futagami,,,missing,no,,
BsUY9ZLW,Niu,,,missing,no,,
TokMv6H8,Tokushima,,,missing,no,,
UwaMv6H8,Uwajima,,,missing,no,,
DMaMv6H8,Matsuyama,,,missing,no,,
DOmMv6H8,Ozu,,,missing,no,,
NFOJEwiL,TODO{newline}{newline}Foreign Merchant: British,,,missing,no,{newline} | {newline},
kzv0BtxU,Hanafusa,,,missing,no,,
P1I5mIT8,Sho,,,missing,no,,
x8A5c8Wk,Niimi,,,missing,no,,
KO6lqs1w,Zinzai,,,missing,no,,
HnHDgRY0,En'ya,,,missing,no,,
Kq7WRvBH,Shinji,,,missing,no,,
8eBExVTe,Sugihara,,,missing,no,,
hY1KrG2x,Hiraga,,,missing,no,,
OfficN1P,Kodama,,,missing,no,,
tPGBJUID,Sugi,,,missing,no,,
KiR6iXcV,Niho,,,missing,no,,
pQS7UiSK,Mitoya,,,missing,no,,
3py6EHDc,Wachi,,,missing,no,,
R3EGi6FD,Akana,,,missing,no,,
zK2a2OoY,Awaya,,,missing,no,,
NFOJEHir,Hiroshima{newline}{newline}Foreign Merchant: British,,,missing,no,{newline} | {newline},
NFOJETot,Tottori{newline}{newline}Foreign Merchant: Dutch,,,missing,no,{newline} | {newline},
Z1qR2Oka,Okayama,,,missing,no,,
Z1qR2OkA,Okayama{newline}{newline}Foreign Merchant: Dutch,,,missing,no,{newline} | {newline},
Ugk9KYNS,Fujisawa,,,missing,no,,
BAvYCzuQ,Shimojo,,,missing,no,,
jdxpV7wS,Mochizuki,,,missing,no,,
kq6avh9h,Ōi,,,missing,no,,
gGGTekAP,Yashiro,,,missing,no,,
JSR07qWX,Katagiri,,,missing,no,,
VZKnCOUM,Osade,,,missing,no,,
GfcPzkoQ,Shimosone,,,missing,no,,
hBk9SoIe,Sakanishi,,,missing,no,,
x2WcAdbW,Kurita,,,missing,no,,
49gZum2a,Ōhigata,,,missing,no,,
tzR6iSFJ,Washimi,,,missing,no,,
kscN65DH,Fuwa,,,missing,no,,
NhmrBf5e,Hineno,,,missing,no,,
KoUScJZu,Kunieda,,,missing,no,,
pDDXXt20,Takekoshi,,,missing,no,,
yveyAGxB,Marumo,,,missing,no,,
yBr808vb,Hirose,,,missing,no,,
KYbMt1uP,Iwashita,,,missing,no,,
7scrIsjj,Atobe,,,missing,no,,
Rsom7ttN,Kinai,,,missing,no,,
JuSWnmm9,Kozukuri,,,missing,no,,
TwGHHEo4,Hosono,,,missing,no,,
4ryYW6y1,Ōkouchi,,,missing,no,,
yMlYRwy8,Akahori,,,missing,no,,
Z01eNIVq,Takashima,,,missing,no,,
jahoJ9Op,Kutsuki,,,missing,no,,
DQfBZni2,Tarao,,,missing,no,,
0kkYlPDX,Minobe,,,missing,no,,
jmMlhdFh,Megata,,,missing,no,,
k8yscTyR,Shinjo,,,missing,no,,
XCr8m7yN,Hosomi,,,missing,no,,
bxr9GN0j,Hashio,,,missing,no,,
gP7ZPOEA,Fuse,,,missing,no,,
g2tcLbk9,Tamaki,,,missing,no,,
WepUrVKw,Kakiya,,,missing,no,,
Kism7ttN,Kii{newline}{newline}Foreign Merchant: German,,,missing,no,{newline} | {newline},
Tsum7ttN,Tsu{newline}{newline}Foreign Merchant: French,,,missing,no,{newline} | {newline},
Hikm7ttN,Hikone{newline}{newline}Foreign Merchant: French,,,missing,no,{newline} | {newline},
Kuwm7ttN,Kuwana{newline}{newline}Foreign Merchant: French,,,missing,no,{newline} | {newline},
n1q8stpi,Kyoto{newline}{newline}Foreign Merchant: British,,,missing,no,{newline} | {newline},
wIaHKKag,Kaga{newline}{newline}Foreign Merchant: Dutch,,,missing,no,{newline} | {newline},
dfGXCBX7,Nakajo,,,missing,no,,
g1f9NiGl,Kaji,,,missing,no,,
SbQU8rIG,Takemata,,,missing,no,,
ixwubTRf,Hirako,,,missing,no,,
AMXQG3Vx,Togashi,,,missing,no,,
WSr2qrcS,Shida,,,missing,no,,
yjW1VPe6,Oguni,,,missing,no,,
bcjz1Olb,Niitsu,,,missing,no,,
8zGZnSvv,Ayukawa,,,missing,no,,
j3VYrogu,Ōida,,,missing,no,,
VFSpSdTs,Isiguro,,,missing,no,,
LNL0fpnx,Kuramitsu,,,missing,no,,
H4V33j6B,Yokoyama,,,missing,no,,
sdBWDJQR,Uryu,,,missing,no,,
MzDkJCKE,Ōkuma,,,missing,no,,
XXcP53zB,Kamijo,,,missing,no,,
cTtUz8rk,Amakasu,,,missing,no,,
HNMqBFKC,Yamayoshi,,,missing,no,,
IBH0fyiq,Yasuda,,,missing,no,,
wIaHKNag,Nagaoka{newline}{newline}Foreign Merchant: American,,,missing,no,{newline} | {newline},
wIaHKYMr,Hokuriku,,,missing,no,,
wIaHKFuk,Fukui{newline}{newline}Foreign Merchant: British,,,missing,no,{newline} | {newline},
wIaHKOba,Obama{newline}{newline}Foreign Merchant: Dutch,,,missing,no,{newline} | {newline},
JSiAyodh,Mito,,,missing,no,,
y6BfVZul,"The people of Kanto, the spiritual homeland of the samurai class, live in a predominantly flat region that is perfect for extensive agriculture and the breeding of its renowned battle steeds, which yield abundant harvests and allow Kanto to field and maintain cavalry forces more easily. Imbued with the secular martial tradition in which they have their roots, the lords of Kanto can more easily raise large armies to face their enemies, but their great emphasis on military preparedness makes it more expensive to pay the wages of their soldiers.{newline}{newline}Foreign Merchant: Dutch",,,missing,no,{newline} | {newline},
QO79qs4N,Yamakawa,,,missing,no,,
Mw9s0qdq,Minagawa,,,missing,no,,
eRxuWdyL,Kimishima,,,missing,no,,
DOFQ3gnN,Shishido,,,missing,no,,
RGTiMI8a,Sugaya,,,missing,no,,
NV5iGpZr,Onozaki,,,missing,no,,
4OxgVPT4,Oguri,,,missing,no,,
D6bCvKQA,Tomioka,,,missing,no,,
an9XJN76,Shirai,,,missing,no,,
lXZFYdGf,Yanada,,,missing,no,,
lYQNsFhs,Kido,,,missing,no,,
Y4HcFUBF,Akimoto,,,missing,no,,
OBENaFLm,Ōmori,,,missing,no,,
2AjEhHx1,Mamiya,,,missing,no,,
wsJTHUpr,Kajiwara,,,missing,no,,
JozAyodh,Jozai{newline}{newline}Foreign Merchant: German,,,missing,no,{newline} | {newline},
OwaAyodh,Owari{newline}{newline}Foreign Merchant: French,,,missing,no,{newline} | {newline},
Z1qR2REA,Tosan{newline}{newline}Foreign Merchant: Dutch,,,missing,no,{newline} | {newline},
701yWNGe,Tokai{newline}{newline}Foreign Merchant: French,,,missing,no,{newline} | {newline},
AizIDiZt,Aizu{newline}{newline}Foreign Merchant: German,,,missing,no,{newline} | {newline},
Oob9PIhW,Waga,,,missing,no,,
Z3cTeGv7,Esashi,,,missing,no,,
DfPq3ube,Kashiyama,,,missing,no,,
LQTvwI1K,Rokugo,,,missing,no,,
7Wx8qIIZ,Uchikoshi,,,missing,no,,
09bt9j1U,Yajima,,,missing,no,,
kZwk4hVf,Sagae,,,missing,no,,
Q0gbHS9t,Higashine,,,missing,no,,
bs7UCwiP,Anazawa,,,missing,no,,
B0gvz3h4,Ayugai,,,missing,no,,
5CjjZL3Q,Kemanai,,,missing,no,,
CQHHJRGn,Hei,,,missing,no,,
s0ZxZxKC,Kikegawa,,,missing,no,,
odRvZoLx,Koiwa,,,missing,no,,
s0GqNvCm,Yagashiwa,,,missing,no,,
VHWUBjtv,Hienuki,,,missing,no,,
SenIDiZt,Sendai{newline}{newline}Foreign Merchant: German,,,missing,no,{newline} | {newline},
ShkIDiZt,Shonai{newline}{newline}Foreign Merchant: German,,,missing,no,{newline} | {newline},
MFkIDiZT,Morioka{newline}{newline}Foreign Merchant: German,,,missing,no,{newline} | {newline},
MFkIDiZt,Hirosaki{newline}{newline}Foreign Merchant: Dutch,,,missing,no,{newline} | {newline},
MfAIDiZt,Akita{newline}{newline}Foreign Merchant: British,,,missing,no,{newline} | {newline},
YFkIDiZT,Yonezawa{newline}{newline}Foreign Merchant: Dutch,,,missing,no,{newline} | {newline},
z3kkzJ6K,American,,,missing,no,,
RByl5skS,William Reed,,,missing,no,,
pO4BfPrb,Henry Bennett,,,missing,no,,
Na45QNtK,Edward Curtis,,,missing,no,,
5HkW8xSX,James Hamilton,,,missing,no,,
wC4YDMVX,Samuel Smith,,,missing,no,,
XKNAFSIj,Thomas Brown,,,missing,no,,
Q2ahBhgW,Edward Miller,,,missing,no,,
JEwlyL4u,Joseph Clark,,,missing,no,,
Ys9HzMTw,George Harris,,,missing,no,,
fM3LfUYc,Robert Walker,,,missing,no,,
btH6Lmn5,Mary Carter,,,missing,no,,
45TRcl0v,Elizabeth Brown,,,missing,no,,
amPofzot,Sarah Wilson,,,missing,no,,
JV8O6CMh,Anne Taylor,,,missing,no,,
VRzmeUU9,Margaret Smith,,,missing,no,,
t9itG8Js,Catherine Reed,,,missing,no,,
3jGrchWs,Emily Cooper,,,missing,no,,
jYSf531f,Abigail Carter,,,missing,no,,
MwJwg7tx,Lucy Harris,,,missing,no,,
AhPAH1u6,Eleanor Smith,,,missing,no,,
NbbEW4pY,Smith,,,missing,no,,
H28R57aB,British,,,missing,no,,
y2QkAvZz,Edward Hughes,,,missing,no,,
EIwpkkJO,Arthur Wilson,,,missing,no,,
LslAKVin,Frederick Brown,,,missing,no,,
3LItuibO,Henry Clarke,,,missing,no,,
34lcLBuH,Charles Thompson,,,missing,no,,
b1TZ3Kxc,William Edwards,,,missing,no,,
6XnTAUTk,Alfred Baker,,,missing,no,,
gUtCbjzY,George Collins,,,missing,no,,
BXIHtJks,Thomas Richardson,,,missing,no,,
DIzjbFOu,Robert Walker,,,missing,no,,
rP90Emgj,Elizabeth Smith,,,missing,no,,
kjBCauLM,Margaret Brown,,,missing,no,,
ebVJWoim,Charlotte Taylor,,,missing,no,,
AmZuBqeG,Anne Wilson,,,missing,no,,
hpFyzERN,Mary Hughes,,,missing,no,,
HDe3jZZ9,Eleanor Baker,,,missing,no,,
Ovd7uhTK,Harriet Collins,,,missing,no,,
4bBQ7spf,Frances Thompson,,,missing,no,,
gfQDjBVP,Louisa Harrison,,,missing,no,,
CG07Q2bX,Emily Clarke,,,missing,no,,
TgwNlnwc,Dutch,,,missing,no,,
nHld6Yx5,Willem van der Meer,,,missing,no,,
NiKtkwwF,Hendrik de Vries,,,missing,no,,
wdNljWjv,Johannes van Dijk,,,missing,no,,
hfYIo9lW,Pieter Bakker,,,missing,no,,
vriZmL8I,Cornelis Visser,,,missing,no,,
2tyrTI1X,Jacob Janssen,,,missing,no,,
smNLxi2j,Frederik Pieters,,,missing,no,,
5enu55Du,Gerrit van den Berg,,,missing,no,,
XlvFnC1b,Adriaan Smit,,,missing,no,,
M82kdQ2a,Anton de Boer,,,missing,no,,
o3URmR2f,Anna Mulder,,,missing,no,,
XKvesjgo,Maria van Rijn,,,missing,no,,
OvFKNO6B,Johanna Kuiper,,,missing,no,,
4qHrgLfK,Elisabeth van Leeuwen,,,missing,no,,
poFd6wn5,Cornelia van Houten,,,missing,no,,
JsK4fk2d,Catharina van der Meer,,,missing,no,,
w2yx7Qbr,Hendrika van Dijk,,,missing,no,,
NYY8T3hR,Margaretha Smit,,,missing,no,,
PxHqO1cQ,Geertruida Bakker,,,missing,no,,
d0FUevZ8,Adriana van Jannsen,,,missing,no,,
cjXMraB9,van der Meer,,,missing,no,,
j8fDN7Km,French,,,missing,no,,
GKOkG0ur,Jean Dupont,,,missing,no,,
5u2ExnVm,Pierre Martin,,,missing,no,,
UW6FUFla,Louis Bernard,,,missing,no,,
isRmm7og,Francois Lefevre,,,missing,no,,
yupOrJWs,Henri Moreau,,,missing,no,,
76LG88j3,Charles Girard,,,missing,no,,
xbx3OFHc,Etienne Laurent,,,missing,no,,
4jEE8XA8,Paul Dubois,,,missing,no,,
0UagE1xI,Andre Fournier,,,missing,no,,
hwqFea1s,Victor Lambert,,,missing,no,,
exZRXTn4,Marie Rousseau,,,missing,no,,
5YCVf40B,Jeanne Petit,,,missing,no,,
4vc2H88z,Louise Garnier,,,missing,no,,
FbnjBXnp,Elisabeth Chevalier,,,missing,no,,
JMEcJ6PP,Marguerite Marchand,,,missing,no,,
RIJJ7yah,Pauline Dupont,,,missing,no,,
iBev6INY,Sophie Bernard,,,missing,no,,
8n7irrY5,Claire Moreau,,,missing,no,,
gBbj1nJD,Adele Laurent,,,missing,no,,
DT1h1qTH,Henriette Fournier,,,missing,no,,
kjVLM2dV,Moreau,,,missing,no,,
5UHoyKlW,German,,,missing,no,,
l4cowvME,Johann Muller,,,missing,no,,
S01JB6pE,Friedrich Schmidt,,,missing,no,,
PVWL589S,Wilhelm Schneider,,,missing,no,,
Ls3zs627,Heinrich Weber,,,missing,no,,
qhM26Bu8,Karl Fischer,,,missing,no,,
pAsxgR2o,August Meyer,,,missing,no,,
Hjr5MPFG,Otto Becker,,,missing,no,,
KkOcF92e,Ernst Hoffmann,,,missing,no,,
a5gfJLMR,Ludwig Bauer,,,missing,no,,
lvDzqD0f,Franz Wagner,,,missing,no,,
y5pJS6v1,Anna Schulz,,,missing,no,,
XQdlmQIx,Maria Klein,,,missing,no,,
JUoJLgZy,Elisabeth Richter,,,missing,no,,
tLqMCYHP,Katharina Kruger,,,missing,no,,
ktlBmgVZ,Margarete Lehmann,,,missing,no,,
jInAPbRW,Johanna Schmidt,,,missing,no,,
XRFAvV30,Wilhelmine Weber,,,missing,no,,
pdnw5xlp,Luise Meyer,,,missing,no,,
5P94umhp,Emilie Hoffmann,,,missing,no,,
Kes1jlAZ,Clara Bauer,,,missing,no,,
PsUKyLQO,Bauer,,,missing,no,,
1sbJQR4H,Duelists,,,missing,no,,
jKviMpbP,Japanese,,,missing,no,,
mx7L9bFB,Zoku Thieves,,,missing,no,,
hOcFw02K,Ferry Driver,,,missing,no,,
vshw4yMm,Aizu-han,,,missing,no,,
qO2LaEJH,Aizu,,,missing,no,,
mOZsbV8j,TODO,,,missing,no,,
NuFjU4h9,Tottori-han,,,missing,no,,
lVx3gqqL,Tottori,,,missing,no,,
LUMqVU9O,Sendai-han,,,missing,no,,
fKx72A6I,Sendai,,,missing,no,,
nEkrt7ID,Fukushima-han,,,missing,no,,
9vBSHbyz,Fukushima,,,missing,no,,
rGZyKAhx,Hirosaki-han,,,missing,no,,
xU6k7DMZ,Hirosaki,,,missing,no,,
Utg0dgbV,Morioka-han,,,missing,no,,
lOrWIIfh,Morioka,,,missing,no,,
742AdeFJ,Mito-han,,,missing,no,,
WhlNAwBH,Mito,,,missing,no,,
qFVVTsug,Jozai-han,,,missing,no,,
3HM2LZLz,Jozai,,,missing,no,,
bWjqvgLb,Nagaoka-han,,,missing,no,,
0QhvafT9,Kubota-han,,,missing,no,,
ijCa8pDo,Kubota,,,missing,no,,
97tn9Agd,Fukui-han,,,missing,no,,
Hwgq2oHf,Fukui,,,missing,no,,
4c5OF6TQ,Obama-han,,,missing,no,,
QqEJybge,Obama,,,missing,no,,
OHqGIRhL,Tokugawa Bakufu,,,missing,no,,
nAUwT8JG,Tokugawa,,,missing,no,,
sWnHr5q5,Ouetsu Reppan Dōmei,,,missing,no,,
r3wkuN0u,Ou Reppan Domei,,,missing,no,,
8kilNkSs,Shonai-han,,,missing,no,,
J3WAJxu3,Himeji-han,,,missing,no,,
AZkHq9Al,Himeji,,,missing,no,,
hdkeGb7H,Iyo Matsuyama-han,,,missing,no,,
nJmwT7OT,Iyo Matsuyama,,,missing,no,,
RTJJQ1N4,Hikone-han,,,missing,no,,
hMz5eeje,Hikone,,,missing,no,,
lqGGI5WL,Kishu-han,,,missing,no,,
4cnmTBU0,Kishu,,,missing,no,,
V9HoIoLf,Kuwana-han,,,missing,no,,
PGOSBt3d,Kuwana,,,missing,no,,
ueioOrlR,Owari-han,,,missing,no,,
0PavuhnS,Owari,,,missing,no,,
NE0beHdI,Tsu-han,,,missing,no,,
NBk1hBZz,Tsu,,,missing,no,,
bVqyvzea,Kaga-han,,,missing,no,,
qD1vg0RF,Kaga,,,missing,no,,
PaA2zlKr,Hiroshima-han,,,missing,no,,
KolhtpUd,Hiroshima,,,missing,no,,
F4UZiV7f,Matsue-han,,,missing,no,,
LE5jbPP4,Matsue,,,missing,no,,
HanChosh,Choshu-han,,,missing,no,,
ShoChosh,Choshu,,,missing,no,,
1kGV1kZG,Ozu-han,,,missing,no,,
2TWnRnkw,Ōzu,,,missing,no,,
aUUSaL8k,Uwajima-han,,,missing,no,,
44ThIRyK,Uwajima,,,missing,no,,
A0igf4ST,TODO,,,missing,no,,
pWLiqObw,Tosa-han,,,missing,no,,
do4c1Wld,Tosa,,,missing,no,,
IyoVqTuy,Tokushima-han,,,missing,no,,
YhbInKsq,Tokushima,,,missing,no,,
HanSatsu,Satsuma-han,,,missing,no,,
ShoSatsu,Satsuma,,,missing,no,,
SatsuSum,"One of the most powerful tozama domains of the late Tokugawa period, the Satsuma Domain commands the southern tip of Kyushu with a proud samurai tradition and an eye toward modern reform. Governed by the Shimazu clan, Satsuma fields a disciplined military bolstered by imported Western firearms and artillery, alongside fiercely loyal retainers hardened by centuries of internal strife and external ambition. Though officially loyal to the shogunate, Satsuma grows increasingly defiant, backing the sonnō jōi movement while quietly forging alliances with other anti-Tokugawa domains. With its strong economy, built on barely legal trade through the Ryukyu Islands, and its modernizing army, the Satsuma-han is poised to play a decisive role in the struggle for Japan's future.",,,missing,no,,
KrJolclO,Tenguto no Ran,,,missing,no,,
nuOTMFnL,Tenguto,,,missing,no,,
16fyo47M,Kokura-han,,,missing,no,,
aFBneNkA,Kumamoto-han,,,missing,no,,
aiTAusH5,Hitoyoshi-han,,,missing,no,,
qZ86Dhcd,Hitoyoshi,,,missing,no,,
taM0M0u7,Yodo-han,,,missing,no,,
p6llIAZ9,Yodo,,,missing,no,,
kveCZElo,Kurume-han,,,missing,no,,
uIMPOA8l,Saga-han,,,missing,no,,
5HSblONo,Saga,,,missing,no,,
4SATjx3b,Fukuoka-han,,,missing,no,,
7EInH5Hq,Fukuoka,,,missing,no,,
V8GrFH4B,Townswoman,,,missing,no,,
muu5cofb,Townsman,,,missing,no,,
fDJnHdgf,Infant,,,missing,no,,
ZsIZM9BT,Child,,,missing,no,,
CVBEoYWL,Teenager,,,missing,no,,
hLzO6k62,{CURRENT_RYUHA} Keppan,,,missing,no,{CURRENT_RYUHA},
b5pHTyAE,{CURRENT_RYUHA} Mokuroku,,,missing,no,{CURRENT_RYUHA},
uoiisEdD,{CURRENT_RYUHA} Menkyo,,,missing,no,{CURRENT_RYUHA},
fx8DMySW,{CURRENT_RYUHA} Menkyo Kaiden,,,missing,no,{CURRENT_RYUHA},
wKt2wTeR,Foreign Arms Dealer,,,missing,no,,
0gC7Hc9h,British Arms Dealer,,,missing,no,,
i9kP20Nk,Dutch Arms Dealer,,,missing,no,,
Z6TgVLWZ,German Arms Dealer,,,missing,no,,
VVZEkfyg,French Arms Dealer,,,missing,no,,
kRv25I6p,{FIRSTNAME} the Foreign Merchant,,,missing,no,{FIRSTNAME},
mrlEvoqd,{FIRSTNAME} the Foreign Mayor,,,missing,no,{FIRSTNAME},
123aDYC0,{FIRSTNAME} the Foreign Veteran,,,missing,no,{FIRSTNAME},
Mc4JptO8,Cautious imperial merchant,,,missing,no,,
70sJoxsr,{FIRSTNAME} the Vintner,,,missing,no,{FIRSTNAME},
Al5YxWyQ,"ou merchant 3, ruthless",,,missing,no,,
8z2i23JG,Cold imperial merchant,,,missing,no,,
YbKmPFwr,{FIRSTNAME} the Saltpanner,,,missing,no,{FIRSTNAME},
NZrDnjfz,"ou merchant 6, cautious",,,missing,no,,
dY2QXTbD,"ou merchant 7, selfmade",,,missing,no,,
1MpRGp6x,"ou merchant 8, jocular",,,missing,no,,
0f4713X7,"ou merchant 9, heiress",,,missing,no,,
ZSV8Rizt,"ou merchant 10, devious",,,missing,no,,
G8Gs9Jnz,Messianic imperial preacher,,,missing,no,,
LcpGR7Qx,Puritan imperial preacher,,,missing,no,,
bZaL4757,Female imperial mystic,,,missing,no,,
LIUPnJH9,Imperial gruff labor leader,,,missing,no,,
NqMcUPe0,Imperial outgoing labor leader,,,missing,no,,
UNzUhmsZ,Protective imperial male gang leader,,,missing,no,,
RXXwuRXp,Ironic imperial gang leader,,,missing,no,,
PybHUAiH,Intimidating male imperial gang leader,,,missing,no,,
N4lGbs2X,Bestial male imperial gang leader,,,missing,no,,
Oqw8LyRt,Female imperial gang leader,,,missing,no,,
3C2X5iI0,Menacing female imperial gang leader,,,missing,no,,
IYJB5rn6,ou gruff rural notable,,,missing,no,,
1bfcRGED,ou rural notable agreeable,,,missing,no,,
KI7HzyzG,ou rebellious headman,,,missing,no,,
sr41aBJq,ou conservative headman,,,missing,no,,
hbnlojVk,ou devious headman,,,missing,no,,
SRtabgMr,Morioka Caravan Master,,,missing,no,,
SRtabgHr,Hirosaki Caravan Master,,,missing,no,,
SRTAbgHr,Akita Caravan Master,,,missing,no,,
ShoAbgHr,Shonai Caravan Master,,,missing,no,,
SenAbgHr,Sendai Caravan Master,,,missing,no,,
YonAbgHr,Yonezawa Caravan Master,,,missing,no,,
OzuAbgHr,Ozu Caravan Master,,,missing,no,,
MatAbgHr,Matsuyama Caravan Master,,,missing,no,,
UwaAbgHr,Uwajima Caravan Master,,,missing,no,,
TokAbgHr,Tokushima Caravan Master,,,missing,no,,
HikAbgHr,Hikone Caravan Master,,,missing,no,,
KuwAbgHr,Kuwana Caravan Master,,,missing,no,,
KisAbgHr,Kii Caravan Master,,,missing,no,,
TsuAbgHr,Tsu Caravan Master,,,missing,no,,
FuKAbgHr,Fukuoka Caravan Master,,,missing,no,,
NaGAbgHr,Nagaoka Caravan Master,,,missing,no,,
KAGAbgHr,Kaga Caravan Master,,,missing,no,,
ObaAbgHr,Obama Caravan Master,,,missing,no,,
JozAbgHr,Jozai Caravan Master,,,missing,no,,
OwaAbgHr,Owari Caravan Master,,,missing,no,,
XDVi8uoV,{FIRSTNAME} the Disgraced,,,missing,no,{FIRSTNAME},
pUmLunrp,{FIRSTNAME} the Ishin Shishi,,,missing,no,{FIRSTNAME},
5uZVpNd0,{FIRSTNAME} the Sabaku Shishi,,,missing,no,{FIRSTNAME},
JcWTJKMq,{FIRSTNAME} the Student,,,missing,no,{FIRSTNAME},
AOcIHCZj,{FIRSTNAME} the Curious,,,missing,no,{FIRSTNAME},
BjA5mPEr,{FIRSTNAME} the Messenger,,,missing,no,{FIRSTNAME},
KmuAbgHr,Kurume Caravan Master,,,missing,no,,
KaMAbgHr,Kumamoto Caravan Master,,,missing,no,,
HioAbgHr,Hitoyoshi Caravan Master,,,missing,no,,
KoKAbgHr,Kokura Caravan Master,,,missing,no,,
SagAbgHr,Saga Caravan Master,,,missing,no,,
TenAbgHr,Tenryo Caravan Master,,,missing,no,,
HirAbgHr,Hiroshima Caravan Master,,,missing,no,,
TotAbgHr,Tottori Caravan Master,,,missing,no,,
OkaYbgHr,Okayama Caravan Master,,,missing,no,,
KytYbgHr,Kyoto Caravan Master,,,missing,no,,
EdoYbgHr,Edo Caravan Master,,,missing,no,,
H7eELtL6,Borrowed Troop,,,missing,no,,
S9z09MaN,Modern Borrowed Troop,,,missing,no,,
BosArHos,Houshutai,,,missing,no,,
BosArTai,Taihoutai,,,missing,no,,
BosArHou,Houheitai,,,missing,no,,
BosBaAsh,Bakufu Ashigaru,,,missing,no,,
BosBaYaA,Bakufu Yari Ashigaru,,,missing,no,,
BosBaNaG,Bakufu Naginata Gokenin,,,missing,no,,
BosBaNaH,Bakufu Naginata Hatamoto,,,missing,no,,
BosBaYaG,Bakufu Yari Gokenin,,,missing,no,,
BosBaSho,Bakufu Shoinban,,,missing,no,,
BosBaYuA,Bakufu Yumi Ashigaru,,,missing,no,,
BosBaDaG,Bakufu Daikyu Gokenin,,,missing,no,,
BosBaKos,Bakufu Koshogumi,,,missing,no,,
BosBaTeG,Bakufu Teppo Gokenin,,,missing,no,,
BosBaTeH,Bakufu Teppo Hatamoto,,,missing,no,,
BosBaKaA,Bakufu Katana Ashigaru,,,missing,no,,
BosBaOdG,Bakufu Odachi Hatamoto,,,missing,no,,
BosBaDos,Bakufu Doshin,,,missing,no,,
BosBaMim,Bakufu Mimawari-gumi,,,missing,no,,
BosBaMiS,Bakufu Sogekitai,,,missing,no,,
BosBaBeG,Bette Gumi,,,missing,no,,
BosBayor,Bakufu Yoriki,,,missing,no,,
BosBaKob,Kobusho-tai,,,missing,no,,
BosBaHSa,Hohei Sampeitai,,,missing,no,,
BosBaKum,Kumiai Jutai,,,missing,no,,
BosBaOzm,Okuzume Jutai,,,missing,no,,
BosBaSap,Sappei,,,missing,no,,
BosBaYug,Bakufu Yugekitai,,,missing,no,,
BosBaHoh,Bakufu Hoheitai,,,missing,no,,
BosBaKSa,Kihei Sampeitai,,,missing,no,,
BosBaKei,Keikitai,,,missing,no,,
BosArHoS,Houhei Sampeitai,,,missing,no,,
BosBaOkG,Okachi-gumi,,,missing,no,,
BosMBTep,Teppotai,,,missing,no,,
BosMBHoh,Hoheitai,,,missing,no,,
BosMBShH,Shohan-heitai,,,missing,no,,
BosMBShi,Shimpeitai,,,missing,no,,
BosMBBat,Battotai,,,missing,no,,
BosMBHog,Hoheigumi,,,missing,no,,
BosMBDen,Denshutai,,,missing,no,,
BosMBSog,Sogeki-heitai,,,missing,no,,
BosMBSab,Saberu Kiheitai,,,missing,no,,
BosMBShK,Shimpei Kiheitai,,,missing,no,,
BosMBDeK,Denshū Kiheitai,,,missing,no,,
BosMGNoh,Noheitai,,,missing,no,,
BosMGFuh,Fuheitai,,,missing,no,,
BosNBSui,Suiheitai,,,missing,no,,
BosNBKai,Kaiheitai,,,missing,no,,
BosTBTeg,Tegawari,,,missing,no,,
BosTBAsh,Ashigaru,,,missing,no,,
BosTBYaA,Yari Ashigaru,,,missing,no,,
BosTBNgA,Nagae Ashigaru,,,missing,no,,
BosTBNgK,Nagae Kachisamurai,,,missing,no,,
BosTBKsA,Kachisamurai,,,missing,no,,
BosTBBaj,Bajosamurai,,,missing,no,,
BosTBUma,Umamawari-gumi,,,missing,no,,
BosTBYuA,Yumi Ashigaru,,,missing,no,,
BosTBYUK,Daikyu Kachisamurai,,,missing,no,,
BosTBKis,Kishazamurai,,,missing,no,,
BosTBTeA,Teppo Ashigaru,,,missing,no,,
BosTBTeK,Teppo Kachisamurai,,,missing,no,,
BosTBYug,Yugekitai,,,missing,no,,
BosTBBat,Batto-gumi,,,missing,no,,
BosTBSak,Sakite-gumi,,,missing,no,,
BosTBHin,Hininban,,,missing,no,,
BosTBMea,Meakashi,,,missing,no,,
BosTGChu,Chugen,,,missing,no,,
BosTBDos,Doshin,,,missing,no,,
BosTBYor,Yoriki,,,missing,no,,
BosTBKAr,Kata Aratame,,,missing,no,,
BosChToS,Togo Shotai,,,missing,no,,
BosChHap,Hanpeitai,,,missing,no,,
BosChJob,Jobi-heitai,,,missing,no,,
BosMCHac,Hachiman-tai,,,missing,no,,
BosMCShu,Shugitai,,,missing,no,,
BosMCEib,Eibutai,,,missing,no,,
BosMCRik,Rikishitai,,,missing,no,,
BosMCYur,Yurikitai,,,missing,no,,
BosMCMit,Mitatetai,,,missing,no,,
BosMCKoj,Kojotai,,,missing,no,,
BosMCSEI,Seibu-tai,,,missing,no,,
BosChShi,Choshu Shimpeitai,,,missing,no,,
BosMCYoc,Yochotai,,,missing,no,,
BosChMiK,Minami Kiheitai,,,missing,no,,
BosChKen,Kenbutai,,,missing,no,,
BosMCGiy,Giyutai,,,missing,no,,
BosMCSot,Sogekitai,,,missing,no,,
BosMCKob,Kobutai,,,missing,no,,
BosMCRyo,Ryojotai,,,missing,no,,
BosMCSei,Seieitai,,,missing,no,,
BosMCKan,Kanjotai,,,missing,no,,
BosMCSen,Senpotai,,,missing,no,,
BosChIsi,Ishin-dan,,,missing,no,,
BosChKih,Kiheitai,,,missing,no,,
BosChDen,Choshu Denshutai,,,missing,no,,
BosChGNo,Choshu Noheitai,,,missing,no,,
BosChFuh,Choshu Fuheitai,,,missing,no,,
BosFuJut,Fukui Jutai,,,missing,no,,
BosFuHoh,Fukui Hoheitai,,,missing,no,,
BosObShi,Shinjutai,,,missing,no,,
BosObJut,Obama Jutai,,,missing,no,,
BosObKok,Kokitai,,,missing,no,,
BosObJus,Juso-tai,,,missing,no,,
BosObJik,Jikkintai,,,missing,no,,
BosObKih,Obama Kiheitai,,,missing,no,,
BosObYaT,Obama Yari-tai,,,missing,no,,
BosObOse,Obama O-sente,,,missing,no,,
BosObUAs,Obama Yumi Ashigaru,,,missing,no,,
BosObYuT,Obama Yumi-tai,,,missing,no,,
BosObTeT,Obama Teppo-tai,,,missing,no,,
BosObOru,Obama O-rusui,,,missing,no,,
BosNaJut,Nagaoka Jutai,,,missing,no,,
BosNaJus,Nagaoka Jushitai,,,missing,no,,
BosNaSei,Seiei-tai,,,missing,no,,
BosKaSei,Seiheitai,,,missing,no,,
BosKaJut,Kaga Jutai,,,missing,no,,
BosKaSan,Sanpeitai,,,missing,no,,
BosKaJUm,Jutai Umamawari-gumi,,,missing,no,,
BosKaNoh,Kaga Noheitai,,,missing,no,,
BosKaWar,Warabi-tai,,,missing,no,,
BosBiShu,Bishu Shugitai,,,missing,no,,
BosOwKus,Kusanagi-tai,,,missing,no,,
BosOwHob,Hobaku-tai,,,missing,no,,
BosOwSei,Seigitai,,,missing,no,,
BosOwNoh,Bishu Noheitai,,,missing,no,,
BosBiSei,Bishu Seieitai,,,missing,no,,
BosOgTep,Ogaki Teppotai,,,missing,no,,
BosOgHoh,Ogaki Hoheitai,,,missing,no,,
BosOgKen,Kenyotai,,,missing,no,,
BosTtKan,Kangekitai,,,missing,no,,
BosTtMat,Matsunamitai,,,missing,no,,
BosTtYam,Yamagunitai,,,missing,no,,
BosHiHan,Hiroshima Hanpeitai,,,missing,no,,
BosHiShu,Shugotai,,,missing,no,,
BosHiShi,Shinsokutai,,,missing,no,,
BosHiSoy,Soyutai,,,missing,no,,
BosHiKog,Kogekitai,,,missing,no,,
BosHiShk,Shinkitai,,,missing,no,,
BosHiOki,Okitai,,,missing,no,,
BosHiHak,Hakkitai,,,missing,no,,
BosHiSih,Shihotai,,,missing,no,,
BosHiMei,Meigitai,,,missing,no,,
BosHiKyo,Kyowatai,,,missing,no,,
BosHiTok,Tokotai,,,missing,no,,
BosHiIss,Isshintai,,,missing,no,,
BosHiKen,Kenrikitai,,,missing,no,,
BosOkYuk,Yukitai,,,missing,no,,
BosOkDen,Dengekitai,,,missing,no,,
BosOkSei,Okayama Seieitai,,,missing,no,,
BosJoYob,Jozai Yobitai,,,missing,no,,
BosJoJob,Jozai Jobitai,,,missing,no,,
BosJoYug,Jozai Yugekitai,,,missing,no,,
BosMiDai,Daihatsuzei,,,missing,no,,
BosMiTen,Ten'yutai,,,missing,no,,
BosMiShi,Shineitai,,,missing,no,,
BosMiSho,Shoseitai,,,missing,no,,
BosMiShN,Shiseitai,,,missing,no,,
BosHiAsh,Akazonae Ashigaru,,,missing,no,,
BosHiYaA,Akazonae Yari Ashigaru,,,missing,no,,
BosHiNgA,Akazonae Nagae Ashigaru,,,missing,no,,
BosHiNgK,Akazonae Nagae Kachisamurai,,,missing,no,,
BosHiKsA,Akazonae Kachisamurai,,,missing,no,,
BosHiBaj,Akazonae Bajosamurai,,,missing,no,,
BosHiUma,Akazonae Umamawari-gumi,,,missing,no,,
BosHiAka,Akaoni,,,missing,no,,
BosHiYuA,Akazonae Yumi Ashigaru,,,missing,no,,
BosHiYUK,Akazonae Yumi Kachisamurai,,,missing,no,,
BosHiKis,Akazonae Kishazamurai,,,missing,no,,
BosHiTeA,Akazonae Teppo Ashigaru,,,missing,no,,
BosHiTeK,Akazonae Teppo Kachisamurai,,,missing,no,,
BosHiYug,Akazonae Yugekitai,,,missing,no,,
BosHiBat,Akazonae Batto-gumi,,,missing,no,,
BosHiSak,Akazonae Sakite-gumi,,,missing,no,,
BosKuChi,Chijintai,,,missing,no,,
BosKuShi,Shingekitai,,,missing,no,,
BosKuRai,Raijintai,,,missing,no,,
BosKiKot,Kotai-heitai,,,missing,no,,
BosKiYob,Yobi-heitai,,,missing,no,,
BosKiYoH,Yobi-houheitai,,,missing,no,,
BosKiJob,Jobi-heitai,,,missing,no,,
BosKiJoH,Jobi-houheitai,,,missing,no,,
BosKiJoK,Jobi Kiheitai,,,missing,no,,
BosKiHok,Hoketsu-heitai,,,missing,no,,
BosTsAsh,Tsu Ashigaru,,,missing,no,,
BosTsYaA,Tsu Yari Ashigaru,,,missing,no,,
BosTsMan,Mannaka-gumi,,,missing,no,,
BosTsSeM,Senei Mannaka-gumi,,,missing,no,,
BosTsMus,Musokunin Jutai,,,missing,no,,
BosTsAsJ,Ashigaru Jutai,,,missing,no,,
BosTsBuJ,Bushi Jutai,,,missing,no,,
BosTsSap,Tsu Sappei,,,missing,no,,
BosIROku,Itto-ryu Keppan,,,missing,no,,
BosIRMok,Itto-ryu Mokuroku,,,missing,no,,
BosIRMen,Itto-ryu Menkyo,,,missing,no,,
BoHIRSho,Hokushin Itto-ryu Shoden,,,missing,no,,
BoHIRChu,Hokushin Itto-ryu Chuden,,,missing,no,,
BoHIROku,Hokushin Itto-ryu Okuden,,,missing,no,,
BoShROku,Shinto Munen-ryu Keppan,,,missing,no,,
BoShRMok,Shinto Munen-ryu Mokuroku,,,missing,no,,
BoShRMen,Shinto Munen-ryu Menkyo,,,missing,no,,
BoJiROku,Jigen-ryu Keppan,,,missing,no,,
BoJiRMok,Jigen-ryu Mokuroku,,,missing,no,,
BoJiRMen,Jigen-ryu Menkyo,,,missing,no,,
BoHoROku,Hoki-ryu Keppan,,,missing,no,,
BoHoRMok,Hoki-ryu Mokuroku,,,missing,no,,
BoHoRMen,Hoki-ryu Menkyo,,,missing,no,,
BoTnROku,Tanegashima-ryu Keppan,,,missing,no,,
BoTnRMok,Tanegashima-ryu Mokuroku,,,missing,no,,
BoTnRMen,Tanegashima-ryu Menkyo,,,missing,no,,
BoTkROku,Takashima-ryu Keppan,,,missing,no,,
BoTkRMok,Takashima-ryu Hoheitai,,,missing,no,,
BoTkRMen,Takashima-ryu Houheitai,,,missing,no,,
BosHROku,Heki-ryu Keppan,,,missing,no,,
BosHRMok,Heki-ryu Mokuroku,,,missing,no,,
BosHRMen,Heki-ryu Menkyo,,,missing,no,,
BoOgROku,Ogasawara-ryu Keppan,,,missing,no,,
BoOgRMok,Ogasawara-ryu Mokuroku,,,missing,no,,
BoOgRMen,Ogasawara-ryu Menkyo,,,missing,no,,
BoSyROku,Shingyoto-ryu Keppan,,,missing,no,,
BoSyRMok,Shingyoto-ryu Mokuroku,,,missing,no,,
BoSyRMen,Shingyoto-ryu Menkyo,,,missing,no,,
BoOsROku,Oshima-ryu Keppan,,,missing,no,,
BoOsRMok,Oshima-ryu Mokuroku,,,missing,no,,
BoOsRMen,Oshima-ryu Menkyo,,,missing,no,,
BoTaROku,Tamiya-ryu Keppan,,,missing,no,,
BoTaRMok,Tamiya-ryu Mokuroku,,,missing,no,,
BoTaRMen,Tamiya-ryu Menkyo,,,missing,no,,
BoMrROku,Moriuchi-ryu Keppan,,,missing,no,,
BoMrRMok,Moriuchi-ryu Mokuroku,,,missing,no,,
BoMrRMen,Moriuchi-ryu Menkyo,,,missing,no,,
BoOwROku,Owari Kan-ryu Keppan,,,missing,no,,
BoOwRMok,Owari Kan-ryu Mokuroku,,,missing,no,,
BoOwRMen,Owari Kan-ryu Menkyo,,,missing,no,,
BossROku,Shinshin-ryu Keppan,,,missing,no,,
BossRMok,Shinshin-ryu Mokuroku,,,missing,no,,
BossRMen,Shinshin-ryu Menkyo,,,missing,no,,
BoTsROku,Tatsumi-ryu Keppan,,,missing,no,,
BoTsRMok,Tatsumi-ryu Mokuroku,,,missing,no,,
BoTsRMen,Tatsumi-ryu Menkyo,,,missing,no,,
BoTRROku,Tennen Rishin-ryu Keppan,,,missing,no,,
BoTRRMok,Tennen Rishin-ryu Mokuroku,,,missing,no,,
BoTRRMen,Tennen Rishin-ryu Menkyo,,,missing,no,,
BoNaROku,Nanbu-ryu Keppan,,,missing,no,,
BoNaRMok,Nanbu-ryu Mokuroku,,,missing,no,,
BoNaRMen,Nanbu-ryu Menkyo,,,missing,no,,
BoKMROku,Kyosin Meiichi-ryu Keppan,,,missing,no,,
BoKMRMok,Kyosin Meiichi-ryu Mokuroku,,,missing,no,,
BoKMRMen,Kyosin Meiichi-ryu Menkyo,,,missing,no,,
BosKuOhe,Ohentai,,,missing,no,,
BosKuTsu,Tsuji Ichizaemon-tai,,,missing,no,,
BosKuShC,Shichisho-tai,,,missing,no,,
BosHiYam,Yamaga-tai,,,missing,no,,
BosHiYaH,Yamaga Heitai,,,missing,no,,
BosHiEis,Hitoyoshi Einshiki-tai,,,missing,no,,
BosHiRan,Hitoyoshi Ranshiki-tai,,,missing,no,,
BosFuYuk,Yukantai,,,missing,no,,
BosFuYuJ,Yugeki-jutai,,,missing,no,,
BosFuShu,Fukuoka Shugitai,,,missing,no,,
BosKoNoh,Nohei Gozutsutai,,,missing,no,,
BosKoSek,Kokura Sekishintai,,,missing,no,,
BosKoIkk,Ikkantai,,,missing,no,,
BosKoFun,Funbutai,,,missing,no,,
BosSaHSo,Heisotsu-tai,,,missing,no,,
BosSaJSo,Jusotsu-tai,,,missing,no,,
BosSaShn,Shinentai,,,missing,no,,
BosSaHSh,Heishi-tai,,,missing,no,,
BosSaJSh,Jushi-tai,,,missing,no,,
BosSaYuh,Yuheitai,,,missing,no,,
BosSaAHS,Houheisotsu-tai,,,missing,no,,
BosSaAHh,Houheishi-tai,,,missing,no,,
BosSaHos,Houseitai,,,missing,no,,
BosSaToj,Tojotai,,,missing,no,,
BosSaSui,Suiguntai,,,missing,no,,
BosSaShy,Shiryotai,,,missing,no,,
BosSaShu,Shojutai,,,missing,no,,
BosSaYug,Yugekitai,,,missing,no,,
BosStShi,Satsuma Shimpeitai,,,missing,no,,
BosStDen,Satsuma Denshutai,,,missing,no,,
BosSaHeg,Heigukata-tai,,,missing,no,,
BosSaBan,Banheitai,,,missing,no,,
BosRoBas,Ronin,,,missing,no,,
BosRoKat,Jozu-na Ronin,,,missing,no,,
BosRoYum,Yumi Ronin,,,missing,no,,
BosRoTep,Teppo Ronin,,,missing,no,,
BosShinR,Mibu Roshigumi,,,missing,no,,
BosShins,Shinsengumi,,,missing,no,,
BosShinK,Koyo Chinbutai,,,missing,no,,
BosBaTSo,Shogitai,,,missing,no,,
BosBaKSo,Shogitai Kosan,,,missing,no,,
BosBuKSo,Shogitai Kumigashira,,,missing,no,,
BosKoWak,Wakashu,,,missing,no,,
BosKoYoj,Yojimbo,,,missing,no,,
BosAiJot,Joshitai,,,missing,no,,
BosAiJog,Joshigun,,,missing,no,,
BosShicR,Roshigumi,,,missing,no,,
BosShinc,Shinchogumi,,,missing,no,,
BosShicG,Shinchogumi Gocho,,,missing,no,,
BosKaSui,Kameyama Suiheitai,,,missing,no,,
BosKaGoH,Kameyama Goei Heitai,,,missing,no,,
BosKaeei,Kaientai Seieitai,,,missing,no,,
BosTeToG,Totsukawa Goshi,,,missing,no,,
BosTeYaT,Tenchugumi Yari-tai,,,missing,no,,
BosTeGeT,Tenchugumi Geberu-tai,,,missing,no,,
BosShish,Shishi,,,missing,no,,
BosIshSh,Ishin Shishi,,,missing,no,,
BosTepSh,Teppo Shishi,,,missing,no,,
BosHitok,Hitokiri,,,missing,no,,
BosToKoe,Koeitai,,,missing,no,,
BosToChu,Chueitai,,,missing,no,,
BosToZen,Zeneitai,,,missing,no,,
BosToKis,Kiseitai,,,missing,no,,
BosToJin,Jinshotai,,,missing,no,,
BosMTKoc,Kochotai,,,missing,no,,
BosMGMim,Mimpeitai,,,missing,no,,
BosMGFuH,Tosa Fuheitai,,,missing,no,,
BosMOGeb,Geberu-tai,,,missing,no,,
BosMOShi,Shinsentai,,,missing,no,,
BosMOHok,Hokukutai,,,missing,no,,
BosMOGun,Gunchutai,,,missing,no,,
BosMMGoA,Go Ashigaru-tai,,,missing,no,,
BosMMShi,Shinseitai,,,missing,no,,
BosMURan,Uwajima Ranshiki-tai,,,missing,no,,
BosMUEis,Uwajima Eishiki-tai,,,missing,no,,
BosTkSen,Senshitai,,,missing,no,,
BosTkJus,Tokushima Jusotsutai,,,missing,no,,
BosTkSek,Tokushima Sekishintai,,,missing,no,,
BosMoHot,Hotsukitai,,,missing,no,,
BosMoChi,Chigitai,,,missing,no,,
BosMoTen,Tenshotai,,,missing,no,,
BosMoAsh,Morioka Ashigaru,,,missing,no,,
BosMoYaA,Morioka Yari Ashigaru,,,missing,no,,
BosMoTeA,Morioka Teppo Ashigaru,,,missing,no,,
BosTMFus,Fusetsutai,,,missing,no,,
BosTMSei,Seibutai,,,missing,no,,
BosMoUja,Ujatai,,,missing,no,,
BosMoEnz,Enzantai,,,missing,no,,
BosMoTor,Toryotai,,,missing,no,,
BosAkAsh,Akita Ashigaru,,,missing,no,,
BosAkYaA,Akita Yari Ashigaru,,,missing,no,,
BosAkNgA,Akita Nagae Ashigaru,,,missing,no,,
BosAkNgK,Akita Nagae Kachisamurai,,,missing,no,,
BosAkKsA,Akita Kachisamurai,,,missing,no,,
BosAkBaj,Akita Bajosamurai,,,missing,no,,
BosAkUma,Akita Umamawari-gumi,,,missing,no,,
BosAkYuA,Akita Yumi Ashigaru,,,missing,no,,
BosAkYUK,Akita Daikyu Kachisamurai,,,missing,no,,
BosAkKis,Akita Kishazamurai,,,missing,no,,
BosAkTeA,Akita Teppo Ashigaru,,,missing,no,,
BosAkTeK,Akita Teppo Kachisamurai,,,missing,no,,
BosAkYug,Akita Yugekitai,,,missing,no,,
BosAkBat,Akita Batto-gumi,,,missing,no,,
BosAkSak,Akita Sakite-gumi,,,missing,no,,
BosAkYus,Yushitai,,,missing,no,,
BosAkHoh,Akita Hoheitai,,,missing,no,,
BosAkRyo,Ryofutai,,,missing,no,,
BosMSMik,Mikunidai,,,missing,no,,
BosMSGob,Gobuto-tai,,,missing,no,,
BosMSBet,Bettetai,,,missing,no,,
BosSeGak,Gakuheitai,,,missing,no,,
BosSeGaH,Houhei Gakuheitai,,,missing,no,,
BosMSHik,Hikotai,,,missing,no,,
BosSeAsh,Sendai Ashigaru,,,missing,no,,
BosSeTeA,Sendai Teppo Ashigaru,,,missing,no,,
BosSeTeK,Sendai Teppo Kachisamurai,,,missing,no,,
BosSeYug,Sendai Yugekitai,,,missing,no,,
BosSeKar,Karasugumi,,,missing,no,,
BosAiAsh,Aizu Ashigaru,,,missing,no,,
BosAiBat,Aizu Batto-gumi,,,missing,no,,
BosAiBes,Betsusen-gumi,,,missing,no,,
BosAiBya,Byakkotai,,,missing,no,,
BosAiSuz,Suzakutai,,,missing,no,,
BosAiSei,Seiryutai,,,missing,no,,
BosAiGen,Genbutai,,,missing,no,,
BosAiSog,Sogekitai,,,missing,no,,
BosAiRyo,Ryoshitai,,,missing,no,,
BosAiYug,Yuguntai,,,missing,no,,
BosAiChi,Chikujotai,,,missing,no,,
BosYoAsh,Yonezawa Ashigaru,,,missing,no,,
BosYoYaA,Yonezawa Yari Ashigaru,,,missing,no,,
BosYoNgA,Yonezawa Nagae Ashigaru,,,missing,no,,
BosTYYYG,Yoita Yari-gumi,,,missing,no,,
BosYoKsA,Yonezawa Kachisamurai,,,missing,no,,
BosYoBaj,Yonezawa Bajosamurai,,,missing,no,,
BosTYOUG,O-umamawari Gumi,,,missing,no,,
BosYoTeA,Yonezawa Teppo Ashigaru,,,missing,no,,
BosTYWaj,Wajutai,,,missing,no,,
BosTYYTG,Yoita Teppo-gumi,,,missing,no,,
BosYoBat,Yonezawa Batto-gumi,,,missing,no,,
BosTYGJG,Gojuki Gumi,,,missing,no,,
BosMYGos,Goshitai,,,missing,no,,
BosMYSai,Saimin-tai,,,missing,no,,
BosShKij,Kijutai,,,missing,no,,
BosShSak,Sakuho-tai,,,missing,no,,
qKrU4BRJ,Historic Events Enabled,,,missing,no,,
7HhF6DBY,"Enables historical events, must be enabled from the start of the campaign.",,,missing,no,,
sJ1xR4zT,Campaign Settings,,,missing,no,,
AjRtENgA,Caste System Enabled,,,missing,no,,
t3CxetOU,"Enables the caste system, must be enabled from the start of the campaign.",,,missing,no,,
qKRbaBRJ,Historic Reforms Enabled,,,missing,no,,
4Abs6DBa,Modern troops are unlocked during the period when they would historically be created.,,,missing,no,,
sJ1xR4Re,Troop Reforms,,,missing,no,,
8PbRebra,Policy-Based Reforms Enabled,,,missing,no,,
hav98bre,"Modern troops are unlocked by reformist policies, and can be relocked again.",,,missing,no,,
DRjQ1n2A,Enemy Field Artillery,,,missing,no,,
AjeyVTeu,The enemy side in field battles will have the same field artillery you do.,,,missing,no,,
ba3UDOwE,Custom Battle Artillery,,,missing,no,,
JfbOZpGm,Naval Cannon Count,,,missing,no,,
32smf9vt,Sets the number of Naval Cannons you have in custom battles,,,missing,no,,
8jeB1kJw,Napoleon Gun Count,,,missing,no,,
E9tRMRkP,Sets the number of Napoleon Guns you have in custom battles,,,missing,no,,
cmWS5kj7,La Hitte Count,,,missing,no,,
Zptdabeg,Sets the number of La Hitte Mountain Guns you have in custom battles,,,missing,no,,
wEaKtz60,Armstrong Gun Count,,,missing,no,,
YbZ6S1Bu,Sets the number of Armstrong Guns you have in custom battles,,,missing,no,,
LKjXuOmK,Gatling Gun Count,,,missing,no,,
iBtjw2Qr,Sets the number of Gatling Guns you have in custom battles,,,missing,no,,
Na81xuXn,{KEY} Reload,,,missing,no,{KEY},
bNYm3K6b,{KEY} Pick Up,,,missing,no,{KEY},
fEQAPJ2e,{KEY} Use,,,missing,no,{KEY},
U53M9Arm,RBL 12-Pounder 8 CWT Armstrong Gun\nUsing {AMMO},,,missing,no,{AMMO},
U53M9Gat,Model 1865 Gatling Gun,,,missing,no,,
U53M9LaH,Canon de Montagne de 4 La Hitte\nUsing {AMMO},,,missing,no,{AMMO},
U53M9G9N,M1857 12-Pounder Napoleon\nUsing {AMMO},,,missing,no,{AMMO},
ChFWBhL0,The First Choshu Expedition Ends,,,missing,no,,
zLSSZFCh,First Choshu Expedition Ends,,,missing,no,,
ChSWBhL0,The First Choshu Expedition Fails,,,missing,no,,
zLSSZSCh,First Choshu Expedition Fails,,,missing,no,,
KilWBhL0,The Kinmon Incident,,,missing,no,,
zLSSZOKi,Kinmon Incident,,,missing,no,,
GeFWBhL0,End of the Kosanji Uprising,,,missing,no,,
zLSSZFKo,End of the Kosanji Uprising,,,missing,no,,
KosWBhL0,The Kosanji Uprising,,,missing,no,,
zLSSZGKo,Kosanji Uprising,,,missing,no,,
GeSWBhL0,The Kosanji Uprising Succeeds,,,missing,no,,
zLSSZSKo,Kosanji Uprising Succeeds,,,missing,no,,
MiFWBhL0,End of the Tengu-to Rebellion,,,missing,no,,
zLSSZFMi,End of the Tengu-to Rebellion,,,missing,no,,
MiSWBhL0,The Tengu-to Rebellion Succeeds,,,missing,no,,
zLSSZSMi,Tengu-to Rebellion Succeeds,,,missing,no,,
NeEmBhL0,The End of an Era,,,missing,no,,
zLSSNeEm,End of an Era,,,missing,no,,
neSWBhL0,A New Shogun Ascends,,,missing,no,,
zLSSZNSh,New Shogun,,,missing,no,,
NeEmSatc,The Satcho Alliance,,,missing,no,,
zLSSSatc,Satcho Alliance,,,missing,no,,
CHFWBhL0,The Second Choshu Expedition Ends,,,missing,no,,
zLSSZFCH,Second Choshu Expedition Ends,,,missing,no,,
SChWBhL0,The Second Choshu Expedition,,,missing,no,,
zLSSSeCh,Second Choshu Expedition,,,missing,no,,
CHSWBhL0,The Second Choshu Expedition Fails,,,missing,no,,
zLSSZSCH,Second Choshu Expedition Fails,,,missing,no,,
TaHokans,Restoration of Imperial Rule,,,missing,no,,
TobFuhL0,The Battle of Toba-Fushimi,,,missing,no,,
BaTobFus,Battle of Toba-Fushimi,,,missing,no,,
D2pz95Cj,"The First Choshu Expedition has ended with a whimper, rather than a roar. Under the leadership of Saigo Takamori, a light punishment has been enforced, and several retainers of Choshu have committed seppuku to apologize for the Kinmon Incident.",,,missing,no,,
D2pZ95Cj,"Choshu has forced back the Shogunate forces, showing the weakness of the Shogunate more clearly than ever before.",,,missing,no,,
D2pz9Kin,"Choshu's assault on Kyoto has ended in defeat. Repelled at the Forbidden Gates, the domain is now condemned as a rebel force. With imperial approval secured, the Shogunate has called its allied domains to arms and begun a grand punitive campaign. If they crush Choshu's remaining resistance, the Bakufu's authority will be restored across Japan.",,,missing,no,,
zLSSZFGe,"The Genji loyalists have been crushed, and the Shogunate’s authority stands unshaken. The reformist leaders have been executed or driven into hiding, while the conservative factions reassert their dominance in Choshu. Any hope of Choshu once again opposing the Shogunate is gone.",,,missing,no,,
D2pz9Kos,"The Seigi-ha have risen up at Kosanji Temple, challenging the conservative faction in Choshu, who have been cracking down on the radicals ever since the domain's loss in the First Choshu Expedition.",,,missing,no,,
D2Pz95KG,"The Kosanji rebels have prevailed, and Choshu will once again reject the Shogunate’s authority. The conservatives have all been purged or cast aside, and the sonno joi have once again taken power in Choshu.",,,missing,no,,
D2pz95Mj,"The Tengu-to Rebels have failed, and the Shogunate will remain open to foreigners. The ringleaders have been executed or forced to commit seppuku, and the Conservatives shall rule in Mito.",,,missing,no,,
D2Pz95Mj,"The Tengu-to Rebels have won out. While the Shogunate remains open to foreigners, Mito has unified around the Sonno-joi.",,,missing,no,,
D2pzNeTe,It is hereby announced that His Majesty has passed from this life and joined the Imperial Ancestors. The Heir Apparent has now assumed the Throne. All domains and officials shall observe mourning and maintain order.,,,missing,no,,
D2pzNeSh,"On the 29th day of the 8th month, the Shōgun, {oldShogun}, passed away at Osaka Castle. By solemn decree of the Bakufu, a mourning period has been declared, and military operations are paused to honor his memory. His successor, {newShogun}, has been named, with authority confirmed by senior officials.",,,missing,no,{oldShogun} | {newShogun},
D2pZ9Ref,"The {Reform} have begun, as various domains have begun refining their militaries once more into a more modern form.",,,missing,no,{Reform},
SatzNeTe,"By mutual resolve, the leaders of Satsuma and Choshu have entered into a secret pact to unite their strength in service of restoring Imperial authority. From this day forward, both domains stand as one in purpose against the rule of the shogunate.",,,missing,no,,
D2pz9hCj,"The Second Choshu Expedition has ended with the success of the Bakufu. Choshu has been thoroughly crushed, never to rise again, and the Bakufu has shown to the world that it is not weak.",,,missing,no,,
D2pzSeCh,"The Shogunate has formally declared a second punitive expedition against the Choshu domain, ordering its allied forces to advance at once in response to Choshu's continued defiance and failure to comply with shogunal commands.",,,missing,no,,
D2pZ9HCj,"Despite being outnumbered, Choshu has achieved a crushing victory against the forces of the Bakufu. Their modern infantry has proven superior over the half-hearted reforms of the Bakufu. The Shogunate is weak, and the wolves have begun to gather.",,,missing,no,,
TaiHokan,"It is hereby proclaimed that the administration of the realm has been respectfully returned to the Imperial Throne. The Shogun, having fulfilled his charge, has retired from his offices. Henceforth, all affairs of state shall proceed under the direct and august authority of His Majesty.",,,missing,no,,
D2pzToFu,"Battle has ignited at Toba–Fushimi between newly declared Imperial troops and the Shogunate. The peace is broken, and both sides call upon their allies. All domains will be expected to declare their stance.",,,missing,no,,
oiIiCvRk,Foreign Imports,,,missing,no,,
BrPGVFVw,"Opening local markets to exotic imports will introduce unique wares, technology, and culture to the region. Even though new export and import opportunities will arise, some notables and merchants may harbor disdain for the competition to domestic trade.",,,missing,no,,
WKTJ5B9w,importing foreign wares,,,missing,no,,
RffNLf7H,Clans lose 1 influence per day{newline}Tax income in settlements are increased by 15%{newline}Each notable yields -.15 influence per day to the settlement's owner clan,,,missing,no,{newline} | {newline},
uTycGRdI,You need to move along. I'm on duty right now and I can't spare any coin. May Heaven provide.,,,missing,no,,
P98iCLjl,"Get out of my face, you vile beggar.[if:convo_angry]",,,missing,no,,
0UUCTaEj,We hear a lot of complaints about you lately. You better start behaving or you'll get yourself a good flogging.[if:convo_mocking_revenge],,,missing,no,,
XqTa0iQZ,"What do you want, you degenerate?[if:convo_stern]",,,missing,no,,
6SppoTum,Yes? What do you want?,,,missing,no,,
av0bRae8,Who is imprisoned here?,,,missing,no,,
QxIXbHai,I want to speak with a prisoner (Cheat).,,,missing,no,,
EGI6ztlH,I want to speak with a prisoner.,,,missing,no,,
D33fIGQe,Never mind.,,,missing,no,,
2eydhtcz,"Currently, {PRISONER_NAMES} {?IS_PLURAL}are{?}is{\\?} imprisoned here.",,,missing,no,{PRISONER_NAMES} | {?IS_PLURAL} | {?} | {\\?},
XN0XZAkI,I can't let you in. My {?SETTLEMENT_OWNER.GENDER}Lady{?}Lord{\\?} {SETTLEMENT_OWNER.NAME} would be furious.,,,missing,no,{?SETTLEMENT_OWNER.GENDER} | {?} | {\\?} | {SETTLEMENT_OWNER.NAME},
XWpEpaQ4,"Of course, {?PLAYER.GENDER}madam{?}sir{\\?}. Go in.",,,missing,no,{?PLAYER.GENDER} | {?} | {\\?},
k3b5KqSc,Come on now. I thought you were the boss here.,,,missing,no,,
JaAltoKP,Um... What are you saying?,,,missing,no,,
dY3Vazug,I found a purse with {AMOUNT}{GOLD_ICON} a few paces away. I reckon it belongs to you.,,,missing,no,{AMOUNT} | {GOLD_ICON},
rVHbbrCQ,We're not holding anyone in here right now. There's no reason for you to go in.[ib:closed],,,missing,no,,
b3KFoJJ8,All right then. I'll have a look at the prison.,,,missing,no,,
L5vAhxhO,I have more important business to do.,,,missing,no,,
qPRl07mD,All right then. I'll try that.,,,missing,no,,
fCrVeHP3,"Ah! I was looking for this all day. How good of you to bring it back {?PLAYER.GENDER}madam{?}sir{\\?}. Well, now that I know what an honest {?PLAYER.GENDER}lady{?}man{\\?} you are, there can be no harm in letting you inside for a look. Go in.... Just so you know, though -- I'll be hanging onto the keys, in case you were thinking about undoing anyone's chains.",,,missing,no,{?PLAYER.GENDER} | {?} | {\\?} | {?PLAYER.GENDER} | {?} | {\\?},
htfLEQlf,Give me the keys to the cells -- now!,,,missing,no,,
Kto7RWKE,Help! Help! Prison break!,,,missing,no,,
b2h3r1kL,I want to visit the lord's hall.,,,missing,no,,
RJtCakaG,There is nobody inside to receive you right now.,,,missing,no,,
bbroVUrD,"Of course, my {?PLAYER.GENDER}lady{?}lord{\\?}.",,,missing,no,{?PLAYER.GENDER} | {?} | {\\?},
rcoESVVz,"Sorry, but we don't know you. We can't just let anyone in. (Not enough renown)",,,missing,no,,
7wkHMnNM,Maybe {AMOUNT}{GOLD_ICON} will help you to remember me.,,,missing,no,{AMOUNT} | {GOLD_ICON},
xatWDriV,Never mind then.,,,missing,no,,
g5ofoKa8,Yeah... Now I remember you.,,,missing,no,,
gNSbsST8,0,,,missing,no,,
TP7rZTKs,You don't have {DENAR_AMOUNT}{GOLD_ICON} denars.,,,missing,no,{DENAR_AMOUNT} | {GOLD_ICON},
hCavIm4G,You will pay {AMOUNT}{GOLD_ICON} denars.,,,missing,no,{AMOUNT} | {GOLD_ICON},
zZ4LlI0Q,Welcome to our dojo.,,,missing,no,,
KcxekxUk,"It's good to see you again, brother.",,,missing,no,,
KcxekxUF,"It's good to see you again, sister.",,,missing,no,,
6JL4GyKC,Can't talk right now. Got to keep my eye on things around here.,,,missing,no,,
xizHRti3,"Nothing to report, your lordship.",,,missing,no,,
sIfL5Vnx,"Nothing to report, your ladyship.",,,missing,no,,
3sfjBnaJ,It's quiet. Too quiet. Things never stay quiet around here for long.,,,missing,no,,
jjkOBPkY,Can't let down your guard around here. Too many bastards up to no good.,,,missing,no,,
AHg5k9q2,"Welcome to {SETTLEMENT_NAME}. I think you'll find these are good, law-abiding folk, for the most part.",,,missing,no,{SETTLEMENT_NAME},
ChSThwR8,Choshu Seigi-ha,,,missing,no,,
HaSThwR8,Seigi-ha,,,missing,no,,
X5POXw6x,"I was wondering when I would find you, {PLAYER.NAME}. Chōshū moves, and yet somehow you are always close to the fault lines when things begin to break. Convenient... or intentional, I wonder. I am {LORD.NAME}.[if:convo_grave][ib:aggressive]",,,missing,no,{PLAYER.NAME} | {LORD.NAME},
xufs0Oon,"You have heard of the Zokuron-ha, no doubt. Men who no longer serve our lord, but instead interpret his will until it no longer resembles his own. It is a quieter coup than steel in the night, but no less real.{newline}{newline}Chōshū cannot afford to be governed by shadows wearing official seals. So I have begun what some will call an uprising, but is in truth an attempt to save our lord.{newline}{newline}I am not here to beg you, {PLAYER.NAME}. I am here because {?PLAYER.GENDER}women{?}men{\\?} like you do not stand safely on the fence forever. You either act while there is still something worth acting for... or you watch it rot past saving.[if:grave][ib:warrior]",,,missing,no,{newline} | {newline} | {newline} | {newline} | {PLAYER.NAME} | {?PLAYER.GENDER} | {?} | {\\?},
1macegPv,The Zokuron-ha cannot be allowed to keep fooling the lord.,,,missing,no,,
NnwNv8Kl,"I apologize, but I cannot betray my oaths.",,,missing,no,,
zG2Zxinf,"Good. I did not misjudge you, {PLAYER.NAME}. Chōshū will need men who act, not hesitate.",,,missing,no,{PLAYER.NAME},
kUZVzrbH,"Loyalty is a fine word. It is unfortunate how often it is mistaken for obedience to whoever holds a seal. Very well, then stay where you stand, {PLAYER.NAME}. Just do not pretend the ground beneath you is not already shifting.",,,missing,no,{PLAYER.NAME},
OHqGIBaT,Tokugawa-han,,,missing,no,,
BaTratLD,Loyalty represents your personal loyalty to either the Shogun or Emperor.,,,missing,no,,
BaTratRD,Reformer represents your views on adopting modern technology and systems from the West.,,,missing,no,,
BaTratCD,Foreign influence represents your acceptance of western culture and norms replacing the more traditional Japanese system.,,,missing,no,,
i0vsNdvr,You have entered into the {CASTE} class,,,missing,no,{CASTE},
sveZAtqO,You have been granted the {RIGHT},,,missing,no,{RIGHT},
Nw28Bf60,You have lost the {RIGHT},,,missing,no,{RIGHT},
A1b2C3d4,{PROPER_NAME}-dono,,,missing,no,{PROPER_NAME},
C1n2O3p4,{PROPER_NAME}-sama,,,missing,no,{PROPER_NAME},
A4e5F6g7,{PROPER_NAME},,,missing,no,{PROPER_NAME},
D4w5X6y7,{PROPER_NAME}-san,,,missing,no,{PROPER_NAME},
dXtzqRcm,Donate to the School,,,missing,no,,
tMPEJVGF,Enter the Dojo,,,missing,no,,
ahAQzR3R,Recruit Students,,,missing,no,,
Cdhajh8e,Trade,,,missing,no,,
3sRdGQou,Leave,,,missing,no,,
ITEwiS22,View Dojos,,,missing,no,,
qWAmxyYz,Back to town center,,,missing,no,,
A7F3K9Q2,You are a new face. This is the dojo of our school. State your business.,,,missing,no,,
RX7T2A9M,So the rumors were true. You are the one spoken of so highly. This is my first time meeting you.[ib:normal][if:convo_pleased],,,missing,no,,
Q7M4L9X2,"Ah, welcome. It has been some time. To receive one who serves our lord is always an honor.[ib:confident][if:convo_pleased]",,,missing,no,,
M9Q2LX8R,"So, it is you. You are not welcome here. Any foolishness, and I will answer in the name of the school.[ib:warrior][if:convo_displeased]",,,missing,no,,
K4ZP8WC1,"Ah, you have come. You must be weary from the road. Let us speak at ease today.[if:convo_pleased]",,,missing,no,,
P3EA7ZKQ,"A fellow student of the school I see, then. Different lines, but the same principles of the blade.[ib:warrior][if:convo_concentration]",,,missing,no,,
F4XQ1T8N,You have returned. Your bearing has changed—you have not neglected your training.[if:convo_concentration],,,missing,no,,
CM9H2W5R,"A practitioner of another school I see. While you are here, you will observe the customs of our style.[ib:aggressive][if:convo_concentration]",,,missing,no,,
YL6C9B2E,To stand before a lord of his own domain... forgive any discourtesy on my part.[if:nervous][if:convo_nervous],,,missing,no,,
D8K2Q9LM,"Welcome, my lord. This dojo stands by your favor alone. How may we serve you today?[if:nervous][if:convo_pleased]",,,missing,no,,
J8VNP5C3,Please tell me of your school,,,missing,no,,
J8VNP123,{FULL_RYUHA_INTRO}[ib:confident],,,missing,no,{FULL_RYUHA_INTRO},
6eotrW5Q,I wish to join your school,,,missing,no,,
0rmbhUDx,"Then you will swear the keppan. You will place your name in blood, and vow before the school.[ib:confident][if:convo_concentration]",,,missing,no,,
JKIYqkpS,"Now that I will receive your training, I swear that without your permission. I will not demonstrate nor instruct, not even the most minor detail to anyone, not even to my own family. Should I behave in a way as to break this pledge, I am resolved to face the punishments of all the gods of the country, and to receive the anger of the great martial deity Hachiman.[ib:warrior][if:convo_concentration]",,,missing,no,,
099pwzwL,(Stamp your finger),,,missing,no,,
GoExMYge,"From now on, you are one of us.[ib:warrior][rf:convo_focused_happy]",,,missing,no,,
aTlNP5C3,Tell me about the licensing system,,,missing,no,,
R3K9T2QW,"Ah, you wish to understand our ranks. A student begins as an Keppan, to learn the basics of the art. Once they have achieved this, they will be granted a Mokuroku, a catalogue speaking of their relation to the school and the arts they have learned.",,,missing,no,,
pLY8eAzR,"Once a student has learned most of our arts, they are granted the rank of Menkyo, and have the right to teach our techniques and represent our school in formal matches. Finally, there is the rank of Menkyo-Kaiden, signifying complete mastery of our arts. At this point, there is nothing left to learn.",,,missing,no,,
ySWrYFLS,I wish to understand matches,,,missing,no,,
EtI5Q9nJ,"Te-awase, or 'linking hands,' is simple sparring within the dojo. Through these, students may improve themselves without fear.",,,missing,no,,
B4M7P8QZ,"Tameshi-ai, the 'assessment match,' are matches between two students with wooden blades. These matches, inside or between dojos, are meant to improve oneself, not to harm, though their results may reflect upon the school. Only those who have received a Mokuroku may participate.",,,missing,no,,
C6F3L9XD,"Taryu-shiai, 'inter-school matches,' are the true competitions. Fought between schools, usually without sharp weapons. Blows are often pulled, but serious injury can occur. A win can bring us great renown, while a loss will shame us deeply, so only Menkyo may fight in a Taryu-shiai.",,,missing,no,,
D8P2Q7VN,"Menko-Kaiden holders may attempt dojo-yaburi, 'dojo breaking.' One challenges the head of another school. Victory can abolish that dojo, while failure brings dishonor, loss of status, or exile. Such trials are rare, and often involve many students or careful strategy.",,,missing,no,,
E5L4R3WQ,"The most deadly of all duels are Shinken-Shobu, 'win-lose by real sword,' which are duels to the death. These are usually illegal, and the government only allows them under strict circumstances: a legal vendetta, the orders of a lord, or to right an honorable wrong. These reflect greatly upon our dojo, so none but those who have reached the rank of Menkyo-Kaiden may fight them.",,,missing,no,,
zoRfn39w,"I seek a match, under the customs of the dojo.",,,missing,no,,
eh9VDDTX,You are wounded,,,missing,no,,
ggnWVgZ4,You've recently fought in this settlement,,,missing,no,,
2e7TtW3h,"A match, then. Very well. Words alone do not decide such things. Speak plainly. What kind of match do you seek?[rb:unsure][if:convo_grave]",,,missing,no,,
inkAA2du,I seek to measure my skill and learn from it. I request a Tameshi-ai.,,,missing,no,,
XLzn3JGU,I wish to test our school’s techniques against others. I ask for a Taryū-shiai.,,,missing,no,,
g1Jm3HVK,I aim to challenge the strength of this dojo itself. I seek a Dōjō-yaburi.,,,missing,no,,
3XHHpjl3,My honor has been attacked. I request a Shinken-shobu to redeem it.,,,missing,no,,
OZInQUyW,"My lord has commanded a death, and I shall fulfill his order. I demand a Shinken-shobu",,,missing,no,,
Y8qYo8Nc,Are you sure you wish to proceed? It is not to late to retreat.[ib:warrior][if:convo_grave],,,missing,no,,
XjKyqYDl,I am,,,missing,no,,
HibjCMLL,"If there is something else, ask it plainly.",,,missing,no,,
rizaO654,I have learned much by observing your dojo. I will take my leave now.,,,missing,no,,
TPueR4Cr,"Master, I have laid the foundations you entrusted to me. I believe I am ready to receive the Mokuroku.",,,missing,no,,
bk0ZMumA,{COMPLETED_MOKUROKU_RESPONSE},,,missing,no,{COMPLETED_MOKUROKU_RESPONSE},
XlHdWNUg,{COMPLETED_MOKUROKU},,,missing,no,{COMPLETED_MOKUROKU},
Q2m5qRXa,"This is menkyo kaiden. There is nothing left for me to teach you, and the entire tradition is sealed within this scroll. From this day, you stand as a true inheritor of the lineage.",,,missing,no,,
fRJPckaj,I would like to begin learning new techniques,,,missing,no,,
fDxtHjR4,Thank you.,,,missing,no,,
j78hz3Qc,Hmm. That's possible. Which one?,,,missing,no,,
oa4Ll7s9,I am thinking of a different scroll.,,,missing,no,,
FYTvYV89,"For that scroll, it's customary to give a gift of {COST} {GOLD_ICON}",,,missing,no,{COST} | {GOLD_ICON},
gMPhihIU,"Thank you for your teachings, sensei",,,missing,no,,
0hz4pHB8,"On second thought, I'll wait some time",,,missing,no,,
8zUqfpzY,"If there is more you would ask of me, speak",,,missing,no,,
p1qfquBu,"Sensei, if it pleases you, I wish to request a hands-on lesson with a fellow student. I hope to test my skills and learn from the experience.",,,missing,no,,
mZPhQZyd,"Very well. I will arrange for you to spar with a fellow student. Remember, this is to deepen your understanding, not to prove superiority.[rb:positive][rf:convo_focused_happy]",,,missing,no,,
HL6uKEta,I wish hold a Te-awase practice match. I want to practice my technique and timing.,,,missing,no,,
MFXPmILj,Are you sure you wish to proceed?,,,missing,no,,
APn2dMTS,"I must take my leave, sensei.",,,missing,no,,
FEqqW5gO,What weapon will you be using?,,,missing,no,,
ML5nsnmS,I will be wielding the sword.,,,missing,no,,
o4gHHX42,I will fight with the spear.,,,missing,no,,
aSrFKLvX,I choose the staff for this duel.,,,missing,no,,
W5v423Aj,I shall fight with the naginata.,,,missing,no,,
NMLdo6so,Let my arrows strike true.,,,missing,no,,
D37Lhs03,You have joined the {SCHOOL} as an Keppan!,,,missing,no,{SCHOOL},
F5K8R2TJ,"Here in the {CURRENT_RYUHA}, we practice {ARTS}, as handed down in the tradition of {SCHOOL}. {SCROLLS}",,,missing,no,{CURRENT_RYUHA} | {ARTS} | {SCHOOL} | {SCROLLS},
LDqNZq86,{JUTSU1} and {JUTSU2},,,missing,no,{JUTSU1} | {JUTSU2},
LDqNZ123,"{ALL}, and {LAST}",,,missing,no,{ALL} | {LAST},
none,no jutsus,,,missing,no,,
IQsnaZDY,We transmit our teachings through a single mokuroku scroll.,,,missing,no,,
Kxoy3UQH,Our teachings are preserved across {COUNT} mokuroku scrolls.,,,missing,no,{COUNT},
22s4oZya,{SKILL} skill isn't high enough. Should be {AMOUNT},,,missing,no,{SKILL} | {AMOUNT},
zWZiN6Ot,"This scroll nows grants you a menkyo. The school permits you to teach what you have learned, and this scroll bears that authority. Even so, there remain teachings not lightly entrusted.",,,missing,no,,
rOQI0eYU,Your mokuroku is has been amended to reflect your newly learned techniques. See that your conduct proves you worthy of what has been added.,,,missing,no,,
InFWZWnF,"Master, I have finished all the scrolls of this school. There is nothing left unseen. If you deem me worthy, I ask to receive Menkyo-Kaiden.",,,missing,no,,
4woBxlbX,"Master, I have completed all that is written in the scroll. If my grasp is sufficient, I ask to be granted Menkyo.",,,missing,no,,
JUZH3SEr,"Master, I have completed the teachings of the most recent scroll. I ask to be tested and have my Mokuroku advanced.",,,missing,no,,
C364cnXY,You have yet to fully learn any new techniques,,,missing,no,,
sgC6IXpz,You have achieved the rank of Menkyo,,,missing,no,,
sgC6IKai,You have achieved the rank of Menkyo-Kaiden,,,missing,no,,
Qyi7pElP,You don't have enough money to buy this scroll,,,missing,no,,
ii2cpykD,Achieve Mokuroku,,,missing,no,,
JrTqyvNy,"As a student of {SCHOOL}, you must reach a certain level of proficiency before the school will consider passing along their secret arts to you.",,,missing,no,{SCHOOL},
P03kZ1lF,You've successfully achieved the rank of Mokuroku,,,missing,no,,
yNF4Ym2V,Required {SKILL},,,missing,no,{SKILL},
Cf2YVfeP,You've sucessfully achieved the required level of mastery for Mokuroku. Return to your teacher to formally rank up.,,,missing,no,,
GSdLaqpM,Return to your dojo to rankup,,,missing,no,,
KLauwaRJ,The caravan was destroyed despite your companion's efforts. Quest failed.,,,missing,no,,
ZAqEJI9T,About the task {QUEST_GIVER.LINK} gave me.,,,missing,no,{QUEST_GIVER.LINK},
1IJouNaM,"Carry on, then. Farewell.",,,missing,no,,
heWYa9Oq,I feel safe knowing that you're looking after us. Please continue to follow us my friend!,,,missing,no,,
WOBy5UfY,"Hand over your goods, or die!",,,missing,no,,
QNaKmkt9,"We're paid to guard this caravan. If you want to rob it, it's going to be over our dead bodies![rf:idle_angry][ib:aggressive]",,,missing,no,,
EhxS7NQ4,So be it. Attack!,,,missing,no,,
bfPsE9M1,You must have misunderstood me. Go in peace.,,,missing,no,,
r2y3n7dR,Visited Settlements,,,missing,no,,
0wj3HIbh,Caravan entered {SETTLEMENT_LINK}.,,,missing,no,{SETTLEMENT_LINK},
2y9DhzCR,You are about to lose sight of the caravan. Find the caravan before they are in danger!,,,missing,no,,
OjI8uGFa,We are traveling to {SETTLEMENT_NAME}.,,,missing,no,{SETTLEMENT_NAME},
QDpfYm4c,The caravan is moving to {SETTLEMENT_NAME}.,,,missing,no,{SETTLEMENT_NAME},
pUrSIed8,You have failed to escort the caravan to its destination.,,,missing,no,,
P144idVc,Samurai,,,missing,no,,
XkjRNMam,"You have no right to go around, under arms, spreading sedition. Disperse!",,,missing,no,,
FwtFtpwp,How?,,,missing,no,,
wM77S68a,What's there to discuss?,,,missing,no,,
zWILNszA,"You may have a point, but don't think that we will give up demanding our rights. We will return home, but we will pursue our grievances some other way.",,,missing,no,,
IP3e4x8S,Count my troops. Then count yours. You have no chance.,,,missing,no,,
bSo9hKwr,{PERSUASION_OPTION_LINE} {SUCCESS_CHANCE},,,missing,no,{PERSUASION_OPTION_LINE} | {SUCCESS_CHANCE},
9ACJsI6S,Blocked,,,missing,no,,
h9i9VXLd,You cannot enter an enemy lord's hall.,,,missing,no,,
IZHkODO9,You aren't from a high enough social class to enter a lord's hall.,,,missing,no,,
cojKmfSk,There is no one inside.,,,missing,no,,
WrO2OD7V,You aren't from the right social class to engage in commerce.,,,missing,no,,
7rVB5lB3, Martial Schools,,,missing,no,,
sGEXvp5x, Reforms,,,missing,no,,
HDm2PYc6, Shokuho and Bakumatsu,,,missing,no,,
uauMia0D, Characters,,,missing,no,,
cwRkqIt4, Kingdoms,,,missing,no,,
x6knoNnC, Clans,,,missing,no,,
GYzkb4iB, Parties,,,missing,no,,
u6GM5Spa, Armies,,,missing,no,,
zPYRGJtD, Troops,,,missing,no,,
3PUkH5Zf, Items,,,missing,no,,
xKVBAL3m, Campaign Issues,,,missing,no,,
tBx7XXps,Types,,,missing,no,,
7aaAWc01,Guard's Party,,,missing,no,,
auIRGa2V,Stonecutters,,,missing,no,,
uohYIaSw,"{VALUE}% build speed for fortifications, aqueducts and barrack projects in the governed settlement.",,,missing,no,{VALUE},
zrO26eJv,Allows switching field artillery ammo,,,missing,no,,
pFGhJxyN,Siege Engineer,,,missing,no,,
cRfa2IaT,{VALUE}% hit points to defensive siege engines in the governed settlement.,,,missing,no,{VALUE},
3n1KRLpZ,'My love is far \n I know not where \n Perhaps the winds shall tell me',,,missing,no,,
NQOQb0C9,'And many thousand bodies lay a-rotting in the sun \n But things like that must be you know for kingdoms to be won',,,missing,no,,
bs8ayCGX,'A warrior brave you might surely be \n With your blade and your helm and your bold fiery steed \n But I'll give you a warning you'd be wise to heed \n Don't toy with the fishwives of {RANDOM_TOWN}',,,missing,no,{RANDOM_TOWN},
YequZz6U,'Oh the maidens of {RANDOM_TOWN} are merry and fair \n Plotting their mischief with flowers in their hair \n Were I still a young man I sure would be there \n But now I'll take warmth over trouble',,,missing,no,{RANDOM_TOWN},
CM8Tr3lL,'Oh my pocket's been picked \n And my shirt's drenched with sick \n And my head feels like it's come a fit to bursting',,,missing,no,,
khqKZM8U,'For all the coin aboard the Black Ships \n For all the tribute of the Great Ming \n For all the jade of Yunnan’s hills...',,,missing,no,,
2fbLBXtT,'O'er the whale-road she sped \n She were manned by the dead  \n And the clouds followed black in her wake',,,missing,no,,
seyti8xR,Victory!,,,missing,no,,
zv49qE35,Practice Fight,,,missing,no,,
BsBOSmUu,Size,,,missing,no,,
emENhm0F,Bound,,,missing,no,,
qW9KyTg1,School,,,missing,no,,
s6koeapc,{MAP_FACTION},,,missing,no,{MAP_FACTION},
1fPx1BcM,Patron,,,missing,no,,
LDqNZq68,Martial Arts,,,missing,no,,
fh3xP3e2,Renown,,,missing,no,,
HAaElX8X,{PARTY_OWNERS_FACTION},,,missing,no,{PARTY_OWNERS_FACTION},
3PzgpFGq,Neutral,,,missing,no,,
Jyfkahka,{VALUE} ({?POSITIVE}+{?}{\\?}{DELTA_VALUE}),,,missing,no,{VALUE} | {?POSITIVE} | {?} | {\\?} | {DELTA_VALUE},
iXXTONWb, ({PARTY_SIZE}),,,missing,no,{PARTY_SIZE},
Dqydb21E, {PARTY_SIZE},,,missing,no,{PARTY_SIZE},
aE4ZRbB6, {HEALTH}%,,,missing,no,{HEALTH},
QyVbwGLp,{PARTY_SIZE},,,missing,no,{PARTY_SIZE},
uJro3Bua,Over Limit,,,missing,no,,
JBPZTsGu,Right to Personal Retinue,,,missing,no,,
cBccbbfP,Lacking Right to Personal Retinue,,,missing,no,,
hynFV8jC,Extra size bonus (Perk-like Effect),,,missing,no,,
YjoXyFDX,Owner Culture,,,missing,no,,
5Vo8dJub,Governor's Culture,,,missing,no,,
NH5N3kP5,No governor,,,missing,no,,
qTFKvGSg,Food Shortage,,,missing,no,,
RNT5hMVb,Goods From Market,,,missing,no,,
RVas572P,Raided,,,missing,no,,
ByRAgJy4,Housing Costs,,,missing,no,,
i0ryhIM8,There is no need to struggle against those who share the same cause as us.,,,missing,no,,
e7VpHtWJ,Conflict is inevitable against those who claim to march under the Imperial Banner.,,,missing,no,,
KZDvCI1h,Conflict is inevitable against those who march under the Shogun's Banner.,,,missing,no,,
5dKHdJTy,In Dojo,,,missing,no,,
5rot41AN,High Social Class,,,missing,no,,
v02Wh78a,"Growing up as a poor samurai, you had very little to do. You spent most of your time...",,,missing,no,,
nyUL2zNE,"Like all peasant children, you helped out in the fields. You also...",,,missing,no,,
DsCkf6Pb,"Growing up, you spent most of your time...",,,missing,no,,
n6TYKC13,"Like all chonin children, you spent most of your time aiding your parents. You also...",,,missing,no,,
b4lDDcli,Family,,,missing,no,,
XgFU1pCx,Your father was a...,,,missing,no,,
BJ7eLyXV,Kuge,,,missing,no,,
6c10yU0C,"Your father was a court noble, advising the emperor himself. While he held no actual power, none dared touch him, and even Daimyo would turn their ears to listen when he spoke. He made his living tutoring noble sons, and he taught you alongside them.",,,missing,no,,
0KERsepS,Hatamoto,,,missing,no,,
Aofaybhi,"Your father was a hatamoto, a direct retainer of the Tokugawa Shoguns themselves. One of the roughly five thousand hatamoto spread throughout Japan, he held an administrative rank in the Bakufu, administering a village on behalf of the Shogun.",,,missing,no,,
6tEVEDXe,Hanshi,,,missing,no,,
Mqmampln,"Your father was a ranking domain samurai in the service of his daimyo. Stationed in the castle town, he spent most of his time working in the bureaucracy, alongside regular martial training.",,,missing,no,,
mjElBkkf,Ashigaru,,,missing,no,,
TWuFcwLv,"Your father was an ashigaru, the lowest class of samurai. Being paid only subsistence wages, he was so poor that he was forced to sell his sword blades and take out ruinous loans. Even so, he took pride in his status as a samurai and trained you to be a capable fighter.",,,missing,no,,
Rx6RcMN7,Swordsmith,,,missing,no,,
yf4xWWZf,"Your father was a humble but skilled swordsmith who through his physical strength and mastery of his art was able to transform raw metal into sharp blades, making him well known in his domain for the quality of his creations. Even as a child, by helping him in the forge, you were able to absorb some of his craftmanship and harden your body.",,,missing,no,,
pyO0BWdi,Rice Trader,,,missing,no,,
FRwZXyfD,"Your father was a prominent rice trader whose warehouses and counting houses stood at the heart of a bustling castle town. In an age when rice was the very measure of wealth, his keen eye for markets and relentless bargaining brought the family immense prosperity—indeed, far greater wealth than that possessed by most samurai. Though officially beneath the buke, your household enjoyed comforts that many samurai could only envy.",,,missing,no,,
lgTiT4ei,Rural Farmer,,,missing,no,,
2KT2cyA5,"One of the 'One Hundred Surnames', your father was a farmer in a rural village. His farm was larger than most in the village, making him highly influential. Even so, he had to pay almost half of his harvest in the nengu tax to the daimyo each year.",,,missing,no,,
ZmHGrOjl,Village Hunter,,,missing,no,,
zcBPhKgR,"Living on the outskirts of his village, your father was a skilled hunter, well-versed in tracking and chasing his prey through the woods and mountains. and taking it down with a swift stroke of his bow. Even if the rewards of his labour were barely enough for a humble life in the countryside, your father passed on much of his knowledge to you.",,,missing,no,,
bF8uxh1X,Kabuki Actor,,,missing,no,,
rfdYed2k,"Your father was a kabuki actor whose dramatic performances drew large crowds in the pleasure districts of the great cities. Though adored by common townsfolk and celebrated for his striking stage presence, he was nevertheless dragged down by his status among the Eta-Hinin, the lowest social class in Japan. Fame and applause brought your family notoriety and a modest living, but admiration rarely translated into respect.",,,missing,no,,
J9PLqOs8,{PREVIOUS}{newline}Social Caste: {SELECTED_CASTE},,,missing,no,{PREVIOUS} | {newline} | {SELECTED_CASTE},
rcoueCmk,Adolescence,,,missing,no,,
4cOq5Qmb,training with swords.,,,missing,no,,
zaV5QQ6u,"You spent your adolescence days training your sword skills together with other kids. Whether it was with real blades or improvised ones, in actual practice or imaginary duels, you improved your slashes and parries with no need to roll around.",,,missing,no,,
qDV6pQNJ,studying at a domain school.,,,missing,no,,
8KczZd9h,"You spent much of your youth at the domain school, learning etiquette, the classics, rhetoric, and of course swordsmanship. You spend your days drilling forms and sparring under the watchful eyes of senior retainers. Though still young, the constant practice hardened your body and sharpened your instincts in close combat.",,,missing,no,,
g5LdeHiQ,studying with a local scholar.,,,missing,no,,
i4l7Nx6r,"You were sent to study with a scholar to deepen your knowledge of the classics, studying etiquette, Confucianism, and rhetoric in order to be a cultured member of society.",,,missing,no,,
CwpZI53J,copying domain records.,,,missing,no,,
92TzBQhy,You spent long hours copying reports and tax ledgers for domain officials. The work was tedious but taught you careful bookkeeping and administrative discipline.,,,missing,no,,
dQUmbdZe,working at the rice exchange.,,,missing,no,,
rgzMv2mB,"As a youth you assisted clerks and brokers at the bustling rice exchange, carrying ledgers and observing tense negotiations. There you learned both the honest mathematics of trade and the quieter tricks used by seasoned dealers.",,,missing,no,,
awr3v0bJ,assisting a merchant.,,,missing,no,,
DmRWqB6n,"You accompanied a merchant as his apprentice, learning his trade and acquiring the skills of a good salesman. After an adolescence spent between markets and warehouses, you learnt the secrets of bargaining and commerce.",,,missing,no,,
f5NdcP7G,as a swordsmiths apprentice.,,,missing,no,,
6RMJbJmq,"You spent your adolescence working in a forge as the apprentice of a master swordsmith, learning the secrets of forge and blade in equal measure. By the end of your apprenticeship, you were able to forge a sword discreetly on your own, and why not, even swing it around.",,,missing,no,,
PvhUZrxy,as a servant to a wealthy family.,,,missing,no,,
rCZNkJPi,"You were sent to work as a young servant at the estate of a rich landowner from the city. Gradually progressing from menial tasks to more complex ones, you eventually became a sort of administrator of the estate, managing its stocks and liaising with the guests of your master. Once your service with the wealthy landlord was over, you were a young adult able to administer a fortune and deal with the city's high society.",,,missing,no,,
HPJcqrle,helping at a teahouse.,,,missing,no,,
rPiZmlVU,as a street urchin.,,,missing,no,,
VVBoNDUp,"You spent your adolescence on the streets of the city, often getting into trouble and growing closer and closer to the local underworld, eventually becoming a member of a gang of young criminals. After years in this environment, you have learned all the secrets of commiting crimes and getting out of the resulting trouble.",,,missing,no,,
3PvNR5uZ,running messages.,,,missing,no,,
ZnKqvZfo,"Trusted to carry messages between villages and estates, you spent years running dusty roads and learning the terrain by heart.",,,missing,no,,
US6djPwj,training with a wandering ronin.,,,missing,no,,
vNi2aKrK,"As a kid you went almost every day to train with a ronin who stayed in your village for a few years and who seemed to like you enough to teach you how to fight for free. When your mentor finally left the village by the time you had become a young adult, you were a discreet and robust fighter.",,,missing,no,,
rVx5v34O,assisting the village blacksmith.,,,missing,no,,
TSBPydfM,"You spent your adolescence working in a forge as the apprentice of a blacksmith, being educated in the production of tools for the fields and the other activities in the village. By the end of your apprenticeship, you had become yourself a skilled blacksmith capable of crafting and handling several tools",,,missing,no,,
76Sq1Qdn,apprenticed to the village's carpenter.,,,missing,no,,
ZqZEhUUl,"In your adolescence you were sent to a workshop as the apprentice of the local carpenter, learning the different ways of working wood and stone and how to use them for the construction of buildings essential to village life. To conclude your apprenticeship you lead the construction of the new village warehouse, proving your grasp of the fields of mathematics and engineering.",,,missing,no,,
zZN07GtG,working on the farm.,,,missing,no,,
JOceSvJP,"You spent the days of your adolescence working in the fields of a farm, in a job that was far from exciting but nevertheless necessary. The years spent working the land under the sun or transporting the harvest made you much stronger and more accustomed to handling farm tools.",,,missing,no,,
ML2WtaFt,following the village's hunters.,,,missing,no,,
SNDAPMpA,"As a kid you loved going into the woods and mountains with the hunters from the village, observing them and learning their skills. After several years benefiting from their guidance and teaching, you eventually became an integral part of the group as a skilled hunter yourself.",,,missing,no,,
ok8lSW6M,Youth,,,missing,no,,
SKlNE18i,trained in Bajutsu.,,,missing,no,,
vr49Z2Qc,"Thanks to your high social rank, you were able to train in Bajutsu, learning the sword and bow. While your position was more symbolic than anything, you still learned well.",,,missing,no,,
1t3BA5qL,studied in a Ryuha.,,,missing,no,,
6DU6tft1,"Be it your status as a Samurai or your family's wealth, you were able to study martial arts in a Ryuha. Under the guidance of your soke and instructors, you became an inheritor of a legacy of mastery.",,,missing,no,,
IHBIt4pI,became a page.,,,missing,no,,
m2UC5jJN,"You served your master directly as a Kosho, a young page. In this role, you did chores, guarded your lord, did secretarial work, and filled whatever role your lord needed.",,,missing,no,,
KnRw1QtR,joined the Yakuza.,,,missing,no,,
SBA1hC8I,"Sometimes to avoid being oppressed, it is better to join the oppressors. You joined a local Yakuza gang, helping to administer and police the local markets, taking a hefty cut in the process, as well as acting as an enforcer against those who owed the gang money.",,,missing,no,,
AGlTT2Nc,served as a spearman.,,,missing,no,,
BWo1W2kh,"You served as a simple spearman, guarding places valued by your lord and putting down the occasional bandit group.",,,missing,no,,
CnKI4ZNX,fell in with a group of bandits.,,,missing,no,,
ASA1Ftv5,"Unable to make a living by regular means, you chose to join a group of bandits to make a living at the expense of the very people who lived in the countryside. Killing and looting together with your gang, one step ahead of the samurai, you became a ruthless raider.",,,missing,no,,
NrnFRQdI,trained as a hunter.,,,missing,no,,
hshpbgpy,"You spent your youth as a hunter, searching for large game to kill and sell, providing for yourself and your village with your yumi bow. What you did fell on the edge of the law, but it was a living.",,,missing,no,,
4jLXYuLV,drilled in the nohei.,,,missing,no,,
XgYnnw41,"As a new era dawned on Japan, you joined one of the many local militias springing up throughout the nation. Despite your lack of professional training, you did become skilled with a firearm.",,,missing,no,,
GFIMInBJ,helped build fortifications.,,,missing,no,,
5NBskO1H,"Construction is a constant throughout your life, as samurai and daimyo build and rebuild their fortified estates. You chose to work in construction, building these mighty works along teams of laborers.",,,missing,no,,
aohOZWKW,ran messages as a Hikyaku.,,,missing,no,,
bRFlmyBU,"You spent your youth as a Hikyaku, a member of the Bakufu's courier network. You constantly travelled back and forth along the highways of Japan, always speeding to your next destination.",,,missing,no,,
MafIe9yI,Young Adulthood,,,missing,no,,
b49kBlfp,"When the Black Ships came to Japan's shores, you knew you had to take a stance...",,,missing,no,,
4j4zmg6K,you swore the foreigners would be expelled.,,,missing,no,,
4qMflQDW,"The arrival of the Black Ships was an unforgivable insult to the realm. Like many hot-blooded patriots, you embraced the cry of sonnō jōi: revere the Emperor, expel the barbarians. Whether through secret meetings, militant drilling, or open defiance of the shogunate's policy of compromise, you prepared yourself for the day the outsiders would be driven from Japan's shores.",,,missing,no,,
wADA19KO,you studied the knowledge of the West.,,,missing,no,,
0mjbXTKL,"While many raged at the foreigners' arrival, you took a colder view. Their ships and guns could not simply be wished away. Alongside other forward-thinking retainers, you studied Western drill, firearms, and knowledge, believing that only by mastering these new methods could Japan hope to stand as an equal among nations.",,,missing,no,,
ajtBuhhb,you supported unity between court and shogunate.,,,missing,no,,
86qSdbJW,"The turmoil stirred by the Black Ships threatened to tear the country apart. Rather than embrace reckless extremism, you supported the policy of kōbu gattai: Unification of the Imperial Court and Bakufu. Through careful service and measured loyalty, you worked to preserve order in an age that seemed determined to abandon it.",,,missing,no,,
RneUYime,you profited from the opening of the country.,,,missing,no,,
n5MQexVt,"Where others saw crisis, you saw opportunity. The coming of foreign ships brought strange goods, new markets, and unprecedented demand. Carefully avoiding political entanglements, you built quiet connections with those willing to trade, and your purse grew heavier while others argued about the fate of the realm.",,,missing,no,,
y9u1kacV,you helped organize coastal defenses.,,,missing,no,,
pyc6NkyP,"The thunder of foreign cannon along Japan's coasts demanded action. In your domain, new militias and shore batteries were raised in haste. You threw yourself into drilling men, moving supplies, and preparing for the invasion many believed inevitable.",,,missing,no,,
YrKIARmF,you turned to banditry.,,,missing,no,,
4YqSRPb1,"When the Black Ships appeared and the country trembled, you saw not fear but opportunity. While domains argued and officials scrambled, you joined rough men who profited from the confusion: smuggling, raiding poorly guarded storehouses, and waylaying those too slow to adapt. You became skilled at striking quickly and disappearing just as fast. Though many would call you little better than a bandit, you know you simply survived where others hesitated.",,,missing,no,,
mJIr5RRm,you chose neutrality.,,,missing,no,,
VBzv4tjj,"While others chose sides in the growing turmoil of the age, you kept to your own affairs. Neither strongly loyal to the Shogunate nor drawn to the Imperial cause, you learned to mind your own survival above politics. Travel and hard work taught you practical skills with common weapons and the awareness to avoid unnecessary trouble. In uncertain times, being overlooked has often been your greatest advantage.",,,missing,no,,
LaSQ1gNk,"As a youngster growing up in Japan, war was far away. You...",,,missing,no,,
fsTBcLvA,{SETTLEMENT} Garrison,,,missing,no,{SETTLEMENT},
TLuaPAIO,{A0} Taxes,,,missing,no,{A0},
dfwCjiRx,Trade Tax from {A0},,,missing,no,{A0},
uuyso3mg,Income from Parties,,,missing,no,,
E3BsEDav,Financial Help for Parties,,,missing,no,,
RuHaC2Ck,Scutage Tax,,,missing,no,,
qyahMgD3,Caravan ({A0}),,,missing,no,{A0},
uixuohBp,Settlement Projects,,,missing,no,,
dZDFxUvU,{A0},,,missing,no,{A0},
0g7MZCAK,Workshop Income,,,missing,no,,
cSuNR48H,Workshop Expense,,,missing,no,,
qcaaJLhx,Mercenary Contract,,,missing,no,,
5aElrlUt,Payment to Mercenaries,,,missing,no,,
AtFv5RMW,Tribute Payments,,,missing,no,,
rhfgzKtA,Tribute from {A0},,,missing,no,{A0},
tributeIncome,Tribute Income,,,missing,no,,
AewK9qME,Settlement Income,,,missing,no,,
YkZKXsIn,Main party wages,,,missing,no,,
ag5ukjvW,Nengu (Agricultural Tax),,,missing,no,,
LpHEHgmk,Samurai Stipend,,,missing,no,,
8iLzK3Y4,Caravan and Party Income,,,missing,no,,
ChUDSiJw,Garrison and Party Expense,,,missing,no,,
U3LdMEXb,Debts,,,missing,no,,
essaRvXP,King's support,,,missing,no,,
WrJSUsBe,Support to king,,,missing,no,,
oNgwQTTV,Workshop Expense,,,missing,no,,
7uzvI8e8,Kingdom Budget Expense,,,missing,no,,
wVMPdc8J,{A0}'s tariff,,,missing,no,{A0},
6gvDrbe7,Recruitment Expense,,,missing,no,,
UQc6zg1Q,Owned Alleys,,,missing,no,,
wPJYRmf5,Ship Upkeep,,,missing,no,,
4TWfU55y,Wage,,,missing,no,,
bZnuyRtJ,Sanyo culture,,,missing,no,,
IpGnHz35,Sanyo culture,,,missing,no,,
JkVr31bc,Port,,,missing,no,,
CcQzFnpN,Very Low Loyalty,,,missing,no,,
basevalue,Base,,,missing,no,,
