id,source,current_cn,reason
kpzK0X9u,Ozutsu,大筒,keyword
uPDOEMCR,Ozutsus,大筒,keyword
U53M9G9W,Antique Cannon,古董火炮,short_title
2pSICaQU,"Antique metal guns from the Sengoku Jidai. They're long since outdated, but a cannon is a cannon.",战国时代的古董金属枪。它们早已过时了，但火炮就是火炮。,keyword
NapM9G9W,M1857 12-Pounder Napoleon,M1857 12磅拿破仑炮,short_title
CadeMoLH,Canon de Montagne de 4 La Hitte,4磅拉希特山炮,short_title
Armstron,RBL 12-Pounder 8 CWT Armstrong Gun,RBL 12磅8英担阿姆斯特朗炮,short_title
GatlingG,Model 1865 Gatling Gun,1865 型加特林机枪,short_title
g0DodcKB,Kuge (Court Noble),公家（朝廷贵族）,keyword
iDHwU4Af,Daimyo (Feudal Lord),大名（封建领主）,short_title
TzEzDGuV,Buke (Samurai),武士,short_title
3VfyBmWe,Hyakusho (Peasant),百姓（农民）,short_title
91xgVL5T,Chonin (Townsman),町人（城镇居民）,short_title
MkoGgYTI,Eta-hinin (Untouchable),穢多／非人（被歧视阶层）,short_title
mqDjDWjC,Gaikokujin (Foreigner),外国人（外国人）,short_title
oN4J4ebL,Right to carry the Daisho,携带大刀进入城内的权利,short_title
9ZHz4mzS,Right to command a personal retinue,指挥私人随从的权利,short_title
Ho2oaup3,Right to hold land,持有土地的权利,short_title
b93tFvr6,Right to not pay agricultural taxes,不缴纳农税的权利,short_title
YSqUrY2T,Right to engage in commerce,从事商业的权利,short_title
6QjQLkhL,Right to enter the keep,进入要塞的权利,short_title
lXePKGIt,Martial Schools,武术流派,short_title
9N832L1k,"Dojos are neutral settlements where the player and AI can recruit students, purchase martial manuals that improve combat skills, join a specific school, or duel instructors for rank and reputation. Each dojo follows a distinct martial lineage. Improving relations with a dojo strengthens relations with all dojos of that lineage, and may improve standing with their sponsoring domain.",道场是中立地点，玩家和AI可以在这里招收门生、购买能够提升战斗技能的武术手册、加入特定流派，或与师范进行决斗以提升段位和声望。每个道场都传承着独特的武术流派。改善与某一道场的关系，会加强与该流派所有道场的关系，并可能提升你在其所属藩的地位。,keyword
F1G2H3J4,Itto-ryu,一刀流,short_title
K5L6M7N8,"Itto-ryu is a prestigious family of kenjutsu schools emphasizing the principle of the 'one sword.' Practitioners, known as Itto-ryu kenshi, focus on decisive cuts, proper distancing, and timing. During the late Bakumatsu, its instructors were sought after by domains and samurai for dueling, military training, and personal defense.",一刀流是著名的剑术流派体系，强调“一刀”之理。修习者称为一刀流剑士，注重果断斩击、适当距离与时机。幕末时期，一刀流教习受到各藩和武士的追捧，用于决斗、军事训练和个人防卫。,keyword
P9Q0R1S2,Hokushin Itto-ryu,北辰一刀流,short_title
T3U4V5W6,"Hokushin Itto-ryu is the northern branch of Itto-ryu, combining classical swordsmanship with battlefield practicality. Practitioners train in katana, wakizashi, and naginata, honing timing, distance, and decisive strikes. In the late Bakumatsu, the school supplied instructors to northern domain militias and duelists in Edo.",北辰一刀流是一刀流的北方分支，将古典剑术与战场实用性相结合。练习者们进行武士刀、胁差和薙刀的训练，磨练时机、距离和决定性的打击。幕末末期，流派为江户的北藩民兵和决斗者提供教官。,keyword
X7Y8Z9A0,Shinkage-ryu,新阴流,short_title
B1C2D3E4,"Shinkage-ryu is a transformative kenjutsu lineage that emphasizes strategy, posture, and subtlety. Practitioners wield katana and wakizashi, focusing on psychological control and precision. In the Bakumatsu period, Shinkage-ryu influenced many derivative schools, including Taisha-ryu, and trained elite duelists and samurai instructors.",新阴流是一种变革性的剑术传承，强调策略、姿势和微妙。练习者使用武士刀和胁差，注重心理控制和精准度。在幕末时期，新阴流影响了包括大社流在内的许多衍生流派，并培养了精英决斗者和武士导师。,keyword
F5G6H7I8,Jigen-ryu,示现流,short_title
J9K0L1M2,"Jigen-ryu, originating in Satsuma, is known for ferocious, lightning-fast attacks with katana and odachi. Practitioners cultivate power, speed, and relentless offense. In the late Bakumatsu, Jigen-ryu kenshi were recognized for their role in domain defense and martial competitions, embodying the martial spirit of southern Japan.",示现流起源于萨摩，以使用武士刀和大刀进行凶猛、闪电般的攻击而闻名。练习者培养力量、速度和无情的进攻。幕末末期，示现流剑士因其在藩防卫和武术比试中的作用而受到认可，体现了日本南部的武术精神。,keyword
N3O4P5Q6,Hozoin-ryu,宝藏院流,short_title
R7S8T9U0,"Hozoin-ryu specializes in spearmanship, particularly the cross-shaped jumonji-yari and naginata. Practitioners train in precise thrusts, fluid footwork, and battlefield awareness. By the Bakumatsu era, instructors trained domain militias and dueling students, maintaining a reputation for technical elegance and deadly efficiency.",宝藏院流擅长枪术，特别是十字形十文字枪和薙刀。练习者训练精确的刺击、流畅的步法和战场意识。到了幕末时代，教官们训练着藩内民兵和决斗学生，保持着技术优雅和致命效率的声誉。,keyword
V1W2X3Y4,Tanegashima-ryu,种子岛流,short_title
Z5A6B7C8,"Tanegashima-ryu is a firearms school teaching the use of matchlock arquebuses. Practitioners learn coordinated volleys and battlefield deployment. In late Tokugawa Japan, Tanegashima-ryu instructors were vital in domain militias, bridging traditional martial culture and early modern warfare.",种子岛流是一所枪械流派，教授火绳枪的使用。练习者学习协调齐射和战场部署。在日本德川幕府末期，种子岛流教官在藩兵中发挥着至关重要的作用，在传统武术文化和早期现代战争之间架起桥梁。,keyword
D9E0F1G2,Takashima-ryu,高岛流,short_title
H3I4J5K6,"Takashima-ryu teaches modern firearms techniques, emphasizing disciplined firing methods and unit coordination. Practitioners prepared for the changing nature of war during the Bakumatsu period, integrating Western rifles into traditional martial education for domain forces.",高岛流教授现代枪械技术，强调纪律严明的射击方法和单位协调。练习者为幕末时期战争性质的变化做好准备，将西方步枪融入藩部队的传统武术教育中。,keyword
L7M8N9O0,Heki-ryu,日置流,short_title
P1Q2R3S4,"Heki-ryu is a classical archery school, teaching yumi mastery for battlefield and ceremonial use. Practitioners develop accuracy, composure, and situational awareness. In the late Bakumatsu, Heki-ryu archers served both militarily and ceremonially, maintaining the prominence of mounted and foot archery traditions.",日置流 是一所古典射箭流派，教授战场和仪式使用的射箭技巧。从业者可以培养准确性、冷静和态势感知能力。在幕末末期，日置流弓箭手在军事和仪式上服役，保持了骑马和步行射箭传统的地位。,keyword
T5U6V7W8,Shinto Munen-ryu,神道无念流,short_title
X9Y0Z1A2,"Shinto Munen-ryu is a kenjutsu school emphasizing adaptability, speed, and fluid techniques with katana and wakizashi. Practitioners were trained for dueling and skirmishes, preparing samurai and retainers for the unpredictable conflicts of the Bakumatsu era.",神道无念流是一所剑术流派，强调武士刀和胁差的适应性、速度和流畅技术。练习者接受决斗和小规模冲突训练，为武士和家臣应对幕末时代不可预测的冲突做好准备。,keyword
B3C4D5E6,Ogasawara-ryu,小笠原流,short_title
F7G8H9I0,"Ogasawara-ryu is the classical school of mounted archery and etiquette, teaching yumi mastery on horseback. Practitioners develop poise, precision, and ceremonial bearing, serving as both martial and noble instructors in the late Tokugawa period.",小笠原流是马术射箭和礼仪的古典流派，在马背上教授弓技巧。练习者培养沉着、精确和礼仪举止，在德川后期担任武术和贵族导师。,keyword
J1K2L3M4,Hoki-ryu,伯耆流,short_title
N5O6P7Q8,"Hoki-ryu is a kenjutsu school specializing in katana techniques. Practitioners cultivate strong cutting, timing, and defensive skills. During the Bakumatsu, Hoki-ryu instructors trained samurai and domain forces, ensuring readiness in duels and military engagements.",伯耆流 是一所专门研究武士刀技术的剑术流派。练习者培养强大的切入、时机和防守技能。幕末时期，伯耆流教官训练武士和藩军，确保决斗和军事交战做好准备。,keyword
R9S0T1U2,Shingyoto-ryu,心形刀流,short_title
V3W4X5Y6,"Shingyoto-ryu teaches a combination of katana, odachi, and naginata, focusing on versatility and battlefield adaptability. Practitioners excel in both dueling and larger engagements, sustaining their relevance through the late Bakumatsu period.",心形刀流 教授武士刀、大刀和薙刀的组合，注重多功能性和战场适应性。练习者在决斗和大型交战中都表现出色，在幕末末期保持着他们的影响力。,keyword
Z7A8B9C0,Oshima-ryu,大岛流,short_title
D1E2F3G4,"Oshima-ryu is a multi-weapon school specializing in yari, naginata, and variations such as jumonji and kagi yari. Practitioners develop complex thrusting and footwork techniques, serving as capable battlefield instructors during the late Tokugawa period.",大岛流是一所多武器流派，专门研究弓、薙刀以及十文字和钩镰枪等变体。练习者发展复杂的刺击和步法技术，在德川时代后期担任有能力的战场教练。,keyword
H5I6J7K8,Tamiya-ryu,田宫流,short_title
L9M0N1O2,"Tamiya-ryu focuses on the long-hilted nagae katana, training practitioners in precise strikes and extended reach. The school's methods were valued for dueling and defensive combat by samurai in the late Bakumatsu era.",田宫流专注于长柄长武士刀，训练练习者精确打击和延伸范围。该流派的方法在幕末时代后期的武士的决斗和防御战斗中受到重视。,keyword
P3Q4R5S6,Moriuchi-ryu,森内流,keyword
T7U8V9W0,"Moriuchi-ryu is a mounted martial school emphasizing yari and katana techniques. Practitioners develop coordination, balance, and tactical awareness for cavalry operations. In the Bakumatsu period, Moriuchi-ryu trained domain cavalry and retainers in practical combat skills.",森内流是一所骑马武术流派，强调枪术和剑术。练习者培养骑兵作战所需的协调性、平衡性和战术意识。幕末时期，森内流训练藩骑兵和家臣的实战技能。,keyword
X1Y2Z3A4,Owari Kan-ryu,尾张勘流,keyword
B5C6D7E8,"Owari Kan-ryu specializes in the sliding kuda-yari, offering innovative spear techniques. Practitioners train in precision, timing, and footwork. The school's unique weapons and methods were valued by Owari samurai for both ceremonial and battlefield purposes.",尾张贯流 专注于滑动 管枪，提供创新的矛技术。练习者训练精确度、时机和步法。该流派独特的武器和方法受到尾张武士的重视，用于仪式和战场目的。,keyword
F9G0H1I2,Shinshin-ryu,神心流,short_title
J3K4L5M6,"Shinshin-ryu is a kenjutsu school teaching katana and wakizashi techniques with an emphasis on timing and adaptability. Practitioners excel in duels and personal defense, maintaining a respected position among samurai in the late Bakumatsu.",神心流 是一所剑术流派，教授武士刀和胁差技术，强调时机和适应性。练习者擅长决斗和个人防御，在幕末末期的武士中保持着受人尊敬的地位。,keyword
N7O8P9Q0,Tatsumi-ryu,辰巳流,keyword
R1S2T3U4,"Tatsumi-ryu is a comprehensive martial school training practitioners in katana, wakizashi, yari, naginata, and shuriken. The school's broad curriculum prepared samurai for dueling, battlefield, and self-defense during the Bakumatsu period.",辰巳流是一位综合武术流派，训练武士刀、胁差、枪、薙刀和手里剑的练习者。流派广泛的课程为幕末时期武士的决斗、战场和自卫做好准备。,keyword
V5W6X7Y8,Tennen Rishin-ryu,天然理心流,short_title
Z9A0B1C2,"Tennen Rishin-ryu is a kenjutsu school focusing on katana, wakizashi, and occasional yari use. Practitioners were famously associated with the Shinsengumi, combining practical swordsmanship with rigorous discipline in the late Bakumatsu era.",天然理心流是一所剑术流派，专注于武士刀、胁差，偶尔也会使用枪。在幕末时代末期，练习者与新选组有着密切的联系，将实用的剑术与严格的纪律相结合。,keyword
D3E4F5G6,Nanbu-ryu,南部流,keyword
H7I8J9K0,"Nanbu-ryu is a mounted martial school emphasizing bow and sword techniques. Practitioners develop horseback combat skills, coordination, and precision. In the Bakumatsu period, Nanbu-ryu kenshi served as cavalry instructors and domain retainers.",南部流是一所强调弓箭和剑术的骑马武术流派。练习者培养马术格斗技巧、协调性和精确度。幕末时期，南部流剑士担任骑兵教官和藩士。,keyword
L1M2N3O4,Kyoshin Meiichi-ryu,镜新明智流,keyword
P5Q6R7S8,"Kyoshin Meiichi-ryu is a kenjutsu school emphasizing katana and wakizashi mastery. Practitioners cultivate precise cutting, timing, and fluid technique. In the Bakumatsu era, Kyoshin Meiichi-ryu trained loyalists and aspiring samurai in practical swordsmanship for both duels and domain service.",镜心明智流,keyword
551Rfsop,Reforms,改革,short_title
a3BLERbz,Keio Reforms (1865),庆应改革（1865）,short_title
uzonvUWW,"At the start of 1865, the Shogunate began a dedicated push to modernize their military. Beforehand, they had created the Sampeitai, or 'Three-Arms Corps', but that had been an unmitigated disaster. Prompted by the Kinmon Incident and Choshu's own civil war, the Shogunate's new reforms, forming units based on Samurai social rankings, ended in failure just as their previous ones had, but it started off the era of massive military reforms in Japan, which had been before isolated to a few small domains. These reforms unlock the Hoheitai and most of their equivalents, alongside units of unique organizations like the Mimawari-gumi and Shinsengumi.{newline}{newline}If using policy based reforms, these troops are unlocked with the Western Drill policy instead.",1865 年初，幕府开始全力推动军队现代化。此前，他们曾创建过“三兵队”，但那是一场彻头彻尾的灾难。在金门事变和长州内战的推动下，幕府按照武士阶层划分编制的新改革，和之前一样以失败告终，却开启了日本大规模军事改革的时代——此前这种改革还局限于少数小藩。这些改革解锁了步兵队及其大多数同类部队，以及见回组、新选组等独特组织的部队。{newline}{newline}如果使用基于政策的改革，这些部队将通过“西式操典”政策解锁。,keyword
hEIiqFOl,Keio Reforms (1866),庆应改革（1866）,short_title
sgDswQVO,"In 1866, something thought unthinkable occurred: the Shogunate lost a war against Choshu. The Second Choshu Expedition had been intended to remind Japan of the Bakufu's strength, and to deal with the rebellious domain once and for all. Instead, the 150,000 strong army of the Shogunate was routed by the 4000 men of Choshu and their modern rifles, losing thousands of men and inflicting only a few hundred casualties in return. With this failure, and the ascension of Tokugawa Yoshinobu as Shogun, Japan entered a furor of reform. Yoshinobu himself worked to reform the Bakufu army, establishing the Hoheitai, Yugekitai, and Denshutai, while many other domains were incentivized to adopt proper modernized infantry.{newline}{newline}If using policy based reforms, these troops are mostly unlocked with the Standard Uniforms policy instead.",1866 年，发生了一件难以想象的事情：幕府在与长州的战争中战败。第二次长州征讨原本是为了让日本重新认识幕府的实力，并一劳永逸地解决这个叛乱藩。然而，结果却是：15 万人的幕府大军被长州的 4000 名士兵及其现代步枪击溃，幕府损失数千人，而仅造成对方数百人伤亡。随着这次失败，以及德川庆喜继任将军，日本掀起了改革热潮。德川庆喜亲自着手改革幕府军，建立步兵队、游击队和传习队，同时许多其他藩也开始采用真正现代化的步兵。{newline}{newline}如果使用基于政策的改革，这些部队大多将通过“标准制服”政策解锁。,keyword
LQZzQOJr,Meiji Reforms (1867),明治维新 (1867),short_title
tkAa93qw,"Emperor Komei had opposed the entirety of the outside world, advocating fiercely for Sonno-joi. However, his son was not so inflexible. Following Komei's death of smallpox in early 1867, the teenaged emperor and his advisors began a series of reforms of their own, establishing the new Imperial guard, while other pro-Imperial forces, such as the Jinshotai of Tosa, began coalescing into a modern army of their own. At the same time, Choshu began reforming their remaining Shotai militias into proper units of their own, in preparation for the turmoil everone knew was coming.{newline}{newline}If using policy based reforms, these troops are unlocked with the Standard Uniforms or Officer Academies policies instead.",孝明天皇曾极力反对整个外部世界，强烈主张尊王攘夷。然而，他的儿子并没有那么固执。1867 年初孝明天皇因天花去世后，这位十几岁的新天皇与顾问开始进行一系列改革，建立新的皇军近卫部队；与此同时，土佐的迅冲队等亲皇势力也开始整合为自己的现代军队。长州则开始将剩余的诸队民兵改编为正规的部队，为所有人都知道即将到来的动荡做准备。{newline}{newline}如果使用基于政策的改革，这些部队将通过“标准制服”或“军官学校”政策解锁。,keyword
aEbjnf41,Boshin War Reforms (1868),戊辰战争改革 (1868),short_title
uKN9qS6E,"Even as Japan reformed around them, many of the northernmost domains, as well as a few in Kansai, remained stagnant. The foolishness of this policy became apparent when the Boshin War broke out in early 1868, as the samurai of these domains suffered catastrophic defeats at the hands of peasants armed with modern rifles. These domains, most notable including Kubota on the Imperial side and Sendai on the Shogunate side, began to rapidly reorganize in an attempt to stave off defeat from those invading their domains.{newline}{newline}If using policy based reforms, these troops are unlocked with the Standard Uniforms or Western Drill policies instead.",即使日本围绕这些地区进行改革，许多最北边的藩以及关西的一些藩仍然停滞不前。 1868 年初戊辰战争爆发时，这一政策的愚蠢性就显现出来了，这些藩的武士在装备现代步枪的农民手中遭受了灾难性的失败。这些藩，最著名的是帝国一方的久保田和幕府一方的仙台，开始迅速重组，试图避免入侵者的失败。{newline}{newline}如果使用基于政策的改革，这些部队将通过标准制服或西方演习政策来解锁。,keyword
9v5f6eq6,Shishin Taisei Reforms (1868),四神队改革（1868）,short_title
BWWqeWJi,"While in essence the same as the {BOSHIN_REFORMS_LINK} in their timing and reasoning, Aizu domain took a rather unique approach to reforming their military. Still unwilling to allow peasants in their military, Aizu instead implemented their 4 Gods Organization, classifying the samurai of their domain into one of four units, based on age. The Byakkotai were the youngest, made up of 16-17 year olds, followed by the Suzakutai (18-35), Seiryutai (36-49), and the Genbutai (50+), alongside a number of volunteer units that sprung up across the domain. Ultimately, however, these units were not enough to stave off the invasion of their domain and brutal siege of their castle.{newline}{newline}If using policy based reforms, these troops are unlocked with the Western Drill policy instead.",虽然在时机和原因上与 {BOSHIN_REFORMS_LINK} 基本相同，会津藩却采取了相当独特的军制改革方式。会津仍然不愿让农民加入军队，于是实行“四神队”组织，按照年龄将藩士分为四支部队。白虎队年龄最小，由 16—17 岁的少年组成；其后依次为朱雀队（18—35 岁）、青龙队（36—49 岁）和玄武队（50 岁以上），此外藩内还出现了许多志愿部队。然而最终，这些部队仍不足以阻止入侵会津藩以及对其城堡的残酷围攻。{newline}{newline}如果使用基于政策的改革，这些部队将通过“西式操典”政策解锁。,keyword
NeEiTkK6,Juei Reforms (1869),纪州藩改革（1869）,short_title
CR3jonLR,"Kishu domain, ruled by the Kishu Tokugawa, one of the Gosanke, or 'Three Noble Houses', of the Tokugawa Shogunate, reformed far later than most of Japan. Rather than taking inspiration from Britain or France like the rest of Japan, Kishu instead built their army along the Prussian model, implementing a conscript system that required a few years in active duty, then a few in the reserves, followed by service in the militia. However, these reforms occurred after the Boshin War, and ultimately came to naught as the Bakuhan system was dissolved and the private armies of the daimyo were folded into the new Imperial army.{newline}{newline}If using policy based reforms, these troops are unlocked with the Implement Conscription policy instead.",纪州藩由德川幕府“御三家”之一的纪州德川统治，其改革远远晚于日本大部分地区。纪州没有像日本其他地区那样从英国或法国汲取灵感，而是按照普鲁士模式建立了军队，实行义务兵制度，要求服几年现役，然后在预备役服役几年，最后在民兵中服役。然而，这些改革发生在戊辰战争之后，最终随着藩兵制度的解散和大名私人军队并入新的帝国军队而化为泡影。{newline}{newline}如果使用基于政策的改革，这些军队将通过实施征兵政策来解锁。,keyword
ON8mqnxs,Meiji Restoration Reforms (1870),明治维新改革（1870年）,short_title
lXePKasd,Social Castes,社会阶层,short_title
9NAB4L1k,"The Caste Mechanic is an optional mechanic added in Bakumatsu to reflect the caste system of Edo period Japan. This caste system, put into place at the founding of the Tokugawa Shogunate, reflected the Tokugawa clan's deep paranoia and fear of being replaced. Due to this, it is often more of a restriction than a boon, and is not recommended if you want to enjoy a simple, easy playthrough.",种姓机制是幕末添加的可选机制，以反映日本江户时代的身份制度。这种身份制度是德川幕府成立时实行的，反映了德川家族深深的偏执和对被取代的恐惧。因此，它通常是一种限制，而不是一种好处，如果您想享受简单、轻松的游戏体验，则不推荐这样做。,keyword
IG1fHpiV,Kuge,公家,short_title
7cuzdfbI,Daimyo,大名,short_title
01dc0ds8,Buke,武家,short_title
DoSReZx1,Hyakusho,百姓,short_title
qun3E3A7,Chonin,町人,short_title
4zs9V9yN,Eta-Hinin,非人,short_title
osiwP5oL,Gaikokujin,外国人,short_title
pX2AJ9oC,Foreign Merchants,外国商人,short_title
1yyVKFnY,Field Artillery,野战炮兵,short_title
FnYVK1yy,"Cannons weren't just used to siege fortresses anymore in the 19th century. Every modern military would field a battery of artillery, and heavy guns were worth their weight in gold in Bakumatsu era Japan. Pieces of field artillery can be purchased from {FOREIGN_MERCHANTS_LINK}, but are very expensive and very heavy, meaning that too many cannons will bankrupt even an endgame player and slow the party's progress to a crawl. To use these pieces in battle, you must have artillerist troops, marked by a cannon icon on their unit. You can only have 1 artillerist for every 10 men in your army, and can deploy a number of pieces equal to half your artillerists. These guns also start in your reserves when you start a siege, and will not be lost even if the deployed versions are destroyed.{newline}{newline}Artillery can be deployed while pressing K during the deployment phase",19 世纪，火炮不再仅仅用于围攻堡垒。每一支现代军队都会配备一组火炮，而在幕末时代的日本，重型火炮的价值相当于黄金。野战火炮可以从 {FOREIGN_MERCHANTS_LINK} 购买，但非常昂贵且非常重，这意味着太多的火炮甚至会导致游戏结束时的玩家破产，并减慢队伍的进度。要在战斗中使用这些部件，您必须拥有炮兵部队，其部队上标有火炮图标。你的军队中每 10 人只能拥有 1 名炮兵，并且可以部署相当于你的炮兵一半的数量。当你开始攻城时，这些火炮也会在你的储备中开始，即使部署的版本被摧毁也不会丢失。{newline}{newline}在部署阶段按K键可以部署火炮,keyword
Zt4XMACT,Special Ammunition,特种弹药,short_title
R3mMjibn,Western Lance Shaft,西部矛轴,short_title
VodYaQio,Western Lance Head,西部兰斯头,short_title
hV7Gcuw8,Western Lance Banner,西部兰斯旗,short_title
2a7zdKCr,Yataghan Blade,亚塔汉之刃,short_title
aWyfg2PR,French Light Cavalry Blade,法国轻骑兵刀,short_title
AoVPomGX,American Light Cavalry Blade,美国轻骑兵刀片,short_title
pcyDR24D,Wilkinson-style Blade,威尔金森式刀片,short_title
VYzQT7Gz,Socket Hilt,套筒刀柄,short_title
ms7EUWqE,Gothic Hilt,哥特式刀柄,short_title
ms7EUqEW,Three Bar Hilt,三连杆刀柄,short_title
ASDEUWqE,Kyu Gunto Hilt,久冈藤刀柄,short_title
NzbJtdPe,Wealthy Goshi,长州军官,short_title
NzbJtdPe,Denshutai Commander,长州军官,keyword
NzbJtdPe,Naginata Karo,长州军官,short_title
NzbJtdPe,French Officer,长州军官,short_title
NzbJtdPe,Nodachi Karo,长州军官,short_title
NzbJtdPe,Akazonae Commander,长州军官,short_title
NzbJtdPe,Joshitai,长州军官,short_title
NzbJtdPe,Imperial Guard Sergeant,长州军官,keyword
NzbJtdPe,Wandering Ronin,长州军官,short_title
NzbJtdPe,Choshu Officer,长州军官,keyword
mMU3H6HZ,Arena,竞技场,short_title
Br3Bq7N7,Hatsumokuroku,初目録,keyword
ees8hQyH,Chūmokuroku-Menkyo,中目録・免许,short_title
oIaXn8qV,Naginata Mokuroku,薙刀目録,short_title
9FmCw4Bg,Daimokuroku-Kaiden,大目録・皆伝,short_title
doB4e6MT,Junikajō Mokuroku,十二カ条目録,short_title
ees8hQyH,Kanajisho Mokuroku,中目録・免许,short_title
YA1D8zxc,Hon Mokuroku,本目録,short_title
9P8luozd,Sho-Mokuroku,初目録,short_title
BhwhuG8o,Go-Mokuroku,後目録,short_title
fZL4F9EU,Chū-Mokuroku,中目録,short_title
ROllQMrj,Okumokuroku-Menkyo,奥目録・免许,short_title
RDzDg0b9,Sōmokuroku-Kaiden,総目録・皆伝,short_title
e0on0sjs,Omote,表,short_title
FKrjal9r,O-marobashi,大丸桥,short_title
fr7iL6Eg,Ko-marobashi,小丸桥,short_title
TmHug8cR,Tengu-sho,天狗庄,short_title
dZXrRixu,Karimokuroku,鸭目録,short_title
wuHKfmPe,Mokuroku,目録,short_title
XmL4GoMr,Gaiden,外伝,short_title
jwYwlJAv,Naiden,内伝,short_title
ju3fPS6n,Kaiden,皆伝,short_title
lgC2LX8Y,Shomokuroku,初目録,short_title
6fu0Pgwn,Jomokuroku,上目録,short_title
UU9uc7Z6,Reikenden Mokuroku,灵剑传目録,short_title
L2ONpX7g,Kyuri-no-Maki Mokuroku,久里之卷目録,short_title
iRLrNt0o,Goku-i Mokuroku,悟空一目録,short_title
lB5IyDWZ,Mokuroku-menkyo,目録免许,short_title
XP2EPFPW,Goyo-mokuroku,五叶目録,short_title
7xL85pP0,Goka-mokuroku,五华目録,short_title
NNblQwuC,Goo-mokuroku,后目録,short_title
kH4e0JyT,Hashiri-gakari Mokuroku,走柱目録,short_title
iUIIPYmN,Naiden-mokuroku,内传目録,short_title
67KIBT0f,Tachi-mokuroku,立目録,short_title
tXhYy27i,Wakizashi-mokuroku,胁差目録,short_title
nyETWLF6,Oden Mokuroku,御田目録,short_title
eVZ5xPMe,Tojutsu Tachiai-mokuroku,柔术立合目録,keyword
8gRaW6II,Tojutsu Iai-mokuroku,柔术居合目録,keyword
cT1kLRlw,Mokuroku-menkyo,目録免许,short_title
zxjf5wHR,Yari-mokuroku,枪目録,short_title
hsuXqhmE,Shuriken-mokuroku,手里剑目録,short_title
4ZFBhFME,Monomi-mokuroku,物见目録,short_title
avMH1C6n,Shudan-sentōhō Mokuroku,集段战报目録,short_title
fJpLo9Gd,Omote no Maki Mokuroku,表之真目録,short_title
k6Gafnr2,Koran no Maki Mokuroku,《古兰经之卷》,short_title
xJg9HTTc,Yumi Mokuroku,目録弓,short_title
vJiwn1t6,Hyōhōmokuroku,兵本六,short_title
XmRQZY3w,Omote-mokuroku,表目録,short_title
Fe7wSDVD,Ura-mokuroku,里目録,short_title
93OCMPWH,Shinshikake Mokuroku-menkyo,新式挂目録免许,short_title
ic0y29yj,Kasagake-mokuroku,笠挂目録,keyword
MLTh55ob,Kyujutsu-mokuroku,九术目録,keyword
8Zb4XSdP,Bajutsu-mokuroku,巴术目録,keyword
Gn3y0ifK,Reiho-mokuroku,灵宝目録,short_title
KG71fYbj,Itto-ryu,一刀流,short_title
xjAEaKXZ,Itto-ryu,一刀流,short_title
E5f6G7h8,Hokushin Itto-ryu,北辰一刀流,short_title
L1m2N3o4,Hokushin Itto-ryu,北辰一刀流,short_title
P9q8R7s6,Shinkage-ryu,新阴流,short_title
T1u2V3w4,Shinkage-ryu,新阴流,short_title
F2g3H4i5,Jigen-ryu,示现流,short_title
J6k7L8m9,Jigen-ryu,示现流,short_title
N5o6P7q8,Hozoin-ryu,宝藏院流,short_title
R1s2T3u4,Hozoin-ryu,宝藏院流,short_title
V9w8X7y6,Tanegashima-ryu,种子岛流,short_title
Z1a2B3c4,Tanegashima-ryu,种子岛流,short_title
D5e6F7g8,Takashima-ryu,高岛流,short_title
H1i2J3k4,Takashima-ryu,高岛流,short_title
L9m8N7o6,Heki-ryu,日置流,short_title
P1q2R3s4,Heki-ryu,日置流,short_title
T5u6V7w8,Shinto Munen-ryu,神道无念流,short_title
X1y2Z3a4,Shinto Munen-ryu,神道无念流,short_title
C2d3E4f5,Ogasawara-ryu,小笠原流,short_title
G6h7I8j9,Ogasawara-ryu,小笠原流,short_title
K5l6M7n8,Hoki-ryu,伯耆流,short_title
O1p2Q3r4,Hoki-ryu,伯耆流,short_title
S2t3U4v5,Shingyoto-ryu,心形刀流,short_title
W6x7Y8z9,Shingyoto-ryu,心形刀流,short_title
A6b7C8d9,Oshima-ryu,大岛流,short_title
E1f2G3h4,Oshima-ryu,大岛流,short_title
I5j6K7l8,Tamiya-ryu,田宫流,short_title
M1n2O3p4,Tamiya-ryu,田宫流,short_title
Q2r3S4t5,Moriuchi-ryu,森内流,keyword
U6v7W8x9,Moriuchi-ryu,森内流,keyword
Y5z6A7b8,Owari Kan-ryu,尾张贯流,keyword
C1d2E3f4,Owari Kan-ryu,尾张贯流,keyword
G2h3I4j5,Shinshin-ryu,神心流,short_title
K6l7M8n9,Shinshin-ryu,神心流,short_title
O5p6Q7r8,Tatsumi-ryu,辰巳流,keyword
S1t2U3v4,Tatsumi-ryu,辰巳流,keyword
W2x3Y4z5,Tennen Rishin-ryu,天然理心流,short_title
A6b7C8d9,Tennen Rishin-ryu,大岛流,short_title
E2f3G4h5,Nanbu-ryu,南部流,keyword
I6j7K8l9,Nanbu-ryu,南部流,keyword
M2n3O4p5,Kyoshin Meiichi-ryu,镜新明智流,keyword
Q6r7S8t9,Kyoshin Meiichi-ryu,镜新明智流,keyword
dn94xLIW,Jigen-ryu,示现流,short_title
HWVx2RQH,Taisha-ryu,大社流,short_title
FYDuP4qf,Hozoin-ryu,宝藏院流,short_title
Kpolqjpi,Takashima-ryu,高岛流,short_title
e9up78iw,Takashima Shuhan,高岛修翰,short_title
aRG5NBuh,Ogasawara-ryu,小笠原流,short_title
YAEjsSpk,Yagyu Shinkage-ryu,柳生新阴流,short_title
zUk95oK7,Shingyoto-ryu,心形刀流,short_title
GNxujC5z,Shingyoto-ryu,心形刀流,short_title
dy7etYVM,Oshima-ryu,大岛流,short_title
xA0WdHYT,Choshu-den,长州传,keyword
b4t9t4Tu,Hoki-ryu,伯耆流,short_title
HtHpm6rr,Shinto Munen-ryu,神道无念流,short_title
C2c7YI66,Jikishinkage-ryu,直心影流,short_title
cV55WleZ,Fujioka-ryu,藤冈流,short_title
Mn6pLhBU,Nakanishi-ha,中西派,short_title
VQVEpj4H,Kawada-ha,川田派,short_title
9l9o7D6I,Jikishinkage-ryu,直心影流,short_title
Js3OQ9k6,Mugai-ryu,无外流,short_title
hZsd2hMw,Mugai-ryu,无外流,short_title
AV7mzihi,Shinto Munen-ryu,神道无念流,short_title
u7p7dq3N,Heki-ryu,日置流,short_title
yY3JpPW2,Kofu-den,甲府传,short_title
16PE9DkR,Shinkage-ryu,新阴流,short_title
e0nMZ5CL,Inatomi-ryu,稻取流,short_title
l8vKVgGg,Kishu Tamiya Ryu,纪州田宫流,keyword
xbod2ThM,Tsumaki Ataka Motonari,妻木安贵元就,keyword
VzjMcLl8,Ono-ha,小野派,short_title
8mNOZIZp,Itto-Ryu,一刀流,short_title
FAQ6NbvP,Wakayama-ryu,和歌山流,short_title
BSEXS69U,Shinkage-ryu,新阴流,short_title
uXDtR3ft,Moriuchi-ryu,森内流,keyword
KYOoP3uN,Yagyu Shinkage-ryu,柳生新阴流,short_title
itQ7pFYL,Owari Kan-ryu,尾张贯流,keyword
ZRMWzgVh,Chikurin-ha,竹林派,short_title
G34Dov6O,Mugai-ryu,无外流,short_title
TE3jtjR4,Shinto Munen-ryu,神道无念流,short_title
8MKqmT5c,Shinto Munen-ryu,神道无念流,short_title
Wwp4MRWh,Hokushin Itto-ryu,北辰一刀流,short_title
he1f7X6N,Shinto Munen-ryu,神道无念流,short_title
K4lN6AVO,Hokushin Itto-ryu,北辰一刀流,short_title
CmjCURLr,Jigo Tenshin-ryu,地吾天神流,short_title
kfzGKJ3C,Yashima-ha,屋岛派,short_title
jCPQ6j2z,Shinkage-ryu,新阴流,short_title
Y0DGjRFS,Heki-ryu,日置流,short_title
O9liCb1M,Yagyu Shinkage-ryu,柳生新阴流,short_title
Jj1toL1Y,Shinto Munen-ryu,神道无念流,short_title
h1I7PEur,Jikishinkage-ryu,直心影流,short_title
z5m7bXmK,Heki-ryu,日置流,short_title
fOnKALpl,Mugai-ryu,无外流,short_title
L7LRVFPB,Jikishinkage-ryu,直心影流,short_title
i9kiFKJ2,Tsushin-ryu,通信流,keyword
v4LvjYZX,Sekiguchi Shin Shin-ryu,关口新心流,short_title
IfZDvkbY,Rishin-ryu,理心流,short_title
c3qcXyBO,Tatsumi-ryu,辰巳流,keyword
OfgUFL4H,Shin'in Itto-ryu,心院一刀流,short_title
HV1MNEAJ,Kodokan,弘道馆,short_title
yytMdnlK,Kozawa Torakichi,小泽虎吉,short_title
ZycbgH4K,Takada-ha,高田派,short_title
pxWL5EoM,Yagyu Shinkage-ryu,柳生新阴流,short_title
n7NKzOGo,Shinshin-ryu,神心流,short_title
Y0g3OtyR,Mugai-ryu,无外流,short_title
FjWtFjkl,Mizoguchi-ha,沟口派,short_title
F47pnUmJ,Kawada-ha,川田派,short_title
ftmr7rHR,Itto-ryu,一刀流,short_title
cqWsQsQW,Ono-ha,小野派,short_title
BAacPI2x,Yagyu Shinkage-ryu,柳生新阴流,short_title
WeaDmapf,Nanbu-ryu,南部流,keyword
PaOSYLs2,Tenshin Itto-ryu,天心一刀流,short_title
AX5JahyV,Genbukan,玄武馆,short_title
kyyUdUWj,Chiba Michisaburō,千叶道三郎,short_title
fJruoS8b,Renpeikan,练兵馆,short_title
pPhUxKwN,Saito Yakuro,斋藤八郎,short_title
pA57gbh0,Shigakukan,志学馆,short_title
2YwFm87K,Momoi Junzō,桃井纯三,short_title
300v5mE3,Odani Dojo,小谷道场,short_title
Fgw9DOs0,Otani Nobutomo,大谷信友,short_title
NgHLM8I4,Shieikan,试卫馆,short_title
lmEWdeLY,Sato Hikogoro,佐藤彦五郎,short_title
NgHLM841,Renbukan,练武馆,short_title
zkOmz2oV,Kingdom has the {CONTRADICTORY_POLICY} policy,Kingdom 有 {CONTRADICTORY_POLICY} 政策,short_title
BaPTImFi,Import Firearms,进口枪支,short_title
BaPDImFi,"Given how outdated our current firearms are, it is better to import modern ones from across the sea to arm our troops, whatever the cost to our own domestic industry.",鉴于我们目前的枪支已经过时，最好从大洋彼岸进口现代枪支来武装我们的军队，无论我们国内工业付出什么代价。,keyword
BaPTWeDr,Western Drill,西式操典,short_title
BaPTStUn,Standard Uniforms,标准制服,short_title
BaPTImCo,Implement Conscription,实施征兵制,short_title
BaPTInEc,Industrialize the Economy,经济工业化,short_title
BaPLInEc,Town prosperity is increased by 5{newline}Village hearth is increased by 3{newline}Workshop production is increased by 10%{newline}Clans lose 2 influence per day,城镇繁荣度增加5{newline}村落繁荣度增加3{newline}车间产量增加10%{newline}部落每天损失2点影响力,keyword
BaPTDiSa,Dissolve the Samurai,解散武士,short_title
BaPDDiSa,"Abolish the privileges of the samurai class, stripping them of stipends and exclusive rights. Their former domains are reorganized under new laws and modern administration.",废除武士阶级的特权，剥夺他们的津贴和专有权。他们以前的藩根据新的法律和现代管理进行了重组。,keyword
BaPLDiSa,Clans lose 2 influence per day{newline}Town prosperity and village hearth is increased by 2{newline}Town security is increased by 1{newline}Social caste no longer has any effect in settlements owned by this kingdom,部落每天失去 2 点影响力{newline}城镇繁荣和村落繁荣度增加 2{newline}城镇安全增加 1{newline}社会阶层不再对该藩国拥有的定居点产生任何影响,keyword
BaPTBrMi,British Military Mission,英国军事代表团,short_title
BaPEBrMi,British military mission,英国军事使命,short_title
BaPTFrMi,French Military Mission,法国军事代表团,short_title
BaPEFrMi,French military mission,法国军事使命,short_title
BaPTExWe,Expel the Barbarians,驱逐蛮夷,short_title
BaPLExWe,Settlement security and loyalty is increased by 1{newline}Town prosperity is decreased by 2{newline}Clans gain 3 influence per day,定居点安全性和忠诚度提高 1{newline}城镇繁荣度降低 2{newline}部落每天获得 3 影响力,keyword
BaPTSako,Sakoku,锁国,short_title
BaPLSako,Settlement security and loyalty is increased by 2{newline}Town prosperity is decreased by 3{newline}Clans gain 3 influence per day{newline}Traditional troop recruitment rate increases by 50%,定居点安全性和忠诚度增加2{newline}城镇繁荣度减少3{newline}部落每天获得3点影响力{newline}传统部队征募率增加50%,keyword
BaPTRanp,Ranpo,兰方,short_title
BaPDRanp,"Embrace Western medical science, known as Ranpo, derived from Dutch texts and modern anatomy. Hospitals and domain physicians begin applying these foreign techniques to improve public health and treat battlefield wounds.",引入西方医学，即所谓“兰学”，源自荷兰文献和现代解剖学。医院和战地医生开始应用这些外国技术来改善公共卫生和治疗战场伤口。,keyword
BaPTCurr,New Currency Act,新货币法,short_title
BaPTZaib,Zaibatsu,财阀,keyword
BaPEZaib,zaibatsu,财阀,keyword
BaPTPuEd,Gakusei,学制,short_title
BaPLPuEd,Settlement loyalty is increased by 0.5{newline}Clans lose 0.5 influence per day{newline}Settlement prosperity is increased by 1,聚落忠诚度增加0.5{newline}部落每天失去0.5影响力{newline}聚落繁荣度增加1,keyword
BaPTNaSp,National Spirit,民族精神,short_title
BaPTSwSc,Sword Schools,剑术流派,short_title
BaPDSwSc,Reform and fund kenjutsu dojos to train young samurai in traditional swordsmanship. These schools preserve martial heritage while preparing warriors for the shifting nature of modern warfare.,改革并资助剑术道场，以培训年轻武士传统剑术。这些流派保留军事遗产，同时为战士们做好应对现代战争不断变化的性质的准备。,keyword
BaPLSwSc,Traditional troop recruitment rate increases by 10%,传统部队征募率提升10%,short_title
BaPTTrWa,Traditional Wars,传统战争,short_title
BaPLTrWa,Traditional troop recruitment rate increases by 30%,传统部队征募率提升30%,short_title
BaPTOfAc,Officer Academies,军官学院,short_title
BaPLOfAc,Modern troop recruitment rate increases by 10%,近代部队招募率提高10%,short_title
BaPTRail,Establish Railroad Network,建立铁路网,short_title
BaPDRail,TODO,建设铁路网,keyword
BaPLRail,TODO,铁路效果,keyword
BaPTImAl,Revere the Emperor,尊王,keyword
BaPDImAl,"Elevate the Emperor as a living symbol of divine unity. Troops fight not for domain or province, but for the restoration of Imperial rule.",将皇帝提升为神圣统一的活生生的象征。军队不是为了领土或省份而战，而是为了恢复帝国统治。,keyword
BaPEImAl,serving the emperor,效忠天皇,keyword
BaPLImAl,Allows recruitment of Imperial Army soldiers,允许招募官军士兵,keyword
BaPTShAl,Serve the Shogun,侍奉将军,keyword
BaPDShAl,"Reaffirm loyalty to the Tokugawa Shogunate. Troops and administrators act in service to the established bakufu, preserving order and tradition.",重申对德川幕府的忠诚。军队和行政人员为既定的幕府服务，维护秩序和传统。,keyword
BaPEShAl,serving the shogun,为幕府将军服务,keyword
BaPLShAl,Allows recruitment of Shogunate soldiers,允许招募幕府士兵,keyword
Bwlu7YVv,Kenjutsu,剑术,keyword
5wsW9s9w,Battojutsu,拔刀术,keyword
xMXxXOWn,Sojutsu,枪术,keyword
18ybQYwG,Bojutsu,棒术,keyword
hrGOqdkO,Naginatajutsu,薙刀术,keyword
0XyBvbgJ,Jojutsu,杖术,keyword
9A8GAr1u,Kyujutsu,弓术,keyword
YYxcIhgg,Hojutsu,炮术,keyword
PTIkb3DN,Kasagake,笠挂,keyword
JtuBJ7vT,Bajutsu,巴术,keyword
5fbPC9f9,{CURRENT_RYUHA} Shihan,{CURRENT_RYUHA} 师范,short_title
PNdRrX3M,Dojo Shihan,道场师范,short_title
25jfMWVQ,None,没有任何,short_title
xzOSwEgp,Keppan,血判,short_title
B9L5IgZ0,Mokuroku,目録,short_title
dBf2v3x1,Menkyo,免许,short_title
c5bTIlzQ,Menkyo Kaiden,免许皆伝,short_title
xbQk5sCF,Soke,宗家,short_title
vNlEozjp,{SCHOOL_NAME} has gained {AMOUNT} renown,{SCHOOL_NAME} 获得了 {AMOUNT} 声誉,short_title
AHy8Jymb,{SCHOOL_NAME_2} has lost {AMOUNT} renown,{SCHOOL_NAME_2} 失去了 {AMOUNT} 声誉,short_title
BaTratLT,Loyalty,忠诚,short_title
BaTrtLoA,Sabaku-ha,佐幕派,short_title
BaTrtLoB,Hōkoku,报国,short_title
BaTrtLoC,Sonnō,尊王,short_title
BaTrtLoD,Kinnō-Tobaku,锦野东博,short_title
BaTratRT,Reformer,改革派,short_title
BaTrtReA,Kōbudō,古武多,short_title
BaTrtReB,Kōshū,甲州,short_title
BaTrtReC,Kairyō,改良,short_title
BaTrtReD,Kyōhei,强兵,short_title
BaTratCT,Foreign Influence,外国影响,short_title
BaTrtFIA,Sakoku,锁国,short_title
BaTrtFIB,Jōi,攘夷,short_title
BaTrtFIC,Fukoku,富国,short_title
BaTrtFID,Bunmei-kaika,文明开化,short_title
NaMPa4ML,Loyalty,忠诚,short_title
hR6Zo6pD,Reformer,改革派,short_title
HMFb1gaq,Foreign Influence,外国影响,short_title
aWns3XLH,Artillery,炮兵,short_title
Bu3WNzRR,Region,地区,short_title
Bu3WNzr5,Kansai,关西,short_title
a0iCUC9O,Tōhoku,东北,short_title
VBYqEwdI,Shikoku,四国,short_title
NsGC9toI,Kyūshū,九州,short_title
Q1EKFvj8,Chūgoku,中国,short_title
NUjXCfvp,Kantō,关东,short_title
jqNGNZAe,Tōkai,东海,short_title
FKP2xyMw,Tōsan,东山,short_title
Xg8SifD3,Hokuriku,北陆,short_title
Ar3WNzr5,Ezo,虾夷,short_title
vB9pXLex,The Court of the Emperor,朝廷,keyword
Oh0CFqmN,The Old North,老北区,short_title
mM79y0Qn,The Broker of Power,权力掮客,short_title
wW2JWSdn,The Forge of Reform,改革的熔炉,short_title
o4N0AKUh,The Hotbed of Revolt,反抗的温床,short_title
BmwNr0qQ,The Seat of the Shogun,幕府将军的座位,keyword
1m6uURng,The Great Road,伟大之路,short_title
IKWrry8v,The Spine of the Shogunate,幕府中坚,keyword
4YaXI0sl,The Loyal Coast,忠诚海岸,short_title
4aYXI0sl,The Farflung Colony,遥远的殖民地,short_title
F8ARrN5C,REGION DESC,地区描述,short_title
8FARrN5C,"Kansai is the centermost region of Japan, and the origin of most strife in the Bakumatsu. Here sonno-joi radicals and shogunate loyalists clash in the streets of Kyoto and in the court of the Emperor. From here arose Tokugawa Iemochi, the current Shogun, and Ii Naosuke, the Tairo who dominated the Bakufu throughout the period until his assassination in 1860. The domains of Kansai were once some of the strongest for the Shogun, but many are being pushed away by their political rivals, forcing them into joining the Imperial cause.",关西是日本的最中心地区，也是幕末冲突最多的发源地。在这里，尊王攘夷的激进分子和幕府的忠诚者在京都的街道和天皇的宫廷中发生冲突。从这里诞生了现任幕府将军德川家茂，以及在整个幕府时期一直统治幕府直至 1860 年被暗杀的井伊直弼。关西地区曾经是幕府将军最强大的藩之一，但许多藩都被政治对手排挤，迫使他们加入帝国事业。,keyword
37mpLUZE,"Tōhoku, the northernmost region of Honshū, was the home of the last holdouts of the Shogunate cause in the Boshin war. The domains here are some of the oldest and most entrenched in Japan, with clans such as the Date of Sendai, the Nanbu of Morioka, and the Tsugaru of Hirosaki having ruled in the same region for centuries. Tōhoku, due to its isolation, is also fairly conservative. Few domains have truly begun reforming, leaving them far behind the rapidly modernizing domains of the southwest.",东北是本州最北端的地区，是戊辰战争中幕府最后坚持者的所在地。这里的藩是日本最古老、最根深蒂固的藩，仙台伊达氏、盛冈南部氏和弘前津轻氏等氏族已经在同一地区统治了几个世纪。东北地区由于地处偏僻，也相当保守。真正开始改革的藩很少，远远落后于西南地区快速现代化的藩。,keyword
Vybsd8CE,"Shikoku maintains a more cautious stance than the rest of Japan. With very few large domains, the island is almost entirely dominated by the Yamauchi of Tosa and the Hachisuka of Tokushima, as well as the Date of Uwajima, a cousin of the larger main house in Sendai. Even so, these few domains are tiny compared to some of the mighty domains in the rest of Japan. The samurai of Shikoku have flocked to the sonno-joi cause en masse, much to the dismay of the more pro-Shogunate daimyo of their domains, and internal conflicts have begun to tear them apart.",四国比日本其他地区保持更为谨慎的立场。该岛几乎没有大型藩，几乎完全由土佐的山内和德岛的蜂须贺以及宇和岛的伊达统治，后者是仙台较大主屋的表亲。即便如此，与日本其他地区的一些强大藩相比，这几个藩仍然很小。四国的武士纷纷涌入尊王攘夷，这让他们藩中更亲幕府的大名感到沮丧，而内部冲突已经开始使他们分裂。,keyword
nIcaL3N3,"Kyūshū is the core of Japan's reform in the Bakumatsu. Due to its isolation at the southwest of Japan, the island remained largely untouched by the Tokugawa when they founded the Bakufu, leaving the island largely under the control of powerful tozama daimyo, like the Shimazu of Satsuma, the Nabeshima of Saga, and the Hosokawa of Kumamoto. As the Shogun's authority continues to wane, the daimyo of Kyūshū have seen their chance, rapidly rearming with modern weapons in the hopes of becoming the dominant power in this new era.",九州是幕末日本改革的核心。由于地处日本西南部，该岛与世隔绝，在德川幕府创建时基本上没有受到德川氏的影响，该岛基本上处于强大的外样大名的控制之下，如萨摩的岛津、佐贺的锅岛和熊本的细川。随着幕府将军的权威不断衰落，九州的大名们看到了机会，迅速用现代武器重新武装，希望成为这个新时代的主导力量。,keyword
Tv1hioxg,"Chūgoku, stretching across western Honshū, has become one of the most unstable regions of Japan in the Bakumatsu. Once a stronghold of loyalist domains guarding the western approaches to the capital, the region is now defined by upheaval and rebellion, chiefly in Chōshū, whose radical samurai and reformist leadership openly defy the Bakufu, clashing repeatedly with shogunate forces and other loyal domains. Neighboring territories such as Hiroshima and Okayama have been drawn into the turmoil, and Chūgoku is becoming the spark that will light the fire of war.",中国地区横跨本州西部，已成为日本幕末时期最不稳定的地区之一。该地区曾经是守卫通往首都的西方通道的忠诚藩的据点，但现在却充满了动乱和叛乱，主要是在长州，激进的武士和改革派领导层公开反抗幕府，与幕府军队和其他忠诚藩多次发生冲突。广岛和冈山等邻近地区已被卷入动乱，而中国正在成为点燃战争之火的火花。,keyword
3i4huJOq,"Kantō is the heart of the Shogunate. Within it is Edo, the capital of the Bakufu, and in which all daimyo were required to live in off years until 1862. Despite that, the region is not as stable as the Shogun wishes it to be. The samurai of Mito, ruled by one of the chief branches of the Tokugawa, are fierce advocates of expelling the foreign barbarians, a stance that the Shogunate is unable to take, leading to constant agitation and the ongoing Mito rebellion. Even so, the region remains loyal to the Tokugawa, with even the Mito samurai wishing to reform, rather than overthrow the Shogunate.",关东是幕府的中心。其中包括幕府的首都江户，直到 1862 年，所有大名都必须在晚年居住。尽管如此，该地区并不像将军希望的那样稳定。德川幕府的主要分支之一统治的水户武士强烈主张驱逐外国野蛮人，但幕府无法采取这一立场，导致不断的骚动和持续不断的水户叛乱。即便如此，该地区仍然忠于德川，甚至水户武士也希望改革，而不是推翻幕府。,keyword
lrQiE8yv,"Tōkai, stretching along the southern coast, is the home of the Tōkaidō, the most important of the Five Routes that link Edo to the rest of central Honshū. The Tōkaidō specifically links Edo and Kyoto, and is vital for maintaining the Shogun's control of the Imperial Court. Tōkai is almost entirely Tenryō land, alongside a handful of smaller Fudai domains, with the sole large domain being the Tokugawa branch in Owari. These domains largely remain loyal to the Shogun, but will be some of the first to roll over against the Imperial forces when they marched to Edo.",东海沿着南部海岸延伸，是东海道的所在地，东海道是连接江户和本州中部其他地区的五道中最重要的一条。东海道专门连接江户和京都，对于维持幕府将军对皇室的控制至关重要。东海几乎完全是天领藩，还有一些较小的谱代藩，唯一的大藩是尾张的德川分支。这些藩在很大程度上仍然忠于幕府将军，但当帝国军队进军江户时，它们将是最先反抗的藩。,keyword
rNXMKhtE,"Tōsan, the mountainous heart of central Japan, is highly conservative. Made up almost entirely of Tenryō land and a handful of Fudai daimyo, Tōsan has no great lords of their own, leading to their growing irrelavance in this period, as the powerful daimyo in the fringes of Japan increasingly dominate politics. Even so, Tōsan is vital to the Shogunate's continued dominance, providing a great deal of their manpower and influence.",东山是日本中部的山区中心，非常保守。东山几乎完全由天领藩和少数普代大名组成，没有自己的大领主，导致他们在这一时期变得越来越不重要，因为日本边缘的强大大名越来越主宰政治。即便如此，东山对于幕府的持续统治至关重要，为幕府提供了大量的人力和影响力。,keyword
zMOC9gh6,"Hokuriku, along the northern coast of Honshū, is one of the most prosperous regions of Japan. Home to some of the wealthiest domains in Japan, especially the Maeda of Kaga, the single wealthiest domain in all of Japan, Hokuriku produces a great deal of the rice used to feed central Honshū. Hokuriku is almost entirely loyal to the Shogunate, with most domains either staying loyal throughout the future Boshin War or refusing to take side. However, their reluctance to reform has placed the domains of Hokuriku in the backseat, becoming less relevant than the poorer but more fiery domains in the southwest and north.",北陆位于本州北部海岸，是日本最繁荣的地区之一。北陆是日本一些最富有的藩的所在地，尤其是加贺前田，它是全日本最富有的藩，北陆出产大量用于喂养本州中部的大米。北陆几乎完全忠于幕府，大多数藩要么在未来的戊辰战争中保持忠诚，要么拒绝站在一边。然而，他们不愿改革，使得北陆地区处于次要地位，与西南和北部较贫穷但更火热的地区相比，其重要性较低。,keyword
zMOC9gh6,"Ezo (modern Hokkaidō), home to the Ainu, remained a remote frontier. In the late Bakumatsu, the Matsumae Domain managed small garrisons and fortified trading posts to assert shogunate influence, while Ainu communities maintained autonomous governance. The region was a delicate frontier where indigenous autonomy, limited shogunate oversight, and foreign concerns, particularly Russian encroachment, intersected.",北陆位于本州北部海岸，是日本最繁荣的地区之一。北陆是日本一些最富有的藩的所在地，尤其是加贺前田，它是全日本最富有的藩，北陆出产大量用于喂养本州中部的大米。北陆几乎完全忠于幕府，大多数藩要么在未来的戊辰战争中保持忠诚，要么拒绝站在一边。然而，他们不愿改革，使得北陆地区处于次要地位，与西南和北部较贫穷但更火热的地区相比，其重要性较低。,keyword
lSytNxZV,Loyal samurai culture effect,忠诚的武士文化效应,short_title
LhrnDIgt,Same culture security effect,同文化安全效应,short_title
zye2jYMQ,the Tozama,户泽马,short_title
u7PBQjoy,Tozama,户座间,short_title
Ol9J0wU3,"The Tozama are 'outside' lords who, although they submit to the Tokugawa after the decisive battles that establish shogunal supremacy, maintain control over large, semi-autonomous domains and wield considerable local power, wealth, and military strength, yet their political influence within the inner councils of the shogunate remains limited, forcing them to act cautiously and independently in matters of national importance. Their position allows them to preserve strong local authority and maintain sizable, loyal armies, making them capable of both defending their interests and exerting pressure when opportunities arise, but always under the shadow of Tokugawa oversight and exclusion from key decision-making.",户泽间氏是“外部”领主，尽管他们在确立幕府至高无上的决定性战役后臣服于德川，保持对大片半自治藩的控制，并掌握相当大的地方权力、财富和军事力量，但他们在幕府内部议会中的政治影响力仍然有限，迫使他们在国家重大事务上谨慎而独立地行事。他们的地位使他们能够保留强大的地方权威并维持规模庞大、忠诚的军队，使他们能够捍卫自己的利益并在机会出现时施加压力，但始终处于德川幕府的监督和排除在关键决策之外的阴影之下。,keyword
o7hk291y,the Fudai,谱代,short_title
VKXYcAgo,Fudai,谱代,short_title
kraPcdwy,"The Fudai are hereditary vassals of the Tokugawa who enjoy long-standing trust and occupy critical administrative and military roles within the shogunate, overseeing strategically located domains that, while often smaller in size, provide essential political and military leverage to maintain the Tokugawa order; their loyalty is relied upon to enforce shogunal policies and manage affairs across the country, giving them consistent access to influence and power, yet they remain tightly constrained by the carefully maintained balance of authority that the shogunate imposes to prevent any one ally from becoming too dominant.",普代是德川幕府的世袭封臣，享有长期信任，并在幕府内担任重要的行政和军事角色，负责监管具有战略意义的藩，这些藩虽然规模通常较小，但却为维持德川秩序提供了重要的政治和军事影响力；他们的忠诚是执行幕府政策和管理全国事务的依靠，使他们能够持续获得影响力和权力，但他们仍然受到幕府精心维持的权力平衡的严格限制，而幕府是为了防止任何一个盟友变得过于主导而强加的。,keyword
TonPcdwy,"Tosa dominates southern Shikoku, a land of steep mountains and sheltered valleys that have allowed the Yamauchi clan to cultivate a tradition of independence. The domain produces politically active samurai and reformist thinkers, who travel to Kyoto and Edo to debate modernization and imperial loyalty. Rivers carry lumber and silk to coastal ports, linking the inland valleys to trade networks. When disputes flare between coastal and inland powers, Tosa's samurai are quick to act, using both diplomacy and force to advance the clan's interests.",土佐主宰着四国南部，这里山峦陡峭，山谷幽静，山内氏族因此养成了独立的传统。该藩产生了政治上活跃的武士和改良主义思想家，他们前往京都和江户讨论现代化和帝国忠诚度。河流将木材和丝绸运送到沿海港口，将内陆山谷与贸易网络连接起来。当沿海和内陆列强之间爆发争端时，土佐武士会迅速采取行动，利用外交和武力来推进氏族的利益。,keyword
DEmMv6H8,Tosa,土佐,keyword
tRwThwR8,Daimyo,大名,short_title
KznUzEjM,the Morioka,盛冈,keyword
3Wf8Wium,Morioka,盛冈,keyword
kc0qT7Mo,"Spread across river valleys and rugged hills, Morioka has been the seat of the Nanbu clan for centuries. The domain's winters are harsh, but its villages and fortified towns reflect careful planning and resilience. Morioka's samurai maintain long-standing martial traditions, while the local economy depends on a mix of agriculture and horse breeding. Centuries of governance have forged a community where survival and endurance shape both politics and everyday life.",盛冈遍布河谷和崎岖的山丘，几个世纪以来一直是南部氏族的所在地。该藩的冬天很严酷，但它的村庄和设防城镇反映了精心的规划和恢复力。盛冈的武士保持着悠久的军事传统，而当地经济则依赖于农业和马匹养殖的结合。几个世纪的治理已经形成了一个社区，生存和耐力塑造了政治和日常生活。,keyword
3Wf8WiuC,Morioka,盛冈,keyword
u7lr2CeS,Magokichi,孙吉,short_title
19Iasms7,Ashi,足,short_title
KzNUzEjM,the Hirosaki,弘前号,keyword
3Wf8WIUm,Hirosaki,弘前,keyword
HurqT7Hi,"Hirosaki, perched near the northern tip of Honshu, is defined as much by its rivalry with Morioka as by its own lands. The Tsugaru clan governs fertile plains crossed by rivers, supporting villages and castle towns that thrive despite the harsh climate. Its samurai are fewer than Morioka's but disciplined, and the domain often shifts alliances to avoid being dominated by neighbors. Festivals, shrines, and the rhythms of local life give Hirosaki a cultural identity distinct from its northern rivals.",弘前市位于本州北端附近，其与盛冈的竞争和其自己的土地一样重要。津轻氏统治着河流穿过的肥沃平原，支持着尽管气候恶劣但仍蓬勃发展的村庄和城下町。它的武士数量比盛冈的武士少，但纪律严明，而且该藩经常改变联盟以避免被邻国统治。节日、神社和当地生活节奏赋予弘前不同于北方竞争对手的文化特征。,keyword
KznUzEjA,the Akita,秋田犬,keyword
3Wf8WiAm,Akita,秋田,keyword
kc0qT7Ak,"Kubota stretches across the northern plains toward the Sea of Japan, where the Satake clan balances tradition with pragmatism. Its winters are bitter, but the land yields rice and supports horse breeding, sustaining both townspeople and samurai. The domain is famous for retaining the old ways: its warriors are said to be the last in Japan to fight fully armored. Though deeply conservative, Kubota leans toward the imperial cause, guided by practical concerns rather than ideology, blending old martial habits with careful political calculation.",久保田横跨北部平原直至日本海，佐竹氏族在这里平衡传统与实用主义。这里的冬天很寒冷，但土地出产水稻并支持马匹繁殖，养活了城镇居民和武士。该藩以保留古老的方式而闻名：据说，这里的武士是日本最后一批全副武装的战士。尽管久保田非常保守，但他更倾向于帝国事业，以实际考虑而不是意识形态为指导，将古老的军事习惯与谨慎的政治算计融为一体。,keyword
KShUzEjM,the Shonai,庄内,keyword
3Wf8WShm,Shonai,庄内,keyword
kc0qT7Sh,"Shonai occupies a long strip along the Sea of Japan, where fertile farmland and maritime trade enrich the Sakai clan. Unlike many northern neighbors, Shonai adapts quickly, modernizing weapons and training without abandoning its traditions. Its castle towns hum with commerce, and local craftsmanship flourishes alongside the growing military reforms. The domain's leaders remain deeply loyal to the shogunate, yet their readiness and organization make Shonai one of the most capable forces in the north.",庄内占据了日本海沿岸的狭长地带，肥沃的农田和海上贸易使酒井氏族富裕起来。与许多北方邻国不同，庄内能够迅速适应，在不放弃传统的情况下实现武器和训练的现代化。其城下城镇商业繁荣，当地手工艺随着军事改革的不断推进而蓬勃发展。该藩的领导人仍然对幕府深表忠诚，但他们的准备和组织使庄内成为北方最有能力的军队之一。,keyword
ShgIA2t0,Shonai,庄内,keyword
KznUzSjM,the Sendai,仙台,keyword
3Wf8WSen,Sendai,仙台,keyword
SendT7ks,"Sprawling across southern Tōhoku, Sendai has been shaped over generations by the Date clan. Rivers, plains, and rolling hills support large towns and productive farms, while fortified castles reflect the clan's long martial history. Sendai's culture values practical governance and education, and samurai numbers are substantial. Politically, the domain remains loyal to the shogunate, but the leadership watches events in the southwest closely, balancing caution with preparation for change.",仙台横跨东北南部，由伊达氏族几代人塑造而成。河流、平原和连绵起伏的丘陵支撑着大型城镇和多产的农场，而坚固的城堡则反映了该氏族悠久的军事历史。仙台的文化重视务实的治理和教育，武士人数众多。在政治上，该地区仍然忠于幕府，但领导层密切关注西南部的事态发展，在谨慎与为变革做好准备之间取得平衡。,keyword
SegIA2t0,Sendai,仙台,keyword
KznUYojM,the Yonezawa,米泽,keyword
3Wf8WYon,Yonezawa,米泽,keyword
kc0qT7Yo,"Yonezawa is a smaller, mountainous domain under the Uesugi clan, with a history of careful stewardship after past losses. Its towns cling to hillsides and valleys, sustaining a tight-knit community of farmers and samurai. Local culture emphasizes tradition, efficiency, and scholarly pursuits, and the samurai are respected as much for their administrative skill as for martial ability. Politically, Yonezawa treads carefully, maintaining loyalty while watching the ambitions of larger neighbors.",米泽是上杉氏族统治下的一个较小的山区藩，在过去的损失之后有着精心管理的历史。它的城镇紧邻山坡和山谷，维持着由农民和武士组成的紧密社区。当地文化强调传统、效率和学术追求，武士的行政技能和军事能力同样受到尊重。在政治上，米泽行事谨慎，在保持忠诚的同时关注更大邻国的野心。,keyword
29h82Jh6,the Aizu,会津,keyword
MigIA2T0,Aizu,会津,keyword
kc0qT7Ai,"Nestled in the mountains of southern Tōhoku, Aizu has long been a fortress of the Tokugawa. Its river valleys support fertile rice fields, while dense forests provide timber and fuel for the region's castles and towns. Generations of Matsudaira rulers shaped the domain into a stronghold of martial tradition, where warriors trained from youth and the people prized honor and duty. Temples, local crafts, and educational institutions thrive alongside military life, giving Aizu a culture both disciplined and deeply rooted in centuries of history.",会津坐落在东北南部的山区，自古以来就是德川家族的要塞。河谷孕育着肥沃的稻田，茂密的森林为该地区的城堡和城镇提供木材和燃料。一代又一代的松平统治者将这个藩打造成军事传统的据点，武士们从小就开始训练，人民也珍视荣誉和责任。寺庙、当地工艺品和教育机构与军事生活一起蓬勃发展，赋予会津一种纪律严明、根深蒂固的文化。,keyword
MigAi2T0,Aizu,会津,keyword
k7visbOX,the Ozu,小津,short_title
OJR7iyKD,Ozu,小津,short_title
Ozu7C2Ky,"Ozu sits on the western coast of Shikoku, where rocky shores and sheltered bays shape both life and defense. The Katō clan governs a domain where fishing, salt production, and local trade sustain towns and samurai alike. Its castle overlooks the sea, a reminder of past conflicts and the domain's reliance on maritime knowledge. Ozu values prudence and order, blending coastal commerce with disciplined administration to maintain stability in a small but tightly organized domain.",大洲坐落在四国西海岸，岩石海岸和避风海湾塑造了这里的生活和防御。加藤氏族统治着一个以渔业、制盐和当地贸易为生的藩，城镇和武士都以渔业、盐业生产和当地贸易为生。它的城堡俯瞰着大海，提醒人们过去的冲突和该藩对航海知识的依赖。小津重视谨慎和秩序，将沿海商业与纪律严明的行政管理相结合，以维持一个小而组织严密的藩的稳定。,keyword
aVpIoaPz,Taro,太郎,short_title
tFdd1GPj,Mitu,美津,short_title
M7visbnX,the Matsuyama,松山号,keyword
MJR7iyKD,Matsuyama,松山,keyword
Da97CIwo,"Iwo-Matsuyama, ruled by the Matsudaira clan, occupies a coastal and mountainous region of Shikoku, where fertile river valleys meet rocky hills. Its towns are modest but well-organized, with local markets supporting both farmers and samurai households. The domain has a long history of managing these challenging lands, emphasizing careful administration and fortification rather than sheer military strength. While its samurai maintain traditional martial training, the domain also leans on commerce, fishing, and regional trade to sustain its people.",由松平氏族统治的硫磺松山占据了四国的沿海山区，这里肥沃的河谷与岩石山丘交汇。它的城镇规模不大，但组织良好，当地市场为农民和武士家庭提供支持。该藩管理这些充满挑战的土地有着悠久的历史，强调谨慎的管理和防御工事，而不是纯粹的军事实力。虽然武士们维持传统的武术训练，但该藩也依靠商业、渔业和区藩贸易来维持人民的生计。,keyword
U7visbnX,the Uwajima,宇和岛,keyword
UwR7iyKD,Uwajima,宇和岛,keyword
Da97CUwa,"Uwajima domain is led by a branch of the Date clan, located far from their homeland in Sendai. During the Bakumatsu period, their Daimyo, Date Munenari, was considered one of the Four Wise Lords of the Bakumatsu, alongside Yamauchi Toyoshige, Shimazu Nariakira, and Matsudaira Yoshinaga. During the Bakumatsu, they remained neutral, acting as a go between between the two sides, a stance which ultimately left them less relevant in the Meiji era.",宇和岛藩由伊达氏族的一个分支领导，远离家乡仙台。在幕末时代，他们的大名伊达宗成与山内丰重、岛津齐彰、松平义长并称为幕末四贤主之一。在幕末时期，他们保持中立，充当双方之间的中间人，这种立场最终使他们在明治时代的影响力下降。,keyword
TovisbnX,the Tokushima,德岛,short_title
ToR7iyKD,Tokushima,德岛,short_title
Da97CTok,"Tokushima Domain, despite their strong connections to the Shogunate, remained neutral during the Bakumatsu. Instead of supporting the Shogun or Emperor, they advocated for the kōbu gattai movement, which proposed the unification of the Imperial court and Shogunate against the western powers. Even so, many Tokushima samurai were rather radically pro-Imperial.",德岛藩尽管与幕府关系密切，但在幕末时期保持中立。他们不支持幕府将军或天皇，而是提倡“古武合体”运动，该运动提出统一朝廷和幕府以对抗西方列强。即便如此，许多德岛武士仍然相当激进地支持帝国。,keyword
4xetxME5,Kyoto,京都,short_title
c1iM3mw8,"The capital in name of Japan, Kyoto is the seat of the Emperor. Once the power center of Japan, its decline during the late Sengoku period and throughout the Edo period have left the city a shell of its former self. However, the turmoil of the Bakumatsu has brought the city back to relevance, as Daimyo clash in the halls of government and samurai and ronin clash in the streets of the city.",日本名义上的首都，京都是天皇的所在地。曾经是日本的权力中心，但在战国时代后期和整个江户时代，它的衰落使这座城市只剩下昔日的外壳。然而，幕末的动乱使这座城市重新回归现实，大名在政府大厅里发生冲突，武士和浪人在城市的街道上发生冲突。,keyword
xWdiU0s3,Jiro,次郎,short_title
5n2wTzWg,Naka,中,short_title
HikisbnX,the Hikone,彦根,keyword
HiR7iyKD,Hikone,彦根,keyword
2FMOGwHi,"Hikone sits along the shores of Lake Biwa, dominated by its sprawling castle and the Ii clan, whose samurai are famous for their bright red armor and fierce discipline. The Ii have long been loyal to the Tokugawa, serving as both military leaders and administrators of the shogunate. The assassination of Ii Naosuke sent shockwaves through the domain, and his retainers seethe with outrage against the Sonno-joi movement.",彦根市坐落在琵琶湖沿岸，以其庞大的城堡和井伊氏族为主导，井伊氏族的武士以其鲜红色的盔甲和严格的纪律而闻名。井伊家族长期以来忠于德川幕府，担任军事领导人和幕府行政人员。井伊直介的刺杀事件在整个藩引起了轩然大波，他的家臣们对尊王攘夷运动充满了愤怒。,keyword
KuwisbnX,the Kuwana,增益,keyword
KuR7iyKD,Kuwana,桑名,keyword
2FMOGwKu,"Ruled by the Hisamatsu Matsudaira, the Kuwana domain is fiercely loyal to the Shogunate, with members of the domain fighting through the end of the war in the North and in Ezo. During the war, their soldiers will be some of the best trained and drilled among all the Shogunate troops.",由松平久松统治的桑名藩对幕府极其忠诚，该藩成员在北方和虾夷地区战斗到战争结束。在战争期间，他们的士兵将是所有幕府军队中训练和训练最好的。,keyword
KiiisbnX,the Kishu,纪州,keyword
Kii7iyKD,Kishu,纪州,keyword
2FMOGKis,"Kishu, alternatively named Kii or Wakayama, is a powerful shinpan domain and the fifth richest domain in Japan. It is ruled by one of the three Gosanke houses, descendants of Tokugawa Ieyasu who exist as backups in case the main Tokugawa line ever falters. Despite providing the current Shogun, Iemochi, Kishu domain will go on to surrender to and join the Imperial side",纪州，也称为纪伊或和歌山，是一个强大的新盘藩，也是日本第五富有的藩。它由德川家康的后裔御三家之一统治，他们作为后备力量存在，以防德川主线动摇。尽管提供了现任将军，家茂，纪州藩将继续投降并加入帝国一方,keyword
TsuisbnX,the Tsu,津,keyword
Tsu7iyKD,Tsu,津,keyword
2FMOGTsu,"Rising out of humble roots, Tsu domain was founded by Todo Takatora, a low ranking ashigaru who later became a daimyo under Toyotomi Hideyoshi and Oda Nobunaga. Due to their loyalty to the Shogunate, samurai in the Edo period often state that 'If the battle occurs, the vanguard is the Hikone's Ii clan and the Todo clan of Ise.'",津藩出身卑微，由藤堂高虎创建，藤堂高虎是一位低阶足轻，后来成为丰臣秀吉和织田信长手下的大名。江户时代的武士由于对幕府的忠诚，经常说“如果发生战斗，前锋是彦根的井伊氏和伊势的藤堂氏”。,keyword
FuKisbnX,the Fukui,福井,keyword
FuK7iyKD,Fukui,福井,keyword
vNsphaFu,"The location of the main branch of the Yuki Matsudaira, Fukui-han is a wealthy modernized domain. In the 1850s, they instituted one of the first vaccination programs in Japan, and they've modernized their military, phasing out their archery corps in favor of riflemen. Their lord had an eye for talent, with statesmen like Yokoi Shōnan, Hashimoto Sanai and Yuri Kimimasa rising out of Fukui.",福井藩是松平由纪总支所在地，是一个富裕的现代化藩。 1850 年代，他们制定了日本最早的疫苗接种计划之一，并实现了军队现代化，逐步淘汰了射箭部队，转而采用步枪兵。他们的主公对人才很挑剔，横井湘南、桥本三井和由里公政等政治家都从福井崛起。,keyword
T84XD6Di,Saburo,三郎,short_title
za5d9NWg,Tosi,托西,short_title
NaGisbnX,the Nagaoka,长冈,keyword
NaG7iyKD,Nagaoka,长冈,keyword
vNsphNga,"Nagaoka is far more modernized than most Shogunate domains, reforming under the leadership of Kawai Tsugunosuke. Nagaoka is the rare exception to the northern refusal to modernize, being one of the few domains in Hokuriku and Tohoku to fully modernize, at one point owning 2/3 of the Gatling Guns in Japan.",长冈比大多数幕府藩现代化得多，在河井继之助的领导下进行改革。长冈是北方拒绝现代化的罕见例外，是北陆和东北为数不多的完全现代化的藩之一，一度拥有日本 2/3 的加特林机枪。,keyword
KAGisbnX,the Kaga,他者,short_title
KAG7iyKD,Kaga,加贺,short_title
vNsphKag,"Kaga Domain stretches across Hokuriku, a land of fertile plains, bustling towns, and the glittering rivers that feed into the Sea of Japan. The Maeda clan has ruled for generations, amassing wealth that rivals even the shogunate in scale, and even their lesser retainers are as wealthy as Daimyo. However, Kaga is also deeply unwilling to reform, for fear of being targetted by the Shogunate.",加贺藩横跨北陆，这里有肥沃的平原、繁华的城镇和注入日本海的波光粼粼的河流。前田氏世代统治，积累的财富规模甚至可以与幕府相媲美，就连他们的小家臣也和大名一样富有。然而，加贺也极不愿意改革，害怕成为幕府的目标。,keyword
ObaisbnX,the Obama,小浜,short_title
Oba7iyKD,Obama,小浜,short_title
vNsphOba,"Obama Domain hugs the northern coast of Wakasa Bay, where the town's harbor has long connected the mountains to the sea. The Sakai clan rules here with a careful hand, balancing the needs of merchants, fishermen, and samurai. The domain is known for its skilled boatmen and fortified castle that watches over both river traffic and coastal approaches.",小滨藩紧邻若狭湾的北海岸，该镇的港口长期以来一直将山脉与大海连接起来。酒井氏族小心翼翼地统治着这里，平衡着商人、渔民和武士的需求。该藩以其熟练的船夫和监视河流交通和沿海通道的坚固城堡而闻名。,keyword
JoziabnX,the Jozai,定在,short_title
K6sg7Joz,Jozai,定在,short_title
y6BfVJoz,"A fairly new and small domain, Jozai is highly loyal to the Shogunate. They would fight throughout the entire war, only surrendering upon hearing that the Shogun would keep a fief after the war. Jozai was one of only two domains to be stripped of their holdings during the Boshin war.",城宰是一个相当新的小藩，对幕府高度忠诚。他们将在整个战争中战斗，只有在听说幕府将军将在战后保留封地时才投降。定西是戊辰战争期间仅有的两个被剥夺财产的藩之一。,keyword
greVHxgb,Genzaemon,源左卫门,short_title
ltuJdbxe,Kiso,一个吻,short_title
OwaiabnX,the Owari,尾张人,keyword
K6sg7Owa,Owari,尾张,keyword
y6BfVOwa,"Owari is ruled by the seniormost of the Gosanke of the Tokugawa. Owari-han is a powerful and wealthy domain, behind only the Kaga, Satsuma, and Sendai domains, and the most powerful of the Tokugawa houses besides the Shogunate itself. Despite their family ties, however, Owari would go on to support the Imperial forces during the Boshin War.",尾张由德川五御三家的最高统治者统治。尾张藩是一个强大而富有的藩，仅次于加贺藩、萨摩藩、仙台藩，是除了幕府本身之外德川家族中最强大的。然而，尽管他们有家族联系，尾张还是在戊辰战争期间继续支持帝国军队。,keyword
MitoabnX,the Mito,水户,keyword
K6sg7Mit,Mito,水户,keyword
y6BfVMit,"Despite being ruled by one of the Gosanke of the Tokugawa, Mito Domain is a hotbed of Sonno-joi and anti-Shogunate sentiment in the Bakumatsu. Throughout this period, agitators from Mito constantly undermine the Shogunate and push other domains to adopt the ideology. While not as influential as Satsuma and Choshu would come to be, it cannot be denied that Mito was one of the cores of the Sonno-joi.",尽管水户藩由德川家族的一位后御三家统治，但它却是幕末园子里和反幕府情绪的温床。在此期间，水户的煽动者不断破坏幕府并推动其他藩采用这种意识形态。尽管水户的影响力不如萨摩和长州，但不可否认的是，水户是尊王攘夷的核心之一。,keyword
tRwThwSh,Shogun,将军,keyword
n6nnkLxS,Shogun {RULER.NAME},将军{RULER.NAME},keyword
TenrabnX,the Tokugawa,德川家,keyword
K6sg7Ten,Tenryo,天领,short_title
K6sg7Tok,Tenryo,天领,short_title
y6BfVTen,"The Tokugawa may be the Shoguns, but they are also daimyo. At its core, the Bakufu is simply a domain so powerful that all others must bow to it. This power is maintained via Tenryo, land directly under the control of the Tokugawa. Containing some of the wealthiest cities and areas of Japan, most of Tokai, Tosan, and Kanto was Tenryo, as was significant chunks of Kyushu, Chugoku, and Kansai.",德川可能是幕府将军，但他们也是大名。从本质上讲，幕府只是一个如此强大的藩，以至于所有其他人都必须向它屈服。这种权力是通过德川直接控制的土地天领维持的。天领涵盖了日本一些最富裕的城市和地区，东海、东山和关东的大部分地区以及九州、中国和关西的大部分地区都是天领。,keyword
8zD7DOe1,Yosuke,洋介,short_title
evkgbLwl,Kosi,科西,short_title
HILwjvTW,Edo,江户,short_title
y6BfVEdo,"No city in Japan is greater than Edo, the seat of the Shogunate. From here reign the Tokugawa shoguns, and it is here that over one million people live in the peace that is the Edo period. The center of Japan in many ways, Edo is the center of culture, administration, the economy, and the military. The influence it had upon Japan in this period cannot be overstated, and it is here that the deals and alliances that led to the fall of the Bakufu were formed.",日本没有哪个城市比幕府所在地江户更伟大。德川幕府从这里统治，这里有超过一百万人生活在江户时代的和平之中。江户在很多方面都是日本的中心，是文化、行政、经济和军事的中心。它在这一时期对日本的影响不容小觑，导致幕府垮台的交易和联盟就是在这里形成的。,keyword
tRwThwSh,Daimyo,将军,short_title
TenrabnX,the Tenryo,德川家,short_title
K6sg7Tok,Tokugawa,天领,keyword
9TCedFd1,the Choshu,长州,keyword
LiAaSgTz,Choshu,长州,keyword
OOBz6Cho,"Chōshū occupies the western tip of Honshu, with rugged mountains and jagged coasts that have long shaped the character of its people. The Mōri clan has ruled here for generations, cultivating a culture of fierce independence and hatred of the Shogunate. Samurai from Chōshū are known for their sharp swords, quick thinking, and readiness to defy authority when necessary. In recent years, Choshu has emerged as a hotbed of political action, containing many of the most radical ishin shishi in Japan.",长州岛位于本州岛的西端，崎岖的山脉和锯齿状的海岸长期以来塑造了该州人民的性格。毛利氏族世代统治这里，培育了强烈的独立和仇恨幕府的文化。长州武士以其锋利的刀剑、敏捷的思维以及在必要时随时准备反抗权威而闻名。近年来，长州已成为政治行动的温床，这里聚集了许多日本最激进的维新志士。,keyword
qi7Awili,Ichiro,一郎,short_title
4DPIxoKe,Hisi,感觉,short_title
9TCedFHi,the Hiroshima,广岛,keyword
HiAaSgTz,Hiroshima,广岛,keyword
OOBz6Hir,"Hiroshima Domain sprawls across the fertile delta of the Ota River, with the castle town at its center serving as both administrative hub and cultural heart. The Asano clan has ruled here for generations, known for disciplined samurai and a stable, well-organized administration. The domain has long fostered artisans, merchants, and schools, giving it a reputation for both martial and cultural refinement. Politically, Hiroshima maintains a careful balance: its samurai enforce order and support the shogunate when called upon, but the radicals of Choshu force them further towards the sonno-joi side.",广岛藩横跨太田河肥沃的三角洲，其中心的城下町既是行政中心，也是文化中心。浅野氏族世代统治这里，以纪律严明的武士和稳定、组织良好的政府而闻名。该藩长期以来培育了工匠、商人和流派，使其享有军事和文化精致的声誉。在政治上，广岛保持着谨慎的平衡：其武士执行命令并在需要时支持幕府，但长州的激进分子迫使他们进一步偏向园奴制一方。,keyword
9TCedFTo,the Tottori,鸟取县,short_title
ToAaSgTz,Tottori,鸟取,short_title
Totz6uxY,"Tottori-han, ruled by the Ikeda, has long been close with the Shogunate. Their daimyo are allowed to use the Matsudaira name and crest, they have the right to carry their swords into Edo castle, and their daimyo is the half brother of the man who will one day become the last shogun, Tokugawa Yoshinobu. However, they also have many proponents of the Imperial cause within, and just the year ago a pro-Imperial samurai assassinated a pro-Shogunate official within their domain.",池田氏统治的鸟取藩长期以来与幕府关系密切。他们的大名获准使用松平姓氏和家纹，并有权佩刀进入江户城；而鸟取藩主还是后来成为末代将军的德川庆喜的同父异母兄弟。不过，藩内也有许多支持王政复古的一派，就在一年前，一名尊王派武士还在藩内刺杀了一名佐幕派官员。,keyword
9TCedFOk,the Okayama,冈山,keyword
OkaySgTz,Okayama,冈山,keyword
OOBz6uOk,"One of the few Tozama daimyo to serve under the Shogunate, the Ikeda of Okayama domain are relatively sonno-joi, but still support the Shogunate. During the Boshin War, seeing the threat, the daimyo adopted a more pro-imperial successor and retired, so as to allow the domain to take the winning side without violating his own beliefs. While the domain itself avoided joining the war, many units formed in the domain would go fight in the north.",冈山藩的池田是为数不多的在幕府统治下任职的外样大名之一，虽然相对尊王，但仍然支持幕府。戊辰战争期间，大名看到威胁，选择了更亲帝国的继任者并退休，以便让藩主在不违背自己信仰的情况下占据胜利的一方。虽然藩本身避免参战，但藩内组建的许多部队都会前往北方作战。,keyword
KuruabnX,the Kurume,三月,short_title
Kusg7Oum,Kurume,行进,short_title
BTSZWKur,"Kurume domain is a fierce battleground between Sonno-Joi and Shogunate supporters, both originating from the Tenpo School. Following the death of Arima Yorinaga in 1846, they split into the Gai-doshi, a radical sonno-joi traditionalist faction, and Nai-doshi, a reformer, pro-western, pro-shogunate factions. Currently, the Nai-doshi hold sway, but who knows if that will change.",久留米藩是来自天保派的尊王攘夷派和幕府支持者之间的激烈战场。 1846 年有马赖永去世后，他们分裂为激进的尊王攘夷传统派系外道士和改革派、亲西方、亲幕府派系内道士。目前，内导师占据主导地位，但谁知道这种情况是否会改变。,keyword
Xufzvdj8,Sukesaburo,助三郎,short_title
SQPfPWOw,Yuna,尤娜,short_title
KumuabnX,the Kumamoto,熊本,keyword
KMsg7Oum,Kumamoto,熊本,keyword
BTSZWKum,"One of the wealthiest domains in Japan, Kumamoto is ruled by the Hosokawa clan, one of the most powerful clans in Japan. They are more hesitant to join the Emperor than many of the more radical domains, but are still a powerful modern domain.",熊本是日本最富有的藩之一，由日本最强大的氏族之一细川氏族统治。他们比许多更激进的藩更犹豫是否加入皇帝，但仍然是一个强大的现代藩。,keyword
HitoabnX,the Hitoyoshi,人吉,short_title
Hiog7Oum,Hitoyoshi,人吉,short_title
BTSZWHit,"Nestled in the valleys of southern Kyushu, Hitoyoshi is a small but proud domain, its hills and rivers shaping life as much as the Sagara clan that rules it. Their samurai, like so many others in the period, are deeply split between the Shogunate and Emperor, leading to their own internal clashes.",人吉坐落在九州南部的山谷中，是一个虽小但令人自豪的藩，它的山丘和河流与统治它的相良氏族一样塑造着人们的生活。他们的武士，就像那个时期的许多其他武士一样，在幕府和天皇之间存在着深深的分歧，导致了他们自己的内部冲突。,keyword
FuKuabnX,the Fukuoka,福冈,short_title
FMsg7Ouk,Fukuoka,福冈,short_title
BTSZFuku,"Fukuoka is very prominently Sonno-joi, so much so that the Shogunate is considering arresting their daimyo on suspicion of rebellion. However, they are unwilling to actually dedicate their own troops to the cause, instead using forces they consider expendable, cobbled together from what the dregs of society to war against the Shogunate.",福冈是非常著名的尊王攘夷，以至于幕府正在考虑以涉嫌叛乱为由逮捕他们的大名。然而，他们并不愿意真正将自己的军队投入到这项事业中，而是使用他们认为可以消耗的、从社会渣滓中拼凑出来的军队来对抗幕府。,keyword
KoKuabnX,the Kokura,小仓,short_title
KMsg7Ook,Kokura,关于,short_title
BTSZWkKo,"Kokura is the rare Shogunate loyalist in the southwest, supporting the Shogun even despite being surrounded by larger, more pro-Imperial domains. This attitude remains ever despite losses against the sonno-joi forces, an almost admirable attitude if it didn't end up with a burning castle.",小仓是西南地区罕见的幕府忠诚者，尽管周围被更大、更亲帝国的藩包围，但他仍然支持幕府将军。尽管在与尊王攘夷军队的战斗中遭受损失，这种态度仍然存在，如果最终没有导致一座燃烧的城堡，这种态度几乎是令人钦佩的。,keyword
SaguabnX,the Saga,传奇,keyword
SMsg7Oag,Saga,佐贺,keyword
BTSZWSaga,"Saga is perhaps the most modern domain in Japan. The Nabeshima have invested in steam engines, steel refining, artillery, and modern firearms, alongside vaccination programs and significant domain reforms, modernizing even before the Black Ships arrived in 1853. There are few domains friendlier to the west than Saga.",佐贺也许是日本最现代化的藩。锅岛家族投资了蒸汽机、炼钢、火炮和现代火器，同时还进行了疫苗接种计划和重大藩改革，甚至在 1853 年黑船抵达之前就实现了现代化。很少有藩比佐贺对西方更加友好。,keyword
SaTuabnX,the Satsuma,萨摩,keyword
SMsg7Oat,Satsuma,萨摩,keyword
BTSZWSat,"Satsuma occupies a unique position in the late Bakumatsu. The Shimazu joined the shogunate under their own terms due to their distance from the rest of Japan and their military power, providing them with a semi-independent status. The domain is highly militarized, with more samurai than any other domain in Japan, and samurai renowned for their loyalty, identifying first as Satsuma men before anything else. They are also rapidly reforming, forming some of the most modern troops in Japan.",萨摩在幕末末期占有独特的地位。由于与日本其他地区的距离及其军事实力，岛津氏按照自己的条件加入了幕府，为他们提供了半独立的地位。该藩是高度军事化的，拥有比日本任何其他藩都多的武士，武士以忠诚而闻名，首先被认为是萨摩男人。他们也在迅速改革，组建了日本最现代化的军队。,keyword
ZKHy2fwB,Your clan is now at war with {QUEST_GIVER.LINK}'s realm. Your agreement with {QUEST_GIVER.LINK} was canceled.,你的氏族现在正与 {QUEST_GIVER.LINK} 的藩交战。您与 {QUEST_GIVER.LINK} 的协议已取消。,keyword
JBODfHad,Lord Needs Modern Firearms,主需要现代枪械,short_title
bPu4G6n5,Collected Smoothbore Amount,收集的滑膛数量,short_title
wpZCGO2b,Collected Minieru Amount (Optional),收集的 米涅步枪 金额（可选）,short_title
B7DazJe3,Collected Cartridge Amount (Optional),收集的墨盒数量（可选）,short_title
CqaJXXVp,Merchant can't sell foreign guns,商人不能出售外国枪支,short_title
84ZkcDua,Delivered {RIFLE},已交付{RIFLE},short_title
bFwPCPzN,Escort Foreign Merchant,护航外商,short_title
CRaOL9Y9,Caravan of the {NATION},{NATION} 的商队,short_title
vvj4J3GI,Ishin Shishi Radicals,这是尊攘激进派,short_title
i3hC6h7B,Visited Settlements,参观过的定居点,short_title
Zo06Fz4z,"Greetings. This caravan travels under the authority of His Imperial Majesty, Napoleon III of the French Empire, and is guaranteed by {MERCHANT.LINK} of {SETTLEMENT}. How may we be of service?[if:convo_normal]",问候。这支商队在法兰西帝国拿破仑三世陛下的授权下行驶，并由 {SETTLEMENT} 的 {MERCHANT.LINK} 担保。我们可以提供什么服务？[if:convo_normal],keyword
1UbGKna4,"Greetings. These goods are secured by His Majesty, Wilhelm I, German Emperor and King of Prussia, and is guaranteed by {MERCHANT.LINK} of {SETTLEMENT}. How may we help you?[if:convo_normal]",问候。这些货物由德国皇帝兼普鲁士国王威廉一世陛下担保，并由 {MERCHANT.LINK} 或 {SETTLEMENT} 担保。我们能为您提供什么帮助？[if:convo_normal],keyword
kbBJ7Sby,"Greetings. This caravan operates under the protection of His Majesty, King William III of the Netherlands, and is guaranteed by {MERCHANT.LINK} of {SETTLEMENT}. How may we assist you?[if:convo_normal]",问候。该商队在荷兰国王威廉三世陛下的保护下运营，并由 {SETTLEMENT} 的 {MERCHANT.LINK} 提供担保。我们可以如何帮助您？[if:convo_normal],keyword
YcpUKz3W,Support level of {MALE_LESSER_NOBLE_NAME},支持级别 {MALE_LESSER_NOBLE_NAME},short_title
J4oQk0mR,"Yes... As you know, this realm is deeply divided between the Imperial and Shogunate cause. Despite the stance taken by the great lords, many of our lower retainers hold an opposing stance. A few of us, myself included, wish to take a stronger stance. I don't know how we will end up acting, but rumors of it have gotten out in my district, and many of the kachi are growing restless. Now, most of us are doing their part to keep a lid on things. But there's one, {MALE_LESSER_NOBLE_NAME}, who I am ashamed to say was once a {TOP_TIER_CAV_TITLE} under my banner, who's been going around the countryside, stirring up trouble. He's gathered a following and they have a whole list of demands, including a requirement that our domain take a {OPP_STANCE} stance. I'd take care of him myself, but that would imply I can't control my own men. Maybe you can help?[if:convo_thinking][ib:closed2]",是的……如你所知，这个藩在帝国和幕府之间有着深刻的分歧。尽管各大领主都采取了立场，但我们的许多下级家臣却持反对立场。我们中的一些人，包括我自己，希望采取更强硬的立场。我不知道我们最终会如何行动，但有关此事的谣言已经在我的地区流传开来，许多卡奇人变得焦躁不安。现在，我们大多数人都在尽自己的一份力量来控制事情的发展。但有一个{MALE_LESSER_NOBLE_NAME}，说来惭愧，他曾经是我旗下的{TOP_TIER_CAV_TITLE}，一直在乡下闹事。他聚集了一批追随者，他们提出了一整套要求，包括要求我们的藩采取 {OPP_STANCE} 立场。我会亲自照顾他，但这意味着我无法控制自己的手下。也许你能帮忙？[if:convo_thinking][ib:closed2],keyword
OMhPSSTm,"Thank you. {MALE_LESSER_NOBLE_NAME} is always on the move, so finding him might be tricky. But don't worry, I get regular reports from the landowners around here and I'll keep you updated on his movements...[if:convo_undecided_closed]",谢谢。 {MALE_LESSER_NOBLE_NAME} 总是在移动，所以找到他可能很棘手。但别担心，我会定期收到附近土地所有者的报告，我会随时向您通报他的最新动向……[if:convo_undecided_closed],keyword
rSLgT9yU,"If you start a rebellion, you're just going to get a lot of samurai around here killed...",如果你发动叛乱，你只会让这里的很多武士被杀……,keyword
kdDoqJxM,"The nobles aren't trying to defend a wicked cause, but they cannot risk the domain's destruction by its enemies",贵族们并不想捍卫邪恶的事业，但他们不能冒藩被敌人毁灭的风险,keyword
5T9v3DNk,"You know the dark hearts of men... Those who start as rebels end up turning bandit. Rebellion brings anarchy, not justice.",你知道人心的黑暗……那些一开始是叛逆者的人最终会变成强盗。叛乱带来的是无政府状态，而不是正义。,keyword
MciIqod6,Couch Lance,沙发兰斯,short_title
DaP0zCuL,Saber,军刀,short_title
PiHpR4QL,One Handed,一只手,short_title
R6gnCH7g,Kouno Castle,河野城,short_title
k1yojJ4A,Nishino,西野,short_title
KEX5sbP0,REPLACE_DESCRIPTION,替换描述,short_title
fOUsLdZR,Pasture,牧场,short_title
66Mzk0NZ,Thicket,灌木丛,short_title
iXA5SttU,Bog,沼泽,short_title
Nw6vXG2r,Chiburi,知武里,short_title
UvTpCUpH,Kushizaki,串崎,short_title
BDnW3J67,"Strategically located in the westernmost part of the San'yō region, near the Kanmon Straits that separate Honshu from Kyushu, Kushizaki is a port castle town originally by the Naitō clan, from which it is possible to control the sea and the flow of trade and people across the western provinces.",串崎位于山阳地区最西端，靠近分隔本州和九州的关门海峡，地理位置优越，是内藤氏族最初的港口城堡城镇，可以控制西部省份的海洋以及贸易和人员流动。,keyword
stpD675i,Backstreet,后街,short_title
fR2M5ZdV,Clearing,清算,short_title
MAusOuPK,Waterfront,海滨,short_title
kD3Q4P0u,Akamagazeki,赤中关,short_title
VIWC07Rb,Chofu,长府,short_title
GuFaRjgy,Aio,艾欧,short_title
kO0l01wy,Sanbonmatsu,三本松,keyword
sRgUwjnw,"Positioned near the confluence of several key trade routes in the Chūgoku region, the castle town of Sanbonmatsu has become a target for expanding warlords. While its military importance seems negligible, its location along vital supply routes makes it a key target for forces looking to consolidate control over the region.",三本松城下町位于中国地区几条主要贸易路线的交汇处，已成为军阀扩张的目标。虽然其军事重要性似乎可以忽略不计，但其位于重要供应路线上的位置使其成为寻求巩固对该地区控制的部队的关键目标。,keyword
vHOOBCB9,Hagi,萩,short_title
aK0HSc4W,Oi,大井,short_title
GxkGnl8i,Mikazura,三葛,short_title
NSAkQv1M,Yoshida-Koriyama,吉田郡山,short_title
mW8IM8PG,"Originally built as a small fortified residence for the Mōri clan this coastal castle town grew in importance along with the expansion of its inhabitants' power, while its hilltop location ensures control over the surrounding territories and sea routes.",这座沿海城堡小镇最初是为毛利氏族建造的小型防御住所，随着居民势力的扩张，其重要性也日益增强，而其山顶位置确保了对周围领土和海上航线的控制。,keyword
ntbMy243,Togouchi,户河内,short_title
uxffoc1I,Kabe,天房,short_title
nVDIrAUN,Miyoshi,三好,keyword
ihU3yZM0,Iwami,石见,short_title
GYTyXmZN,"Iwami is famed for its rich silver mines, which have made it one of the most valuable settlements in Japan. The most powerful daimyos of the region have long battled for control of the Iwami ginzan, which has most recently fallen to the Mōri clan.",石见以其丰富的银矿而闻名，这使其成为日本最有价值的定居点之一。该地区最强大的大名长期以来一直在争夺石见银山的控制权，该地区最近落入毛利氏族之手。,keyword
ryejJvC5,Tomogaura,友浦,short_title
VDGlQJwd,Ishigane,石金,short_title
r5ANVqKb,Hane,羽根,short_title
5CN8ewVp,Gassantoda,月山富田,short_title
eDhJwiwf,"Gassantoda is a castle town in San'in that traces its origins back to the Kamakura period and before that to the Heian period when a fortress was built to protect trade routes and the renowned local steel production. More recently, Gassantoda became the stage for the last stand of the once dominant Amago clan against the ascendant Ōuchi and Mōri clans, with the conquest by Mōri Motonari marking the definitive shift of power in the region.",月山都田是山阴的一座城下町，其历史可以追溯到镰仓时代，更早的是平安时代，当时建造了一座堡垒来保护贸易路线和当地著名的钢铁生产。最近，月山田田成为曾经占主导地位的天子氏族对抗崛起的大内氏族和毛利氏族的最后一战的舞台，毛利元成的征服标志着该地区权力的最终转移。,keyword
LwUShO8j,Yasugi,安来,short_title
EOMv6L5Q,Mihonoseki,美保关,short_title
9aMOSRHh,Yodoe,淀江,short_title
qti2YofG,Okayama,冈山,keyword
ALnnHm7B,"Okayama is a castle town located in the western part of the Chūgoku region, providing both military and economic advantages through access to maritime trade routes and strategic passage between Honshu and Shikoku",冈山是位于中国地区西部的城下町，通过海上贸易路线以及本州和四国之间的战略通道提供军事和经济优势,keyword
7MPxSfAc,Kibitsu,吉备津,keyword
U5Vy1oxO,Hachihama,八滨,short_title
wwAiZo2v,Saidaiji,西大寺,short_title
sZfJiRtF,Aratakiyama Castle,新滝山城,short_title
rdMHs0On,Hiju,比寿,short_title
Tk7cr6rz,Setozaki,濑户崎,short_title
ggBeWjpi,Kounomine Castle,高岭城,short_title
hYa3ko4i,Mitajiri,三田尻,short_title
vuFxEg9A,Miyaichi,宫一,short_title
vsTEVmuj,Shimoseyama Castle,下瀬山城,short_title
ScnAHUPM,Susa,苏萨,short_title
jX87tqV5,Nakazu,保证,short_title
CKaQktOo,Mitsuodake Castle,三津岳城,keyword
s36OCLVb,Murozumi,室住,short_title
P01HZUoY,Iwakuni,岩国,short_title
xkmklOPf,Sakurao Castle,桜尾城,short_title
OPAS78bG,Kuba,因为,short_title
glsWfxE7,Itsukushima,严岛,keyword
9iUfpjzA,Hinoyama Castle,日野山城,short_title
1nlzOWW9,Misumiminato,米墨米托,short_title
p15FKoXR,Goutsu,豪苏,keyword
rQfnY5ul,Noumi Castle,能美城,short_title
dZN5LLR7,Seto,濑户,short_title
jIQ8ABmU,Kure,吴,short_title
cw2phJPG,Matsuo Castle,松尾城,keyword
dYC6hZpp,Takehara,犯罪,short_title
eqDZ9V5G,Shiraichi,白一,short_title
MGzfCArb,Misawa Castle,三泽城,short_title
QNTlHbu0,Kizuki,木月,short_title
BSLeHhbG,Shirakata,白方,short_title
H4uQyBi6,Kurushima Castle,来岛城,short_title
i2U342nt,Oji,王子,short_title
ZyJVH3pK,Miyaura,三由浦,short_title
D2EylgG7,Aoki Castle,青木城,short_title
gqR6QX1Z,Nakanosho,中之庄,short_title
6lrC1jYV,Setoda,濑户田,short_title
nag3Cuo5,Niitakayama Castle,新高山城,keyword
E9fVF5iD,Onomichi,尾道,short_title
MCoAiEZz,Kasaoka,笠冈,short_title
RYsEuRur,Kouzan Castle,甲山城,short_title
uyVTNrO8,Tsuarjima,津阿尔岛,keyword
bBkiYp7q,Shimotsu,下津,keyword
p6Qi9gzt,Hogi Castle,保木城,short_title
v81uLwPi,Ushimado,牛窗,short_title
qMUrlmZh,Inbe,因部,short_title
aWGi78Ll,Tenjinyama Castle,天神山城,short_title
Nr6GaOhH,Shioyu,盐汤,short_title
MTe8tb9b,Togawa,十川,short_title
6ccxu05w,Ueshi Castle,羽衣石城,short_title
0WX9hA8s,Hashizu,桥津,short_title
04PwDqo1,Kara,卡拉,short_title
VqVNevKA,Ichijodani,一乘谷,short_title
0GYO9OBo,"Ichijodani is a fortified town in western Hokuriku, surrounded on all sides by the natural defences of rivers and mountains, making it a difficult target for any besieger. Built by the Asakura clan, Ichijodani has grown into a centre of culture, craftsmanship and religion thanks to the hospitality afforded by the Asakura clan to refugees fleeing Kyoto during the Ōnin War, making it a jewel rivaling the Imperial Capital itself.",一乘谷是北陆西部的一座防御城镇，四面被河流和山脉的天然防御所包围，使其成为任何围攻者的困难目标。一乘谷由朝仓氏建造，由于朝仓氏在应仁之乱期间热情接待了逃离京都的难民，一乘谷已发展成为文化、工艺和宗教的中心，使其成为与皇都本身相媲美的一颗宝石。,keyword
cT34Ebdw,Mizuochi,水落,short_title
t2wPJnTl,Kitanosho,北庄,short_title
6yl5DIfX,Heisenji,平泉寺,short_title
6PgvlbUT,Oyama,小山,short_title
JyG9eqDR,Byakusan,白山,short_title
6HTGkGwu,Ataka,攻击,short_title
VPbrsyV3,Miyakoshi,宫越,short_title
WYXGfvnF,Nanao,七尾,short_title
EGOIuaaC,"A Nanao, the stronghold of the Hatakeyama clan, is one of the most important castle towns along the Noto Peninsula. Surrounded by mountains and the sea, its defenses are strong, and its harbor allows for active maritime trade.",七尾是畠山氏的据点，是能登半岛最重要的城下町之一。依山傍海，防御坚固，港口贸易活跃。,keyword
JwZnAQwK,Fukuura,福浦,short_title
NgWPLmrQ,Hakui,薄井,short_title
30Bb9CUF,Himi,冰见,short_title
O2PYgcG1,Kasugayama,春日山,short_title
uk2xGbQl,"Perched atop a steep mountain, the castle town of Kasugayama was originally a possession of the Nagao clan, but has served as the seat of the powerful Uesugi clan since Uesugi Kenshin, born a Nagao,  took over. Kenshin turned Kasugayama into a center of military power in Echigo from which he departed several times at the head of his armies to challenge the Takeda clan.",春日山城下町坐落在陡峭的山顶上，原本是长尾氏的藩，但自长尾出身的上杉谦信接管以来，一直是强大的上杉氏的所在地。谦信将春日山变成了越后的军事中心，他多次率领军队出征挑战武田氏。,keyword
POZGi4zI,Funai,船内,short_title
fLVmeCsk,Naoetsu,直江津,keyword
RVCdQOAQ,Arai,新井,short_title
CK6roQ1s,Niigata,新泻,keyword
mhnNNG3m,"Situated on the coast of Echigo Province, Niigata is a prosperous port town benefiting from maritime trade and fertile agricultural lands. The Shinano River provides an essential route for transporting rice and goods inland. The town falls under the influence of Uesugi Kenshin, whose strong rule ensures stability in the region. Fishermen, salt merchants, and shipbuilders contribute to Niigata’s economy, making it an important asset for Kenshin’s war efforts.",新泻位于越后省海岸，是一个繁荣的港口城镇，受益于海上贸易和肥沃的农业土地。信浓川是向内陆运输大米和货物的重要路线。该镇受到上杉谦信的影响，他的强有力的统治确保了该地区的稳定。渔民、盐商和造船厂为新泻的经济做出了贡献，使其成为剑心战争的重要资产。,keyword
2UhVzhNg,Kanbara,神原,short_title
FXLQqRDx,Shibata,柴田,short_title
4Hvmfg62,Tsugawa,津川,keyword
vwKTR3B3,Fukashi,深志,short_title
bF0R3AqG,"Fukashi is a castle town built amongst the mountains of Shinano to protect the domains of the Ogasawara clan until it was taken over by its parent clan following a famous siege by Takeda Shingen, who subsequently converted it into one of the outposts of the expanding Takeda clan.",深志是一座建在信浓山脉之间的城堡城镇，旨在保护小笠原氏族的藩，直到武田信玄著名的围城战后被其母氏族接管，随后将其转变为不断扩张的武田氏族的前哨基地之一。,keyword
4J5DeSPz,Shiojiri,盐尻,short_title
Epzs9bvB,Azumi,朝霞,short_title
jewHO3R5,Suwa,诹访,short_title
za4xFjbt,Kofu,甲府,short_title
G1Gwql28,"Kōfu, a castle town in the heart of Kai Province in the southern part of the Tōsan region, has been the home of the Takena clan since its beginnings, but has only recently grown considerably thanks to Takeda Shingen, who has made it the centre of his expanding domain and undertaken major flood control projects to increase agricultural production and quality of life",甲府是东山地区南部甲斐国腹地的一座城下町，自武田氏兴起以来一直是其根据地，但直到武田信玄将其作为不断扩张的藩中心，并实施重大治水工程以提高农业产量和生活质量后，这里才得到显著发展。,keyword
9ZpFMf9j,Iwama,岩间,short_title
etBS08Ko,Uwato,上户,short_title
hKFfL2SM,Enzan,缘山,short_title
D5Jcm1JC,Sunpu,骏府,short_title
KoEdsC34,"Sunpu has served as the seat of the powerful Imagawa clan for decades, during which the castle town has flourished as a center of governance, trade and culture, benefiting from its location along the strategic Tōkaidō road. However, the Imagawa’s power has declined significantly since their crushing defeat at the hands of Oda Nobunaga exposing Sunpu and other Imagawa domains to the thirst for conquest of neighbouring lords.",几十年来，骏府一直是强大的今川氏族的所在地，在此期间，这座城下町得益于其战略性的东海道道路的地理位置，作为治理、贸易和文化中心而蓬勃发展。然而，自从被织田信长惨败之后，今川的实力已显着下降，使得骏府和其他今川藩面临着征服邻国领主的渴望。,keyword
RiByzBoT,Ishizu,石津,short_title
BUEoaNBS,Kunoujii,久能寺,keyword
RLbLgutH,Shimizu,清水,short_title
o7IPA6R2,Hamamatsu,滨松,keyword
Bt4eiXyI,"Hamamatsu is a castle town in Tokai, built by the Imagawa clan to guard the access the access to the vital Tōkaidō highway, it was then taken over by the rising Tokugawa Ieyasu in the aftermath of the battle of Okehazama.",滨松是东海的一座城下町，由今川氏族建造，以守卫通往重要的东海道高速公路的通道，然后在桶狭间战役后被崛起的德川家康接管。,keyword
piCQps0D,Kakezuka,加计冢,short_title
TCosghZ8,Asawa,丈夫,short_title
pQeaKfeW,Hamanoura,滨浦,short_title
CrOG8PLd,Okazaki,冈崎,short_title
pZBrZ9j6,"Okazaki, the birthplace of the rising lord Tokugawa Ieyasu, is a vital castle town in Mikawa Province. Under Tokugawa rule, it has been reinforced as a military base, securing the clan’s control over the region. The castle town is flourishing, with a growing population of samurai, merchants, and craftsmen. Its position along the Tōkaidō road makes it an essential stop for travelers and military movements.",冈崎是新晋领主德川家康的出生地，是三河国的重要城下町。在德川家族的统治下，它作为军事基地得到了加强，确保了德川氏族对该地区的控制。城下町十分繁荣，武士、商人和工匠的人口不断增加。它沿着东海道的位置使其成为旅行者和军事行动的重要停靠站。,keyword
DDYwxAgB,Utsumi,内海,keyword
Unk1zUdF,Ohama,大滨,short_title
yXgoIejT,Kariya,刈谷,short_title
7o6576n8,Kiyosu,清须,keyword
iyxZXmq2,"Built in the Kamakura period to guard the highways between Kyoto and the Shogunal capital, Kiyosu has long been the seat of the Oda clan of Owari and the site of political intrigue and military conflicts surrounding the clan, at least until the young lord Oda Nobunaga chose to move his seat to Gifu. Although the relocation of the court weakened its position, Kiyosu remains an important fortified city bustling with activity.",清洲建于镰仓时代，是为了守卫京都和幕府首都之间的高速公路，长期以来一直是尾张织田氏的所在地，也是围绕该氏族的政治阴谋和军事冲突的场所，至少在年轻的领主织田信长选择将其所在地迁往岐阜之前是这样。尽管宫廷的搬迁削弱了它的地位，清须仍然是一个热闹的重要防御城市。,keyword
vJbZkdX7,Tsushima,对马岛,keyword
YiKQhjoQ,Nagono,本能地,short_title
JjNW477Q,Atsuta,热田,keyword
lXdj1TtH,Sakurabora,樱原,short_title
nYD2Zvp6,"Hidden deep within the mountainous interior of the Tosan region, Sakurabora has long served as the fortified residence of the Anekouji, guarding key approaches into central Japan. Its elevated position offers commanding views of the rugged valleys below, making it a valuable asset in controlling travel and communication through the region.",樱洞隐藏在东山地区的山区腹地深处，长期以来一直是姊小寺的防御住所，守卫着进入日本中部的重要通道。其地势较高，可以俯瞰下方崎岖山谷的景色，使其成为控制该地区旅行和通讯的宝贵资产。,keyword
3rm0moPF,Gero,然后,short_title
5MsVakpv,Maze,间濑,short_title
yOZsTIzn,Hagiwara,萩原,short_title
2TMu4lC2,Gifu,岐阜,short_title
zIIebF6g,"“The one who controls Gifu controls Japan” is a common saying that emphasises the strategic location of this castle town. Once a possession of the Saitō clan and recently seized by Oda Nobunaga, who chose to rename it after the legendary mountain where most of ancient china was unified and the birthplace of Confucious, signalling to everyone his intention to unify the whole of Japan.",“谁控制了岐阜，谁就控制了日本”是一句俗话，强调了这座城下町的战略位置。曾经是斋藤氏族的藩，最近被织田信长占领，并选择以统一古代中国大部分地区的传奇山和孔子的诞生地来重新命名它，向所有人表明他想要统一整个日本的意图。,keyword
bjDeU9E6,Kani,卡尼,short_title
yjHtAEEM,Kakamigahara,各务原,short_title
HTo81wy6,Tenzutsu Castle,天筒城,keyword
BdXzJLer,Tsuruga,敦贺,keyword
ijmNcreb,Obama,小浜,short_title
kePZsN6S,Fuchu Castle,府中城,short_title
qEewJDux,Kawanoura,河之浦,short_title
DUDOlYTC,Fuchu,府中,short_title
BznGdbFo,Mizoe Castle,水尾城,short_title
P5SW4Or6,Mikuniminato,三国港,short_title
9VFHLA3r,Kanazu,金津,short_title
Y7mNSs2D,Daishoji Castle,大聖寺城,short_title
T2Q4WFMt,Yoshizaki,吉崎,short_title
Ecd8IGJg,Miyukizuka,美雪冢,short_title
MXbySYjt,Masuyama Castle,益山城,short_title
y0hE60ln,Hojozu,北城津,short_title
CepFf3AB,Uozu,鱼津,short_title
p9IiDYf9,Anamizu Castle,穴水城,short_title
xvGZzqHc,Nakai,中井,short_title
h7DlJtQC,Wajima,强制性的,short_title
4atk7P2g,Nechi Castle,根知城,short_title
5rC2HuFe,Oumi,近江,short_title
6sQmsU2E,Nou,能,short_title
OZD9byGd,Saruge Castle,猿毛城,short_title
7JtnPd3c,Kakizaki,柿崎,short_title
VB9q8lt1,Kasiwazaki,柏崎,short_title
fhMckOAE,Yoita Castle,与板城,short_title
vcwfVYcz,Izumosaki,出云崎,short_title
Lsn74WcF,Teradomari,寺泊,short_title
c149C2cR,Shishiga Castle,狮子贺城,short_title
7t3vyHmx,Sawane,萨万,short_title
d7QHPRHE,Matsugasaki,松崎,keyword
HwZEw9mI,Hirabayashi Castle,平林城,short_title
8qvbF7TU,Hirabayashi,平林,short_title
hWQ6aSCk,Iwafune,岩船,short_title
BSK7ThAp,Honjyo Castle,本庄城,short_title
Ko1h36Co,Murakami,村上,short_title
J9ywrIPV,Sarusawa,猿泽,short_title
NudqZujm,Tochio Castle,栃尾城,short_title
n7NdjTwb,Zaodo,藏王堂,short_title
F0FJSIJ3,Sanjo,三条,short_title
6MHOv64n,Sakato Castle,坂户城,short_title
RJ7ntwZm,Iiyama,饭山,keyword
1soJweIO,Yuzawa,汤泽,short_title
JDqrBEiT,Kaizu Castle,海津城,keyword
ESwxpHkr,Imoi,今井,short_title
0auCw7Uk,Higano,东野,short_title
cRX7KAze,Ueda Castle,上田城,short_title
Hu5KORDr,Sakaki,离婚,short_title
whinybNk,Yamabe,糟糕的,short_title
Hd7GiElO,Komoro Castle,小諸城,short_title
RLsQENAd,Tateshina,蓼科,short_title
YsHcsOZG,Iwamurada,岩村田,short_title
W35XhvjQ,Iwadonoyama Castle,岩殿山城,short_title
jDTmVPMc,Yoshida,吉田,short_title
RbZ6aQZJ,Tsuru,鹤,keyword
ZlC6XmVV,Yamanaka Castle,山中城,short_title
N3c8Rw9g,Oka-miya,冈宫,short_title
gx1JDkqp,Mishima,三岛,short_title
tJhgPPS6,Nagahama Castle,长滨城,short_title
XZY1KrYO,Numazu,沼津,short_title
ckiCB6KN,Dohi,土肥,short_title
TbEP7yGe,Shimoda Castle,下田城,short_title
0rDc1SBx,Ito,小仓,short_title
nykU8Y8J,Shimoda,下田,short_title
VqLXxRhc,Omiya Castle,大宫城,short_title
u3qEz2Sj,Omiya,大宫,short_title
uGXJfGNs,Yoshiwara,吉原,short_title
gJxWqKpJ,Kakegawa Castle,挂川城,short_title
9u6MWvx2,Kakegawa,挂川,short_title
BAkfKBd7,Sagara-Minato,相良港,keyword
pP3Z8ZKy,Iidani Castle,饭谷城,keyword
zulU0Gkq,Murakushi,村久,short_title
2chHj54l,Yoshida Castle,吉田城,short_title
Z1I0sr9p,Muro,室,short_title
1rfay3TH,Komatsubara,小松原,keyword
OzxYpqps,Ogaki Castle,大垣城,keyword
63YZvplM,Miyakawa,宫川,short_title
gVfxpn0b,Yoro,养老,short_title
d1uSH7Lb,Joganji Castle,常愿寺城,short_title
drRb1eJx,Joganj,乔甘杰,short_title
ZwLyRZ4l,Maeba,鸽子,short_title
bMmdlGU7,Kiun Castle,归云城,short_title
ccQlu1Kg,Kiun,归云,short_title
ckPgXqYM,Shirakawa,白川,short_title
yyGbsWow,Nabeyama Castle,锅山城,short_title
RYgkBrwy,Hachiga,八贺,short_title
JddcPSQa,Yoshiki,芳树,short_title
3iExDKs3,Kotakari Castle,小鹰利城,short_title
zNtx1PQ0,Furukawa,古川,short_title
AIzmEXqU,Kojima,哪些,short_title
NY1GGm2P,Mori Castle,森城,keyword
sNI8ZZHb,Ikeda,池田,keyword
Jo0WieRJ,Sakishina,咲科,short_title
JXcJCRXa,Kiso-Fukushima Castle,木曾福岛城,short_title
4nFCr6ZB,Seba,濑波,short_title
qVMNO1bw,Tsumago,妻笼,keyword
xsrz8R6S,Takato Castle,高远城,short_title
kpvsA1WL,Tera,泰拉,short_title
Gc9lqI9K,Fukuchi,福地,short_title
SPg1xeg2,Nirasaki,韭崎,short_title
A3cOvSag,Ichikawa,市川,short_title
6JVWOV78,Odawara,小田原,short_title
Kpqqt4hJ,"A Odawara, the stronghold of the powerful Hojo clan, stands as an impregnable fortress in the Kanto region. With its vast network of walls, moats, and outlying fortifications, it is considered one of the most well-defended castles in Japan. The city below is a thriving center of trade, with merchants, farmers, and artisans benefiting from Hojo governance. Odawara’s strategic location allows the Hojo to control access to eastern Japan, ensuring their dominance over the region.",小田原是北条氏的据点，是关东地区坚不可摧的堡垒。凭借其庞大的城墙、护城河和外围防御工事网络，它被认为是日本防守最严密的城堡之一。下面的城市是一个繁荣的贸易中心，商人、农民和工匠都受益于北条的统治。小田原的战略位置使北条氏族能够控制进入日本东部的通道，确保他们对该地区的统治地位。,keyword
rSHDe4X7,Atami,热海,short_title
wpQ2ndaa,Suga,菅,short_title
w4XrPFPx,Kamakura,镰仓,short_title
0V7RNUk1,Edo,江户,short_title
xs9RSzg0,"Originally developed from a small fishing village as a fortified residence for a local noble of the Heian Period, Edo was later fortified to become the castle town that currently towers over the Musashino Plateau and Edo Bay. The recent turmoil in Kantō has seen Edo shift between the different warring Clans and has severely hampered its development, but the city still retains its enormous potential.",江户最初是由一个小渔村发展而来，作为平安时代当地贵族的防御住所，后来经过强化，成为如今高耸于武藏野高原和江户湾的城下町。最近关东的动乱导致江户在不同的交战氏族之间转移，严重阻碍了它的发展，但这座城市仍然保留着巨大的潜力。,keyword
dIIiTxyA,Shinagawa,品川,short_title
TbCoWKJH,Funabashi,船桥,short_title
aTuhwpl9,Ota,太田,short_title
Jco28GN3,"Originally the seat of the namesake clan, Ota is a castle town in Kantō in close proximity to the vital Tōkaidō road, which connects the region to the capital Kyoto, making it an important military and administrative center.",大田原本是同名氏族的所在地，是关东的一座城下町，紧邻连接该地区与首都京都的重要东海道道路，使其成为重要的军事和行政中心。,keyword
3afDSFUm,Nukada,观点,short_title
OeVsHQQJ,Kuzihama,取代他们,short_title
BEXJ1F23,Okubo,占据,short_title
9iMMapjE,Utsunomiya,长冈,keyword
6B4SIOWm,"First built in the Heian period,  the castle town of Utsunomiya was the seat of the clan of the same name for centuries and one of the most important centres in the Kantō region which exerts control over many of the local land routes.",宇都宫城下町始建于平安时代，几个世纪以来一直是同名氏族的所在地，也是关东地区最重要的中心之一，控制着许多当地的陆路。,keyword
71698EPm,Kanuma,鹿沼,short_title
jVHfshhL,Liyama,利亚马,short_title
9hFMeM35,Shioya,盐谷,short_title
g5NTSS2Y,Minowa,三之轮,short_title
luiLYflb,"Built as the fortified residence of the Nagano clan, the castle town of Minowa has long been a critical stronghold for the control of the surrounding region, which made it a mandatory target in the confrontation between the Uesugi and Takeda clans, until the forces of Takeda Shingen seized Minowa resulting in the demise of the Nagano clan and the death of all its members.",作为长野氏的堡垒住宅，三之轮城下町长期以来一直是控制周边地区的重要据点，这使得它成为上杉氏和武田氏之间对抗的强制性目标，直到武田信玄的军队占领了三之轮，导致长野氏的灭亡和所有成员的死亡。,keyword
BuDdh2hN,Annaka,安中,short_title
IwK2OW0t,Kuragano,仓贺野,short_title
BYtxHdvg,Umayabashi,马桥,short_title
qmGxdT6U,Misaki Castle,三崎城,short_title
m6eYZWMH,Misaki,美咲,short_title
AcrA0peb,Uraga,万岁,short_title
mQQksGbP,Kozukue Castle,小筑城,short_title
UmtiRMvI,Mutsura,六郎,keyword
qsDR6nPt,Kanagawa,神奈川,short_title
JkjaieKD,Motosakura Castle,本佐仓城,keyword
8K5XNHMS,Sakura,樱花,short_title
8uc0Kj7G,Narita,成田,short_title
MKOOPTCF,Toke Castle,土气城,short_title
4Qm8SgWv,Ichihara,市原,short_title
Gv5tERn8,Oyumi,大弓,short_title
CfzXQacm,Siizu Castle,西伊津城,keyword
VBw6AtIt,Kisarazu,木更津,short_title
6OLFNFPW,Shiizu,椎津,keyword
fUMpuOOb,Sanuki Castle,赞岐城,short_title
1s4zTkO1,Sanuki,赞岐,short_title
cPnEh9c9,Futtsu,富津,keyword
Ij0Ax0W7,Okamoto Castle,冈本城,short_title
o9lZQluw,Tateyama,立山,short_title
3vIIUJfX,Hota,保田,short_title
LWEAx25N,Otaki Castle,大泷城,short_title
JaeqMZbL,Kominato,小凑,short_title
1czltRYb,Katsuura,胜浦,keyword
wP9NMb9t,Kururi Castle,久留里城,short_title
mlDukSZk,Kururi,库鲁里,short_title
vRxccLfw,Mariyatsu,真里谷,keyword
zSObBDHa,Iinuma Castle,飯沼城,keyword
2cLzFoE1,Hatsukaichi,二十日市,keyword
vehvdeEq,Iinuma,饭沼,keyword
63kkGmr0,Takahama,高滨,short_title
t7zPXy1y,Hokota,鉾田,short_title
5GFPjyZy,Mito Castle,水户城,keyword
unBMdPnQ,Mito,水户,keyword
S3r12ca1,Nakaminato,那珂凑,short_title
QR0ARLZq,Karasuyama Castle,乌山城,short_title
dr8GFyIJ,Fukuhara,福原,short_title
EalLYsws,Otawara,大田原,short_title
r6clYwLT,Numata Castle,沼田城,short_title
GuVB0o4t,Shibukawa,涩川,short_title
yNbrNqwD,Numata,沼田,short_title
1BrRu6lB,Kunimine Castle,国峰城,short_title
t1inD5Lx,Obata,小幡,short_title
o57onn7Q,Okudaira,奥平,short_title
PWixu1jO,Oshi Castle,忍城,short_title
9FKbt4zD,Fukaya,深谷,short_title
J65jYwD3,Kumagaya,熊谷,short_title
4PWgvY7u,Kawagoe Castle,川越城,short_title
JndaZB2w,Kawagoe,川越,short_title
zRanyUdc,Urawa,浦和,short_title
x0qpsNZw,Kanayama Castle,金山城,short_title
8UOoxztL,Nitta,新田,short_title
rZXDni5c,Tatebayashi,馆林,short_title
fVwXqwlO,Karasawayama Castle,唐泽山城,short_title
xRwhSNem,Akami,赤美,short_title
TuSOLp1h,Sano,佐野,short_title
C8avRQxs,Yuki Castle,结城城,short_title
VWIh1O6T,Mibu,壬生,short_title
CwUpZL5t,Shimodate,下馆,keyword
Rw5bAtwn,Masuko Castle,益子城,short_title
GXGaCaHX,Haga,芳贺,short_title
9OKrr8tM,Mooka,真冈,short_title
S931liPY,Kasama Castle,笠間城,short_title
uapC71GC,Kasama,笠间,short_title
lKDCjpUw,Akasawa,赤泽,short_title
2nt5o1X2,Oda Castle,小田城,short_title
Z31UOoXV,Oda,尾田,short_title
XneOdQah,Tsuchiura,土浦,keyword
UWvQEtSF,Ushiku Castle,牛久城,short_title
5JkMs0GN,Ushiku,牛久,short_title
Q2NujO9N,Yatabe,矢田部,short_title
RvzQHYRy,Iwatsuki Castle,岩槻城,keyword
B0U7VE21,Kogane,小金,short_title
02LbyErE,Matsuyama,松山,keyword
dteKiJUQ,Koga Castle,古河城,short_title
XpOX5VFs,Koga,古贺,short_title
kX8k2MwY,Sekiyado,关宿,short_title
lwTLUV3T,Kashima Castle,鹿岛城,short_title
qtzqW2Oy,Sahara,佐原,short_title
dvlPiU2U,Kashima,鹿岛,short_title
VMkkWy2l,Hachigata Castle,八方城,short_title
KHJX6ldN,Fujita,藤田,short_title
dVLQGITS,Chichibu,秩父,short_title
Ix4mcLNc,Himeji,姬路,short_title
gECCFBvx,"Himeji was originally built in the early Muromachi period by the Akamatsu clan as a small fortified outpost atop Himeyama Hill and along the western route to capital Kyoto, but underwent several demolitions and reconstructions until it reached its present form as a mighty castle town barring the way to would-be invaders.",姬路最初是由赤松氏族于室町时代早期建造的，作为姬山山顶和通往首都京都的西线沿线的一个小型防御哨所，但经历了多次拆除和重建，直到成为现在的招式，成为一个强大的城堡城镇，阻挡了潜在的入侵者。,keyword
LSCpqFPj,Naba,纳巴,short_title
xqyUiSCO,Muro,室,short_title
hl01ZaFi,Aga,但,short_title
wFbatASK,Osaka,大阪,short_title
qMS6rcJ7,Amagasaki,尼崎,short_title
PNF5BqUL,Hirakata,枚方,short_title
NU4XA4XB,Wakae,若江,short_title
m6qrzyCa,Sakai,坂井,keyword
WV6XuHT5,"Sakai, one of the wealthiest and most autonomous cities in Japan, thrives as a center of commerce. The city’s merchant guilds operate independently of the warring daimyōs, maintaining direct trade with China and Portuguese traders. Famous for its high-quality firearms, swords, and luxury goods, Sakai’s economy flourishes even as war ravages the surrounding regions.",堺是日本最富有、自治程度最高的城市之一，作为商业中心而蓬勃发展。该市的商人行会独立于交战的大名运作，与中国和葡萄牙商人保持直接贸易。堺市以其高品质的枪械、刀剑和奢侈品而闻名，尽管周边地区战火蹂躏，但堺市的经济依然蓬勃发展。,keyword
qh0lJtT0,Kusabe,很可怕,short_title
43fknY0a,Haze,阴霾,short_title
gvK789wT,Nara,奈良,short_title
Rfd9cOAd,"Once the great imperial capital of Japan, Nara remains a center of Buddhist influence and cultural heritage. The massive temples of Tōdaiji and Kōfukuji stand as reminders of its former glory, housing powerful monastic factions.",奈良曾经是日本伟大的皇都，现在仍然是佛教影响和文化遗产的中心。东大寺和兴福寺的巨大寺庙让人想起它昔日的辉煌，拥有强大的寺院派系。,keyword
YJwLUC98,Koriyama,它不生长,short_title
HPJqbRGp,Ikaruga,斑鸠,short_title
kEOZW3MW,Imai,今井,short_title
nvCkXHAa,Kyoto,京都,short_title
bYxqhFC3,"Kyoto, once the unrivaled capital of Japan, emerged almost completely destroyed by the struggles for control over the central power. The authority of the Ashikaga Shogunate has crumbled, leaving the city at the mercy of the warring daimyos, while the Imperial Court sits back and watches helplessly. Nevertheless, Kyoto remains the depository of secular traditions and while its days as the true centre of power seem to be over, its religious and cultural influence persists.",京都曾经是日本无与伦比的首都，但由于中央权力的控制权斗争而几乎完全被摧毁。足利幕府的权威已经崩溃，这座城市任由交战的大名摆布，而朝廷则袖手旁观。尽管如此，京都仍然是世俗传统的保存地，虽然它作为真正权力中心的时代似乎已经结束，但它的宗教和文化影响仍然存在。,keyword
UombAy1F,Kameoka,龟冈,short_title
fc4uciRX,Otsu,草本,keyword
SqhunkSg,Yamashina,山科,short_title
fxIwAwp3,Kannonji,观音寺,short_title
8xv7T88d,"A seemingly quiet castle town built atop Mount Kinugasa, Kannonji has been repeatedly embroiled in the conflicts of its ancestral owners, the Rokkaku clan, and only the castle’s natural defenses have allowed it to resist several sieges.",观音寺是一座看似安静的城堡小镇，建在衣笠山顶上，但它却屡次卷入其祖先六角氏的冲突，只有城堡的天然防御才使它能够抵御数次围攻。,keyword
svF9a3AO,Sakamoto,坂本,short_title
zPlJZ4Et,Katata,坚田,short_title
GdmtbPuu,Azuchi,安土,short_title
RL5Xo8fq,Odani,忠诚,short_title
OZsf12k6,"Built as the fortified seat of the Azai clan to rule over the surrounding region, the castle town of Odani sits atop a steep ridge, its defenses making it a formidable stronghold, while its position along key trade routes ensure the growing prosperity of the settlement.",城下町小谷是浅井氏族统治周边地区的要塞，坐落在陡峭的山脊上，其防御工事使其成为一个强大的据点，而其在主要贸易路线上的位置也确保了该定居点的日益繁荣。,keyword
Z6IR3pmc,Nagahama,长滨,short_title
nvn46but,Kunitomo,大部头书,short_title
idWuOFGc,Shiozu,盐津,short_title
4fxOILfF,Shiota Castle,盐田城,short_title
8zJovLxd,Shisou,志总,short_title
fif8CY4b,Iwa,岩,short_title
UORxMVZv,Ikuno Castle,生野城,short_title
B4rIgAXu,Asago,朝来,short_title
kvIfk7Pn,Awaga,鼓励,short_title
b5ROKqKn,Konosumiyama Castle,今乃隅山城,short_title
FQrxDEty,Youfu,阳夫,short_title
AKm44xSa,Shirosaki,白崎,keyword
jIlbYCaV,Takebeyama Castle,竹部山城,short_title
31sB29eI,Miyazu,宫津,short_title
I64Wuxzl,Tanabe,田边,short_title
R4vwFE7h,Gochaku Castle,御着城,short_title
TNmMVECR,Oshio,押尾,short_title
wjCmFvz8,Takasago,高砂,short_title
9HBXGwhM,Miki Castle,三木城,short_title
ZqMNObKk,Miki,三木,short_title
CQHwBFdV,Akashi,明石,short_title
M0osfYXn,Takiyama Castle,泷山城,short_title
TA6vAIHp,Hyogo,兵库县,short_title
HCBBJbxX,Arima,久留米,short_title
PKP1FMJk,Akutagawayama Castle,芥川山城,short_title
1lijcoPq,Itami,伊丹,short_title
8RAd0mOi,Tona,戸名,short_title
eqwquYnl,Kutsuki Castle,久月城,keyword
ssuKNazT,Kaizu,海津,keyword
XqDclA04,Sawayama Castle,泽山城,short_title
kJ7GSg2b,Taga,多贺,short_title
eiBJgTd6,Koura,高浦,short_title
VDk55ikU,Shigisan Castle,信贵山城,short_title
8BeZLj90,Tomi,富美,short_title
d6koZFZX,Heguri,赫古里,short_title
X1XNarZc,Takaya Castle,高屋城,short_title
H96dzZca,Kyuhouji,久法寺,short_title
hJXbIbcC,Tondabayashi,富田林,short_title
JHkqe79H,Kishiwada Castle,岸和田城,short_title
jxkb3kzF,Kaizuka,贝冢,keyword
zDhlobyA,Tannowa,淡轮,short_title
PYM45AKb,Sumoto Castle,洲本城,short_title
AvIvF9cQ,Yura,由良,short_title
4E2Osk84,Fukura,福仓,short_title
3XWs4TyE,Iwamuro Castle,岩室城,short_title
LZQI2qYV,Koda,科达,short_title
JiCy0cGU,Kinominato,木之凑,short_title
My5AlIjm,Toya Castle,洞爷城,short_title
dfHStZUp,Yuasa,汤浅,short_title
dXkBXUQ2,Kii-Yura,纪伊由良,keyword
td8qkkz0,Toba Castle,鸟羽城,short_title
scbRMDG2,Kunisak,抓住我,short_title
Z06Isd7R,Ominato,不祥的,short_title
t2ioc3tv,Tsu Castle,津城,keyword
vYdmdRjj,Aritaki,领导,short_title
mV7Ib8JR,Hosokumi,细久美,short_title
hN7GTqtN,Anotsu,安野津,keyword
iYjZ69ZO,Ueno Castle,上野城,short_title
WhNyyoAt,Nabari,明显地,short_title
t93lkmYo,Tsuge,柘植,keyword
5Dg2vkaC,Hino Castle,日野城,short_title
DT6ynFvP,Minakuchi,水口,short_title
vecUUwJp,Otowa,音羽,short_title
rogs3NNl,Sakuma-Kameyama Castle,佐久间龟山城,short_title
4VCQnnAN,Shirako,白子,short_title
8ikUEhbQ,Kusu,一块,short_title
tJBWAjyZ,Nagashima Castle,长岛城,short_title
ZnlA58aj,Kuwana,桑名,keyword
P5GkX0F8,Nakaei,中荣,short_title
1VIjjKWB,Shoryuji Castle,升龙寺城,short_title
JrStOL0U,Oyamazaki,大山崎,short_title
02pX6hRh,Uji,宇治,short_title
RmvKSL4R,Kii-Kameyama Castle,纪伊龟山城,keyword
HbMqTOlK,Gobo,蘑菇,short_title
bbUOxTCp,Koyama,小山,short_title
7o1ufRGz,"Koyama is strategic stronghold in Southern Kyushu, nestled in the rugged terrain of Higo Province, where mountain passes connect inland domains to the western coast.",小山是九州南部的战略要塞，坐落在肥后省崎岖的地形上，山口将内陆地区与西海岸连接起来。,keyword
a0MVffcN,Backstreet,后街,short_title
LWHIVshb,Clearing,清算,short_title
Rr1cy5Sk,Waterfront,海滨,short_title
j25R8lHH,Takasu,高须,short_title
kWIpce0W,Aira,艾拉,short_title
LUmsTlq0,Kanoya,独木舟,short_title
DvfCu92X,Uchi,蜂蜜,short_title
L6kjepZF,Kawakami,川上,short_title
p6O0gMzu,Imuta,学习,short_title
eJyaOfUD,Chiran,知览,short_title
9w6vlX8J,Sadowara,佐渡原,short_title
7zKX3k7y,"The castle town of Sadowara, located in the southern portion of Kyushu, has served as the seat of the Itō clan for generations. Benefiting from fertile plains and proximity to maritime routes, Sadowara has flourished as both an administrative and agricultural center becoming the epicenter of the Itō clan's expansion attempts in the region.",位于九州南部的城下町佐渡原，世代以来都是伊藤氏族的居所。得益于肥沃的平原和靠近海上航线的优势，佐渡原作为行政和农业中心而蓬勃发展，成为伊藤氏族在该地区扩张尝试的中心。,keyword
4XJg880P,Miyazaki,宫崎,short_title
SVbVfUM2,Kiwaki,猕猴桃,short_title
BNks4KgV,Yuyae,汤八江,short_title
bXE3Eti6,Hitoyoshi,人吉,short_title
reqICg9a,"A castle town nestled deep in the mountains of South-western Kyushu, Hitoyoshi has served as the seat of the Sagara clan since the Kamakura period. It is said that during the construction work a moon-shaped stone was unearthed, thus giving rise to the alternative folk name of moon castle. Popular tales aside, Hitoyoshi stands as an imposing fortification that has only once been attacked by an enemy and with a fatal outcome.",人吉是一座坐落在九州西南部山区深处的城下町，自镰仓时代以来一直是相良氏的所在地。据说，在修建过程中，挖出了一块月亮形状的石头，因而有了“月亮堡”的俗名。撇开流行的故事不谈，人吉是一座雄伟的防御工事，只被敌人袭击过一次，并造成了致命的后果。,keyword
4HuxiIxy,Okoba,大河内,short_title
oFXG6Da7,Kinoue,木上,short_title
5eaNziO9,Yamada,山田,short_title
sgEq01Iv,Nyushima,入岛,short_title
1OHDyEtH,"Benefiting from its position along key maritime trade routes and its proximity to the island’s northern provinces, Nyushima has grown into a prosperous castle town, also thanks to the influence of the Ōtomo clan, that has promoted the town as a center of local governance.",得益于其在主要海上贸易路线上的位置以及靠近该岛北部省份的优势，入岛已发展成为一个繁荣的城下町，这也得益于大友氏族的影响力，该镇已成为地方治理的中心。,keyword
ffcYS6qW,Hikiji,引地,short_title
sRoPcqQk,Isshiyakuya,一役屋,short_title
HHWkdmFT,Kiidani,木谷,keyword
DFE7hHDt,"Nestled within the rugged highlands of northern Kyushu, Kiidani has long served as a fortified settlement, guarding the access to the western island of Japan. Its position overlooking vital inland routes has given it strategic relevance amid the growing contest for control over Kyushu and has already turned Kiidani into a conflict point between the Ouchi and Otomo in the past.",木谷谷坐落在九州北部崎岖的高地上，长期以来一直是一个防御工事的定居点，守卫着通往日本西部岛屿的通道。它俯瞰重要内陆路线的位置使其在九州控制权争夺日益激烈的情况下具有战略意义，并且过去已经使木井谷成为大内氏和大友氏之间的冲突点。,keyword
ASyaMblp,Honjo,庄内,short_title
ZqZ1vTUG,Hirotsu,广津,keyword
mlSVyux6,Urustu,管理,short_title
p7K9495f,Yanagawa,柳川,short_title
HsmYTQSG,Shiozuka,盐冢,short_title
ul6hJmhX,Sarukaki,猿崎,short_title
FfxSAyD5,Tachiarai,立荒井,short_title
k2e9Z4Cn,Kumamoto,熊本,keyword
JwSGTyTV,"Well-positioned between coastal trade routes and mountain strongholds of western Kyushu, Kumamoto has enjoyed steady growth thanks to the flow of trade and local production that made it a thriving and well-defended castle town.",熊本位于沿海贸易路线和九州西部山地要塞之间，地理位置优越，贸易流通和当地生产使其成为一个繁荣且防御严密的城下町，一直保持着稳定的增长。,keyword
r0VfhBU0,Mifune,已删除,short_title
RGjU5dz5,Umeo,熟练,short_title
DAWFhgck,Kikuchi,菊地,short_title
tfwfgbGr,Tachibanayama,立花山,short_title
QK5trJCE,"Perched on a prominent hill in northern Kyushu, Tachibanayama was originally built for its namesake Tachibana clan as a fortified town, whose control over the surrounding areas remains vital for securing key trade routes and access to both land and sea.",立花山坐落在九州北部的一座著名山丘上，最初是为其同名立花氏族建造的一座防御城镇，立花山对周边地区的控制对于确保主要贸易路线以及陆地和海上通道的安全至关重要。,keyword
vAe5refA,Mizuki,水木,short_title
CpUJiWgf,Komono,菰野,short_title
eL3o2vmZ,Muranaka,村中,short_title
kw7kEnWY,"Muranaka has long served as a local stronghold in Western Kyushu, functioning as a minor seat of governance under the protection of the Aso clan, whose authority once extended across the central highlands. With the Aso clan’s power sharply declined under pressure from the Shimazu to the south and the Ōtomo to the east, Muranaka is now left vulnerable.",村中长期以来一直是西九州的地方据点，在麻生氏的保护下充当小统治所在地，其势力一度遍及中部高地。由于麻生氏的势力在南部的岛津河和东部的大友河的压力下急剧下降，村中现在变得脆弱不堪。,keyword
XVb1ehch,Tokushima,德岛,short_title
0aitRUqP,Sarushi,猿,short_title
NjWKX8LI,Hinoe,日野江,short_title
rRdiqxwR,"The castle town of Hinoe sits on the west coast of Kyushu on the Shimabara Peninsula. Built in the early Kamakura period, Hinoe has since served as the home base and major source of profits for the Arima clan, who from here controlled maritime trade routes and more recently the Nanban foreign trade.",日野江城下町位于九州西海岸的岛原半岛。日野江建于镰仓时代早期，自此成为有马氏族的大本营和主要利润来源，有马氏族从这里控制海上贸易路线，以及最近的南蛮对外贸易。,keyword
EjeToav7,Kuchinotsu,口之津,keyword
9YfwfCjt,Koujiro,小次郎,short_title
UxE57P3d,Hamano,滨野,short_title
oAgVFI62,Tomita Castle,富田城,short_title
rRgHbmlr,Nejime,根吉姆,short_title
WZH3w9tF,Noma,野间,short_title
MoJR4iq9,Shibushi Castle,志布志城,short_title
tQmhIOIF,Shibushitsu,指室,keyword
OIi5cXVf,Anraku,安乐,short_title
72CP6gNY,Kasedaga Castle,卡世达加城,short_title
1Fr3VoTo,Tarumizu,垂水,short_title
hLETw6Gd,Nogata,野方,short_title
Z6xvSsd1,Miyakono Castle,宫古野城,short_title
GKxseaL3,Umekita,梅北,short_title
NH7hv1F0,Takarabe,宝部,short_title
VDOHxziL,Kajiki Castle,加治木城,short_title
yIiSFFeh,Kamou,加茂,short_title
NahCzVBn,Hiramatsu,平松,keyword
V4l3uOOV,Izaku Castle,伊作城,short_title
DHj4tjcO,Tajiri,田尻,short_title
J9ojWArl,Bonotsu,芳津,keyword
YlHG1uim,Ei Castle,頴娃城,short_title
1PXeijMQ,Yamagawa,山川,short_title
f1qlejME,Ibusuki,指宿,short_title
cVBxmTT1,Iino Castle,饭野城,keyword
fCbUH9xs,Ikejima,池岛,short_title
ABY7N8bq,Shiratori,白鸟,short_title
kQ3nFXBb,Ichiuji Castle,一氏寺城,short_title
5cBCgUn1,Kushikino,紧握,short_title
fzrGQOuD,Fujikawa,藤川,short_title
e0V4GJYO,Izumi Castle,和泉城,short_title
FKAHnPeI,Akune,帐户,short_title
HT1TJQRB,Dozaki,土崎,short_title
m9VjNH76,Obi Castle,饫肥城,short_title
cXYrWwnD,Sakatani,坂谷,short_title
hih1prHh,Aburanotsu,油乃津,keyword
0peuGHvI,Kiyotake Castle,清武城,keyword
JHhvCoXG,Kagamizu,加贺水,short_title
o7OrcwcK,Soi,巷,short_title
UVF2azp9,Aya Castle,绫城,short_title
3DfoUkQy,Nojiri,野尻,short_title
UysYG0ST,Minou,猫咪,short_title
0LHvahhd,Kadogawa Castle,门川城,short_title
qiAah3xb,Shiomi,盐见,short_title
8sz0tXhd,Sasouzu,佐曾津,short_title
J0Mo41hV,Nabe Castle,鍋城,short_title
RnY20xbi,Kume,久米,short_title
xRmEtOTl,Okuchi Castle,大口城,short_title
7CLX8g0B,Hatsuki,初木,keyword
UiKJPgNh,Ushikusoin,牛久院,short_title
dENmoFnW,Furufumoto Castle,古府本城,short_title
VtJMB9Su,Tokubuchitsu,德渊,keyword
MnzEGhcs,Sashiki,佐敷,short_title
kXl5DF4d,Tsurusaki Castle,鹤崎城,keyword
3E9YRaFR,Terajihama,寺治滨,short_title
TLZ8fwHD,Senzai,仙哉,short_title
r0l7lIjW,Oka Castle,冈城,short_title
RJwm8sOR,Fujikita,藤北,short_title
OHnTDMNl,Ichimada,市田,short_title
6weMf3aJ,Kitsuki Castle,杵筑城,keyword
QsnLEOc2,Nata,纳塔,short_title
GP8I3F8l,Takada,高田,short_title
HrvBj1b6,Takaidake Castle,高井城,short_title
dCD739MX,Ishimatsu,石松,keyword
MfCOiZMx,Yamashita Castle,山下城,short_title
eBLaHjSJ,Mizoguchi,沟口,short_title
YIGWJwKV,Yabe,矢部,short_title
EOUbYBPk,Tamaoka Castle,玉冈城,short_title
5OrsY3Wz,Maki,真木,short_title
Ucg7oX28,Takaba,寡妇,short_title
LKUxUR8Y,Kawaradake Castle,河原岳城,short_title
aopAmhHp,Okurayama,大仓山,short_title
XqBNIq9G,Ousaka,大坂,short_title
Eux6uT73,Matsuyama Castle,松山城,keyword
0QTdZKo2,Moji,门司,short_title
aALll4Gm,Nagano,长野,short_title
lJKoL9IH,Hasuike Castle,莲池城,short_title
qTl7CJAl,Kanoe,独木舟,short_title
5u0Pc117,Sakimura,崎村,short_title
Qhvj6XO9,Seifukuji Castle,青福寺城,short_title
SBckHhdZ,Chifu,首席,short_title
2lDJWmDh,Imayama,它站着,short_title
bsA0vCZ7,Kajimine Castle,鹿峰城,short_title
TMiJJOHo,Hazama,狭间,short_title
kYDrfyq9,Haruke,春克,short_title
MBqlRZU5,Sanjo Castle,三条城,short_title
nBaMGgNo,Iwamatsu,岩松,keyword
b7yO79tn,Nagasaki,长崎,short_title
40woqJi6,Suko Castle,须古城,short_title
0AIh4sLQ,Ojima,小岛,short_title
pyqR4PGc,Kishima,木岛,short_title
DhFnievF,Mifune Castle,御船城,short_title
j1XEMyqn,Mashiki,益木,short_title
Tr73jAZQ,Udo,乌多,short_title
TvyJMitP,Iwao Castle,岩尾城,short_title
y19oi5PN,Katashida,片田,short_title
ROS1fAAN,Kusa,几乎,short_title
Xycc7oGz,Nakamura,中村,short_title
r2zh2zgG,Kashiwajima,柏岛,short_title
htHL9YA2,Simizu,清水,short_title
v1JzXhFl,Irino,入野,short_title
2W7Fq6SK,Kurose,黑濑,short_title
lhPHAUHU,"Located in the inland reaches of Shikoku, Kurose is a strategically placed castle town that provides control over the inland routes and a valuable defensive position against neighbouring domains.",黑濑位于四国的内陆地区，是一座战略位置优越的城下町，可以控制内陆路线，并且是对抗邻近藩的宝贵防御阵地。,keyword
nP4eDvur,Itashima,板岛,short_title
5RlNrax2,Yawatahama,八幡滨,short_title
Y3U6iVbc,Hoketsu,宝结,keyword
buxaDLVS,Yuzuki,柚木,short_title
nyUeGzWY,"Yuzuki is a fortified port town in western Shikoku, built by the Kōno clan as as a gateway to maritime commerce. Despite its modest size, Yuzuki has prospered thanks to the Kōno clan's unofficial alliance with local pirates and the castle's defensive position.",柚木是四国西部的一座港口城镇，由河野氏族建造，作为海上贸易的门户。尽管规模不大，柚月却因河野氏族与当地海盗的非正式联盟以及城堡的防御地位而繁荣起来。,keyword
cOkHyAGW,Ebara,荏原,short_title
nlTcnzDH,Masaki,正树,short_title
wQMWYpmM,Mitsuhama,三津滨,keyword
BkQ18hKt,Okou,当然,short_title
wWXECumA,"Okou is a castle town located in a a key strategic location in the southern part of Shikoku, that has been serving as the ancestral seat of the Chōsokabe clan since the Kamakura period. Okou recently played a crucial role in the consolidation of power by Chōsokabe Motochika.",大高城是位于四国南部战略要地的城下町，自镰仓时代以来一直是长宗我部氏的祖地。大高城在长宗我部元亲巩固势力的过程中发挥了重要作用。,keyword
q6ybFEVI,Urado,浦户,short_title
7XDTcaQb,Motoyama,本山,short_title
nmm8Bu6b,Kouso,库索,short_title
uqoP6awr,Amagiri,天雾,short_title
QF8vgBEz,"Amagiri is a fortified town on top of the namesake Mountain, built by the Kagawa Clan as its seat in the Northern part of Shikoku. Thanks to its strategically fortified location and access to the Inland Sea coast, Amagiri is an important centre for controlling the surrounding territory and trade routes.",天雾是一座位于同名山山顶的防御城镇，由香川氏族建造，作为四国北部的所在地。由于其战略要塞和通往内海沿岸的通道，天雾是控制周边领土和贸易路线的重要中心。,keyword
AnrHVvKK,Nio,仁王,short_title
aMpkMmHq,Tadotsu,多度津,keyword
0R2n2Ghr,Ushiki,粘性,short_title
McWUwCaM,"Ushiki is a castle town in eastern Kyushu built by the Daimyo Ōtomo Sōrin as the main base for his expanding domain. Located on what is virtually an island connected to the rest of Kyushu only during low tides, Ushiki dominates the eponymous bay.",牛城是九州东部的一座城下町，由大名大友宗凛建造，作为其扩张藩的主要基地。牛木位于一个几乎只有在退潮时才与九州其他地区相连的岛屿上，占据着同名海湾的主导地位。,keyword
ku69fD7c,Tachibana,立花,short_title
x0ujuUWA,Hirashima,平岛,short_title
vOc88PUp,Yuki,由希,short_title
KDinodgg,Himenono Castle,姫野々城,short_title
k2dvsiaD,Yotsu,与津,keyword
vEYNurYp,No Description,无描述,short_title
nAzazSPE,Susaki,须崎,short_title
gv26VlxV,Ozu Castle,大洲城,short_title
kPVN94M0,Uchiko,内子,short_title
xnMIkc2w,Tokiwa Castle,常盘城,short_title
IOanxV4Y,Fukaura,深浦,short_title
zmnn621o,Sukumo,宿毛,short_title
PLiqyrst,Kokubuyama Castle,科布阿玛城,short_title
VtFXe1Li,Imabari,今治,short_title
FmvBJPlM,Oura,大浦,short_title
WZE9iw0B,Kira Castle,基拉城,short_title
Tz4Dextk,Ino,井野,short_title
Dt7tVVZ2,Usa,美国,short_title
mFN2WlLP,Kaneko Castle,金子城,short_title
jdzhgkfo,Niihama,新居滨,keyword
NR5KAE14,Kawanoe,川之江,short_title
ehKkRG65,Onishi Castle,大西城,short_title
3Gtl1ZWV,Umaji,马路,short_title
Ydi2eMWL,Shuzu,守津,short_title
o1iKzaRQ,Aki Castle,安艺城,short_title
FMZ0ghV3,Inoguchi,猪口,short_title
NbT4Swom,Nahari,奈哈里,short_title
PlKW3dYT,Sakihama Castle,崎滨城,short_title
BwdDTePk,Murotsu,室津,keyword
tC73LOrW,Kannoura,菅浦,short_title
cvw8Hsv2,Sogo Castle,崇光城,short_title
hxnWpK6g,Kozai,科西,short_title
hE6MmVcF,Shido,士道,short_title
PaZTWp5t,Tosadomari Castle,土佐泊城,keyword
5Y2Acdc9,Bekku,别克,short_title
yMHAPvF7,Komatsushima,小松岛,keyword
5avzU4Vd,Kurokawa,黑川,short_title
eIQDsF1J,"The castle town of Kurokawa was built by the Ashina clan as its seat in the southernmost part of Ōu region, an isolated area that ensured that Kurokawa could grow while avoiding the worst of the conflicts between neighbouring lords.",黑川城下町是由芦名氏族在奥地区最南端建造的，作为其所在地，这是一个与世隔绝的地区，确保黑川能够发展，同时避免邻近领主之间最严重的冲突。,keyword
qZJxFCAP,Kouzashi,神指,short_title
lUgrIbsy,Shingu,新宫,short_title
x3I1aFDf,Sakigawa,崎川,short_title
RCqlfDCy,Yonezawa,米泽,keyword
mq4zhe9z,"Built during the Kamakura period, the castle town of Yonezawa has served as the seat of the Date clan since they drove out the previous lords and from here they plan the domination of neighbouring domains.",米泽城建于镰仓时代，是伊达氏族的所在地，他们驱逐了前代领主，并从这里计划统治邻近的藩。,keyword
ucQBmrCG,Nagai,永井,short_title
F5azEbwE,Komatsu,小松,keyword
2vWUQEjx,Takahata,高畠,short_title
dzB5r5rJ,Yamagata,山形,short_title
gaUB4BnH,Kashikura,柏仓,short_title
df4bDfVc,Narusawa,鸣泽,short_title
tVLZhzFJ,Iwanami,岩波,short_title
dedDT7v0,Ishinomaki,石卷,short_title
P7woV3wC,"Ishinomaki is a bustling coastal town in the southern part of the Ōu region that has grown as an important port for trade and fishing as Matsushima Bay provides natural protection and  the Kitakami River serves as a vital route for transporting goods inland. Although its strategic location has ensured its prosperity, it also makes it an important military target for the plans of expansion of the local clans.",石卷是奥羽地区南部的一个繁华的沿海城镇，由于松岛湾提供自然保护，而北上市河是内陆货物运输的重要路线，因此它已发展成为重要的贸易和渔业港口。虽然其战略位置保证了其繁荣，但也使其成为当地氏族扩张计划的重要军事目标。,keyword
uz57gbic,Monou,莫努,short_title
I7PkmB8a,Yokoura,横浦,short_title
7rgGkG5A,Hagihama,萩滨,short_title
iIBfwKXU,Sakata,坂田,short_title
mv5V2ut6,Fukiura,吹浦,short_title
HYWVIvb5,Kamegasaki,龟崎,short_title
hMUcPr79,Dewa-Oura,出羽大浦,short_title
KGp4U6ZT,Tzuchizaki-Minato,土崎港,short_title
31TCIXhh,Wakimoto,胁本,short_title
74v8alVP,Akitanada,秋棚田,keyword
H1j9IJpL,Toyoshima,丰岛,short_title
YUFX5LdB,Sannohoe,三户,short_title
REnRF8j7,Okuze,曾经,short_title
g5nOB4NF,Tonai,户内,short_title
JD0A5H5Z,Tago,田子,short_title
d2r4B3vq,Tosaminato,十三湊,keyword
oUeaHLhb,"Located in the northernmost reaches of Honshu, Tosaminato serves as a key trade hub with the Ainu people of Hokkaido although the harsh winters and isolation make it difficult to defend, leaving it vulnerable to raids. Once a thriving port and administrative center of the Andō clan, Tosaminato has declined following the clan’s expulsion.",土佐港位于本州最北端，是北海道阿伊努人的重要贸易枢纽，尽管严冬和与世隔绝使其难以防御，容易遭受袭击。土佐港曾经是安藤氏族的繁荣港口和行政中心，随着安藤氏族被驱逐而衰落。,keyword
PUlURumW,Minma,米玛,short_title
fBj65a4D,Isamatsu,矶松,keyword
1SYbPUL2,Ushiogata,潮形,short_title
cSv4dDYF,Funaoka Castle,船冈城,short_title
bQNPHfvT,Sekishiba,关芝,short_title
QaEH7Dir,Funaoka,船冈,short_title
Yz5C61wb,Inawashiro Castle,猪苗代城,short_title
0nigus9o,Shirozu,白津,short_title
DYJqFlFJ,Inawashiro,猪苗代,short_title
s7rze40X,Nihonmatsu Castle,二本松城,keyword
PyJrv2Zi,Adachi,安达,short_title
6EjtiE1h,Nihonmatsu,二本松,keyword
yHyulJvD,Miharu Castle,三春城,short_title
umB4cBex,Tamura,田村,short_title
4JR9iFkF,Sukagawa Castle,须贺川城,short_title
Epzs9bvB,Asaka,朝霞,short_title
gJ8oFcbF,Iwase,岩濑,short_title
YYwosnpB,Iinotaira Castle,饭平城,keyword
uJ6CdWHi,Shirado,白户,short_title
7Hq10uGX,Funao,功能,short_title
f2CeLPNG,Odaka Castle,小高城,short_title
i3yQgaJa,Kusano,草野,short_title
QF5ogRWa,Odaka,泥巴,short_title
WyYgoD82,Soma-Nakamura Castle,相马中村城,short_title
C2H4DaQK,Kakeda,挂田,short_title
6lW35QHG,Nakamuta,中牟田,short_title
2O1LTj6A,Yanagawa Castle,柳川城,short_title
QOPgjGHV,Nishiyama,西山,short_title
bD7XR9fp,Marumori,丸森,keyword
UZpcsghh,Watari Castle,渡城,short_title
FXqfnZn9,Sakatsuda,坂津田,keyword
ZwoRpuj0,Watari,亘理,short_title
oaO9LGPD,Tendo Castle,天童城,short_title
bK3dj8lF,Shiraiwa,白岩,short_title
gBu1s21m,Aterazawa,阿寺泽,short_title
uUTWektF,Iwakiri Castle,岩切城,short_title
OMLWJ5Fr,Shiogama,盐灶,short_title
vsV1qXqp,Sendai,仙台,keyword
iB14AOiv,Nakaniida Castle,中新田城,keyword
FvBaL0TE,Ohira,大平,short_title
sofCUqLo,Iwadeyama Castle,岩出山城,short_title
76tvhW5p,Ichikuri,仍在增长,short_title
Z4W1hXLz,Isoda,苏打,short_title
eehsgWjf,Takashimizu Castle,高清水城,short_title
wqtco3R9,Miyazawa,宫泽,short_title
WyzxYdII,Furukawa,古川,short_title
KySQHYm3,Teraike Castle,寺池城,short_title
nWaehi3F,Sanuma,佐沼,short_title
hodlaZbm,Matsuzaki,松崎,keyword
bdNND23Q,Nobesawa Castle,延泽城,short_title
9FV8t8dZ,Ohanazawa,大花泽,short_title
pJZ7r6bs,Nobesawa,延泽,short_title
xyaQJs4i,Sakenobe Castle,酒延城,short_title
Zofovajl,Kisakata,喜坂,short_title
UKEAbrPY,Niwatsuki,庭月,keyword
RDni1NjO,Nikaho Castle,仁贺保城,short_title
Slnm1ecp,Akaotsu,赤大津,keyword
ocaoj1QX,Kanaura,卡纳乌拉,short_title
v3MePHaA,Inaniwa Castle,稲庭城,short_title
vjlhfzst,Iwasaki,岩崎,short_title
Euog4rMA,Yokote Castle,横手城,short_title
Izs9VpaL,Inooka,井冈,short_title
6gi0UGoC,Nabekura,锅仓,short_title
P9LlpXym,Akaiwa Castle,赤岩城,short_title
BONgbdKq,Karakuwa,唐桑,short_title
hEKTynbL,Kesennuma,气仙沼,short_title
ZT8MEupe,Yokota Castle,横田城,short_title
7CRT9rFq,Tono,应用,short_title
7wjzzonU,Otsuchi,大土,keyword
c6WgdqDP,Sentoku Castle,圣德城,short_title
UogO5FoZ,Takusari,拓刈,short_title
5c3BJNVM,Miyako,宫子,short_title
2UZWHWxt,Kousuiji Castle,高水寺城,short_title
pbXTKvQy,Kozukata,小津方,short_title
AzsAhFFD,Toyagasaki,户矢崎,short_title
Aq4agpBP,Kakunodate Castle,角馆城,keyword
FVZd8Tl0,Naraoka,被取出来了,short_title
o9liYcr7,Tomaki,富木,short_title
Ob5vJ7q3,Hiyama Castle,桧山城,short_title
YxF2cu41,Noshiro,能代,short_title
0V9ZvruS,Yonaizawa,米内泽,short_title
ld7y4DJs,Odate Castle,大馆城,keyword
uces05JF,Hanaoka,花冈,short_title
YlXMYatL,Sugisawa,杉泽,short_title
YSsAfEU9,Kunohe Castle,九户城,short_title
QZ9ZAS3I,Joho-ji,净法寺,short_title
kcAqbMj0,Kuzumaki,葛卷,short_title
MR2TmeTe,Kuji Castle,久慈城,short_title
IrLmW3mx,Kuji,久慈,short_title
uk7bwWFE,Tamagawa,玉川,short_title
4gUUbuqA,Ne Castle,内城堡,short_title
pAmrC57D,Hachinohe,它不存在,short_title
Yyc80YCh,Shichinohe Castle,七户城,short_title
j8k6HP7X,Yokohama,横滨,short_title
aUExdpE1,Nobeji,野边二,short_title
fVzszw07,Oura Castle,大浦城,short_title
0gDY3o31,Azhigasawa,阿智泽,short_title
2YQh9dGU,Icchoda,一町田,short_title
FHNWihyd,Namioka Castle,波冈城,short_title
EUW4qdGe,Aburakawa,油川,short_title
hXqRZVEA,Hirota,广田,short_title
FTjRvoSv,Junpo-ji Castle,淳宝寺城,short_title
w65n9Jva,Ohata,大畑,short_title
ojRLdFub,Hideout,藏身处,short_title
8dDNWHR4,The Retreat,静修处,short_title
47t2GEk5,"I served a small fudai domain for twelve years. My lord was a decent man, but his chief councillors were parasites who spent more time arguing over stipends than preparing for the storm that is coming.",我在一个小小的福代藩服务了十二年。我的主人是一个正派的人，但他的首席议员都是寄生虫，他们花更多的时间争论津贴，而不是为即将到来的风暴做准备。,keyword
irhL16IF,"When Commodore Perry arrived, I said we should modernize our troops. When Choshu began arming with Western weapons, I said we should do the same. They called me reckless. Then they bought rifles themselves and pretended it had been their idea all along.",当佩里准将到达时，我说我们应该对我们的军队进行现代化改造。当中国开始装备西方武器时，我说我们也应该这样做。他们说我鲁莽。然后他们自己买了步枪，并假装这一直是他们的主意。,keyword
q4PcHv5B,"I was born the son of a village headman, but I studied in a domain school where the teachers spoke of loyalty to the Throne and the corruption of Edo.",我出生于一个村长的儿子，但我在一所藩校学习，那里的老师谈论对王位的忠诚和江户的腐败。,keyword
8LJhHcdn,"The Shogunate signs treaties with foreigners, bows to foreign demands, and allows foreign ships into our waters. Every year the old order grows weaker, yet the officials tell us to remain calm.",幕府与外国人签订条约，屈服于外国的要求，并允许外国船只进入我们的水藩。旧秩序一年比一年弱，但官员却告诉我们要保持冷静。,keyword
ZshQMkvF,"I have not joined any conspiracy. Not yet. But if a man truly intends to restore honor to the realm, I would hear him out before I hear another speech from a Tokugawa bureaucrat.",我没有参与任何阴谋。还没有。但如果一个人真的想恢复国家的荣誉，我会在听到德川官僚的另一次演讲之前先听他说完。,keyword
4u0yW6NO,"A disappointing thing, that so few are willing to die for His Imperial Majesty.",令人失望的是，愿意为皇帝陛下而死的人太少了。,keyword
mwP0qLdr,"Let me tell you something - I'm sick of cowardice, sick of those who don't come forth to serve their Emperor.",让我告诉你一件事——我厌倦了懦弱，厌倦了那些不出来侍奉他们的皇帝的人。,keyword
9LgUgtje,The Emperor sits in Kyoto while weak men rule in his name.,天皇坐在京都，弱者以他的名义统治。,keyword
QYtKUuSG,"These days everyone talks about restoring this or expelling that. Fine words. But when merchants are robbed and villages burn, it is still Tokugawa officials who restore order.",现在大家都在谈论恢复这个或驱逐那个。好话。但当商人被抢劫、村庄被烧毁时，恢复秩序的仍然是德川官员。,keyword
5wQ8SVFg,"The Shogunate is imperfect. So is every government ever created by men. I have no love for corrupt magistrates, but I fear chaos more than I fear reformers.",幕府是不完美的。每一个由人类创建的政府也是如此。我不喜欢腐败的地方官员，但我害怕混乱胜过害怕改革者。,keyword
DVoKPeYg,"The Shogunate will stand with or without me. It has reigned for 250 years, and it will undoubtedly rule for another 1000.",无论有没有我，幕府都会支持。它已经统治了250年，而且毫无疑问还将再统治1000年。,keyword
76PZeDr8,"Some swore the Emperor must rule directly. Others said the Tokugawa alone kept the peace. I came to master the blade, not speeches.",有些人发誓必须由皇帝直接统治。其他人则说德川独自维持了和平。我是来掌握刀锋的，而不是演讲的。,keyword
cyE7XNwX,Infanterie de Ligne,线列步兵,short_title
qaYb5hje,Chasseurs a Pied,徒步猎人,short_title
BUWEaHih,Dragons de l'Imperatrice,皇后的龙,short_title
UtOwd7s7,Royal Marines Light Infantry,皇家海軍陸戰隊輕步兵,short_title
AxePLDNN,Royal Marines Light Infantry Veteran,皇家海軍陸戰隊輕步兵老兵,short_title
yAchbdS0,Matsudaira Yoshinaga,松平义长,keyword
92Plru2R,Hosokawa Tsuneko,细川常子,keyword
m28lOKlG,Matsudaira Yasu,松平泰,keyword
PeZKtHl4,Matsudaira Mochiaki,松平持昭,keyword
10GS8hh6,Koga Sachiko,古贺幸子,short_title
zHzGUOYl,Honda Fukumoto,本田福本,short_title
nTqCvCWT,Honda Kiyoko,本田清子,keyword
byu8D8HC,Honda Tomiyoshi,本田富吉,keyword
maSOGXrZ,Honda Chiyo,本田千代,keyword
X5qVfju7,Honda Fukumasa,本田福正,short_title
K5vrtqxW,Honda Otatsu,本田大辰,keyword
MxewE2UB,Honda Fukuyoshi,本田福吉,short_title
LrsfIPm8,Honda Fukuyasu,本田福康,short_title
FjN0SPCO,Koma Takakatsu,驹高胜,keyword
edubnNQh,Koma Yoshiko,驹芳子,short_title
DGRdBFWD,Koma Rinnosuke,驹凛之介,short_title
YiN0QUpV,Koma Haruko,驹晴子,short_title
htAMl2eb,Koma Takamune,返回高宗,short_title
Bhxb1sTw,Nakane Yukie,中根由纪惠,short_title
aCNFnmpJ,Nakane Tose,东濑中根,short_title
eqgaZO03,Nakane Morotatsu,中根诸辰,keyword
NagaZO03,Nakane Cho,中根町,short_title
MNaaZO03,Nakane Mitsu,中根满,keyword
FXVHs6Rl,Yokoi Shonan,横井湘南,short_title
pTApzZjo,Yajima Tsuseko,矢岛津子,keyword
ZctOTbV9,Yokoi Tokio,横井东京,short_title
zCTOTbV9,Yokoi Miya,横井美弥,short_title
jGCv6Uil,Hasebe Yoshitsura,长谷部义连,keyword
YuKkGPsJ,Yuri Kimimasa,尤里君正,short_title
jaNkGPsJ,Murata Ujihisa,村田氏久,short_title
8NfTd97s,Sakai Tadauiji,堺忠荣寺,keyword
khSBd7oA,Sakai Ryoko,酒井良子,keyword
zgHNjeAc,Sakai Tadaaki,酒井忠明,keyword
Ozp8uVH2,Sakai Eiko,酒井英子,keyword
3t8eBlK9,Sakai Tadamichi,酒井忠道,keyword
50rxSxoL,Sakai Hisako,酒井久子,keyword
YS6J1DSx,Sakai Hisao,酒井久夫,keyword
ChLVdmm5,Sakai Tadayori,酒井忠顺,keyword
fllPpIHN,Sakai Tatsu,酒井达,keyword
rmn0keBY,Ban Nobuchika,坂信近,short_title
pOV36qLw,Ban Hisa,班希萨,short_title
Mwzg4d94,Ban Nobutomo,坂信友,short_title
BUaB2CAs,Ban Mio,班米奥,short_title
reQL1Reg,Sakai Tadamasu,酒井忠增,keyword
ZAVB59DI,Sakai Rakuko,你说洛子,keyword
x5bCceO3,Sakai Tadae,你说多田,keyword
0wP2NHjx,Sakai Aki,酒井亚纪,keyword
BFpJOH9B,Sakai Tadatsune,酒井忠恒,keyword
oWMNADvQ,Itakura Sada,伊塔库拉·萨达,short_title
iDawiizs,Sakai Tadaaki,酒井忠明,keyword
VkHrE7QN,Sakai Tadayuki,酒井忠之,keyword
8Njl5F1v,Sakai Yoshiko,酒井芳子,keyword
XOj9DW3l,Sakai Toyo,堺东洋,keyword
zzPufQWW,Matsudaira Yorihide,松平赖秀,keyword
Uq5GEfN0,Abe Sadako,安倍贞子,short_title
uWclrYkK,Matsudaira Yorisato,松平赖里,keyword
L7cUrjNA,Ichijo Michiko,一条美智子,short_title
MzeRfL4G,Matsudaira Sumiko,松平纯子,keyword
Ykm1ZcKt,Kuno Sumikata,久野住方,short_title
54P6AoCQ,Kuno Matsu,久野松,keyword
BH4qApyf,Kuno Masazumi,古代正纯,short_title
mxxEQmKL,Kuno Haru,久野春,short_title
mxxEQmKL,Kuno Toshimasa,久野春,short_title
6UGnlTvg,Mizuno Masatomo,水野正友,short_title
mtpjGuCC,Mizuno Tatsu,水野达,keyword
JoEyAqpB,Mizuno Masayoshi,水野正芳,short_title
zfaBVnTz,Miura Tamemoto,三浦为本,short_title
PkUrZWtb,Kinoshita Haru,木下春,short_title
9LHg8tSs,Miura Tameaki,三浦为明,short_title
PySBB1Zv,Miura Sada,三浦现在,short_title
1zGy3GLa,Miura Jiro,三浦二郎,short_title
uNnrQHZs,Miura Tame,三浦为,short_title
8ZM8IWIL,Maeda Nariyasu,前田成康,keyword
X37Mxlbd,Maeda Tomoko,前田智子,keyword
XY7oOzvJ,Maeda Narinaga,前田成永,keyword
16wGsj58,Maeda Takako,前田隆子,keyword
gUfblyxg,Maeda Yoshiyasu,前田义康,keyword
HNxdD6bx,Maeda Noriko,前田典子,keyword
KkMduqEv,Maeda Reiko,前田玲子,keyword
37zNtHHt,Maeda Hime,前田姬,keyword
pm7cjBgT,Maeda Toshitsugu,前田俊次,keyword
DCmCs5kM,Maeda Kane,前田凯恩,keyword
qPinCtuZ,Maeda Toshikata,前田利方,keyword
o6NRDplP,Maeda Toshiatsu,前田俊笃,keyword
6cjX925Z,Maeda Naokata,前田直方,keyword
pVCYrGIa,Maeda Toshiyasu,前田俊康,keyword
JJRp7jcS,Maeda Kumi,前田来美,keyword
EAijrwwg,Maeda Toshitomo,前田俊智,keyword
nO8nbFeD,Yokoyama Takahira,横山贵平,short_title
YJnCp2Ng,Yokoyama Matsu,横山松,keyword
ELQ0jKOQ,Yokoyama Takataka,横山隆隆,short_title
HkWcWG8X,Yokoyama Takaaki,横山隆明,short_title
6EDf32QW,Yokoyama Takaoki,横山隆兴,short_title
JkG837Se,Yokoyama Tama,横山玉,short_title
ttOsDrht,Okumura Naoharu,奥村直治,short_title
v3KNHiGz,Okumura Kiyo,奥村清,keyword
vJhGvDMI,Okumura Atsuteru,奥村敦辉,keyword
xnKhOXA6,Okumura Tadanao,奥村忠直,short_title
Eh5FcIr3,Murai Nagaakira,村井长明,short_title
HBQgU0KK,Murai Kane,村井凯恩,short_title
YxadjwHu,Murai Mataroku,村井又六,short_title
dTVh9niZ,Murai Nagasada,村井长定,short_title
uWUgquZb,Murai Tsune,村井恒,keyword
EDp1Ip1P,Murai Nagamichi,村井长道,short_title
FOuyGkLb,Watanabe Aritsuna,渡边有纲,keyword
WM3E1lhn,Watanabe Mitsu,渡边满,keyword
YMwxPbeL,Watanabe Hirotsuna,渡边广纲,keyword
ADvtqTtw,Watanabe Chiyo,渡边千代,keyword
nvlUciWt,Watanabe Yuki,渡边由纪,short_title
CkNry5Sa,Watanabe Tsunamichi,渡边纲道,keyword
lQFaxxIJ,Watanabe Ikuko,渡边郁子,short_title
1R17d0b8,Watanabe Tsunaaki,渡边纲明,keyword
SKcB9YGC,Ishikawa Mitsushige,石川光重,keyword
L05jsNrJ,Ishikawa Akiyo,石川昭代,keyword
3qxBLbew,Ishikawa Mitsuaki,石川光明,keyword
XLXbashl,Ishikawa Setsu,石川节,keyword
3QxBLbew,Ishikawa Mitsuhiro,石川光宏,keyword
XLXbAShl,Ishikawa Matsu,石川松,keyword
3qxBLbEW,Ishikawa Mitsuho,石川光穗,keyword
lhX5bcSW,Tokugawa Iemochi,德川家茂,keyword
0VxHt8iA,Kazu-no-miya,一之宫,short_title
KPL2cW75,Tokugawa Iesada,德川家定,keyword
zHBbLO7U,Tenshoin,天书院,short_title
T7whzugC,Tokugawa Ieyoshi,德川家吉,keyword
TokHiYos,Tokugawa Yoshinobu,德川庆喜,keyword
TokHiMik,Tokugawa Mikako,德川美佳子,keyword
TokHiMoc,Tokugawa Mochinaga,德川持永,keyword
TokHiMas,Tokugawa Masahime,德川正姬,keyword
TokTaYoy,Tokugawa Yoshiyori,德川义赖,keyword
TokTaYko,Tokugawa Yoshiko,德川芳子,keyword
TokTaKik,Tokugawa Kiku,德川菊,keyword
TokTaTch,Tokugawa Takachiyo,德川高千代,keyword
TokTaIet,Tokugawa Ietada,德川家忠,keyword
ttXuqvjP,Honda Tadamoto,本田忠本,short_title
wTE64EJ5,Honda Eiko,本田英子,short_title
pzKWxRoL,Honda Tadahide,本田忠英,short_title
BDFqD8yc,Honda Hisa,本田雅阁,short_title
9DY2gzT7,Honda Tadanao,本田忠直,short_title
OfpHBzpT,Honda Tadatane,本田塔塔塔内,short_title
oGp9i8O6,Honda Tadanaka,本田忠中,short_title
NIaOPKNj,Honda Sachi,本田幸,short_title
g4maTpNu,Honda Yasushige,本田康重,short_title
TYa3IRFt,Honda Toshiko,本田俊子,short_title
MpF2HDx9,Honda Yasunao,本田康直,short_title
Ha5aVxa5,Honda Yasutora,本田康虎,short_title
SMr29glZ,Honda Yasutsugu,本田康继,keyword
cZMqkGId,Honda Misaohime,本田美佐姬,short_title
dID6ayTM,Honda Yasuaki,本田康明,short_title
9gdMPNbq,Honda Nobuhime,本田信姬,short_title
4RHGzzz5,Honda Masamori,本田正萨莫里,keyword
4RHGzzz5,Honda Eiko,本田正萨莫里,short_title
bp0JE7lD,Honda Masanori,本田雅德,keyword
p9CqbJC5,Honda Masayoshi,本田雅芳,short_title
e0sW01xt,Honda Hikari,本田光,short_title
ulF9F7Xm,Honda Masahiro,本田雅宏,short_title
bp0JE7lD,Honda Mutsumi,本田雅德,keyword
0Kytj7yK,Honda Masasada,本田政田,short_title
2nmhylAz,Honda Masaharu,本田雅治,short_title
HrxOrz25,Honda Kazuko,本田和子,short_title
3fFAXVUS,Honda Sukeshige,本田助重,short_title
Q3mn8U0b,Honda Nobue,本田伸江,short_title
fdPNZSo0,Honda Sukezane,本田辅真,short_title
9eEzhPnB,Honda Yamato,本田大和,short_title
3fFAXVUS,Honda Fujiko,本田助重,short_title
So0Nn6DM,Honda Suketaka,本田助隆,short_title
cYVbPLNq,Honda Sukejun,本田辅淳,short_title
mdI2AIhF,Honda Sanekata,本田实方,short_title
6S59Qnpu,Honda Suketsugu,本田佑次,keyword
vSW8NxqF,Honda Mitsuru,本田满,keyword
rfdnxhDr,Honda Suketoshi,本田助利,short_title
A8v1L7R2,Sakakibara Masataka,榊原正孝,short_title
46c1t4F9,Arima Kuniko,有马邦子,short_title
7TBN1cQm,Sakakibara Toshiko,榊原敏子,short_title
Hns8bp7I,Sakakibara Masachika,榊原正亲,short_title
pe2Jt1Xd,Sakakibara Kura,榊原藏,short_title
9BdMPNbq,Sakakibara Masanori,榊原正则,keyword
W5wJGTC8,Matsudaira Tadanari,松平忠成,keyword
MESMSv9a,Matsudaira Tadaatsu,松平忠笃,keyword
5O1LWXJp,Matsudaira Tadataka,松平忠敬,keyword
RuCWEn4I,Murakami Kyo,村上京,short_title
yGFHfoKI,Matsudaira Tadakata,松平忠方,keyword
TCUOLBRT,Matsudaira Mitsuko,松平光子,keyword
qmR0GKfJ,Matsudaira Chikayoshi,松平亲吉,keyword
DM691On9,Matsudaira Eiko,松平英子,keyword
fMcQDpxT,Matsudaira Chikataka,松平近隆,keyword
fy68erIy,Matsudaira Hide,松平秀,keyword
wr8Xrdq3,Matsudaira Chikaakira,松平亲明,keyword
jKoS0rtx,Matsudaira Kameko,松平龟子,keyword
Hkshvmje,Ando Nobumasa,安藤信正,short_title
vbIJLnaE,Ando Chiyo,安藤千代,keyword
0glR6o3S,Ando Nobutami,安藤信民,short_title
hCph1y6W,Ando Nobutake,安藤信武,short_title
Uh8eLrzj,Ando Nobumori,安藤信守,keyword
CST4VZ3y,Ando Okuko,安藤幸子,short_title
duYGUbdI,Ikeda Mochimasa,池田持正,keyword
Ry3yD8SW,Ikeda Manjuko,池田万寿子,keyword
ZO4sRBgt,Ikeda Akimasa,池田昭正,keyword
U5BbLUHL,Ikeda Akishi,池田明志,keyword
UAYyU8nN,Ikeda Michiko,池田美智子,keyword
KncY4a2p,Ikeda Yoshimasa,池田义正,keyword
d6GG2W3X,Ikeda Utako,池田歌子,keyword
R2xuV24U,Toda Tadayuki,户田忠之,short_title
Dg5B2zhF,Toda Shimako,户田岛子,short_title
g45BojcX,Toda Tadatomo,户田忠友,short_title
zF6jIhMK,Toda Tadaharu,户田忠治,short_title
diLqkUYp,Doi Toshinori,土居利德,short_title
LkcZ0r5Y,Doi Shinsei-in,土井新生院,short_title
Yq8SOeXP,Doi Toshiyo,土井俊代,keyword
KDNU2gvn,Doi Toshinari,土居利成,short_title
ecShe0I2,Doi Haruko,土井晴子,short_title
foSkGqkk,Doi Toshiyoshi,土井俊吉,keyword
HjUZWMTO,Doi Nishiki,锦土居,short_title
YXIWbWf0,Doi Toshinori,土居利德,short_title
92oaxFYB,Doi Toshisuke,土井俊介,short_title
0mCx7j50,Doi Mitsuru,土井满,keyword
GgnkEyTV,Sakai Tadatoshi,酒井忠利,keyword
rrFghyqq,Sakai Rei,坂井丽,keyword
A626l0Gm,Sakai Tadaaki,酒井忠明,keyword
60W9WGjN,Sakai Keiko,酒井惠子,keyword
B626l0Gm,Sakai Tadatsune,酒井忠恒,keyword
nOD4Gqu3,Okubo Tadayoshi,大久保忠义,short_title
LLDSUh4P,Harada Kinu,原田飞往中国,short_title
wcz0nDz4,Okubo Tadayori,大久保忠顺,short_title
xCBCWoyE,Nakagawa Hisaaki,中川久明,short_title
Juq9azQr,Nakagawa Toyoko,中川丰子,short_title
WVGige9a,Nakagawa Hisanari,中川久成,short_title
kgkhqmWv,Nakagawa Hisatomo,中川久里,short_title
8GNzUWme,Nakagawa Eiko,中川英子,short_title
RxAnenAt,Nakagawa Yoshiko,中川芳子,short_title
SrBZhW62,Nakagawa Hisanori,中川久典,short_title
p6u25ahF,Nakagawa Iku,中川育,short_title
6qygzS4a,Toda Ujiakira,户田氏明,short_title
kQx9hdpB,Toda Sachiko,户田幸子,short_title
H9SHda0i,Toda Ujimasa,户田氏政,short_title
subHFWkG,Toda Oya,户田大谷,short_title
NxcRsCiG,Toda Ujiyoshi,户田氏吉,keyword
NMWHcNzI,Toda Ujitaka,户田氏隆,short_title
CGW3d2m1,Matsudaira Naokatsu,松平直胜,keyword
pMatiznR,Matsudaira Sachiko,松平幸子,keyword
p5ZVom76,Matsudaira Naoyuki,松平直之,keyword
MatTsYTo,Matsudaira Yoshitomo,松平义智,keyword
MatTsGiH,Matsudaira Gihime,松平仪姬,keyword
MatTsNaT,Matsudaira Naritami,松平成民,keyword
MatTsBiH,Matsudaira Binhime,松平备姬,keyword
MatTsYaT,Matsudaira Yasutomo,松平康友,keyword
MatAkYTo,Matsudaira Yoshinori,松平义德,keyword
MatAkHaH,Matsudaira Harihime,松平张姬,keyword
MatAkNar,Matsudaira Naritsugu,松平成次,keyword
MatAkNao,Matsudaira Naomune,松平直宗,keyword
MatItNay,Matsudaira Naoyasu,松平直康,keyword
MatItNah,Matsudaira Naoharu,松平尚春,keyword
MatItKum,Matsudaira Kuma,松平熊,keyword
HiHaKaKi,Katsu Kaishu,胜海舟,keyword
HiHaEnTa,Enomoto Takeaki,榎本武明,short_title
HiHaOgTa,Oguri Tadamasa,小栗忠政,short_title
HiHaMiTa,Mizuno Tadanori,水野忠则,short_title
HiHaOtKe,Otori Keisuke,大鸟圭介,short_title
HiHaMaNo,Matsudaira Norikata,松平则方,keyword
HiHaKuJo,Kurimoto Jo'un,栗本城云,short_title
HiHaOkIc,Okubo Ichio,大久保一夫,short_title
HiHaImNo,Imai Nobuo,今井伸夫,short_title
HiHaYaTe,Yamaoka Tesshu,山冈铁舟,short_title
HiHaTaDe,Takahashi Deishu,高桥泥舟,short_title
HiHaAbeM,Abe Masato,安倍正人,short_title
qNbyhQaj,Uesugi Narinori,上杉成教,short_title
6etIEETB,Uesugi Narisada,上杉成定,short_title
Weis43hU,Uesugi Taki,上杉泷,short_title
8Iv9ecNC,Matsudaira Ikuko,松平郁子,keyword
8Iv9ecNC,Uesugi Mochinori,松平郁子,short_title
shVCPmCc,Matsudaira Yuki,松平由纪,keyword
RWQCCx4o,Uesugi Katsukata,上杉胜方,keyword
RWQCCxTa,Uesugi Tadataka,上杉忠敬,short_title
shVCPmEi,Uesugi Eiko,上杉英子,short_title
shVCPmYu,Uesugi Yukiko,上杉由纪子,short_title
Cg9EoY4r,Makino Tadayasu,牧野忠康,short_title
6z9bSHa7,Makino Fusako,牧野房子,short_title
luKhUhXh,Makino Chiyoko,牧野千代子,keyword
bSqEzLcJ,Makino Tadayoshi,牧野忠义,short_title
XgIyv7bL,Naito Nobuchika,内藤信近,short_title
wOt7PGWW,Sakai Kinyo,酒井金野,keyword
RNZWsztn,Naito Nobutami,内藤信民,short_title
UX8SD6t0,Naito Nobutomi,内藤信富,short_title
CQuYOgRo,Naito Masatoshi,内藤正敏,short_title
9zniFw6a,Naito Masuko,内藤增子,short_title
aizCBXYO,Naito Masayasu,内藤雅康,short_title
4yJ1D3Lk,Oda Nobumichi,织田信通,short_title
N5nPQ9iT,Oda Itoko,小田糸子,short_title
jeDlQqJW,Oda Nobumi,秩序和公民身份,short_title
LVyZvRCD,Oda Asako,浅子颂,short_title
Vnl5lCcr,Oda Nobutoshi,织田信利,short_title
msDDZ9zQ,Oda Suemaru,小田末丸,short_title
lTQNNnd4,Mizuno Tadakiyo,水野忠清,keyword
hVSyu2fz,Mizuno Ai,水野爱,short_title
TbOZeUsx,Mizuno Tadahiro,水野忠宏,short_title
6HJv9QVb,Mizuno Shizuko,水野静子,short_title
rctAbfBY,Mizuno Tadami,水野忠己,short_title
Bs8eZQFC,Mizuno Kiyoko,水野清子,keyword
Yb8Jirco,Ishihara Shigetoki,石原重时,short_title
NDluCjrj,Ishihara Hana,石原花,short_title
Ng1qk1bc,Ishihara Shigemitsu,石原重光,keyword
9107Gylz,Ishihara Mine,石原峰,short_title
7U80DoRY,Ishihara Shigemi,石原重美,short_title
5LpGgkPs,Sakai Tadakata,酒井忠方,keyword
1oAT3tap,Sakai Kameyo,酒井龟代,keyword
3MdGZMX4,Sakai Ryotsune,酒井良常,keyword
CmHdCNgW,Sakai Tadashige,酒井忠重,keyword
4i6fDyD8,Sakai Enhime,堺延姬,keyword
zKMW1v8g,Sakai Tadateru,酒井忠照,keyword
Jc58jQNn,Sakai Fumiko,酒井富美子,keyword
86eH8vEV,Sakai Tadahiro,酒井忠宏,keyword
v3Z4a3yT,Sakai Tamako,酒井玉子,keyword
DaR7ks4O,Sakai Tadataka,酒井忠敬,keyword
oDOj9SD6,Sakai Kiso,酒井木曾,keyword
xpuvPs14,Sakai Tadanori,酒井忠德,keyword
y03WXHuV,Sakai Tadayuki,酒井忠之,keyword
1TVdy9aJ,Sakai Tadatoshi,酒井忠利,keyword
AnDrohq6,Sakai Ise,伊势,keyword
XTtGyQDW,Sakai Kayoko,酒井佳代子,keyword
08ToFFXf,Sakai Tadakuni,酒井忠国,keyword
zTstz8YU,Sakai Tadaaki,酒井忠明,keyword
Kr9vJDJr,Sakai Tadayasu,酒井忠康,keyword
mf6qRfQ9,Kawai Yoshiomi,河井良臣,short_title
g6O5UTIU,Kawai Kisa,河合喜佐,short_title
sUPNtt42,Kawai Yoshihiro,河井义博,short_title
DHiUrEoe,Kawai Mitsu,河合充,keyword
fcNnjXsC,Kawai Tetsugoro,河合哲五郎,keyword
3qyP1ctn,Kawai Yoshikan,河井义馆,short_title
gz7lL74b,Kawai Michiomi,河合道臣,short_title
njGs760D,Kawai Yasuko,河井靖子,short_title
SJcxjwoG,Matsudaira Katsumichi,松平胜通,keyword
JaOi7kxn,Matsudaira Hisashi,松平尚,keyword
PTuEiwT5,Matsudaira Sadanobu,松平贞信,keyword
6F0GOTMx,Matsudaira Katsushige,松平胜茂,keyword
iREsPn2R,Sakai Hagane,堺羽金,keyword
LPbuuBT7,Matsudaira Sadaaki,松平定明,keyword
tCqVkzwq,Matsudaira Katsuyoshi,松平胜义,keyword
TyQ6HZYx,Sakai Kuma,酒井熊,keyword
OO1CZVQY,Matsudaira Reihime,松平丽姬,keyword
OJ0Bt41g,Matsudaira Kuni,松平国,keyword
QsBBAV6a,Matsudaira Sadakoto,松平贞琴,keyword
c9kHua0I,Takayama Iwao,高山岩男,short_title
Fo5zfzvM,Takayama Sada,高山贞,short_title
GtQEM4H1,Takayama Naoki,高山直树,short_title
R6QFv61S,Takayama Otsuyu,高山大津,keyword
1dudFqAY,Takayama Morie,高山守江,keyword
BmHwTG2p,Takayama Eisuke,高山荣介,short_title
R0oRncp7,Okudaira Sadaomi,奥平贞臣,short_title
P1UiQyME,Okudaira Tatsu,奥平达,keyword
r9MHER6o,Okudaira Sadahiro,奥平定博,short_title
mteALoQA,Okudaira Yuki,奥平由纪,short_title
jDEOJ3VU,Okudaira Sadamasa,奥平港,short_title
RGfPAqxo,Okudaira Saki,奥平沙希,short_title
9yB1OZBM,Okudaira Sadatsugu,奥平贞继,keyword
NzPVJZQJ,Okudaira Rui,奥平瑠衣,short_title
22eOrkcg,Okudaira Masatoshi,奥平正俊,short_title
FCzQSXcq,Okudaira Masakage,奥平正景,short_title
PsuvJwcR,Ii Naonori,纳奥诺里斯,keyword
hznl27AL,Ii Yoshiko,井伊芳子,keyword
eeY8Wqqk,Ii Naosuke,井伊直介,keyword
xF9RihZf,Ii Riwa,前往里瓦,keyword
usy9v6yR,Ii Naoaki,井伊直树,keyword
pK7A2Rp7,Mori Takachika,森高亲,keyword
fov5Mzy7,Mori Tomiko,森富子,keyword
x08M6xh2,Mori Motonori,森元德,keyword
HzJdFNL7,Mori Yasuko,森泰子,keyword
DjUMn7At,Mori Motoaki,机动车辆,keyword
14vUfETg,Mori Narihiro,森成弘,keyword
BSWxMZFE,Mori Kazuhime,森一姬,keyword
TmaAlQZ0,Mori Motochika,森元亲,keyword
YqOXyWEZ,Mori Matsuko,森松子,keyword
GdKyldZW,Mori Mototoshi,森元俊,keyword
wMYFNM6X,Mori Koshi,科西拿走了,keyword
BXLhyQKn,Hosokawa Shusai,细川周斋,keyword
N2Z8yCGx,Mori Motoyuki,森元之,keyword
EHBZVYCj,Mori Kinko,森金工,keyword
f846iOIo,Mori Motomitsu,森元光,keyword
aNxr9NcV,Mori Yaeko,森八重子,keyword
tAxoidEM,Mori Sumiko,森纯子,keyword
uIHSWACL,Mori Motoyoshi,森元吉,keyword
MWaaoXcS,Mori Yasuko,森泰子,keyword
dlXo3cfH,Mori Hiroshige,森广重,keyword
s4Imj6GD,Mori Takise,森泷濑,keyword
VUZ97dN1,Mori Motozumi,森元住,keyword
U4DnOQh4,Mori Masako,森雅子,keyword
gYclqkoJ,Mori Sadako,森贞子,keyword
WCuytuAF,Mori Mototada,森元忠,keyword
WCuyKiAF,Mori Mototsugu,森元继,keyword
3gl90OC4,Kikkawa Tsunemasa,吉川常政,keyword
ujpvQZRt,Kikkawa Nobuko,吉川信子,short_title
tMK6TwxL,Kikkawa Tsunetake,吉川常武,keyword
O6uSZlqz,Kikkawa Chokichi,吉川长吉,short_title
p4gAtQ44,Kikkawa Tsuneakira,吉川常明,keyword
fFw7eVr9,Kikkawa Seisoin,吉川清院,short_title
JBy4izdl,Shishido Chikamoto,志户近本,short_title
3t890NFw,Shishido Kinko,宍户金子,short_title
IoiBIuNR,Shishido Norihiro,宍户典弘,short_title
fA2yEMQT,Shishido Genrei,志士風格,short_title
vsXnQaY3,Shishido Toyoko ,宍户东横子,short_title
3WRBgvB5,Fukuhara Echigo,福原越后,short_title
Y4IdPEjO,Fukuhara Eiko,福原英子,short_title
Num8z5UZ,Fukuhara Yoshimichi,福原义道,short_title
JNbU5CCb,Fukuhara Hikoshichi,福原彦七,short_title
0LcWeO9q,Fukuhara Takako,福原贵子,short_title
0VdMZ0JH,Fukuhara Eitaro,福原英太郎,short_title
gzGocQQH,Masuda Chikanobu,增田近信,short_title
e97cGhbY,Masuda Hisako,增田久子,short_title
VDpeZ1bz,Masuda Akiyoshi,增田昭吉,keyword
OCQRIum4,Masuda Chikayoshi,增田亲吉,short_title
5v6c3AmS,Mori Motosuke,森元介,keyword
MQjGjSgA,Mori Mitsuko,森光子,keyword
8ZbntjPj,Mori Chikanobu,森亲信,keyword
qU1saRSl,Mori Yoshihisa,森吉久,keyword
9BscWFYJ,Mori Motoyoshi,森元吉,keyword
PqjmlE5W,Mori Teiko,森定子,keyword
QnqH5KZ0,Mori Naoki,森直树,keyword
3OyxaM6M,Mori Fusaakira,森房明,keyword
0wrHmcK7,Mori Chikatami,森近民,keyword
BrDafz9a,Mori Motokazu,森元和,keyword
akFMV6yS,Mori Iyoko,森伊代子,keyword
UENAABaj,Mori Chikanao,森近尚,keyword
BDvDn7EA,Mori Jusuke,森重介,keyword
3PJdgQiO,Mori Chikahiko,森亲彦,keyword
unkJIljQ,Mori Takiko,森泷子,keyword
tZTNsQR1,Mori Chikatsune,森近胜,keyword
9tqn5PPq,Mori Michiaki,森道明,keyword
Zrq9XCGa,Mori Tsune,森恒,keyword
ljrQK9ik,Mori Hiroyori,森博赖,keyword
VQH0SYq0,Mori Iseko,森伊势子,keyword
eqnHNZTn,Mori Chikaaki,森亲明,keyword
FjERkhTK,Mori Toshiko,森俊子,keyword
wREIyLQ0,Mori Norimasa,森典政,keyword
ljrQKaKT,Kido Junichiro,木户纯一郎,short_title
ljrQKaMa,Kido Matsuko,木户松子,keyword
ljrQKaKs,Katsura Katsusaburo,桂胜三郎,keyword
ljrQWaMa,Wada Masakage,和田正景,short_title
ljrQKuHa,Kuruhara Haruko,外租房,short_title
ljrQKuRy,Kuruhara Ryozo,来原良三,short_title
ljrQKaTa,Kido Takamasa,木户隆正,short_title
ljrQKaSh,Kido Shojiro,木户正二郎,short_title
ChSeiSuM,Sufu Masanosuke,毛正之介,keyword
ChSeiKuC,Kunishi Chikasuke,国西近介,short_title
ChSeiTaS,Takasugi Shinsaku,高杉慎作,short_title
ChSeiInK,Inoue Kaoru,井上薰,short_title
ChSeiAkT,Akane Taketo,武人茜,short_title
ChSeiYaA,Yamagata Aritomo,山形有友,short_title
ChSeiKaM,Masataka Kawase,河濑正孝,short_title
ChSeiItH,Ito Hirobumi,伊藤博文,short_title
ChSeiMiK,Mihori Kosuke,三堀浩介,short_title
ChSeiMaI,Maebara Issei,前原一诚,short_title
ChSeiYoK,Yoshitomi Kanichi,兼一义富,short_title
ChSeiOmM,Omura Masujiro,大村增二郎,short_title
ChSeiShC,Shimizu Chikatomo,清水近友,short_title
ChSeiShM,Shishido Masumi,孺户真澄,short_title
ChSeiYaM,Yamada Matasuke,山田又介,short_title
ChSeiMaM,Maeda Magoemon,前田孙右卫门,keyword
ChSeiMoN,Mori Noboru,森升,keyword
ChSeiMaG,Matsushima Gozo,松岛五佐,keyword
ChSeiYaY,Yamato Yahachiro,大和八八郎,short_title
ChSeiWaK,Watanabe Kurata,渡边仓田,short_title
ChZokMuT,Mukunashi Tota,向无户太,short_title
ChZokNaU,Nakagawa Uemon,中川右卫门,short_title
ChZokAwC,Awaya Chikatada,绫谷近忠,short_title
ChZokIsM,Isuke Muraoka,从村冈出发,short_title
ChZokInK,Inoue Kaisetsu,井上会雪,keyword
ChZokIiK,Iida Kozo,开斋节,keyword
ChTokHiS,Hirosawa Saneomi,广泽实臣,short_title
ChTokSaM,Sakurai Mikizo,樱井美纪三,short_title
ChTokSuM,Sugi Magoshichiro,杉孙七郎,short_title
ChTokUrM,Ura Mototoshi,浦本俊,short_title
ChTokNeK,Negoro Kazusa,根戈罗和佐,short_title
ChShiSaS,Sanjo Sanetomi,三条实富,short_title
ChShiSNS,Sanjo Nishi Suetomo,三条西末友,short_title
ChShiShT,Shijo Takauta,四条高歌,short_title
ChShiHiM,Higashikuze Michitomi,东久濑道富,short_title
ChShiMiM,Mibu Motoosa,莫图萨岁月,short_title
ChShiNiY,Nishikikoji Yorinori,锦小路赖则,short_title
ChShiSaN,Sawa Nobuyoshi,泽信义,short_title
BakAaNag,Asano Nagamichi,浅野长道,keyword
BakAaShu,Asano Shun,浅野舜,keyword
BakAaNaG,Asano Nagakoto,浅野长琴,keyword
BakAsTsu,Asano Tsunahime,浅野纲姬,keyword
BakAaNAt,Asano Nagatoshi,浅野长俊,keyword
BakAaNos,Hisamitsu Noshika,野志久光,keyword
BakAaTos,Asano Toshitsugu,浅野俊次,keyword
BakAaUnk,Asano ?,浅野？,keyword
BakAaNaa,Asano Nagaatsu,浅野长津,keyword
BakAaMam,Asano Mamoru,浅野守,keyword
BakMiATd,Asano Tadashi,浅野正,keyword
BakMiATt,Asano Tadataka,浅野忠敬,keyword
BakMiATy,Asano Tadayoshi,浅野忠义,keyword
BakMiAIs,Asano Ise,浅野伊势,keyword
BakToAMi,Asano Michioki,浅野道兴,keyword
BakToAMc,Asano Michiko,浅野美智子,keyword
BakToATa,Ueda Tadashi,上田正,short_title
BakToAKa,Asano Kame,浅野龟,keyword
BakUeYas,Ueda Yasuatsu,上田康笃,keyword
BakUeYaT,Ueda Yasutsugu,上田康继,keyword
BakUeYao,Ueda Yasutoki,上田康时,short_title
BakUeDan,Ueda Danshoku,上田男色,short_title
cndf29xy,Matsudaira Sadayasu,松平定康,keyword
3jEENNGd,Matsudaira Kohime,松平小姫,keyword
hJUC1nK9,Matsudaira Naoki,松平直树,keyword
yGggICSa,Matsudaira Naritoki,松平成时,keyword
e5jJlTcT,Matsudaira Hikari,松平光,keyword
qYih12OY,Matsudaira Naoya,松平直哉,keyword
HhM0uBm3,Matsudaira Naotoshi,松平直俊,keyword
fdzr5fWf,Matsudaira Yoshimura,松平吉村,keyword
lDbNEfEh,Matsudaira Naomi,松平直美,keyword
07juHC01,Matsudaira Naoaki,松平直明,keyword
DFrIaaPX,Matsudaira Naohiro,松平直宏,keyword
WFQ0UuXw,Matsudaira ?,松平？,keyword
Aa6selTk,Matsudaira Takesato,松平武里,keyword
npZ70oDb,Matsudaira Toshiko,松平敏子,keyword
2qyQ5uu7,Matsudaira Takenari,松平武成,keyword
t4DRKSAY,Inoue Masanao,井上正直,short_title
asA0b5mz,Inoue Yoshi,井上义,short_title
6U06bX7V,Inoue Masaharu,井上正治,short_title
k7pTFu2E,Inoue Eiko,井上英子,short_title
SRa7FYKy,Inoue Masamoto,井上正元,short_title
cy3gpggj,Inoue Kihime,井上喜姬,short_title
7lHBstOq,Inoue Masahide,井上正英,short_title
Z6vTfYje,Inoue Masaaki,井上正明,short_title
K4rav43o,Inoue Masanao,井上正直,short_title
zVUgQ4Mr,Inoue Masakane,井上正兼,short_title
ZPjH5pVz,Inoue Kiyo,井上清,keyword
9IFe41L8,Inoue Masato,井上正人,short_title
nSIP71V7,Ota Sukemoto,以助本,short_title
Q4wQhlze,Ota Ryo,太田亮,short_title
yWf4nQeJ,Ota Sukekatsu,太田助胜,keyword
V5SvHfO0,Ota Misao,太田思想,short_title
b3YDzA8r,Ota Kiyoko,太田清子,keyword
ZiQq8JDT,Ota Sukeyoshi,太田佑吉,short_title
uog9xjJ7,Sakai Takiko,酒井泷子,keyword
P3zTiZCm,Tokugawa Yoshiatsu,德川义笃,keyword
RSvvwQuG,Hirohata Kyoko,广畑恭子,short_title
fpxfCA95,Tokugawa Nariaki,德川齐昭,keyword
w54S5I3N,Tokugawa Yoshiko,德川芳子,keyword
pizr75r3,Tokugawa Yoriko,德川顺子,keyword
1agVt6tW,Tokugawa Atsuyoshi,德川敦义,keyword
iUvP6aFv,Tokugawa Atsumori,德川笃守,keyword
fAdkH6BS,Tokugawa Akinori,德川昭德,keyword
Ihhdccnz,Tokugawa Tsuchiya,德川土屋,keyword
I6HLatlC,Tokugawa Akitake,德川昭武,keyword
XT3whBO1,Tokugawa Akichika,德川昭亲,keyword
HMftyqYc,Tokugawa Sadako,德川贞子,keyword
IFVBo0UW,Matsudaira Yoritsugu,松平赖继,keyword
Koe4GEO4,Matsudaira Karu,松平轻,keyword
uzEB7rTO,Matsudaira Yorifumi,松平赖文,keyword
1ME4J4P8,Matsudaira Mamoru,松平守,keyword
GXvLySIv,Matsudaira Masako,松平雅子,keyword
ViSD5Bbn,Matsudaira Yasuko,松平泰子,keyword
tgMbwfiE,Matsudaira Yorihisa,松平依久,keyword
zDjE64TE,Matsudaira Toshi,松平敏,keyword
IOihIX4O,Matsudaira Yorinori,松平赖则,keyword
N7FUZLza,Matsudaira Yorinaga,松平赖永,keyword
8rJWmjlH,Matsudaira Yorimi,松平赖美,keyword
WSOVFn2s,Matsudaira Yoritoshi,松平赖利,keyword
iSVGS3Xg,Matsudaira Chiyoko,松平千代子,keyword
hbrNLVoD,Matsudaira Yoritane,松平赖种,keyword
KxM5VRa1,Matsudaira Fumihime,松平文姬,keyword
zp5C0etl,Matsudaira Hisako,松平久子,keyword
lsVY4d0J,Matsudaira Yoshiakira,松平义明,keyword
wTLH9970,Matsudaira Yoriyasu,松平赖康,keyword
f3MMiYMN,Nakayama Nobuaki,中山信明,short_title
HxDyc3ql,Nakayama Tsuruko,中山鹤子,keyword
nDpdaTzx,Nakayama Nobuzane,中山信真,short_title
Id4pOfky,Nakayama Nobuaki,中山信明,short_title
BEOaffU2,Nakayama Nobuteru,中山信辉,short_title
PgAQVzbF,Nakayama Nobumori,中山信守,keyword
gSd6sI0U,Nakayama Iro,中山色郎,short_title
szgwXx0f,Nakayama Nobutomi,中山信富,short_title
SwQ02lSF,Yamanobe Yoshitsune,山边义经,keyword
Vm16qd8L,Yamanobe Mina,山边美奈,short_title
SwQ02lSF,Yamanobe Yoshimi,山边义经,short_title
Vm16qd8L,Yamanobe Shizuka,山边美奈,short_title
HvKdwFFQ,Yamanobe Yoshimoto,山边义元,short_title
ZDygI93n,Yamanobe Hisa,山边久,short_title
QWiufJBx,Yamanobe Iwahime,山边岩姬,short_title
z0hkNFGC,Yamanobe Yoshimasa,山边义政,short_title
KrY4IEpg,Suzuki Shigemune,铃木重宗,short_title
WYTqPJNj,Suzuki Chiyo,铃木千代,keyword
RUVHqSha,Suzuki Shigenori,铃木重德,short_title
zsUPpaIN,Suzuki Haru,铃木春,short_title
BSQ982ou,Suzuki Haritaro,铃木张太郎,short_title
lHQ3t4SP,Suzuki Jinjiro,铃木阵次郎,short_title
jdtXL2lm,Suzuki Shigekyo,铃木茂京,short_title
o7IMZNBt,Suzuki Misa,铃木玛斯,short_title
N0wdIy1B,Ota Sukenobu,竹助信,short_title
vC6z8WVM,Ota Misao,太田思想,short_title
oBXKUC02,Ota Sukemoto,以助本,short_title
lIMwYkmk,Ota Ryo,太田亮,short_title
73thINiW,Ota Sukeyoshi,太田佑吉,short_title
40uzrYwA,Ota Takara,太田宝,short_title
KDNrkROu,Ota Cho,太田町,short_title
73thINiW,Ota Tanko,太田佑吉,short_title
73thINiW,Ota Suketoki,太田佑吉,short_title
QYDzg3jA,Ota Enhime,太田延姬,short_title
lVNG6nvY,Hida Hamagoro,飞騨滨五郎,short_title
OjtJRVA8,Hida Kiyo,飞騨清,keyword
2dwqNcV0,Hida Haruyasu,飞騨春康,short_title
aVzIfT5b,Hida Nobu,飞驒信,short_title
jTPsXTQs,Hida Shosaku,飞驒正作,short_title
CimHJY3v,Hida Ine,飞驒伊根,short_title
HxOIq1UO,Hida Harutatsu,飞騨晴达,keyword
TtRVEzF9,Hida Kuni,飞驒国,short_title
OjNzZ4z7,Hida Daisuke,飞田大辅,short_title
l0dKAD1a,Hasuda Hiroyasu,莲田博康,short_title
HyfCYlLK,Hasuda Sumako,莲田投降,short_title
wAcogWf3,Hasuda Shihoko,莲田志保子,short_title
fLSGAgYC,Hasuda Hiromi,莲田博美,short_title
qjnRwQly,Hasuda Sakurao,莲田樱尾,short_title
RUVHqSha,Hasuda Takasada,铃木重德,short_title
r8PNf9r5,Hasuda Sode,莲田袖,short_title
L4V95dkR,Hasuda Tozo,羡慕费,short_title
olSVCZmf,Hasuda Hiroichi,莲田宏一,short_title
tCf4lIPu,Ichikawa Sanzaemon,市川三左卫门,short_title
NxaysxUC,Asahina Yataro,朝比奈弥太郎,short_title
O06DIhu2,Sato Tosho,佐藤东照,short_title
MsX1Hln6,Oi Kanzaburo,大井勘三郎,short_title
9zqTKcqA,Tomobe Yataro,友部弥太郎,short_title
2cUjpzfQ,Watanabe Iemon,渡边右卫门,short_title
F9XMsCHI,Oiwa Banjiro,大岩万次郎,short_title
peuTgDWX,Takeda Kounsai,武田光云斋,short_title
2axdqLeU,Takeda Nobuko,武田信子,short_title
l7gGIVfb,Takeda Hikoemon,武田彦右卫门,short_title
KaW2u7Wt,Tamaru Inanoemon,稻之右卫门田丸,short_title
3dRiCHIH,Yamakuni Hyobu,山国兵部,short_title
WNXdlC6n,Hayashi Tadataka,林忠敬,short_title
mF93OB0Z,Hayashi Chie,林千惠,short_title
45HFAruq,Hayashi Tadaakira,林忠明,short_title
WIMsWqlV,Hayashi Toyo,林东洋,short_title
1VsYAGf0,Hayashi Tadafusa,林忠房,short_title
Sl8tIOAe,Hayashi Sakae,林荣,short_title
ZOyxIYLt,Hayashi Tadakata,忠方林,short_title
RZW4u1bw,Hayashi Kiyoko,林清子,keyword
BLEI9odB,Hayashi Tadahiro,林忠宏,short_title
BijTmjLN,Hayashi Tadaoki,林忠兴,short_title
mSLw5dla,Hayashi Chiyo,林千代,keyword
ojHJapKr,Hayashi Tadasada,林忠定,short_title
XsI6P4Lw,Hayashi Tadamasa,林忠正,short_title
Ae4oJ078,Hayashi Kanako,林加奈子,short_title
3u6MPLG6,Maeda Toshika,前田敏香,keyword
wTQEOpa7,Maeda Hisashi,前田尚,keyword
r9bbr3VW,Maeda Toshinori,前田利典,keyword
AWwPQ7GP,Maeda Shogen-in,前田正元院,keyword
r9bbr3VW,Maeda Toshimichi,前田利典,keyword
NClTemsw,Maeda Kameko,前田龟子,keyword
y968PY0G,Maeda Toshihira,前田利平,keyword
10oV0mMQ,Maeda Ai,成功了,keyword
jysbc6Uf,Okumura Noritomo,奥村典朝,short_title
FxCpKg3G,Okumura Hatsu,奥村初,keyword
MHd8ZnPH,Okumura Mine,奥村峰,short_title
P3Qi7ksg,Okumura Atsunori,奥村敦典,keyword
UkMRMuYI,Okumura Tora,奥村虎,short_title
EnNxr4sS,Maeda Naonobu,前田直信,keyword
L3rcTXEN,Maeda Riyo,前田里代,keyword
4Ve0NOnj,Maeda Nobuyoshi,前田信义,keyword
4UF3c1YO,Makino Tadayuki,牧野忠之,short_title
k8YjNpOk,Makino Cho,牧野町,short_title
YMsdSa5O,Makino Tadakuni,牧野忠国,short_title
gwB9W7mm,Inagaki Shigemitsu,稻垣重光,keyword
J0VnbU4a,Inagaki Kane,稻垣兼,short_title
0xmB7XJS,Inagaki Shigeyasu,稻垣重康,short_title
l2brrFCq,Inagaki Etsuko,稻垣悦子,keyword
WO5zvxR8,Inagaki Gonichi,稻垣权一,short_title
tGEgf2XE,Inagaki Mitsu,稻垣充,keyword
7vqf8p1x,Yamamoto Yoshimichi,山本义道,short_title
B55gNGt8,Yamamoto Chiyo,山本千代,keyword
GhX1cQFn,Yamamoto Yoshikazu,山本义和,short_title
u6pL0K8t,Yamamoto Yumi,山本弓,short_title
qs5YLGCM,Yamamoto Ihoko,山本伊保子,short_title
IpGWXGXO,Satake Yoshitaka,佐竹义隆,short_title
lTEN0uBO,Satake Taki,佐竹泷,short_title
lEBzZaFW,Satake Yoshichika,佐竹芳亲,short_title
NGUNB04b,Satake Setsuko,佐竹节子,keyword
cS0BYmEj,Satake Yoshitaka,佐竹义隆,short_title
O91iIET8,Satake Kotobuki,佐竹寿,short_title
TO3KcPYq,Satake Yoshinobu,佐竹义宣,short_title
di3hvLje,Satake Masako,佐竹雅子,short_title
RlQJPV7D,Satake Kaname,佐竹要,short_title
f5XYXxSk,Satake Yoshitomo,佐竹美智,short_title
tLFdyt4x,Satake Naka,佐竹中,short_title
isJ2mg9v,Satake Yoshihisa,佐竹义久,short_title
pRzOVEbH,Tagaya Chikasada,田谷木定,short_title
iK6pKdiD,Tagaya Mitsu,田谷充,keyword
JrCw7IOL,Tagaya Atsutaka,田谷厚隆,keyword
ad2F8T2d,Tagaya Okuri,田谷大栗,short_title
mWRFq0Y2,Tagaya Mutsuaki,前往六明,keyword
RHgM2Jbk,Tagaya Yuichi,田谷雄一,short_title
fFzatPZB,Satake Yoshikatsu,佐竹义胜,keyword
P0Rdtbsk,Satake Yoshitoki,佐竹芳时,short_title
lK0BVLKk,Satake Nami,佐竹奈美,short_title
wOWbGCUg,Satake Sai,佐竹斋,short_title
e3yhg6Dv,Satake Yoshimasa,佐竹义正,short_title
Nc8F0LEf,Shibue Daizen,涩江大善,short_title
xuJSkGe4,Shibue Nao,涩江尚,short_title
wGuR0ntw,Shibue Myomitsu,涩江明光,keyword
aYVxNbSo,Shibue Kakumitsu,涩江觉光,keyword
g1hC3I76,Shibue Tokomitsu,涩江常光,keyword
iqtWNEZR,Shibue Nobumitsu,涩江信光,keyword
WAlIagfl,Iwaki Takakuni,岩城贵国,short_title
Niu6EEIX,Hotta Mariko,堀田真理子,short_title
BiJQ3gwj,Iwaki Takaaki,岩城贵明,short_title
vgzjShtW,Iwaki Ryuji,岩木隆二,short_title
uq93RE5H,Kuroda Nagahiro,黑田长宏,short_title
zFfxKok8,Kuroda Sumiko,黑田纯子,short_title
q2wWaf6n,Kuroda Nagatomo,黑田长友,short_title
vpp0X2di,Kuroda Toyoko,黑田丰子,short_title
nbMsupjp,Kuroda Kei,黑田圭,short_title
WBljkXLV,Kuroda Naganori,黑田永则,short_title
tPBBMN4Z,Kuroda Yukiko,黑田由纪子,short_title
qgu18aBw,Kuroda Nagamoto,黑田长本,short_title
jqDkyoQZ,Kuroda Keiko,黑田惠子,short_title
Oew1Bf9P,Kuroda Nagayoshi,黑田长吉,short_title
FZ1Eq6lh,Kuroda Kenoko,黑田健乃子,short_title
kLlP5rni,Nomura Touma,野村当麻,short_title
tUcpDeTS,Nomura Chiyo,野村千代,keyword
nR1sGRoK,Nomura Sukuharu,野村数晴,short_title
pRDHDfAf,Kuroda Harima,黑田播磨,short_title
YrKWMZru,Kuroda Rihoko,黑田里穗子,short_title
AptV40KY,Kuroda Kazumi,黑田和美,short_title
awh97eY4,Kuroda Chiyoko,黑田千代子,keyword
pRDHDfAf,Kuroda Kazuyoshi,黑田播磨,short_title
964hRB7s,Kuroda Kazuo,黑田和夫,short_title
So1hDGim,Kato Shisho,加藤志章,short_title
vbW4lVBo,Kato Yasuko,加藤泰子,short_title
apqhx41m,Kato Tokuhiro,加藤德宏,short_title
dO3CawFk,Kato Sen,加藤千,short_title
Brly3Pam,Kato Taketake,原加藤,short_title
VYrrxnX9,Kato Daishiro,加藤大四郎,short_title
19IdACYb,Tsukigata Senzo,月形千三,keyword
gzC7F4fo,Tsukigata Hana,月形花,keyword
PVVSjRbo,Tsukigata Shinzo,月形真三,keyword
qRHfzyUs,Tsukigata Yasuko,月形泰子,keyword
MYV9KYo1,Tsukigata Shoka,月形翔香,keyword
pyD59qMo,Mori Muramasa,森村正,keyword
pvqqQutQ,Mori Sayo,森小夜,keyword
0VHC3xFH,Mori Murasei,森村清,keyword
Boxu3rYM,Mori Murakoshi,森村越,keyword
3Cbdw30u,Ikoma Nagai,生驹永井,short_title
QZU9vMWY,Ikoma Sen,生驹泉,short_title
DakzCL2f,Ikoma Nagasada,生驹长定,short_title
pDYIBBAa,Ikoma Ryu,生驹龙,short_title
M8CaIjW3,Ikoma Nagasu,生驹长洲,short_title
Xe63ilYA,Takechi Hanpeita,武市半平太,short_title
sTM8QM4l,Takechi Tomiko,武地富子,short_title
us2k9KPi,Shibata Katsumi,柴田胜美,keyword
L3NzXFr3,Hirai Masami,平井雅美,short_title
pnoyota2,Goro Yoshikazu,五郎义一,short_title
v8k486Cv,Tani Tateki,谷立木,short_title
kZUzygaP,Motoyama Shigetou,本山茂藤,short_title
D6cW9BRv,Oishi Yataro,大石弥太郎,short_title
vwBchbKt,Shimamura Ekichi,岛村惠吉,short_title
YP2fV2hW,Masaki Tetsuma,正树哲真,keyword
pAupiXnj,Kadota Tamenosuke,门田为之助,short_title
z8vSvDSj,Kono Togama,河野户伽,short_title
bPdxO4MG,Nakamichi Shimamoto,岛本中道,short_title
FlzkbFch,Ihara Asaaki,伊原朝明,short_title
o05gJRtq,Ihara Yuki,井原佑希,short_title
lhA4QmHy,Ihara Asamitsu,伊原朝光,keyword
hsD5bJui,Ihara Mutsu,伊原陆奥,keyword
dKcLiTvb,Ashikaga Yoshihide,足利义英,short_title
DavzUQup,Nagano Shuzen,长野修善,short_title
EmiPhqA0,Takino Taki,支票 支票,short_title
HQiKv4QF,Tada Tatewaki,立胁多田,short_title
DtWZ2i3N,Nagano Nariyoshi,长野成吉,keyword
iYqL2Vy6,Nagano Naritoshi,长野成利,short_title
7oUfZNuF,Nagano Narimasa,长野成政,short_title
CHalr5aK,Kimata Moritaka,木俣森隆,keyword
ruz4z36n,Kimata Hiwa,木田日和,short_title
CzufOZcO,Kimata Moriyasu,木田守康,keyword
RurSjEyY,Kimata Tora,木又虎,short_title
K0rUvzyH,Kimata Morimichi,木田森通,keyword
Ez9wouSk,Kimata Morichika,木田守亲,keyword
Ez9wouSk,Kimata Matsu,木田守亲,keyword
oNEiBB2d,Saigo Tozaemon,西乡藤左卫门,short_title
kJXoV9Pb,Saigo Ritsu,西乡律,keyword
NmILYBIw,Saigo Morinobu,西乡守信,keyword
nMjExeXI,Saigo Chika,西乡千花,short_title
QbkbZH6B,Saigo Yoshikuni,西乡义国,short_title
vs49SDks,Tokugawa Mochitsugu,德川望继,keyword
BeVxuHbe,Tokugawa Nariyuki,德川成之,keyword
eHD3yI8F,Konoe Toyoko,近江丰子,short_title
0TdWVoYC,Tokugawa Noriko,德川纪子,keyword
9QUwXAo6,Tokugawa Hisako,德川久子,keyword
kYtWhJo4,Tokugawa Takako,德川隆子,keyword
ACqEvloB,Tokugawa Chofuku-maru,德川长福丸,keyword
PbADW8O5,Mizuno Tadamoto,水野忠本,short_title
JrNemg5t,Mizuno Yae,水野八重,short_title
iMqha8Z4,Mizuno Tadayoshi,水野忠义,short_title
Rrbu472n,Mizuno Tadahiro,水野忠宏,short_title
wCCzDL2D,Mizuno Tamako,水野玉子,short_title
fcAG1QqW,Ando Naohiro,安藤直宏,short_title
3QhK8vOe,Toda Sada,所有萨达,short_title
WCJsiBsB,Ando Naonori,安藤直典,short_title
rCZzutl7,Miura Iku,三浦育,short_title
QQ62CWn2,Ando Naoki,安藤直树,short_title
Bqky19ae,Ando Haru,安藤春,short_title
NbKeRcPM,Ando Naoyuki,安藤直之,short_title
vVdUl9kZ,Okumura Eimichi,奥村荣通,short_title
uhGVlVcb,Okumura Nami,奥村奈美,short_title
ZHgHiq5g,Okumura Eishige,奥村英重,short_title
dLk4Mfmb,Okumura Asao,奥村浅男,short_title
CGMTB5IR,Maeda Takanori,前田刚典,keyword
RqrjjOwd,Maeda Rin,前田凛,keyword
dcTmgzR2,Maeda Takanaka,前田不错,keyword
KyBM4EGe,Matsudaira Sadamichi,松平定道,keyword
YKfuhIdz,Matsudaira Sadako,松平贞子,keyword
5c4QE4T3,Matsudaira Sadaaki,松平定明,keyword
f4nYiBuo,Matsudaira Hatsuko,松平初子,keyword
0TCCnJ52,Matsudaira Sadanori,松平定则,keyword
ejRgtgY3,Matsudaira Sadayuki,松平贞之,keyword
rUBu7S4M,Tatsumi Naofumi,辰巳直文,keyword
3d9HHjwb,Machida Takesuke,町田武辅,short_title
FD9LbBC5,Tatsumi Hisashi,辰巳尚,keyword
GM8rv4Ak,Komai Shigetada,驹井重忠,short_title
SuEovhqt,Komai Shigenori,驹井繁德,short_title
2wRgcvgX,Sakai Magohachiro,堺孙八郎,keyword
iZkMYp72,Tokugawa Yoshikatsu,德川庆胜,keyword
rvDsCUpk,Tokugawa Kane,德川兼,keyword
qIzG5074,Tokugawa Yoshinori,德川庆德,keyword
RF8JjIdu,Tokugawa Koko,德川幸子,keyword
Av28pOpi,Tokugawa Michi,德川道,keyword
VBrMcD42,Tokugawa Yoshitoshi,德川义俊,keyword
WbWoS8l0,Matsudaira Yoshitake,松平义武,keyword
RsCPH7VE,Matsudaira Nobu,松平信,keyword
rwB3k83J,Matsudaira Yoshitake,松平义武,keyword
99ZeqWCB,Tokugawa Nori,德川纪,keyword
xz7VtMCD,Matsudaira Yoshikazu,松平义和,keyword
dme8x5FX,Matsudaira Yoshinari,松平义成,keyword
A73fNqDB,Naruse Masamitsu,成濑正光,keyword
wATMO4SF,Naruse Kei,成濑庆,short_title
ZkYr4Q04,Naruse Masao,成濑正男,short_title
MRwSxq1k,Naruse Yoshio,成濑义雄,short_title
6F2ikYXs,Naruse Tamiko,成濑民子,short_title
VejCmIYn,Naruse Masaatsu,成濑正笃,keyword
kHIiTY6k,Takekoshi Masatomi,竹越正美,short_title
aNr0aTAb,Takekoshi Ryu,竹越龙,short_title
5wrVt0wH,Takekoshi Masamoto,竹越正本,short_title
BzIGHgCx,Naka Takako,中贵子,short_title
WvVFYg9z,Shimizu Tadahiro,清水忠宏,short_title
eqrjET0Q,Shimizu Kame,清水龟,short_title
HGBst1md,Shimizu Tadakane,清水忠兼,short_title
quPWUb7d,Shimizu Asahi,清水朝日,short_title
wqjEk0zZ,Todo Takayuki,藤堂孝之,keyword
aCLFE9fV,Todo Sayo,藤堂小夜,keyword
6fpqsOCb,Todo Takasawa,高泽藤堂,keyword
WKW8zGVB,Todo Kikaru,藤堂喜瑠,keyword
3k7drsea,Todo Takasato,藤堂高里,keyword
0JPVJU94,Todo Iwa,藤堂岩,keyword
ITHpOHC1,Todo Takakiyo,藤堂贵清,keyword
XFJfiBaw,Todo Ryoko,东堂凉子,keyword
Asdctfqh,Todo Tonosuke,藤堂土之助,keyword
7whQnMzi,Todo Takatsugu,藤堂高继,keyword
8BhkuRWC,Todo Takaaki,藤堂隆明,keyword
Jn0K7PNf,Todo Eiko,藤堂英子,keyword
Z6OKK1nA,Todo Takakuni,藤堂贵国,keyword
v5MbvJJH,Todo Sawako,藤堂泽子,keyword
VuO1uj5T,Todo Takaaki,藤堂隆明,keyword
6DNrUFap,Todo Fumiko,藤堂文子,keyword
JmzS3yub,Todo Takayori,藤堂高赖,keyword
3tcSrSZS,Todo Toku,东都德,keyword
DEN7nvP0,Todo Takayuki,藤堂孝之,keyword
rV9fvZPM,Todo Naganori,藤堂长则,keyword
zccColGo,Todo Yoshiko,藤堂芳子,keyword
1Auqkl29,Todo Naganori,藤堂长则,keyword
llqgj9e4,Todo Yu,东堂佑,keyword
9GlIn49d,Todo Takayoshi,藤堂孝义,keyword
I0VAUSEq,Todo Tsuruko,藤堂鹤子,keyword
XWDbAYjm,Todo Nagachika,藤堂永近,keyword
sPSLtwCr,Todo Waku,藤堂氏,keyword
B4oQXBYc,Todo Kago,藤堂加护,keyword
KvnteUqO,Todo Takasetsu,藤堂高节,keyword
sc9FjP2E,Todo Motoshige,藤堂元重,keyword
C67lGw7D,Todo Hyun,全炫,keyword
eYxUCzZl,Todo Motonobu,藤堂元信,keyword
iMc2zSg8,Todo Tsune,东堂恒,keyword
Ey1d5pwc,Todo Mototaka,藤堂元隆,keyword
wCNIpIB4,Todo Yae,藤堂八重,keyword
JTzieEQH,Todo Takakatsu,藤堂高胜,keyword
cq8VOWkD,Todo Ryoko,东堂凉子,keyword
H2FsCrUJ,Todo Takafumi,藤堂贵文,keyword
f3DEuNXC,Todo Nagauji,藤堂长氏,keyword
PtY5O0oR,Todo Takashige,藤堂隆重,keyword
wbEuy9q4,Todo Takakiyo,藤堂贵清,keyword
P1AgeXcD,Todo Takahisa,藤堂贵久,keyword
Q50kWDFW,Todo Shigeko,藤堂茂子,keyword
gqt0QIl5,Kinoshita Toshinori,木下利则,short_title
gqt0QIl5,Kinoshita Toshimasa,木下利则,short_title
eBydZ8UR,Kinoshita Ayako,木下绫子,short_title
9zZwFuMM,Kinoshita Toshiatsu,木下俊笃,keyword
YCkbvrI5,Kinoshita Kagami,木下加贺美,short_title
iu9a9wWD,Kinoshita Toshikata,木下利方,short_title
nerTByza,Kinoshita Masa,木下正,short_title
TDa0KpyV,Matsudaira Ujiyoshi,松平氏吉,keyword
LmtF2OEL,Matsudaira Mitsutsune,松平光常,keyword
78tz8gaC,Matsudaira Ihoko,松平伊保子,keyword
7s4dxFt3,Hisamitsu,久光,keyword
gv3wrMe3,Shimazu Chiyoko,岛津千代子,keyword
czGM0U4X,Shimazu Osada,岛津大田,keyword
yquLAovd,Shimazu Tadayoshi,岛津忠义,keyword
p9NeUjUw,Shimazu Tadatsune,岛津忠恒,keyword
8fj2kDNi,Shimazu Tadanari,岛津忠成,keyword
vI3iTRAa,Shimazu Nariakira,岛津成平,keyword
X2sLljXc,Shimazu Narioki,岛津成树,keyword
hShr91A7,Shimazu Yahime,岛津八姬,keyword
PRLxNKTC,Shimazu Takaatsu,岛津高津,keyword
BgW75GXX,Shimazu Yao,岛津尧,keyword
bCEeQkkF,Shimazu Takanori,岛津刚典,keyword
LvRRedWW,Shimazu Oguri,岛津小栗,keyword
UdtsY26m,Shimazu Tadahiro,岛津忠宏,keyword
a5ytpM6f,Shimazu Misao,岛津美佐绪,keyword
gJxQjIhn,Shimazu Tadaakira,岛津忠明,keyword
60Aeo2HK,Shimazu Takeo,岛津武夫,keyword
t99JjHho,Shimazu Keijiro,岛津庆次郎,keyword
xTIL6Lf0,Shimazu Tadayuki,岛津忠之,keyword
j5q1b0ZO,Shimazu Suihime,岛津水姬,keyword
YiDzP43I,Shimazu Tadayuki,岛津忠之,keyword
ltdCwtlK,Shimazu Kuni,岛津国,keyword
CtPTpklz,Shimazu Tadakata,岛津忠方,keyword
0PAYYOYo,Shimazu Iwao,岛津岩雄,keyword
t99JjHhO,Shimazu Tadafuyu,岛津忠冬,keyword
a7Bus3qz,Katsura Hisatake,桂久武,keyword
YBDz0cMr,Katsura Keiko,桂惠子,keyword
SpjpkISo,Katsura Hisakaya,桂久谷,keyword
jp7XzhCN,Katsura Kogichi,桂小吉,keyword
9j0CtAEy,Katsura Hisakira,桂久明,keyword
Fm7HitzI,Katsura Riyo,桂里代,keyword
qyCDkM5m,Tanegashima Shojuin,种子岛书斋院,short_title
QF3JI70b,Tanegashima Hisamichi,种子岛寿道,short_title
zy3vzsD2,Tanegashima Hisamichi,种子岛寿道,short_title
V9EPyj3M,Tanegashima Nobu,种子岛信,short_title
zy3vzsD2,Tanegashima Hisanao,种子岛寿道,short_title
XCSdjqll,Tanegashima Hatsu,种子岛初,keyword
L1wnB6pW,Komatsu Kiyokado,小松清华门,keyword
L1wnB6pW,Komatsu Chika,小松清华门,keyword
92pspLlK,Komatsu Kiyonao,小松清尚,keyword
qb7Z1U5h,Komatsu Kiyotaka,小松清隆,keyword
QeuaL3cf,Kuroda Kiyotaka,黑田清隆,keyword
V6jIFhcG,Matsukata Masayoshi,松方正义,keyword
TLxsl5iX,Godai Tomoatsu,五代友厚,keyword
k3CpNDG5,Oyama Iwao,小山岩男,short_title
eCNnvQM4,Murata Shinpachi,村田新八,short_title
ODtiTkOv,Beppu Shinsuke,别府信介,short_title
CaWfkO0p,Kawamura Sumiyoshi,河村住吉,keyword
Ht8hAJcl,Yamamoto Gonnohyoe,山本权兵卫,short_title
emI5NXQu,Terashima Munenori,寺岛宗则,short_title
Ax7ZFxHb,Narahara Shigeru,楢原茂,short_title
fexWXUPu,Nishi Tokujiro,西德二郎,short_title
HjyxWWhy,Togo Heihachiro,东乡平八郎,short_title
u6vPOWe7,Nozu Michitsura,野津道连,keyword
KhqU55r0,Shimazu Chinhiko,岛津钦彦,keyword
3vLKX0xu,Shimazu Noriko,岛津法子,keyword
JMd4a3AO,Shimazu Tadakimi,岛津忠己,keyword
5iU3TdnF,Shimazu Tomoko,岛津智子,keyword
Otv143ry,Shimazu Tadatsura,岛津忠连,keyword
ELhVncx1,Shimazu Oiki,岛津大木,keyword
o1LMD9ny,Kimotsuki Kaneyoshi,木茂月兼吉,keyword
vXMcTPtw,Kimotsuki Kaneko,木茂月金子,keyword
tb6JqqiB,Kimotsuki Kanefuru,木茂兼兼,keyword
yU00LUuA,Kimotsuki Toyoko,木月东横,keyword
dcCPC5JH,Shimazu Hisataka,岛津久隆,keyword
uOiEhWdc,Shimazu Mitsuko,岛津光子,keyword
VHFYSwnu,Shimazu Hisanaga,岛津久永,keyword
we21zLIb,Shimazu Kaneko,岛津金子,keyword
8SPgT8lv,Shimazu Hisanori,岛津久典,keyword
JhlzLqNk,Shimazu Rin,岛津凛,keyword
B8yOZDB1,Shimazu Hisaji,岛津久二,keyword
wqENKt24,Shimazu Takako,岛津隆子,keyword
NkRdYQ2Z,Shimazu Nagamaru,岛津长丸,keyword
BosSaKic,Saigo Kichibei,西乡吉兵卫,short_title
BosShMas,Shiihara Masa,椎原正,keyword
BosTakam,Saigo Takamori,西乡隆森,keyword
BosIchKo,Ichiki Koto,琴一木,short_title
BosKichi,Saigo Kichijiro,西乡吉二郎,short_title
BosSaiTa,Saigo Taka,西乡隆,short_title
BosSJudo,Saigo Judo,西乡柔道,short_title
BosKohei,Saigo Kohei,西乡耕平,short_title
BosSaAri,Arikana,阿里卡纳,short_title
BosIchMa,Ichiki Masanosuke,一木正之介,keyword
BosSMasu,Saigo Masu,西乡增,short_title
BosKiyok,Saigo Kiyoko,西乡清子,keyword
BosKikuj,Saigo Kikujirō,西乡菊二郎,short_title
BosIchKa,Ichiki Tsugu,一木继,keyword
BosIchMa,Ichiki Masanao,一木正之介,short_title
BosIchKr,Ichiki Kanroku,一木甘六,short_title
BosOkToh,Okubo Toshiyo,大久保俊代,keyword
BosOkFuk,Minayoshi Fuku,福美吉,short_title
BosOkTos,Okubo Toshimichi,大久保敏道,short_title
BosOkMas,Okubo Masuko,大久保益子,short_title
BosOkTok,Okubo Toshikazu,大久保敏和,short_title
BosOkNob,Okubo Nobukuma,大久保信隈,short_title
BosNiiNa,Niiro Naka,新郎中,keyword
BosNiiTa,Niiro Tatsou,新郎辰,keyword
BosIsKic,Ishihara Kichi,石原吉,short_title
BosIsCha,Ishihara Chikamasa,石原近正,short_title
BosYaSum,Yamada Suma,山田须磨,short_title
BosYaAri,Yamada Aritsune,山田有常,keyword
BosYaHik,Yamada Hikohachi,山田彦八,short_title
BosYaNao,Yamada Naoya,山田直也,short_title
BosIsMin,Ishihara Mine,石原峰,short_title
BosIsCha,Ishihara Chikayoshi,石原近正,short_title
J1KrYoB2,Matsudaira Yorinori,松平赖则,keyword
blCzYNBm,Matsudaira Mitsumi,松平光美,keyword
aUgD8yWg,Matsudaira Yoritaka,松平赖隆,keyword
Ywbdn3tH,Matsudaira Yasu,松平泰,keyword
xk81zGz1,Matsudaira Yoritsune,松平赖经,keyword
Z7OeNcGK,Matsudaira Yorihira,松平赖平,keyword
N5VldQQt,Matsudaira Ko,松平子,keyword
A8Iz9ZZT,Koshiro Fujita,藤田耕四郎,short_title
XTnJEsYW,Ogasawara Tadayoshi,小笠原忠义,short_title
Zo5RCGJQ,Ogasawara Shigeko,小笠原茂子,short_title
4atnqu27,Ogasawara Kin,小笠原金,short_title
uihfZdNy,Ogasawara Tadanobu,小笠原忠信,short_title
zc3RATLY,Ogasawara Sadamasa,小笠原贞正,short_title
bi2KysQW,Ogasawara Himeko,小笠原姬子,short_title
lVI3T9fG,Ogasawara Sadanori,小笠原贞德,short_title
85Bsa0wA,Ogasawara Sadayasu,小笠原定康,short_title
2CvJRlY1,Ogasawara Sadazane,小笠原贞真,short_title
ioFUZ0oL,Ogasawara Ryoko,小笠原凉子,short_title
peaJoNOB,Ogasawara Nagatake,小笠原长武,short_title
rOnLD0w7,Ogasawara Tsuna,小笠原纲,keyword
Zyip3QcN,Miyamoto Sadanori,宫本定则,short_title
Uf3QK6ng,Miyamoto Chiyo,宫本千代,keyword
Zyip3QcN,Miyamoto Sadaaki,宫本定则,short_title
ZtJyjDvr,Miyamoto Hatsu,宫本发,keyword
IGRDYaLn,Shimamura Shizuma,岛村静真,short_title
kxPhkWeY,Shimamura Tsuchi,岛村土,keyword
a0POjhcf,Shimamura Sokichi,岛村宗吉,short_title
zE5EwPDa,Komiya Minbu,小宫南部,short_title
4EowmW3n,Komiya Tsune,小宫恒,keyword
5eZfB982,Sagara Yorimoto,相良赖本,keyword
qLcsYHM7,Uesugi Sakae,上杉荣,short_title
HAtmAA4A,Sagara Suzu,相良铃,keyword
5GMpq6XY,Sagara Motosaburo,相良元三郎,keyword
NutJCPcj,Sagara Hiroko,佐仓裕子,keyword
NWi3RA0H,Sagara Nagatomi,长富相乐,keyword
dvyfGKTU,Okudaira Misao,奥平思想,short_title
bbvlOOs5,Sagara Yoritsugu,相良赖继,keyword
YNU67geV,Sagara Yoriyuki,相良赖之,keyword
916pH86X,Kamei Oga,男鹿龟井,short_title
dKC0bSr2,Matsumoto Ryoichiro,松本良一郎,keyword
0K6M8tdY,Matsumoto Hana,松本花,keyword
EmtnyFBl,Matsumoto Miyanosuke,松本宫之介,keyword
MSsRSBtV,Matsumoto Chiyo,松本千代,keyword
nnG2BZn7,Shingu Gyozo,新宫饺子,short_title
L9k5QuOT,Shingu Kisa,木佐真宫,short_title
MF8e93EW,Nasu Shihosuke,那须志穗介,short_title
3kwAqpNa,Nasu Rin,那须凛,short_title
16V5w91f,Konze Shinpachi,金世新八,short_title
16V5w91f,Kikuchi Shichirozaemon,金世新八,short_title
57TkTUlx,Kikuchi Mitsu,菊地充,keyword
Knylet1a,Inaba Masakuni,成为佐久尼,short_title
UIKx01xx,Inaba Koto,稻叶琴,short_title
7sbPoa0a,Inaba Masanao,稻叶正直,short_title
a5rohL3A,Inaba Masayoshi,稻叶正义,short_title
acpnamQM,Inaba Masamori,稻叶正盛,keyword
HgdZp0Wl,Inaba Iwa,稻叶岩,short_title
5HotxjQe,Inaba Masanori,稻叶雅则,keyword
svKW968A,Inaba Sadako,稻叶贞子,short_title
TzTHrzds,Tago Yotaro,田乡与太郎,short_title
z3dbPelZ,Tago Eiko,田子英子,short_title
k92lOXHJ,Tanabe Gondayu,田边权太夫,short_title
teYikAqn,Tanabe Matsuko,田边松子,keyword
SqbUj7yq,Tanabe Nobuharu,田边信治,short_title
bS8yxN7k,Tanabe Harunosuke,田边晴之介,short_title
iIKYURwu,Tanabe Kiyoko,田边清子,keyword
QhQNpW8c,Tanabe Shinsen,田边信泉,short_title
vTJsC4OH,Tanabe Itoko,田边伊藤,short_title
99cmIBLl,Honda Masahito,本田雅人,short_title
IqQ6wbYX,Honda Masako,本田雅子,short_title
3DxSAP5P,Honda Masakazu,本田雅一,short_title
m9ddTE2d,Honda Suzu,本田铃木,short_title
wq7KfqBC,Honda Masazane,本田疯狂,short_title
USrCyCPN,Honda Masamichi,本田正道,short_title
lKbRz6eD,Cho Tsurayasu,鹤安町,keyword
0Y43uQrL,Cho Kono,河野町,short_title
Sj68FhWp,Cho Naritsura,曹成连,keyword
NkhLWVag,Cho Hiroshi,张宏,short_title
lpweWPGd,Cho Katsura,桂町,keyword
LeuCYp9y,Cho Tsurahiro,致鹤广,keyword
dmMvttf2,Cho Yasu,曹泰,short_title
E46uMtvl,Kawai Tsugunosuke,河合继之助,keyword
ILKZCqYF,Kawai Suga,河井菅,short_title
2GaQofVb,Kawai Akiaki,河合明秋,short_title
uBCOrdQV,Kawai Sada,河合定,short_title
Z2GCOUtm,Kawai Yasuko,河井靖子,short_title
x6R93cIi,Kawai Matsu,移动一下,keyword
m19CQd6x,Makino Tsuneko,牧野常子,keyword
1yDEuokr,Makino Tadakatsu,牧野忠胜,keyword
XoV0TPFq,Hosokawa Yoshikuni,细川芳国,keyword
saxrxGki,Hosokawa Mine,细川矿山,keyword
7eurlUtR,Hosokawa Narimori,细川成盛,keyword
SRSldKIW,Hosokawa Masu,细川真须,keyword
jpK0zLw5,Hosokawa Morihisa,细川守久,keyword
cCBVwKSj,Hosokawa Hiro,细川宏,keyword
4ZWfBLHb,Nagaoka Moriyoshi,长冈守吉,keyword
NYlbLufq,Matsui Akinori,松井昭则,keyword
fo7AmZvZ,Matsui Chiyo,松井千代,keyword
VwVczw6S,Matsui Tameyuki,松井为之,keyword
LRFeUoJn,Matsui Toshiyuki,松井敏之,keyword
9rmhZ9SX,Hosokawa Yukimasa,细川幸正,keyword
AwDyF3fr,Hosokawa Yukifumi,细川幸文,keyword
0YMRJmlt,Hosokawa Mitsuko,细川光子,keyword
0dn4iBEk,Hosokawa Tatsunori,细川龙典,keyword
1erzaD8X,Hosokawa Kei,细川圭,keyword
nCvG3JeX,Hosokawa Toshinaga,细川利长,keyword
ZQpSL7UA,Utsu Suzuko,宇津铃子,keyword
SQP2yZeu,Hosokawa Toshiyoshi,细川俊义,keyword
KrF8FmSs,Hosokawa Tomoko,细川智子,keyword
1btPFqMR,Hosokawa Tadatomi,细川忠富,keyword
lNlmN4wG,Miyabe Teizo,宫部祯藏,short_title
85PKWhYi,Miyabe Haruzo,宫部春三,short_title
ahYt1SDs,Todorobu Bei,都郎兵卫,keyword
GA5dFkPJ,Takagi Motoemon,高木元右卫门,short_title
q4kHT4nt,Sassa Junjiro,佐佐纯二郎,short_title
ccbI0eaO,Ariyoshi Tatsuhiro,有吉辰弘,keyword
l20Tre0E,Ariyoshi Rin,有吉凛,keyword
mZZiN58r,Ariyoshi Tatsuo,有吉辰夫,keyword
4UMLD8VG,Ariyoshi Mine,有吉峰,keyword
BQpT7Ot2,Ariyoshi Tosei,东正有吉,keyword
PhtIj0GH,Ariyoshi Hana,有吉花,keyword
NkAfByDU,Yoneda Koretake,虚幻米田,short_title
c5eoivff,Yoneda Korekata,米田是方,short_title
ovVdGXOn,Yoneda Koreyasu,米田是康,short_title
ZlHul9Zt,Shimotsu Kyuma,下津久间,keyword
HQk5m5lx,Motoda Nagazane,本田长真,short_title
b9gzn2hY,Ogi Masakuni,小木正国,short_title
EALX2wiH,Arima Yorishige,有马赖重,short_title
Zf2ThTMe,Arima Shoko,有马祥子,short_title
bqlAf3Ep,Arima Yoriko,有马依子,short_title
8KGtAWLM,Arima Chiyo,有马千代,keyword
P5bd2ucF,Arima Yorimasa,有马赖政,short_title
B67b5TXq,Arima Yorimitsu,有马赖光,keyword
HbzP5AAB,Arima Yorito,有马赖人,short_title
DrxNkMPh,Maki Yasuomi,真纪康臣,short_title
adfnCVYV,Mizuno Masana,水野正奈,short_title
i2ihnVmH,Ogawa Masafumi,小川正文,short_title
38sUEkUk,Sasaki Kinpei,佐佐木金平,short_title
Y7RBrR1o,Tsuji Ichizaemon,辻氏左卫门,keyword
hPnLYYJO,Arima Masanaga,有马正长,short_title
UxSkwZcc,Imai Sakae,今井荣,short_title
iqiu9axQ,Fuwa Masahiro,不破雅宏,short_title
M9fL4iOG,Nozaki Heihachi,野崎平八,short_title
S9l95YBY,Arimatsu Seijiro,有松诚二郎,keyword
4hhMmQZv,Honjo Eizoro,本所荣藏郎,short_title
gP7qZ1sx,Matsuoka Denjuro,松冈传十郎,keyword
xzrz8EdV,Inoue Tetsuji,井上哲二,keyword
0u4eOAjF,Nakata Honsho,中田本庄,short_title
EJFqZ0Re,Nabeshima Naotada,我很欣赏直忠,keyword
GJikOBTs,Nabeshima Tsuneko,锅岛恒子,keyword
IunQmBW8,Nabeshima Naomaru,锅岛直丸,keyword
TVY3ysQM,Nabeshima Naotomo,锅岛直友,keyword
pKRWlHY2,Nabeshima Suiko,锅岛翠子,keyword
BpNWO1VW,Nabeshima Naosuke,锅岛直介,keyword
sLjMUtzo,Nabeshima Yuiko,锅岛由子,keyword
afjOzd7v,Nabeshima Naotora,锅岛直虎,keyword
dJrycT5U,Nabeshima Haruko,我在说谎 春子,keyword
Bun8uTcC,Nabeshima Naoyoshi,锅岛直义,keyword
QoJqPtiQ,Nabeshima Kuzuko,锅岛葛子,keyword
1U8b3UIP,Nabeshima Naonaga,锅岛直长,keyword
tITu2Ofm,Nabeshima Choshun-in,锅岛长春院,keyword
jmFzBD6r,Nabeshima Shigemasa,锅岛重正,keyword
oKY3txxT,Nabeshima Tameko,锅岛为子,keyword
uPz1Xvdn,Nabeshima Shigetomo,锅岛重友,keyword
UOIYnsPP,Nabeshima Matsu,锅岛松,keyword
IuaPQ3Jf,Nabeshima Shigemasa,锅岛重正,keyword
8SJ7vUnX,Nabeshima Iku,锅岛郁,keyword
5vMME1MH,Nabeshima Hidemasa,锅岛秀正,keyword
MRn4lWn1,Isahaya Ichigaku,谏早氏学,short_title
ZjiY3efx,Isahaya En,谏早缘,short_title
XUnjjMXE,Isahaya Ietaka,谏早家隆,short_title
GVedNuqp,Taku Shigetsugu,重次拓,keyword
SNVHLgax,Taku Yotsu,与卓,keyword
25ZutWwE,Nabeshima Naohiro,锅岛直宏,keyword
3WB4WKAb,Nabeshima Taneko,锅岛种子,keyword
v3bb1Q5X,Nabeshima Naomasa,锅岛直正,keyword
Jnx18tIy,Nabeshima Fude,锅岛笔德,keyword
0YuKB1a0,Nabeshima Naoteru,锅岛,keyword
vHYZgp4m,Nabeshima Yukiko,锅岛由纪子,keyword
glmLovBF,Nabeshima Naotaka,锅岛直隆,keyword
aBevKeGx,Murata Masanori,村田正则,keyword
MLD6QUoN,Murata Rin,村田凛,short_title
aBevKeGx,Murata Masatada,村田正则,short_title
0WWMrnLV,Eto Shinpei,江藤新平,short_title
Duy1yvLw,Shima Yoshitake,岛义武,short_title
VhUaonxW,Asakura Naotake,朝仓直武,short_title
LfZC8oxt,Okuma Shigenobu,雷丁重信,short_title
YazRHukF,Sano Tsunetami,佐野恒民,keyword
PJm0OEPx,Oki Takato,大木隆人,short_title
Xup6gETO,Soejima Taneomi,副岛种臣,short_title
vAL4CzPc,Edayoshi Shinyo,江田义真阳,short_title
Vz6OtTyq,Edayoshi Nanbori,江田芳南堀,short_title
XbjCzJTi,Tanaka Hisashige,田中久重,short_title
W3XjwTmf,Muta Bunnosuke,武田文之介,short_title
aACMcMnP,Ishii Tadasuke,石井忠介,keyword
ROAQ3r08,Kondo Isami,近藤勇,short_title
tDyOs33I,Hijikata Toshizo,土方俊三,short_title
4MEC7NCo,Yamanami Keisuke,山波惠介,short_title
FAMP0ZXN,Okita Soji,冲田总司,short_title
AmaQ3r08,Amano Hachiro,天野八郎,short_title
KasOs33I,Kasuga Akimichi,春日明道,short_title
IkeC7NCo,Ikeda Nagahiro,池田长宏,keyword
KawP0ZXN,Kawamura Keizo,河村敬三,short_title
AizKouSe,Kousaka Senkichi,小坂千吉,short_title
AizKoHaK,Hasegawa Kotaro,长谷川光太郎,short_title
AizKoKoH,Kobayashi Hyokichi,小林孝吉,short_title
Naka3r08,Nakano Takeko,中野武子,short_title
NaKos33I,Nakano Koko,验血,short_title
YaYaeNCo,Yamamoto Yaeko,山本八重子,short_title
YuJi0ZXN,Yukiko Jinbo,神保由希子,short_title
IshiBuze,Ishii Buzen,石井丰前,keyword
ChujKinn,Chujo Kinnosuke,中条金之介,short_title
NakaKoto,Nakazawa Koto,中泽琴,short_title
OkitRint,Okita Rintaro,冲田伦太郎,short_title
SakaRyom,Sakamoto Ryoma,坂本龙马,short_title
NakaShin,Nakaoka Shintaro,中冈慎太郎,short_title
IwasYata,Iwasaki Yataro,岩崎弥太郎,short_title
SasaTaka,Sasaki Takayuki,佐佐木孝之,short_title
NakaTada,Nakayama Tadamitsu,中山忠光,keyword
IkeKurat,Ike Kurata,仓田池,short_title
HiraTake,Hiraoka Takeo,平冈武夫,short_title
IshiEiki,Ishida Eikichi,石田英吉,short_title
KawaGens,Kawakami Gensai,川上元斋,short_title
KiriTosh,Kirino Toshiaki,桐野俊明,short_title
OkadaIzo,Okada Izo,冈田以藏,short_title
bMfqWjqk,Kato Yasutomi,加藤康富,short_title
g5pzHuFm,Mizoguchi Fumi,沟口文,short_title
kHOJ0Awe,Kato Yasuaki,加藤泰明,short_title
Jb6FawOB,Yamauchi Fukuko,山内福子,keyword
gTFSsjbm,Kato Yasumoto,加藤保本,short_title
qwJbUUQV,Maeda Zenko,前田善子,keyword
RzWxJC41,Kato Yasutoshi,加藤康稔,short_title
vT8u3noP,Okudaira Kaedehara,奥平枫原,short_title
GZEDDxOG,Kato Yasunori,加藤康则,short_title
KDfcebZ7,Kashuji Sayuri,卡修吉小百合,short_title
gSncZATa,Naito Masayoshi,内藤正义,short_title
GCLn5ECy,Naito Toyoko,内藤丰子,short_title
UgnuLgbA,Naito Masataka,内藤正孝,short_title
51dM4xsA,Naito Masayori,内藤正赖,short_title
l9dNB33O,Date Munenari,伊达宗成,keyword
vZK6RwNC,Nabeshima Mashiko,锅岛益子,keyword
aa7k9lsZ,Date Munetada,伊达宗忠,keyword
FH6ohwg7,Nabeshima Kan,锅岛勘,keyword
84OJJiZg,Mori Takako,森隆子,keyword
qsvolxnV,Date Munenori,伊达宗则,keyword
j6oilqBS,Doi Michio,土井道雄,short_title
R9UQCnuM,Doi Gokichiro,五吉郎二人,short_title
NrJRgRfz,Doi Yoshiko,土井芳子,short_title
pvhvN7QV,Kojima Korekata,小岛是方,short_title
rHKVyyVc,Kojima Ai,小岛爱,short_title
kCyapaMi,Kaneko Tadaaki,金子忠明,short_title
qnY9HZY8,Date Munemichi,伊达宗道,keyword
q7dRw8dj,Shimazu Rei,岛津怜,keyword
Pi1K6Dyu,Date Muneyoshi,伊达宗吉,keyword
Q5L1Tq9A,Date Hisawaka,伊达久泽,keyword
PGjI36Ae,Date Oshin,伊达阿信,keyword
EFVk0L5h,Yamauchi Toyonori,山内丰典,keyword
6CK8HDZR,Mori Nao,森奈绪,keyword
s6nTS5jf,Yamauchi Toyosuke,山内丰介,keyword
OdLEdQd3,Ikeda Yusen-in,池田友仙院,keyword
JVEOWyAi,Yamauchi Toyoteru,山内丰照,keyword
MgtskN05,Yamauchi Toyoatsu,山内丰笃,keyword
ufdDL1IS,Yamauchi Toyoshige,山内丰重,keyword
zcC4TL48,Yamauchi Masako,山内雅子,keyword
U9RsqAwX,Yamauchi Ujisato,山内氏里,keyword
RySY5fQu,Yamauchi Yuki,山内由纪,keyword
KyUYLo0G,Yamauchi Ujinari,山内氏成,keyword
mfPg78eX,Yamauchi Ujikata,山内氏方,keyword
hvyaWDgX,Fukao Shigenori,深尾重德,short_title
DeCbQeHC,Fukao Uta,歌深雄,short_title
1YCmAvvP,Fukao Shigemoto,重本深夫,short_title
FXZNXucw,Fukao Shigeyoshi,深尾重义,short_title
pGrd03pI,Inui Taisuke,干泰辅,short_title
kKdyVFsm,Inui Suzu,干铃,short_title
Uk8wWxBw,Inui Masashige,干正重,short_title
gswXQDd7,Inui Hayashi,干林,short_title
KwL2BhJu,Inui Hokotaro,热饮,short_title
NMjVGI7u,Inui Masashi,干正史,short_title
m3YajwyO,Yamauchi Toyofuku,山内丰福,keyword
uht0Icck,Yamauchi Noriko,山内纪子,keyword
YK0QNAGY,Yamauchi Toyokata,山内丰方,keyword
uuCL0VJy,Yamauchi Keiko,山内惠子,keyword
1OhuHuRD,Yamauchi Toyotake,山内丰武,keyword
pOfNSi6V,Yamauchi Miya,山内美弥,keyword
UYASRxJw,Yamauchi Toyomitsu,山内丰光,keyword
hhYUOKRh,Yamauchi Toyomasa,山内丰正,keyword
ic0O247n,Yamauchi Kane,山内兼,keyword
HAaOI8lO,Yamauchi Kuniko,山内邦子,keyword
CLvsoPtJ,Yamauchi Toyoko,山内丰子,keyword
HVP1iekL,Goto Masami,后藤雅美,short_title
Hlkt9zR1,Fukudome Ume,福留梅,short_title
g2mr3QCM,Goto Masakata,后藤正方,short_title
Mxr5FYoa,Hachisuka Narihiro,蜂须贺成弘,keyword
6gzf2OX9,Takatsukasa Shinako,高冢品菜子,keyword
JLomyVbr,Hachisuka Mochiaki,蜂须贺持昭,keyword
75JZYLpa,Hachisuka Michiko,不会洗衣服,keyword
NPrwtYts,Hachisuka Aya,不洗这些,keyword
2AJOuAzz,Hachisuka Narimasa,不洗成正,keyword
diWjBHKp,Takatsukasa Noriko,高冢纪子,keyword
uu3PRYD5,Ikeda Masatoyo,池田正丰,keyword
HxfQ7WNA,Ikeda Saki,池田早纪,keyword
GLB0eZon,Ikeda Nagataka,池田永隆,keyword
nKh0IYa0,Ikeda Chiyo,池田千代,keyword
dBBf1wOB,Ikeda Nagaoki,池田长兴,keyword
GiqQGwGA,Hachisuka Mori,森蜂须贺,keyword
4jgyfZ85,Ikeda Akinori,池田昭典,keyword
4MZmJxE6,Ikeda Hisa,池田久,keyword
cjm2q36D,Kashima Masanobu,鹿岛政信,keyword
0vFKvTmm,Kashima Iyo,鹿岛伊予,keyword
2yPLLgtG,Kashima Masaaki,鹿岛正明,short_title
cOejVaQ2,Kashima Rin,鹿岛凛,short_title
Z7HNxyjm,Kashima Tatsu,鹿岛达,keyword
zQfWhCEH,Kashima Masanori,鹿岛正则,keyword
CjIwIpNQ,Kashima Haru,鹿岛春,short_title
0D5ublc2,Kashima Masakazu,鹿岛正一,short_title
vktgsLcf,Inada Uemasa,稻田上政,short_title
wseAsdnA,Inada Chiyo,稻田千代,keyword
s4GK3ysW,Inada Uefu,稻田植夫,short_title
7RyhvBYR,Inada Uegei,稻田植英,short_title
OBe36Dgm,Inada Kiyo,稻田清,keyword
tzDZ2CnQ,Inada Uenori,稻田上典,short_title
L0lMoM6a,Inada Teijyuin,稻田帝九院,short_title
chCyXnc8,Inada Uekuni,稻田上国,short_title
JJbwQ3jB,Inada Kunie,稻田国卫,short_title
EqsKtTd5,Inada Yau,稻田佑,short_title
WbfzMksA,Inada Uetoshi,稻田上俊,short_title
mH1Ruh1j,Inada Matsu,稻田松,keyword
LACOAPLK,Inada Ueyoshi,稻田上吉,short_title
MVfwFwvD,Inada Hana,稻田花,short_title
khx3Vgh8,Matsudaira Katamori,松平片守,keyword
mzCn8ZC7,Matsudaira Toshi,松平敏,keyword
sdzqsV1G,Matsudaira Katataka,松平片隆,keyword
liJQwhE3,Matsudaira Teru,松平照,keyword
QkJaEi3K,Matsudaira Nobunori,松平信则,keyword
YwGkSfbK,Saigo Tanomo,田野西乡,short_title
kDG4hH19,Saigo Chieko,西乡千惠子,short_title
7iNle8U9,Saigo Yurin,西乡友林,short_title
scnJL5kL,Saigo Hosobuko,西乡细部子,short_title
9wTMtQuw,Saigo Takiko,西乡泷子,short_title
9WtMtQuw,Saigo Tazuko,西乡太津子,short_title
7INle8U9,Saigo Chikasato,西乡近里,short_title
7INlEbU9,Saigo Naosetsu,西乡直雪,keyword
7INlEbu9,Saigo Kazuto,西乡和人,short_title
uSZ3ktlG,Yamakawa Hiroshi,山川宏,short_title
eKVl7rFn,Yamakawa Tose,山川东濑,short_title
E8H6JIrN,Yamakawa Shigetaka,山川重隆,short_title
4Wvo7FV1,Yamakawa Karagino,山川唐木野,short_title
Cu1xPRNB,Yamakawa Kenjiro,山川健二郎,short_title
IWEJ4mrY,Yamakawa Futaba,山川双叶,short_title
kJATuUtQ,Yamakawa Shigehide,山川茂英,short_title
PBI1pb9J,Naito Nobuyuki,内藤伸行,short_title
VtEfOh9T,Naito Nobutsushi,内藤信司,keyword
wnmhSjVG,Kajiwara Kageo,梶原景夫,short_title
9WmlolIC,Tanaka Gensei,田中源诚,short_title
foAJh4Aw,Tanaka Misa,田中美沙,short_title
4gtrnix8,Tanaka Genko,田中元工,short_title
AizSagKa,Sagawa Kanbei,佐川官兵卫,keyword
AizHayYa,Hayashi Yasusada,林安定,short_title
AizKajHe,Kajiwara Heima,梶原黑马,short_title
AizYamGo,Yamamoto Gonpachi,山本权八,short_title
AizYamSa,Yamamoto Saku,山本作,short_title
AizYamKa,Yamamoto Kakuma,山本角真,short_title
AizYamSb,Yamamoto Saburo,山本三郎,short_title
AizHyuNa,Hyuga Naiki,日向内木,short_title
AizAkiTe,Akizuki Teijiro,秋月贞次郎,short_title
AizAsaCh,Asaba Chunosuke,浅羽忠之介,short_title
CrgYCr35,Soma Michitane,道种创真,short_title
ppxVSFKS,Soma Naga,索玛纳加,short_title
CkTKok6g,Soma Tomotane,友种相马,short_title
bI1XmCI8,Soma Yoshitada,相马吉忠,short_title
YwuGBeax,Soma Yoshitane,相马义种,short_title
nci1JssK,Soma Hanako,相马花子,short_title
BGJzNDaJ,Niwa Nagakuni,丹羽长国,short_title
1NJGIP9x,Niwa Hisako,丹羽久子,short_title
4zIz7SLR,Niwa Mine,丹羽峰,short_title
BGJZnDaJ,Niwa Nagatomi,丹羽长富,short_title
1NJgiP9x,Niwa Masu,丹羽真须,short_title
YwGkSfbK,Inawashiro Morikuni,田野西乡,keyword
kDG4hH19,Inawashiro Matsu,西乡千惠子,keyword
7iNle8U9,Inawashiro Moritane,西乡友林,keyword
nlu9kbj8,Ikeda Yoshinori,池田嘉德,keyword
HByndZnP,Ikeda Hiroko,池田博子,keyword
sxbLtOpV,Ikeda Terutomo,池田照友,keyword
aZssFvBr,Ikeda Tsuneko,池田常子,keyword
DuxfRUZv,Ikeda Nakaken,池田中健,keyword
oEJsVsvL,Ikeda Norisada,池田典定,keyword
AabIiWIA,Arao Shigehiro,荒尾茂宏,short_title
o5Zq7Oek,Shimizutani Tsuman,清水谷津满,keyword
MCup3o6i,Arao Shigeo,荒尾茂雄,short_title
nMadfoql,Arao Shigetomi,荒尾重富,short_title
fELklkpF,Arao Yasu,安尾安,short_title
AhCQLCtb,Arao Naonari,荒尾直成,short_title
nLNPP20E,Arao Mitsunari,三成荒尾,keyword
EB3nmSxp,Arao Tsugunari,荒尾继成,keyword
PIfaqh7Q,Arao Tamenari,关注为成,short_title
3Pn5oEfx,Date Yoshikuni,伊达义国,keyword
EDAnoqXI,Tokugawa Takako,德川隆子,keyword
KAHCFSfY,Date Nariyoshi,伊达成吉,keyword
0JKuKUGj,Date Shiba,伊达芝,keyword
23ZArAMO,Date Narikuni,伊达成国,keyword
BX6Yp0vZ,Date Noriko,伊达典子,keyword
5UBPnUHd,Date Munemoto,火中日期,keyword
HgsPH3W5,Date Tsunemura,伊达常村,keyword
TGJrgoXP,Date Teiso-in,枣子丁,keyword
5uYt8kLx,Date Muneatsu,伊达宗笃,keyword
ROpC8P2s,Katakura Kuninori,片仓国则,short_title
w4XrKYdu,Katakura Kagenori,片仓景德,short_title
MlE07cvv,Date Aiko,伊达爱子,keyword
xNmZREFs,Katakura Umeko,片仓梅子,short_title
5M0NN2yN,Katakura Kagemitsu,片仓影光,keyword
faonKywA,Tamura Kuniyoshi,田村国芳,keyword
G8NxnJE5,Tamura Teruko,田村照子,short_title
C9MEAEGI,Tamura Takaaki,田村孝明,short_title
tLDDSJ4h,Tamura Mutsumi,田村睦美,keyword
6syqEkxm,Tamura Kuniyuki,田村国之,short_title
3fLCijjk,Date Kunitaka,约会想要我,keyword
ASQ0gZto,Date Motoko,伊达元子,keyword
JZFYlzYb,Date Tanemoto,伊达种本,keyword
chvnuxQs,Date Chiho,伊达千穗,keyword
1dDTpLSL,Date Kuninari,伊达国成,keyword
hFIaafxw,Date Kunizane,伊达国真,keyword
yKztqf7Y,Date Toyoko,伊达东横,keyword
PdMyVeC2,Date Motoi,摩托数据,keyword
GfI6uQA0,Date Kuninori,伊达国德,keyword
V03JK8Wj,Date Ryo,伊达亮,keyword
4enjcrq2,Date Motoyasu,伊达元康,keyword
uLgRyxxy,Date Yasunao,伊达康直,keyword
qyv1DVLK,Date Kuninao,伊达国直,keyword
zS1xCtvl,Date Shibu,伊达涩,keyword
A91ldYIn,Date Motonori,伊达元典,keyword
2vUBdY6S,Date Kuninaka,伊达国中,keyword
bs10mHWo,Date Munehira,伊达宗平,keyword
qLjgsdLd,Date Iyoko,留守春,keyword
OMoDuAqu,Date Noriko,伊达典子,keyword
uGlEqEJX,Date Kuniyoshi,伊达国芳,keyword
NpV12vkH,Date Kuninori,伊达国德,keyword
rg6sw1Q9,Date Aihime,伊达爱姬,keyword
JkZOorvD,Date Motoharu,伊达元治,keyword
uxzJmlwA,Date Keifuku,伊达庆福,keyword
BabGjggN,Itakura Katsuaki,板仓胜明,keyword
hxOrAtOY,Uesugi Iku,上杉育,short_title
EtRVL3Xg,Itakura Katsumi,板仓胜美,keyword
4GWpCzJZ,Itakura Tadashi,板仓正,short_title
AgF95oLC,Itakura Katsuhide,板仓胜秀,keyword
XWlzkdNm,Itakura Katsutoshi,板仓胜俊,keyword
hxOraTOY,Itakura Sada,伊塔库拉·萨达,short_title
XWlzkDnM,Itakura Katsunaga,板仓胜永,keyword
hxOratoy,Itakura Yae,伊塔库拉·八重,short_title
ItaKatsu,Itakura Katsunori,板仓胜则,keyword
ItaKatsa,Itakura Katsusato,板仓胜里,keyword
MatTakes,Matsubara Takeshi,松原武,keyword
PHvwg0Xu,Inaba Hisamichi,稻叶久道,short_title
PF8gDLpE,Inaba Takashi,稻叶隆,short_title
JjgMoz43,Inaba Junmichi,稻叶淳道,short_title
9ipPC2rK,Inaba Akimichi,稻叶昭道,short_title
dUHmrYee,Inaba Tonohime,稻叶远姬,short_title
6AupeJ2N,Matsudaira Mitsuhisa,松平光久,keyword
tY6vS3gw,Matsudaira Shige,松平茂,keyword
KqISOYEY,Matsudaira Yasuhiro,松平泰宏,keyword
ZbVonqWL,Okubo Noriyoshi,大久保则吉,keyword
D0DDSMQY,Okubo Fukuko,大久保福子,short_title
gyhJohjp,Okubo Tadayoshi,大久保忠义,short_title
mWkIbjPO,Okubo Tadanori,大久保忠则,short_title
Txz2u8Oq,Okubo Yuki,大久保由纪,short_title
a2OoRcJh,Okubo Tadanao,大久保忠直,short_title
vktTGyQq,Okubo Chohime,大久保长姬,short_title
XUP0oREf,Sakai Tadaaki,酒井忠明,keyword
jg1L0wFo,Sakai Kaya,穿衣服,keyword
p4t1iXm5,Sakai Tadazumi,酒井忠纯,keyword
8hFeGd0I,Sakai Tadamichi,酒井忠道,keyword
RhHRQkPQ,Sakai Tadatoshi,酒井忠利,keyword
M12NsVpR,Sakai Naokata,酒井直方,keyword
WkEGfvdg,Sakai Misa,酒井美沙,keyword
62tdkvpy,Sakai Naoyasu,酒井直康,keyword
VgE08XCk,Sakai Tsune,酒井恒,keyword
MjQRacs8,Sakai Nogata,酒井直方,keyword
cYZFWbZM,Matsudaira Hisashige,松平久重,keyword
FEk7Sghh,Matsudaira Hisayoshi,松平久义,keyword
QiAwLSXY,Matsudaira Hisaaki,松平久明,keyword
WlbkIU1a,Sakai Tadayoshi,酒井忠义,keyword
NvZMn1nx,Sakai Haru,酒井春,keyword
9NoCTl9V,Sakai Tadayasu,酒井忠康,keyword
6VMRRxMG,Sakai Toshikata,酒井利方,keyword
bxPIgkEG,Sakai Tadakata,酒井忠方,keyword
EI4GudVP,Sakai Otetsu,堺大哲,keyword
l1FlQE5M,Sakai Rakuko,你说洛子,keyword
bLbHwsOu,Akita Tomosue,秋田友末,keyword
2lCIr4Yo,Akita Matsuko,秋田松子,keyword
V0yNJaSo,Akita Norisue,秋田纪末,keyword
KLD5OGKr,Akita Tetsu,秋田哲,keyword
Nn83RWCj,Akita Akisue,秋田秋末,keyword
CuZoMuTC,Akita Sueharu,秋田末治,keyword
MnxZWCfr,Akita Tatsuko,秋田达子,keyword
UP1GXVUv,Akita Chinko,秋田镇子,keyword
PBJm4EDg,Tsugaru Yukitsugu,津轻行继,keyword
Zd7dIZYX,Tsugaru Izumi,津轻泉,keyword
DxKKXmBo,Tsugaru Tsuguakira,津轻津光,keyword
bCUAVf01,Tsugaru Tsunehime,津轻常姬,keyword
tePWyu1J,Tsugaru Naramaro,津轻奈良麻吕,keyword
ghllwrCJ,Tsugaru Tsugumichi,津轻津道,keyword
PZT6X6Nv,Tsugaru Chiyoko,津轻千代子,keyword
EhjiWov4,Tsugaru Tsuguyasu,津轻继康,keyword
J4YAWqUc,Tsugaru Torakuko,津轻虎子,keyword
Y4g7oumw,Sugiyama Shigetomo,杉山重友,short_title
AfDpOut5,Sugiyama Kame,杉山龟,short_title
iLroIUcH,Sugiyama Hisanoshin,杉山久之信,short_title
hStRHmEI,Sugiyama Shigenori,杉山重德,short_title
GsSSWLlB,Yamanaka Itsuro,山中五郎,keyword
NYdIhl32,Yamanaka Utaro,山中宇太郎,short_title
xxpsHzns,Yamanaka Iwa,山中岩,short_title
5cfM2Wsd,Yamanaka Yoshimaro,山中芳麻吕,short_title
xzgrBlXk,Chinda Sutemi,钦达·苏特米,short_title
kmuEpByR,Daidouji Junsei,大道寺纯正,short_title
ZPBJZyhY,Daidouji Mibu,大道寺壬生,short_title
97vWqS1S,Daidouji Shigetoshi,大道寺重利,short_title
qDo4xRn3,Nanbu Toshihisa,南部俊久,keyword
kD2IsTSN,Nanbu Matsu,南部松,keyword
4HJGGKQV,Nanbu Toshiyuki,南部俊行,keyword
oG7Xj5F1,Nanbu Ikuko,南部郁子,keyword
F44DRUrw,Nanbu Hidemaru,南部秀丸,keyword
TLlGQ3hu,Nanbu Nobukata,南部信方,keyword
SMHA0cYX,Nanbu Asako,南部麻子,keyword
vi4WkU82,Nanbu Toshitomo,南部俊智,keyword
A3IWaEnQ,Nanbu Toshitada,南部利忠,keyword
JcbZs4It,Nanbu Retsuko,南部烈子,keyword
ETIKKEst,Nanbu Toyoko,南部东横,keyword
sD4FqEXl,Nanbu Nobutami,南部信民,keyword
4fsMSmDZ,Nanbu Mutsuko,南部睦子,keyword
DjV342Vx,Nanbu Saisho,南部最商,keyword
L0wrNKVa,Nanbu Nobunori,南部信典,keyword
50jyluRi,Nanbu Nobuyuki,南部信之,keyword
ly1rOf4V,Nanbu Tsuruhime,南部鹤姬,keyword
IaI3rd8b,Nanbu Sakinobu,南部崎信,keyword
U2fcoM3V,Nakano Yasukuni,中野靖国,short_title
OnWob7FY,Nakano Yasuko,中野泰子,short_title
ybA8C3Pn,Nakano Yasutaka,中野康隆,short_title
ktJ3A4pU,Nanbu Saiyu,南部西悠,keyword
fCPVtYJi,Nanbu Tsuki,南部月,keyword
0JfNpzoT,Kita Saidai,北西大,short_title
VrwnAg7Z,Kita Sumire,堇见,short_title
WOxNvejG,Kita Saigo,北西乡,short_title
1Ms9l2Vr,Kita Saiken,北彩轩,short_title
Kn3UwNzn,Nanbu Seiyo,南部西洋,keyword
KJxRs4Uz,Nanbu Haru,南部春,keyword
Yhd8MKk4,Nanbu Haruaki,南部晴明,keyword
aXv9jGz0,Nanbu Ito,伊东南部,keyword
LQ4LfBqy,Nanbu Harukage,南部春影,keyword
kn3UwNzn,Nanbu Yosota,南部与索太,keyword
kJxRs4Uz,Nanbu Kane,南部凯恩,keyword
kn3UwNzN,Nanbu Tamon,南部多门,keyword
rQvhIKmk,Mito Shikibu,水户式部,keyword
Loa2z2lg,Mito Hime,水户姬,keyword
k0VTBlM1,Mito Yosho,水户洋翔,keyword
N8YxPOIs,Mito Sadaaki,慈善的神话,keyword
RQvhIKmk,Mito Saisho,水户最商,keyword
PH6vnz2s,Azuma Masazu,东正津,short_title
UUC5lMpW,Azuma Teru,东照,short_title
7VsSFAbY,Azuma Masahiro,东正宏,short_title
aCGR0aAJ,Azuma Masanori,东正则,keyword
ph6vnz2s,Sado Narayama,佐渡奈良山,short_title
ph6vnz2S,Hara Takashi,原隆,short_title
ph6VNZ2S,Sasaki Toyoju,佐佐木丰树,short_title
NavGuC3X,Antique Cannon,古董火炮,short_title
NapGuC3X,M1857 12-Pounder Napoleon,M1857 12磅拿破仑炮,short_title
LHiGuC3X,Yonkin-sanpo (Canon de Montagne de 4 La Hitte),四斤山炮（4磅拉希特山炮）,short_title
ArmGuC3X,RBL 12-Pounder 8 CWT Armstrong Gun,RBL 12磅8英担阿姆斯特朗炮,short_title
GatGuC3X,Model 1865 Gatling Gun,1865 型加特林机枪,short_title
3yd9Pq07,Personal Mokuroku,个人目録,short_title
HM3Bq7N7,Hokushin Itto-ryu Hatsumokuroku,北辰一刀流初目録,keyword
HMs8hQyH,Hokushin Itto-ryu Chūmokuroku,北辰一刀流中目録,short_title
HMmCw4Bg,Hokushin Itto-ryu Daimokuroku,北辰一刀流大目録,short_title
HMaXn8qV,Hokushin Itto-ryu Naginata Mokuroku,北辰一刀流薙刀目録,short_title
OMB4e6MT,Ono-ha Junikajō Mokuroku,小野叶十二城目録,short_title
OMs8hQyH,Ono-ha Kanajisho Mokuroku,小野叶金二所目録,short_title
OM1D8zxc,Ono-ha Hon Mokuroku,小野本目録,short_title
JR8luozd,Jigen-ryu Sho-Mokuroku,示现流翔目録,short_title
JRL4F9EU,Jigen-ryu Chū-Mokuroku,示现流中目録,short_title
JRllQMrj,Jigen-ryu Okumokuroku,示现流奥目録,short_title
JRzDg0b9,Jigen-ryu Sōmokuroku,示现流左目録,short_title
SRon0sjs,Shinkage-ryu Omote Mokuroku,新阴流表目録,short_title
SRrjal9r,Shinkage-ryu O-marobashi Mokuroku,新阴流大丸桥目録,short_title
SR7iL6Eg,Shinkage-ryu Ko-marobashi Mokuroku,新阴流小丸桥目録,short_title
SRHug8cR,Shinkage-ryu Tengu-shomokuroku,新阴流天狗初目録,short_title
SRXrRixu,Shinkage-ryu Karimokuroku,新阴流外传目録,short_title
SRHKfmPe,Shinkage-ryu Mokuroku,新阴流目録,short_title
SRL4GoMr,Shinkage-ryu Gaiden Mokuroku,新阴流外传目録,short_title
SRYwlJAv,Shinkage-ryu Naiden Mokuroku,新阴流内传目録,short_title
SR3fPS6n,Shinkage-ryu Kaiden Mokuroku,新阴流皆传目録,short_title
JRC2LX8Y,Jikishinkage-ryu Shomokuroku,直心影流初目録,short_title
JRu0Pgwn,Jikishinkage-ryu Jomokuroku,直心影流上目録,short_title
JR9uc7Z6,Jikishinkage-ryu Reikenden Mokuroku,直心影流灵剑传目録,short_title
JRONpX7g,Jikishinkage-ryu Kyuri-no-Maki Mokuroku,实木真影流九里之卷目録,short_title
JRLrNt0o,Jikishinkage-ryu Goku-i Mokuroku,直心影流悟空物语,short_title
JR5IyDWZ,Jikishinkage-ryu Mokuroku-menkyo,直心影流目録面镜,short_title
MR2EPFPW,Mugai-ryu Goyo-mokuroku,无外流五叶目録,short_title
MRL85pP0,Mugai-ryu Goka-mokuroku,无外流五花目録,short_title
MRblQwuC,Mugai-ryu Goo-mokuroku,无外流五目録,short_title
MR4e0JyT,Mugai-ryu Hashiri-gakari Mokuroku,无外流流走挂目録,short_title
MRIIPYmN,Mugai-ryu Naiden-mokuroku,向内流内传目録,short_title
MRKIBT0f,Mugai-ryu Tachi-mokuroku,无外流立目録,short_title
MRhYy27i,Mugai-ryu Wakizashi-mokuroku,无外流胁差目録,short_title
TRETWLF6,Tatsumi-ryu Oden Mokuroku,辰巳流御田目録,keyword
TRZ5xPMe,Tatsumi-ryu Tojutsu Tachiai-mokuroku,辰巳流柔术立合目録,keyword
TRRaW6II,Tatsumi-ryu Tojutsu Iai-mokuroku,辰巳流柔术居合目録,keyword
TR1kLRlw,Tatsumi-ryu Mokuroku-menkyo,辰巳流目録免许,keyword
TRjf5wHR,Tatsumi-ryu Yari-mokuroku,辰巳流枪目録,keyword
TRuXqhmE,Tatsumi-ryu Shuriken-mokuroku,辰巳流手里剑目録,keyword
TRFBhFME,Tatsumi-ryu Monomi-mokuroku,辰巳流物见目録,keyword
TRMH1C6n,Tatsumi-ryu Shudan-sentōhō Mokuroku,辰巳流手段战法目録,keyword
TRhYy27i,Tatsumi-ryu Wakizashi-mokuroku,辰巳流胁差目録,keyword
TRaXn8qV,Tatsumi-ryu Naginata Mokuroku,辰巳流薙刀目録,keyword
HMg9HTTc,Heki-ryu Yumi Mokuroku,日置流弓目録,short_title
HMiwn1t6,Heki-ryu Hyōhōmokuroku,日置流兵法目録,short_title
TRpLo9Gd,Tamiya-ryu Omote no Maki Mokuroku,田宫流表之卷目録,short_title
TRGafnr2,Tamiya-ryu Koran no Maki Mokuroku,田宫流古传之卷目録,short_title
HMRQZY3w,Yari Omote-mokuroku,枪表目録,short_title
HM7wSDVD,Yari Ura-mokuroku,枪里目録,short_title
HMOCMPWH,Yari Shinshikake Mokuroku,枪新式挂目録,short_title
HMiwn1t6,Yari Hyōhōmokuroku,日置流兵法目録,short_title
pevalQVx,Bajōzutsu,马上筒,keyword
N23dcv8c,Tanzutsu,谈筒,keyword
FSQBKQfP,Arquebus,火绳枪,short_title
elFuMatP,Samurai Zutsu,武士祖都,keyword
pmslilcc,Tanegashima,种子岛,short_title
b2H3pbSq,Small Ozutsu,小津,keyword
PzGFwFj9,Large Ozutsu,大筒津,keyword
cZ4rg27o,Explosive Teppo Ammunition,爆炸铁炮弹药,short_title
0IZlpSDy,Ozutsu Explosive Ammunition,小筒爆炸弹药,keyword
WtjHvLHS,La Hitte Shell,拉希特壳牌,short_title
WtjHvArm,Armstrong Shell,阿姆斯特朗壳牌公司,short_title
BosMIGca,Gatling Gun Cartridges,加特林机枪弹药筒,short_title
BosMICan,Canister Shot,罐射击,short_title
WtjHvAqv,Naval Cannon Ammunition,舰炮弹药,short_title
WtjHvAIr,Airburst Shell,空爆弹,short_title
dfzeWUCf,Ozutsu Ammunition,大筒弹药,keyword
jASYDOcA,Teppo Ammunition,铁炮弹药,short_title
1q5oRKaE,Kazaori-eboshi,风织星,short_title
1q5oSuKa,Sui'ei Kanmuri,坎穆里水英,short_title
BakMHach,Hachimaki,八卷,short_title
BakMHacT,Tokugawa Hachimaki,德川八卷,keyword
BakMHacH,Plated Hachimaki,电镀八卷,short_title
BakMHFoC,Forage Cap,饲料帽,short_title
BakMHKep,Kepi,戳,short_title
BakMHEKe,Eboshi,乌帽子,short_title
BakMHKPP,Private's Kepi,私人用凯皮帽,short_title
BakMHKSP,Sergeant's Kepi,中士的凯皮,short_title
BakMHKeH,Kepi with Havelock,凯皮与哈夫洛克,short_title
BakMBKSwr,Plumed Blue Kepi,羽蓝色柯皮,short_title
BakMBKSfw,Plumed Blue Kepi,羽蓝色柯皮,short_title
BakMRKSwr,Plumed Red Kepi,羽毛红柯皮,short_title
BakMRKSfw,Plumed Red Kepi,羽毛红柯皮,short_title
fgpjp9lo,Shako,沙科,short_title
BakMHNGT,Nirayama Gasa (Tokugawa),韭山伽沙（德川）,keyword
BakMHNGa,Nirayama Gasa,韭山嘎莎,short_title
BakMTonky,Tonkyogasa,东京笠,short_title
SHkZxjuj,Hatsumurigasa,初牟笠,keyword
BakMJinga,Jingasa,阵笠,short_title
BakMJingC,Commander's Jingasa,指挥官的金加萨,short_title
BakMManju,Manjugasa,曼朱伽萨,short_title
BakMNirZ,Nirayama Zukin,韭山祖金,short_title
BakMTopZ,Toppaizukin,突发式兜帽,keyword
BakGuSha,Shaguma,沙古玛,short_title
BakGuHag,Haguma,停留,short_title
BakGuKog,Koguma,收集,short_title
BakChHoo,Kusari Shikoro,库萨里四郎,short_title
BakHachi,Hachigane,八金,short_title
Vyt0bkFh,Shinai,西奈半岛,short_title
nVRMf2SK,Training Spear,训练矛,short_title
1N8vmNag,Robust Nagaekatana,稳健的长刀,short_title
yDvQJNag,Solid Nagaekatana,固体永刀,short_title
gQmNagif,Quality Nagaekatana,品质永刀,short_title
HsKHrONa,Excellent Nagaekatana,优秀的长刀,short_title
juKNag88,Superior Nagaekatana,高级长刀,short_title
AqNalzyn,Elegant Nagaekatana,优雅的长方,short_title
UAEmZTNa,Superb Nagaekatana,精湛的永刀,short_title
sR4rNagq,Stable Nagaekatana,稳定分散,short_title
TQfGjNag,Sturdy Nagaekatana,坚固的长刀,short_title
9NgHxrqg,Strong Nagaekatana,强长刀,short_title
BakMIGee,Geweer (Imported Musket),步枪（进口步枪）,short_title
BakMIGeB,Geweer (Imported Musket w/ Bayonet),恩菲爾德步槍（進口滑膛槍，帶刺刀）,short_title
BakMIGec,Geweer (Imported Carbine),步枪（进口卡宾枪）,short_title
BakMIMin,Minieru (Pattern 1851 Minié Rifle),Minié（1851 型 Minié 步枪）,short_title
BakMIMiB,Minieru (Pattern 1851 Minié Rifle w/ Bayonet),米涅步枪（1851型，带刺刀）,short_title
BakMIEnb,Geberu (P53 Enfield Rifle),恩菲爾德步槍（P53）,short_title
BakMIEGB,Geberu (P53 Enfield Rifle w/ Bayonet),恩菲爾德步槍（P53，帶刺刀）,short_title
BakMSpri,Minieru (Springfield Model 1861),米涅步枪（斯普林菲尔德型号 1861）,short_title
BakMSprB,Minieru (Springfield Model 1861 w/ Bayonet),米涅步枪（斯普林菲尔德型号 1861 带刺刀）,short_title
BakMILor,Minieru (M1854 Lorenz Rifle-Musket),米涅步槍（M1854 洛倫茨）,short_title
BakMILoB,Minieru (M1854 Lorenz Rifle-Musket w/ Bayonet),米涅步槍（M1854 洛倫茨，帶刺刀）,short_title
BakMIWhi,Whitworth Rifle,惠氏步枪,short_title
BakMIEnf,Sunaidoru (P-1856 Enfield Short Rifle),斯奈德步枪（P-1856 恩菲尔德短步枪）,short_title
BakMIEnB,Sunaidoru (P-1856 Enfield Short Rifle w/ Bayonet),斯奈德步枪（P-1856 恩菲尔德短步枪，带刺刀）,short_title
BakMIEnM,Sunaidoru (P-1861 Enfield Musketoon),斯奈德步枪（P-1861 恩菲尔德火枪手）,short_title
BakMISpC,M1862 Spencer Repeating Carbine,M1862 斯宾塞连发卡宾枪,short_title
BakMISpR,M1862 Spencer Repeating Rifle,M1862 斯宾塞连发步枪,short_title
BakMISRB,M1862 Spencer Repeating Rifle w/ Bayonet,M1862 斯宾塞连发步枪带刺刀,short_title
BakMIDre,Zundnadelgewehr M/41,针发枪 M/41,short_title
BakMIDrB,Zundnadelgewehr M/41 w/ Bayonet,针发枪 M/41 带刺刀,short_title
BakMICha,M1866 Chassepot Rifle,M1866 追击步枪,short_title
BakMIChB,M1866 Chassepot Rifle w/ Bayonet,M1866 猎枪步枪带刺刀,short_title
BakMISEn,1866 Snider-Enfield Infantry Rifle,1866 斯奈德-恩菲尔德步兵步枪,short_title
BakMISEB,1866 Snider-Enfield Infantry Rifle w/ Bayonet,1866 年斯奈德-恩菲尔德步兵步枪带刺刀,short_title
BakMIEnf,1866 Snider-Enfield Short Rifle,斯奈德步枪（P-1856 恩菲尔德短步枪）,short_title
BakMIEnB,1866 Snider-Enfield Short Rifle w/ Bayonet,斯奈德步枪（P-1856 恩菲尔德短步枪，带刺刀）,short_title
BakMISha,1851 Sharps Carbine,1851 锐利卡宾枪,short_title
BakMIFlP,Flintlock Pistol,燧发枪手枪,short_title
BosMIElg,Elgin Cutlass Pistol,埃尔金弯刀手枪,short_title
BosMICol,Colt 1851 Navy,柯尔特1851海军型,short_title
BosMICoD,Colt Dragoon,柯尔特龙骑兵,short_title
BosMIRem,Remington 1858,雷明顿 1858,short_title
BosMICar,Cartridges,墨盒,short_title
BosMICaL,Large Cartridges,大墨盒,short_title
BosMICaR,Cartridge in the Chamber,腔室中的墨盒,short_title
iSmRldgS,Western-style Lance,西式兰斯,short_title
y4HUDDKb,Jitte,抖动,short_title
vOvcAoJB,Long Jitte,长吉特,short_title
ndfetImB,Brocade Standard,博科标准,short_title
ndfetTaB,Tall Standard,高标准,short_title
BakMSYat,Yataghan Bayonet,亚塔汉刺刀,short_title
4mlOUouv,Kyu Gunto,圭群东,short_title
5y2poyah,1845 Pattern 'Wilkinson' Saber,1845 年图案“威尔金森”军刀,short_title
5y2poyah,Mle 1822 Light Cavalry Saber,1845 年图案“威尔金森”军刀,short_title
TnXNExpb,Model 1860 Light Cavalry Saber,1860型轻骑兵军刀,short_title
lYLLHPGw,Model 1840 Cavalry Saber,1840型骑兵军刀,short_title
BosBeSas,Sash Belt,腰带,short_title
BosBeWSq,Western Square Belt,西部方带,short_title
BosBeWCi,Western Circle Belt,西环带,short_title
BosBeObi,Obi Belt,腰带,short_title
BosBeDCE,Belt and Sash w/ Cavalry Equipment,带骑兵装备的腰带和腰带,short_title
BosBeCaE,Western Square Belt w/ Cavalry Equipment,带骑兵装备的西部方腰带,short_title
BosBeObS,Obi Belt w/ Shoulder Belt,带肩带腰带,short_title
BosBeWCS,Western Circle Belt w/ Shoulder Belt,西式圆形腰带配肩带,short_title
BosBeWSS,Western Square Belt w/ Shoulder Belt,西部方形腰带配肩带,short_title
BosBeWSB,Western Square Belt w/ Bayonet Shoulder Belt,西部方形腰带配刺刀肩带,short_title
BosBeObC,Obi Belt w/ Crossbelt,交叉腰带腰带,short_title
BosBeWCC,Western Circle Belt w/ Crossbelt,带交叉带的西环带,short_title
BosBeWSC,Western Square Belt w/ Crossbelt,西部方腰带配交叉腰带,short_title
P089dwt6,Infantry Equipment - Crossbelt and Pack,步兵装备 - 交叉带和背包,short_title
BosBeObS,Obi Belt with Sodejirushi,带肩带腰带,short_title
BosBeCro,Crossbelt,交叉带,short_title
BosBeOCS,Obi Belt w/ Sodejirushi and Crossbelt,带袖印和交叉腰带的腰带,short_title
BosBeSho,Shoulder Belt,肩带,short_title
BosBeOCS,Obi Belt w/ Sodejirushi and Shoulder Belt,带袖印和交叉腰带的腰带,short_title
BosBePac,Crossbelt and Pack,交叉带和背包,short_title
BosBeObP,Obi Belt w/ Pack,带包腰带,short_title
BosBeOPS,Obi Belt w/ Sodejirushi and Pack,带袖印和背包的腰带,short_title
BosBeWCP,Western Circle Belt w/ Pack,西式圆形腰带带包,short_title
BosBeWSP,Western Square Belt w/ Pack,西部方形腰带带包,short_title
q1KgboXi,Ō-yoroi Kote,大赖小手,short_title
BosBeOve,Overcoat,大衣,short_title
BosBeHao,Haori,羽织,short_title
BosBSHao,Shinsengumi Haori,新选组羽织,keyword
BosbSHao,Shinchogumi Haori,新徴組羽織,short_title
BosBeBKb,Bussakibaori,布崎保里,short_title
BosBeKKM,Kikko Manchira,吉科·曼奇拉,short_title
BosBeArm,Armband,臂章,short_title
BosBeSod,Sode Jirushi,袖印,short_title
BosBeSoj,Sonno-Joi Sode Jirushi,园野城井袖印,short_title
BosBeSok,Kurume Sode Jirushi,久留米袖印,short_title
BosBeSoA,Aizu Sode Jirushi,会津袖印,keyword
BosBeSoB,Byakkotai Sode Jirushi,白虎队袖印,short_title
BosBeSoH,Hiroshima Sode Jirushi,广岛袖印,keyword
BosBeSoK,Kaga Sode Jirushi,加贺袖印,short_title
BosBeSoS,Saga Sode Jirushi,佐贺袖印,keyword
BosBeSoN,Nagaoka Sode Jirushi,长冈袖印,keyword
BosBeSoO,Okayama Sode Jirushi,冈山袖印,keyword
BosBeSoo,Owari Sode Jirushi,尾张袖印,keyword
BosBeSos,Shinsengumi Sode Jirushi,新选组袖印,keyword
BosBeSSh,Shogitai Sode Jirushi,手气队袖印,short_title
BosBeSoT,Tokushima Sode Jirushi,德岛袖印,short_title
BosBeSot,Tsu Sode Jirushi,津袖印,keyword
BosBeSoz,Ozu Sode Jirushi,小津袖印,short_title
BosUnMar,Sleeve Markings,袖子标记,short_title
BosUnTab,Tabi,足袋,short_title
BosUnBoo,Brogans,布罗根,short_title
BosBunSo,Bunkan Sokutai,文化总队,short_title
BosHaKei,Keikogi-hakama,庆古木袴,short_title
9G3QcMuk,Mukabaki-hakama,就这样面对,short_title
BosHaHao,Haori-hakama,羽织袴,short_title
BoshSHao,Shinsengumi Haori-hakama,新选组羽织袴,keyword
BosShHao,Shinchogumi Haori-hakama,新徴組羽織袴,short_title
BosHybUn,Early Uniform and Trousers,早期的制服和裤子,short_title
BosHybUN,Early Summer Uniform and Trousers,初夏制服和裤子,short_title
BosHyCoa,Uniform and Hakama,制服和袴,short_title
BoFFrCoa,French Infantry Coat and Trousers,法国步兵外套和裤子,short_title
BoFSeTun,Chasseur a Pied Tunic and Trousers,Chasseur 花色外衣和裤子,short_title
BoFTuUni,Dragon de l'Imperatrice Uniform and Trousers,Dragon de l'Imperatrice 制服和裤子,short_title
BoBSeTun,Royal Marines Tunic and Trousers,皇家海军陆战队上衣和裤子,short_title
BosSaCoa,Sack Coat and Trousers,麻袋外套和裤子,short_title
BosFrCoa,Frock Coat and Trousers,礼服外套和裤子,short_title
BosSeTun,Service Tunic and Trousers,服务上衣和裤子,short_title
BosSeTuO,Officer's Service Tunic and Trousers,军官服上衣和裤子,short_title
BosSeTuM,Marines Service Tunic and Trousers,海军陆战队服役外衣和裤子,short_title
BosTuUni,Shell Jacket and Trousers,软壳面料夹克和裤子,short_title
HaTkGPsJ,Hasebe Tatsutora,长谷部龙虎,keyword
L6k0BihZ,Yokoyama Takaaki,横山隆明,short_title
Pd02cWIP,Kuno Toshimasa,久野丰政,short_title
0VxHt8iA,Kazu-no-miya Chikako,一之宫,short_title
zHBbLO7U,Tenshoin ,天书院,short_title
tIwfNdAU,Honda Eiko,本田英子,short_title
CAxVPHIx,Honda Mutsumi,本田睦美,keyword
ksrFELDK,Honda Suketoshi,本田助利,short_title
vXdi14Dt,Sakakibara Masachika,榊原正亲,short_title
RuAChgqW,Sakakibara Kura,榊原藏,short_title
RuCWEn4I,Matsudaira Yoshi,村上京,keyword
7PtkKC5L,Ikeda Akimasa,池田昭正,keyword
a8fhiErH,Ikeda Akishi,池田明志,keyword
mZrml2Ov,Ikeda Michiko,池田美智子,keyword
VylcfU2r,Ikeda Yoshimasa,池田义正,keyword
qiIMdezD,Ikeda Utako,池田歌子,keyword
kJSK4wyx,Doi Toshinori,土居利德,short_title
aEtxWN2O,Doi Shinsei-in,土井新生院,short_title
MLZq7awV,Uesugi Narisada,上杉成定,short_title
QwRXJCmI,Uesugi Taki,上杉泷,short_title
axhJs6IX,Uesugi Mochinori,上杉持教,short_title
jCqzvM9s,Oda Nobumi,秩序和公民身份,short_title
r6hPxS8L,Shibata Tensho-in,柴田天圣院,short_title
0W8I3WDW,Sakai Tadateru,酒井忠照,keyword
ypwKxiQu,Sakai Fumiko,酒井富美子,keyword
J8S3HAxP,Okudaira Rui,奥平瑠衣,short_title
vsXnQaY3,Shishido Toyoko,宍户东横子,short_title
BakAsTsu,Yamauchi Tsunahime,浅野纲姬,keyword
ayqIRS5x,Inoue Masaaki,井上正明,short_title
78h2ApYu,Yamanobe Yoshimi,山边义美,short_title
5Zj9vfbh,Yamanobe Shizuka,山边静香,short_title
dP4NuLXZ,Yamanobe Yoshimoto,山边义元,short_title
PiGMjXxP,Yamanobe Hisa,山边久,short_title
WYTqPJNj,Suzuki Misa,铃木千代,short_title
7JhWt0Cr,Hida Hamagoro,飞騨滨五郎,short_title
DkDMVX0S,Hida Haruyasu,飞騨春康,short_title
xKCKGPUy,Oi Kanzaburo,大井勘三郎,short_title
8doVlvNw,Oiwa Banjiro,大岩万次郎,short_title
Vjv0jhtU,Hayashi Tadaakira,林忠明,short_title
6pWBEhfi,Hayashi Toyo,林东洋,short_title
eCgQgJ32,Maeda Toshinori,前田利典,keyword
JgzJTQRD,Maeda Nobuyoshi,前田信义,keyword
cyPZnisM,Satake Setsuko,佐竹节子,keyword
oRMj5Dw4,Iwaki Takakuni,岩城贵国,short_title
qaSYtI7f,Kuroda Kazuyoshi,黑田和义,short_title
nbMsupjp,Tsukigata Senzo,黑田圭,keyword
Iqa3v7D1,Ihara Asanori,伊原浅典,keyword
Cxfk22gK,Ihara Kuwa,井原部,short_title
dKcLiTvb,Ihara Asahiro,足利义英,short_title
JD9quZid,Kimata Matsu,木田松,keyword
eHD3yI8F,Toyoko Konoe,近江丰子,short_title
wmriGx9z,Kinoshita Toshimasa,木下丰正,short_title
DHsiGvld,Shimazu Yahime,岛津八姬,keyword
7s4dxFt3,Shimazu Hisamitsu,久光,keyword
t99JjHho,Shimazu Tadafuyu,岛津庆次郎,keyword
SqR0Mu6S,Tanegashima Hisanao,种子岛久野,short_title
ewils0Dz,Komatsu Chika,小松千花,keyword
BosKikuj,Saigo Kikujiro,西乡菊二郎,short_title
GJikOBTs,Nabeshima Naotora,锅岛恒子,keyword
b8DHDVJl,Nabeshima Naotaka,锅岛直隆,keyword
y7KNSSPN,Maki Yasuomi,真纪康臣,short_title
6VZ8rqKC,Mizuno Masana,水野正奈,short_title
qtwaI7LN,Ogawa Masafumi,小川正文,short_title
XqAwpT3d,Sasaki Kinpei,佐佐木金平,short_title
YgGJdujN,Tsuji Ichizaemon,辻氏左卫门,keyword
qjFeheme,Fuwa Masahiro,不破雅宏,short_title
5EDIHiUN,Honda Masamichi,本田正道,short_title
gcJhVyAL,Cho Hiroshi,张宏,short_title
j1RRxloG,Kawai Suga,河井菅,short_title
XYmKfVXX,Hosokawa Toshinaga,细川利长,keyword
hv1qJGAV,Miyabe Teizo,宫部祯藏,short_title
P62eOd0e,Miyabe Haruzo,宫部春三,short_title
L7lfoFu7,Todorobu Bei,都郎兵卫,keyword
WRBJMAxG,Takagi Motoemon,高木元右卫门,short_title
3IgBMBjO,Sassa Junjiro,佐佐纯二郎,short_title
uq8mSvxo,Kikuchi Shichirozaemon,菊池七郎左卫门,short_title
w1okK9gq,Rogan,罗根,short_title
a2rhPaGB,Father,父亲,short_title
V44d9fIP,Mother,母亲,short_title
CLqPbdiZ,Ferry Driver,渡轮司机,short_title
KDfcebZ7,Kato Yasutomo,卡修吉小百合,short_title
Hlkt9zR1,Goto Rikiko,福留梅,short_title
EPAOxYQz,Inada Ueyoshi,稻田上吉,short_title
wx2ueWmc,Inada Hana,稻田花,short_title
RvDxK05Y,Inada Uemasa,稻田上政,short_title
hM5I9P0H,Inada Chiyo,稻田千代,keyword
rWLTD0VP,Inada Uegei,稻田植英,short_title
1DquGOk6,Inada Kiyo,稻田清,keyword
IAlJOXYB,Inada Uefu,稻田植夫,short_title
yHGYnv7J,Inada Uekuni,稻田上国,short_title
nTvvBSyL,Inada Kunie,稻田国卫,short_title
SQk4kSuU,Inada Yau,稻田佑,short_title
MuaWnIVG,Inada Uenori,稻田上典,short_title
oeXBYpPO,Inada Teijyuin,稻田帝九院,short_title
vufFgWYR,Inada Uetoshi,稻田上俊,short_title
CoZaJNAY,Inada Matsu,稻田松,keyword
l7TOWvmc,Soma Yoshitada,相马吉忠,short_title
CS8KPrQ8,Date Kuninari,伊达国成,keyword
qLjgsdLd,Rusu Haru,留守春,short_title
iMBlTpJj,Matsudaira Hisaaki,松平久明,keyword
kD2IsTSN,Nanbu Matsuhime,南部松,keyword
97vWqS1S,Tsugaru Naramaro,大道寺重利,keyword
XRWN4wOB,Matsudaira-shi Yuki-ke,松平氏幸家,keyword
0EuaiL5U,Honda-shi Fukui-ke,本田氏福井家,keyword
65nRjENB,Koma-shi,退货,short_title
YokAhV9G,Yokoi-shi,横井氏,short_title
NakAhV9G,Nakane-shi,中根氏,short_title
QWSAhV9G,Fukui Retainers,福井藩士,keyword
lo1uTEQ8,Sakai-shi Obama-ke,堺市小小家,keyword
SNvfboK3,Ban-shi,伴氏,short_title
LboIPHhY,Sakai-shi Tsuruga-ke,堺市鹤家,keyword
1iyE0PaI,Matsudaira-shi Saijo-ke,松平氏西条家,keyword
oooOrCfb,Kuno-shi,久野氏,short_title
iilNBXIF,Mizuno-shi Tarosaku-ke,水野氏太作家,short_title
IqeslrzB,Miura-shi,三浦氏,short_title
PQRi3uY3,Maeda-shi,前田氏,keyword
ToMi3uY3,Maeda-shi Toyama-ke,前田氏富山家,keyword
8Kqhx9R1,Yokoyama-shi,横山氏,short_title
kXGcCns5,Murai-shi,村井氏,short_title
c0sws5As,Watanabe-shi,渡边氏,short_title
uUYsYxYv,Ishikawa-shi,石川氏,short_title
qVwe6PhI,Tokugawa-shi,德川氏,keyword
or53kdHi,Tokugawa-shi Hitotsubashi-ke,德川氏一桥家,keyword
or53kdTa,Tokugawa-shi Tayasu-ke,德川氏多安家,keyword
u6lrAs3a,Honda-shi Heihachiro-ke,本田氏平八郎家,short_title
cNcintrO,Honda-shi Hikohachiro-ke,本田氏彦八郎家,short_title
Oznhza31,Honda-shi Sanyazaemon-ke,本田氏三屋左卫门家,short_title
mQXREA7g,Honda-shi Bungo no Kami-ke,本田氏丰后之神家,short_title
5WrhQacH,Sakakibara-shi,榊原氏,short_title
zMS7kVYL,Matsudaira-shi Fujii-ke,松平氏藤井家,keyword
vbUCt3rO,Matsudaira-shi Nomi-ke,松平氏能家,keyword
gW4rfIRa,Ando-shi,安藤氏,short_title
6NWgGmYf,Akita-shi,秋田氏,keyword
XUZY7RKL,Ikeda-shi,池田氏,keyword
QowjvKFN,Toda-shi Tahara-ke,户田氏田原家,short_title
lJ4G39SA,Doi-shi,土井氏,short_title
EsXGTKG6,Doi-shi Mikawa-ke,土井氏三河家,short_title
8ARCCCRo,Sakai-shi,放手吧,keyword
9k6cL3KU,Okubo-shi Tadanori-ke,大久保氏忠则池,short_title
9k6cL3Na,Nakagawa-shi,中川氏,short_title
9k6cL3Na,Toda-shi Ogaki-ke,中川氏,keyword
or53kdM3,Matsudaira-shi Yuki-ke,松平氏幸家,keyword
or53kdM3,Matsudaira-shi Tsuyama-ke,松平氏幸家,keyword
or53kdM3,Matsudaira-shi Akashi-ke,松平氏幸家,keyword
or53kdM3,Matsudaira-shi Itoigawa-ke,松平氏幸家,keyword
qVwe6PhM,Shogunate Retainers,幕臣,keyword
cst28b0f,Uesugi-shi,上杉氏,short_title
KLuc7HoH,Makino-shi,牧野氏,short_title
ut0zK1q3,Naito-shi Nobunari-ke,内藤氏信成家,short_title
46beFBYz,Naito-shi Mikawa-ke,内藤氏三河家,short_title
dOsL2isy,Oda-shi Tendo-ke,小田氏天童家,short_title
5CN6Gy5S,Mizuno-shi,水野氏,short_title
Zh7GjSjo,Ishihara-shi,石原氏,short_title
yCcCT6mZ,Sakai-shi Himeji-ke,堺市姬路家,keyword
I9hQfxer,Kawai-shi,河合氏,short_title
PUbRLoYj,Matsudaira-shi Hisamatsu-ke,松平氏久松家,keyword
AWRMmV7h,Matsudaira-shi Hisamatsu-ke,松平氏久松家,keyword
kRGxcRfS,Takayama-shi,高山氏,short_title
Ewr11Fdb,Okudaira-shi Hijika-ke,奥平氏比家家,short_title
2UQC6ICH,Ii-shi,井伊氏,keyword
TR017av3,Mori-shi,森氏,keyword
1Ty8UxNT,Mori-shi Chofu-ke,森氏调布家,keyword
kL7d963P,Mori-shi Tokuyama-ke,森氏德山家,keyword
JGZnehmf,Mori-shi Kiyosue-ke,森氏清末家,keyword
CpuD24Mi,Kikkawa-shi,吉川氏,short_title
J9HRNpb0,Shishido-shi,宍户氏,short_title
J9HRNpFu,Fukuhara-shi,福原氏,short_title
2SX9wmc3,Masuda-shi,增田氏,short_title
2SX9wMi3,Mori-shi Migita-ke,森氏御田家,keyword
n2CCJZwh,Mori-shi Asa-ke,森氏浅家,keyword
n2CCJZYo,Mori-shi Yoshiki-ke,森氏芳家,keyword
n2CCJZAg,Mori-shi Agawa-ke,森氏阿川家,keyword
w0u8gG6o,Mori-shi Ono-ke,森氏小野家,keyword
wwt1foUn,Katsura-shi,桂氏,keyword
Cht1fSei,Seigi-ha,清仪派,short_title
Cht1fZok,Zokuron-ha,杂音派,short_title
Cht1fTok,Tokoji-ha,常光寺派,short_title
Cht1fShi,Shichikyo,七京,short_title
OVQoC9fn,Asano-shi,浅野氏,keyword
OVQoC9fn,Mihara Asano-shi,浅野氏,keyword
OVQoC9fn,Ueda-shi,浅野氏,short_title
OVQoC9To,Tojo Asano-shi,东城浅野氏,keyword
OVQoC9fn,Matsudaira-shi Unshu-ke,浅野氏,keyword
OVQoC9fn,Matsudaira-shi Mori-ke,浅野氏,keyword
OVQoC9fn,Matsudaira-shi Hirose-ke,浅野氏,keyword
OVQoC9fn,Matsudaira-shi Ochi-ke,浅野氏,keyword
lE7sVvZR,Inoue-shi,井上氏,short_title
9rJNJbXR,Ota-shi,大田氏,short_title
TJfQdtFe,Tokugawa-shi Mito-ke,德川氏水户家,keyword
57hjGaZL,Matsudaira-shi Ishioka-ke,松平氏石冈家,keyword
XxcwBNno,Matsudaira-shi Takamatsu-ke,松平氏高松家,keyword
a5C2zixP,Nakayama-shi,中山氏,short_title
7odtySTp,Yamanobe-shi,山边氏,short_title
hfTDnPCp,Suzuki-shi Iwami no Kami-ke,铃木氏岩见神家,short_title
lfglFdss,Ota-shi Mito-ke,大田氏水户家,keyword
4YXW6utE,Hida-shi,飞驒氏,short_title
HaXW6utE,Hasuda-shi,嫉妒他,short_title
JcaTBEWg,Shosei-to,松生堂,short_title
KmXmnjce,Tengu-to,天狗岛,short_title
UOfUWQw6,Hayashi-shi,林氏,short_title
O1t78okp,Maeda-shi Daishoji-ke,前田氏大圣寺院,keyword
8ARCCCRo,Maeda-shi Tosa-no-kami-ke,放手吧,keyword
8OkaB9R1,Okumura-shi Bunke,奥村氏文科,short_title
O1t78okp,Masaki-shi,前田氏大圣寺院,short_title
2u6WvxxW,Makino-shi,牧野氏,short_title
9zQ8kYAR,Inagaki-shi,稻垣氏,short_title
3cIhQHtN,Yamamoto-shi,山本氏,short_title
DOFvDvMn,Satake-shi,佐竹氏,short_title
L1YBjtAz,Satake-shi Hokke-ke,佐竹氏法华家,short_title
M0xrXK9O,Tagaya-shi,田谷谦,short_title
BCsXgT4T,Satake-shi Minami-ke,佐竹氏南家,short_title
hOwxMbu9,Iwaki-shi,磐城氏,short_title
HowxMbu9,Shibue-shi,渋江氏,short_title
lY9SDV7a,Kuroda-shi,黑田氏,short_title
AkiSDV7a,Kuroda-shi Akizuki-ke,黑田氏秋月家,short_title
YlpRkhrE,Nomura-shi,野村氏,short_title
cLtGOm40,Kuroda-shi Minagi-ke,黑田氏南家,short_title
1O30HvkU,Kato-shi,加藤氏,short_title
lY9SDVTs,Tsugikata-shi,继方氏,keyword
RmkJpDHV,Mori Jingobei-shi,森甚五兵卫氏,keyword
PLqvpKje,Ikoma-shi,生驹氏,short_title
HTqZfe96,Tosa Kinno-to,土佐勤王党,keyword
cm25rmmT,Ihara-shi,井原谦,short_title
j0760mT5,Nagano-shi,长野氏,short_title
gq9NGwvB,Kimata-shi,欣赏它,short_title
kwCYCFhQ,Saigo-shi Hikone-ke,西乡氏彦根家,keyword
xRnrOdTc,Okumura-shi Soke,奥村氏杂毛,short_title
Hkaz0M4C,Maeda-shi Tsushima-no-kami-ke,前田氏对马之家,keyword
xRnrOdTc,Honganji-shi,奥村氏杂毛,short_title
Hkaz0M4C,Ganshoji-shi,前田氏对马之家,short_title
lx34RrxX,Tokugawa-shi Kii-ke,德川氏纪伊家,keyword
99Mh6vBQ,Mizuno-shi,水野氏,short_title
ikViyOmi,Ando-shi,安藤氏,short_title
AFuBZx4V,Matsudaira-shi Hisamatsu-ke,松平氏久松家,keyword
skZuhNKm,Kuwana Retainers,桑名藩士,keyword
9jmhs2Af,Tokugawa-shi Owari-ke,德川氏尾张家,keyword
Oz4Epb0l,Matsudaira-shi Takasu-ke,松平氏高须家,keyword
QGOk0nP3,Naruse-shi,成濑氏,short_title
iHzPlDkM,Takekoshi-shi,竹越氏,short_title
Mq2WPvMA,Shimizu-shi,清水氏,short_title
lfglFdss,Todo-shi,大田氏水户家,keyword
dOsL2isy,Todo-shi Hisai-ke,小田氏天童家,keyword
Fch4loOb,Todo-shi Nabari-ke,藤堂氏名张家,keyword
g1Mabrdw,Todo-shi Ueno-ke,藤堂氏上野家,keyword
L48ll2wn,Todo-shi Izumo-ke,藤堂氏出云家,keyword
OljOni7v,Kinoshita-shi,木下氏,short_title
xtwV8mNg,Shimazu-shi,岛津氏,keyword
vb51XuDL,Shimazu-shi Sadowara-ke,岛津氏佐渡原家,keyword
xtwV8mnG,Shimazu-shi Tarumi-ke,岛津氏垂见家,keyword
vb51XUdL,Shimazu-shi Imaizumi-ke,岛津氏今泉家,keyword
6WeEzXMc,Shimazu-shi Kajiki-ke,岛津氏梶木家,keyword
PKFVNkMS,Shimazu-shi Miyakonojo-ke,岛津氏都条家,keyword
prFVNkLc,Shimazu-shi Shigetomi-ke,岛津氏重富家,keyword
gqaEBwUE,Katsura-shi,桂氏,keyword
kKsnNZDD,Tanegashima-shi,种子岛氏,short_title
DRRT6Yh1,Komatsu-shi,小松氏,keyword
PKFVNkLc,Kimotsuki-shi,木茂月氏,keyword
BosSaigo,Saigo-shi,西乡氏,short_title
BaDTSaig,"The Saigō are not daimyō, but few wield as much influence in Satsuma as Saigō Takamori. A samurai of humble origin and towering presence, Saigō is a leading voice in the sonnō jōi movement. Beloved by the lower samurai and feared by political rivals, he walks a tightrope between personal loyalty to the Shimazu clan and his growing vision for a reformed Japan. In 1864, Saigō has returned from exile to help Satsuma crush the Chōshū rebellion, but his heart lies with imperial cause. Torn between duty and destiny, the Saigō family rises not through land or armies, but through the charisma and ideals of its reluctant champion.",西乡家族虽然不是大名，但在萨摩藩却很少有人能像西乡隆盛那样拥有如此大的影响力。西乡是一位出身卑微、风度翩翩的武士，是尊王攘夷侍卫运动的领军人物。他受到下层武士的爱戴和政治对手的恐惧，他在对岛津氏的个人忠诚和他对改革日本日益增长的愿景之间走钢丝。 1864 年，西乡流亡归来，帮助萨摩藩镇压长州叛乱，但他的心却是帝国事业。西乡家族在责任和命运之间左右为难，他们的崛起不是通过土地或军队，而是通过其不情愿的冠军的魅力和理想。,keyword
BosOkubo,Okubo-shi,大久保氏,short_title
BaDTOkub,"Hailing from a modest samurai background in Kagoshima, the Ōkubo are bureaucrats rather than warriors—but it is in politics that they sharpen their blades. Ōkubo Toshimichi, pragmatic and sharp-tongued, is fast becoming one of the most feared minds in Satsuma. A staunch ally of Saigō Takamori, he believes that only radical reform can save Japan from subjugation by the West. While others cry for war against foreign powers, Ōkubo sees the greater enemy in Japan's own corruption and feudal stagnation. As the Satsuma domain balances on the edge of rebellion, the Ōkubo clan builds networks, forges alliances, and prepares to steer the storm. In 1864, they are the hidden hand guiding the future of a crumbling shogunate.",大久保家族出身于鹿儿岛，出身普通武士，与其说是武士，不如说是官僚——但他们正是在政治中磨砺了自己的刀锋。务实且言辞尖锐的大久保俊道正迅速成为萨摩最令人畏惧的人物之一。作为西乡隆盛的坚定盟友，他认为只有激进的改革才能使日本免遭西方的征服。当其他人呼吁对外国列强发动战争时，大久保认为更大的敌人是日本自身的腐败和封建停滞。萨摩藩处于叛乱边缘，大久保氏建立网络、结成联盟，准备驾驭风暴。 1864 年，他们是指导摇摇欲坠的幕府未来的幕后之手。,keyword
DRRT6YSR,Satsuma Retainers,萨摩藩士,keyword
qfHKfquH,Hosokawa-shi,细川氏,keyword
2nPDxvvU,Matsui-shi,松井氏,keyword
PcbbEMKz,Hosokawa-shi Udo-ke,细川氏牛土家,keyword
yJvoBlCU,Hosokawa-shi Takase-ke,细川氏高濑家,keyword
xq41XdpH,Higo Kinno-to,肥后勤王党,short_title
nKMoFXSw,Ariyoshi-shi,有吉氏,keyword
kAG0Yn7Z,Yoneda-shi,米田氏,short_title
erfPD3kM,Ogasawara-shi,小笠原氏,short_title
erfPD3km,Ogasawara-shi Bunke,小笠原整个,short_title
1GCcC8FV,Ogasawara-shi Anji-ke,小笠原氏安吉家,short_title
MiCcC8FV,Miyamoto-shi,宫本氏,short_title
5mXM9iS3,Shimamura-shi,岛村氏,short_title
5KoM9iS3,Komiya-shi,小宫氏,short_title
FfWqS9rv,Matsudaira-shi Shishido-ke,松平氏狮子户家,keyword
WMGq6j1n,Sagara-shi,相良氏,keyword
FHrTjQq8,Matsumoto-shi,松本氏,keyword
hepAMIkF,Shingu-ha,新宫叶,short_title
fHnbNu30,Inaba-shi Masashige=ke,稻叶氏正重=ke,short_title
2yKuCKTm,Tanabe-shi,田边氏,short_title
pmrkQRf2,Honda-shi Kaga-ke,本田氏加贺家,short_title
nyZnP0q5,Cho-shi,长氏,short_title
MUFiSZnN,Kawai-shi,河合氏,short_title
VqhXPqel,Arima-shi,有马氏,short_title
WHJDjBAc,Gai-doshi,外道士,short_title
mBLBhiJ2,Nai-doshi,内童,short_title
FQ1msfS3,Nabeshima-shi,锅岛氏,keyword
FQ1msfSh,Nabeshima-shi Shiraishi-ke,锅岛氏白石家,keyword
ztOTUHZ8,Nabeshima-shi Hasuike-ke,锅岛氏莲池家,keyword
FQ1msfOg,Nabeshima-shi Ogi-ke,锅岛氏荻家,keyword
FQ1msfKa,Nabeshima-shi Kashima-ke,锅岛氏 鹿岛家,keyword
FQ1msfSu,Nabeshima-shi Suko-ke,锅岛氏须古家,keyword
tF67sEyg,Nabeshima-shi Takeo-ke,锅岛氏武雄家,keyword
FQ1msRIs,Ryuzoji-shi Isahaya-ke,龙造寺氏谏早家,short_title
FQ1msRTa,Ryuzoji-shi Taku-ke,龙造寺氏卓家,short_title
eym8aSZ5,Murata-shi,村田氏,short_title
FQ1msSeT,Seikan-to,青函岛,short_title
LvmXDnyd,Saga Retainers,佐贺藩士,keyword
wApBgknq,Kato-shi,加藤氏,short_title
fjHaaIVW,Kato-shi Shintani-ke,加藤氏新谷家,short_title
PpQpwq85,Naito-shi,内藤氏,short_title
B2hBOm0p,Date-shi Uwajima-ke,伊达氏宇和岛家,keyword
pM9CGa9T,Doi-shi,土井氏,short_title
KFO7OUtf,Kojima-shi,小岛氏,short_title
uymXzBkI,Date-shi Yoshida-ke,伊达氏吉田家,keyword
92mcWZ66,Yamauchi-shi,山内氏,keyword
VweRUc2K,Iga-shi,伊贺氏,short_title
YrjfSw48,Fukao-shi,深尾氏,short_title
Ec8VRUVe,Inui-shi,乾氏,short_title
DNhzKMbS,Yamauchi-shi Azabu-ke,山内氏麻布家,keyword
flZ5WVeG,Goto-shi,五岛氏,short_title
mBoaB6DD,Hachisuka-shi,蜂须贺氏,keyword
IYIPPzhY,Ikeda-shi Amagi-ke,池田氏鸡蛋,keyword
bE75tDOy,Kashima-shi,鹿岛氏,short_title
sb0Pv1Rt,Inada-shi,稻田氏,short_title
o0Xm5Rqk,Playerland,玩家乐园,short_title
FguhKirf,Oihagi Looters,萩掠夺者,short_title
FZjVu6zx,Zoku Bandits,佐库强盗,short_title
sTvDztWN,Yato Bandits,夜斗强盗,short_title
MEQv3Fvs,Kaizoku Pirates,海贼团,short_title
4S24PmMZ,Sanzoku Mountain Bandits,三足山贼,short_title
rW0j3kZA,Burai Ronin,布赖罗宁,short_title
Vfsbslpv,Deserters,逃兵,short_title
6HH6w5ZG,Kinno-to,勤王党,short_title
PLkAXWwi,"The Kinno-to are violent Imperialists, called terrorists by some. Drawn from the ranks of the Shishi, their cause combines fierce reverence for the throne with violent action, embracing assassination, agitation, and open rebellion.",金野人是暴力的帝国主义者，被一些人称为恐怖分子。他们出身于士师队伍，他们的事业将对王位的强烈崇敬与暴力行动结合在一起，包括暗杀、煽动和公开叛乱。,keyword
GPVvKObz,Tenchugumi,天中组,short_title
XrdlGOOd,"The Tenchūgumi are a small band of imperial loyalists who launched an armed uprising in Yamato in 1863, believing they are carrying out heaven's punishment against enemies of the emperor.",天中组是一小群忠于帝国的人，他们于 1863 年在大和发动了武装起义，他们相信自己正在对天皇的敌人执行上天的惩罚。,keyword
7RJeJS64,Shinchogumi,新徴組,short_title
JRiczAx9,"The Shinchōgumi are a Bakumatsu policing corps formed by the shogunate in Edo, composed mainly of loyalist rōnin tasked with patrols, guard duty, and keeping order in the capital as tensions with imperial forces grow. In 1864, they fell under the command of Shonai-han",新徴組是江户幕府组建的幕末警察部队，主要由忠诚的浪人组成，负责巡逻、守卫并在与帝国军队的紧张关系加剧时维持首都的秩序。 1864年，他们落入庄内藩的指挥之下。,keyword
TjluN6ig,Kameyama Shachu,龟山社中,short_title
U71vvdhm,"Kameyama Shachū is a small, semi-private maritime venture founded by Sakamoto Ryōma to move weapons, conduct trade, and operate ships independent of the Bakufu. It will later evolve into the Kaientai, a more organized naval-style volunteer corps that carries out transport, escort, and political missions during the final years of the Bakumatsu.",龟山社中是坂本龙马创立的一家小型半私营海上企业，其目的是独立于幕府运送武器、进行贸易和运营船只。它后来演变成海援队，这是一支组织更加严密的海军式志愿军，在幕末最后几年执行运输、护送和政治任务。,keyword
7FYD9CMy,Joshigun,女子军,short_title
Qihoea4H,"The Aizu Joshigun are groups of Aizu domain women who organized themselves during the Boshin War, taking on support roles and, in many cases, joining combat alongside the domain's remaining defenders.",会津上司军是由会津藩女性组成的团体，她们在戊辰战争期间组织起来，担任支援角色，并在许多情况下与该藩的剩余守军一起参加战斗。,keyword
alnKa3Bg,Shogitai,松吉泰,short_title
zZCKPklj,"The Shōgitai are a corps of elite retainers who rose to defend the Shogunate in its final days. Trained in both traditional and modern warfare, they embody the spirit of the old samurai while adapting to the new age. Their resolve in battle is legendary.",将军队是一支由精锐扈从组成的军团，他们在幕府末日奋起保卫幕府。他们接受过传统战争和现代战争的训练，在适应新时代的同时体现了旧武士的精神。他们在战斗中的决心是传奇的。,keyword
qX0hsHoS,Shinsengumi,新选组,keyword
jycPZTp7,"The Shinsengumi are a corps of loyalists formed to protect the Shogunate's interests in Kyoto. Renowned for their strict discipline and unmatched swordsmanship, they strike fear into rebels and ronin alike. Their loyalty is absolute, and their blades swift.",新选组是为了保护幕府在京都的利益而组建的忠诚者团体。他们以严格的纪律和无与伦比的剑术而闻名，让叛军和浪人都感到恐惧。他们的忠诚是绝对的，他们的刀锋迅捷。,keyword
kEoddDyL,Aizu Kotetsu-kai,会津小铁会,keyword
bgA6na9m,"Aizu Kotetsu is a feared street boss who serves as an unofficial enforcer for the Aizu clan in Kyoto. His crew handles the dirty work the samurai cannot, using local influence and hard violence to protect Aizu interests in the back alleys of the capital.",会津虎彻是一位令人畏惧的街头老大，是京都会津氏族的非官方执法者。他的手下处理武士无法处理的肮脏工作，利用当地影响力和暴力来保护首都后巷的会津利益。,keyword
fXENjJJL,Oda Clan,织田氏,keyword
eC2ASTQN,Matsudaira-shi Hoshina-ke,松平氏星名家,keyword
fynHJTwu,Saigo-shi Aizu-ke,西乡氏会津家,keyword
8FEa2FoG,Yamakawa-shi,山川氏,short_title
GXmPOdWx,Naito-shi Kai-ke,内藤氏会科,short_title
H87qo4NM,Tanaka-shi,田中氏,short_title
Aizqo4NM,Aizu Retainers,会津藩士,keyword
AomEuPxP,Soma-shi,读一下,short_title
kXgAqsVE,Niwa-shi,丹羽氏,short_title
Txtm8EQj,Ikeda-shi,池田氏,keyword
LOgpObOY,Arao-shi,荒尾氏,short_title
5BAcZId0,Date-shi,伊达氏,keyword
KOOT63wV,Katakura-shi,片仓氏,short_title
PTlPcJhs,Tamura-shi,田村氏,short_title
yoWzFxzf,Date-shi Wakuya-ke,伊达氏涌谷家,keyword
N3obbklH,Date-shi Watari-ke,伊达氏渡家,keyword
52ZbOGpN,Date-shi Tome-ke,伊达氏登米家,keyword
GghWbhMx,Date-shi Iwadeyama-ke,伊达氏岩出山家,keyword
Mmlec0W6,Date-shi Mizusawa-ke,伊达氏水泽家,keyword
5opAomPm,Itakura-shi,板仓氏,short_title
e0X7neFB,Inaba-shi,稻叶氏,short_title
piDj6z9f,Matsudaira-shi Toda-ke,松平氏户田家,keyword
0rKkFwOg,Okubo-shi Yamanaka-ke,大久保氏山中家,short_title
k1xUIUj8,Okubo-shi,大久保氏,short_title
71PEDLZf,Sakai-shi,放手吧,keyword
wmoenMOl,Sakai-shi Okunosuke-ke,堺市奥之助家,keyword
NuTx5zmj,Matsudaira-shi Jinzaburo-ke,松平氏神三郎家,keyword
pI6YjX8M,Sakai-shi Matsuyama-ke,堺市松山家,keyword
UyMq8aDj,Tsugaru-shi,津轻氏,keyword
6LMl0tI8,Tsugaru-shi Kuroishi-ke,津轻氏黑石家,keyword
xy3cU9cP,Sugiyama-shi,杉山氏,short_title
4IKyEBDc,Daidouji-shi,大道寺氏,short_title
5IKyEBDc,Yamanaka-shi,山中氏,short_title
c006Hx4r,Nanbu-shi,南部氏,keyword
kHne65Y9,Nanbu-shi Shichinohe-ke,南部氏七户家,keyword
flBMJ4Es,Nanbu-shi Hachinohe-ke,南部氏八户家,keyword
ZVlwFZZv,Nakano-shi,中野氏,short_title
NyMA6A7K,Kita-shi,北氏,short_title
3LujlMb3,Minami-shi,南氏,short_title
BMQyxH2f,Mito-shi,水户氏,keyword
aArztftR,Azuma-shi,东氏,short_title
AArztftR,Nanbu Retainers,南部保持器,keyword
gVZxlFB4,Ashigaru,足轻,short_title
701yWTen,Tenryo,天领,short_title
686xcJ5S,Taro,太郎,short_title
xbwRkO5Z,Ichiro,一郎,short_title
0T1OCfRY,Jiro,次郎,short_title
1187gbgM,Saburo,三郎,short_title
BN54hR9V,Shiro,四郎,short_title
OfanclyF,Goro,五郎,short_title
9wz88kH7,Rokuro,六郎,short_title
pEnQ7qL8,Shichiro,七郎,short_title
BQEJpaKM,Hachiro,它不存在,short_title
Zf6pqP1S,Kuro,黑,short_title
F4wYBL82,Juro,法律,short_title
3cTGorVo,Jusuke,重介,short_title
4yJsfsiM,Suketaro,助太郎,short_title
XBtOokns,Sukejiro,助次郎,short_title
5P5FkBwH,Sukesaburo,助三郎,short_title
tubOfaxz,Sukeshiro,助四郎,short_title
3R5j7RYA,Sukegoro,助五郎,short_title
Ds3cZg6r,Sukebei,助兵卫,short_title
nKMOkNFw,Sukezaemon,助左卫门,short_title
7iiIq9r6,Sukeemon,助右卫门,short_title
kD70iJ3J,Shintaro,慎太郎,short_title
fpdWiWfz,Shinichiro,真一郎,short_title
A2GoIvbc,Shinjiro,进次郎,short_title
Bti8upGR,Sinsaburo,新三郎,short_title
OMBLQ8zN,Shingoro,慎五郎,short_title
CeFXPZ4y,Shinjuro,新十郎,short_title
8AWswCXB,Shinsuke,信介,short_title
u6o96I4Y,Shinnosuke,新之介,short_title
KT8o8D8j,Shinkichi,新吉,short_title
QXoI9qum,Shinzo,真三,short_title
l4hS80xv,Shinbei,新兵卫,short_title
xGgjfTcH,Shinzaemon,新左卫门,short_title
nP12n3Fs,Shinemon,新卫门,short_title
2HEjtotK,Kantaro,一首歌,short_title
ctzwdIKa,Kanichiro,勘一郎,short_title
nWOBDgpj,Kanjiro,勘次郎,short_title
NbvnNk2S,Kanzaburo,勘三郎,short_title
kN3o6xzR,Kangoro,袋鼠,short_title
rtGBo128,Kanjuro,勘十郎,short_title
YRDygFj6,Kansuke,勘助,short_title
cGq2zXGn,Kannosuke,菅之助,short_title
2BhHfnxd,Kankichi,勘吉,short_title
eZOVCTrX,Kanzo,勘藏,short_title
4Nkceif9,Kanbei,勘兵卫,short_title
pr5IdVlQ,Choutaro,长太郎,short_title
6get6Y8E,Chouichiro,长一郎,short_title
b9VnjeKp,Choujiro,长次郎,short_title
ZjsS13ws,Chouzaburo,长三郎,short_title
QP1vL1Z5,Chougoro,长五郎,short_title
onoKVXjp,Choujuro,脏话,short_title
8Lqk2NsA,Chousuke,长介,short_title
XWldYuhm,Chouunosuke,长之助,short_title
q1a85TXt,Choukichi,长纪,short_title
QCC1D0p5,Chouzo,长藏,short_title
uA1I8WpX,Choubei,长兵卫,short_title
S34Gm8bG,Chouzaemon,长左卫门,short_title
7wmjr9N6,Chouemon,长右卫门,short_title
FyfAPTam,Yotaro,与太郎,short_title
5yIPZNOC,Yoichiro,阳一郎,short_title
lK7DyjrE,Yojiro,与次郎,short_title
MJ1Oqpvu,Yosaburo,与三郎,short_title
JNR0uO1t,Yogoro,与五郎,short_title
73ORmCAk,Yojuro,与十郎,short_title
ZMYEFBjO,Yosuke,洋介,short_title
EgvAhszY,Yonosuke,与之助,short_title
NC96SIAV,Yokichi,兰吉吉,short_title
Xr2ZmWZw,Yozo,阳三,short_title
29MCqLs8,Yohei,阳平,short_title
RPKbRH8T,Yozaemon,夜左卫门,short_title
FcRcfWZy,Yoemon,与右卫门,short_title
DhCSfZzt,Gentaro,源太郎,short_title
DvyQIA3d,Genichiro,源一郎,short_title
ItTycCE3,Genjiro,源二郎,short_title
8p1CMJc0,Genzaburo,源三郎,short_title
TZVh0WX4,Gengoro,源五郎,short_title
WFx5O7js,Genjuro,源十郎,short_title
cJ2lc6t0,Gensuke,源介,short_title
geoBdNT4,Gennosuke,源之介,short_title
m7TQ90rZ,Genzo,源藏,short_title
TkJw9Duw,Gennai,他有,short_title
Z1zN5otw,Genbei,源兵卫,short_title
AbuVBtV8,Genzaemon,源左卫门,short_title
AtsmKH9M,Genemon,吉卫门,short_title
HG9UGvJg,Kotaro,小太郎,short_title
8kVtgCIk,Koichiro,光一郎,short_title
6vARoohf,Kojiro,小次郎,short_title
Ak4DXEag,Kosaburo,小三郎,short_title
xYhQ9Gab,Kogoro,小五郎,short_title
KFlqyj5C,Kojuro,小十郎,short_title
88kt2fqY,Shotaro,正太郎,short_title
lUXZJHsr,Shoichiro,庄一郎,short_title
yylgHdJi,Shojiro,正次郎,short_title
WJocHKZm,Shosaburo,正三郎,short_title
aoezMSUO,Shogoro,正五郎,short_title
rKb72D2I,Shojuro,正十郎,short_title
8ZO6U0MK,Shosuke,庄介,short_title
FKcnKXmS,Shonosuke,庄之介,short_title
w3AqbTQs,Shokichi,庄吉,short_title
m10TL2CQ,Shozo,庄三,short_title
enQ9CtYF,Shobei,正兵卫,short_title
yOuFJRP1,Shozaemon,正左卫门,short_title
nitvYEGB,Shoemon,庄右卫门,short_title
V8VowuPM,Toutaro,重复,short_title
TaQeyQCL,Touichiro,东一郎,short_title
qXPONqPW,Toujiro,东次郎,short_title
FZDkXvEM,Tousaburo,藤三郎,short_title
2z2LglVH,Tougoro,东五郎,short_title
V9bQ7Maa,Toujuro,东十郎,short_title
1QBVd4da,Tousuke,东介,short_title
SmVurwZt,Tounosuke,东之助,short_title
Wq5qYwL7,Toukichi,藤吉,short_title
n1btMUnd,Touzo,东藏,short_title
wsOx7Udj,Tounai,强的,short_title
ffaLCN8L,Toubei,藤兵卫,short_title
WdoaF6Up,Touzaemon,东左卫门,short_title
0TrEYRKe,Touemon,东右卫门,short_title
cousoQ4k,Mataichiro,又一郎,short_title
7GGb9pks,Matajiro,烦恼,short_title
Mi6jEdGA,Matasaburo,青年,short_title
50m6bXju,Matagoro,又五郎,short_title
HEpg6hFQ,Matajuro,亦十郎,short_title
EjYlRDvH,Matasuke,又介,short_title
irRONE36,Matanosuke,亦之助,short_title
XGQmrAxZ,Matakichi,又一,short_title
Faecpmvv,Matazo,杀戮,short_title
hDYNv8cs,Matabei,又部,short_title
iXpL1lbL,Matazaemon,亦左卫门,short_title
P4kQzauj,Mataemon,又右卫门,short_title
5i4ToX51,Tokutaro,德太郎,short_title
pMvZ04mm,Tokuichiro,德一郎,short_title
INK1MJlR,Tokujiro,德次郎,short_title
jlDVjQnu,Tokusaburo,德三郎,short_title
HQ7qfRgD,Tokugoro,德五郎,short_title
clrovKXi,Tokujuro,德十郎,short_title
FQlRLvY9,Tokusuke,德助,short_title
CCUwTZYL,Tokunosuke,德之助,short_title
9qQ9evZv,Tokukichi,德吉,short_title
ijnOHHSh,Tokuzo,德藏,short_title
30Z0KoSI,Tokubei,德兵卫,short_title
lIvG7CnE,Tokuzaemon,德左卫门,short_title
RdMNMHrY,Tokuemon,德右卫门,short_title
U58ZOdQG,Yataro,弥太郎,short_title
ny1aqEL7,Yaichiro,弥一郎,short_title
k0kehmUu,Yajiro,矢次郎,short_title
XKMzktuD,Yasaburo,弥三郎,short_title
EfW7Ru9p,Yagoro,矢五郎,short_title
UUNZapL6,Yajuro,弥十郎,short_title
4TAPNSDP,Yasuke,弥助,short_title
STLLrKL8,Yanosuke,弥之助,short_title
fPHEbh56,Yakichi,弥吉,short_title
dhkBuvlk,Yazo,他来了,short_title
Nh4tadmB,Yahei,弥兵卫,short_title
u1LJWWKJ,Yazaemon,矢左卫门,short_title
12lLmL2X,Yaemon,八右卫门,short_title
9CL8y7uV,Magotaro,孙太郎,short_title
W1Uk2bMW,Magoichiro,孙一郎,short_title
CpstFlRL,Magojiro,烦恼,short_title
myxmbqU0,Magozaburo,孙三郎,short_title
BewFYzJe,Magogoro,冲突,short_title
k2aKue4A,Magojuro,魔法法则,short_title
Mszofuwe,Magosuke,孙介,short_title
PG1lH9J9,Magonosuke,孙之助,short_title
DnJOcAzi,Magokichi,孙吉,short_title
PM82Pqwb,Magozo,孙三,short_title
zIfoLUIX,Magobei,马戈贝,short_title
TTt1dATj,Magozaemon,孙左卫门,short_title
7nUQ4by7,Magoemon,孙右卫门,short_title
kISlg1tA,Zenichiro,善一郎,short_title
w6XY8Pw4,Zenjiro,善二郎,short_title
Qm5bAnQX,Zenzaburo,善三郎,short_title
Z3BeJBAS,Zengoro,善五郎,short_title
aFnWRxFk,Zenjuro,善十郎,short_title
6xE2RZ7l,Zensuke,善助,short_title
XJ9ajAGZ,Zennosuke,善之助,short_title
UhAHri58,Zenkichi,善吉,short_title
8dQZUa4y,Zenzo,行动,short_title
WfUZsGO1,Zennai,善内,short_title
E2TB5J7F,Zenbei,善兵卫,short_title
cs1H4EqR,Zenzaemon,善左卫门,short_title
6sEaLkkL,Zenemon,善右卫门,short_title
i62ROvkh,Kiichiro,喜一郎,keyword
usXhU7cq,Kizaburo,黄三郎,short_title
siR5eu2H,Kijuro,夏天,short_title
rptigya9,Kisuke,喜助,short_title
JRFFb5Yp,Kinosuke,木之助,short_title
aexJxPzD,Kizo,快点,short_title
5iJKF6OL,Souichiro,总一郎,short_title
bOaRvMKu,Soujiro,总次郎,short_title
KOYIX6bo,Souzaburo,宗三郎,short_title
hQ8J9ehd,Sougoro,总五郎,short_title
WpNXQ2Wg,Soujuro,总十郎,short_title
MSQw9m26,Sousuke,宗介,short_title
MSA98yTk,Sounosuke,宗之助,short_title
BcZmXIib,Soukichi,宗吉,short_title
FDNTSgX5,Souzo,苏佐,short_title
QQyFUrjM,Soubei,惣兵卫,short_title
95u0n5Gw,Souzaemon,宗左卫门,short_title
UuJecsoc,Souemon,宗右卫门,short_title
rC6bGIYr,Jinichiro,仁一郎,short_title
tUuATMXL,Jinjiro,甚次郎,short_title
5CILZ1Mw,Jinzaburo,甚三郎,short_title
xntsULXS,Jingoro,真五郎,short_title
3kZ6KnLw,Jinjuro,甚十郎,short_title
1YstbZrT,Jinsuke,甚助,short_title
ZUSD95RW,Jinnosuke,阵之助,short_title
CifluU3w,Jinkichi,仁吉,short_title
RtC7Igb8,Jinzo,神藏,short_title
WYjJfaRF,Jinbei,甚兵卫,short_title
li6FcW6d,Jinzaemon,阵左卫门,short_title
OFRiI1ZH,Jinemon,真卫门,short_title
PT48Pdyv,Hikoichiro,彦一郎,short_title
qOHD4hmz,Hikojiro,彦次郎,short_title
claatCYX,Hikozaburo,彦三郎,short_title
LVSnchon,Hikogoro,彦五郎,short_title
Md3I4b9A,Hikojuro,彦十郎,short_title
NOhSVuEd,Hikosuke,彦介,short_title
IyWeSdrc,Hikonosuke,彦之助,short_title
Wz5ivE3j,Hikozo,移动,short_title
4LySx3FC,Hikobei,彦兵卫,short_title
0PkorrCr,Hikozaemon,彦左卫门,short_title
leI5JyG8,Hikoemon,彦右卫门,short_title
nrW2LLb4,Seiichiro,精一郎,keyword
YqIBnGJg,Seijiro,诚次郎,short_title
eZf87dj4,Seizaburo,清三郎,short_title
CiuuF7Zt,Seigoro,清五郎,short_title
Xtf9w0UQ,Seijuro,诚十郎,short_title
ryPxfNOi,Seisuke,停顿,short_title
OMsFEksS,Seinosuke,清之助,short_title
Bt3wxgJc,Seizo,季节,short_title
qctPhh4n,Seibei,清兵卫,short_title
iwo72hty,Seizaemon,清左卫门,short_title
23onjdyq,Seiemon,正卫门,short_title
RP6oIBv1,Sentaro,坐下,short_title
1XiYQZec,Senjiro,千二郎,short_title
PHWNIb1U,Senzaburo,千三郎,short_title
aIRIvtzt,Sengoro,千五郎,short_title
jXS4Xyuz,Senjuro,千十郎,short_title
wOXwXos9,Sensuke,无糖,short_title
o6ipx7CX,Sennosuke,千之助,short_title
GbzQmodT,Senzo,行动,short_title
6HSVwyHm,Senbei,仙贝,short_title
k0QkYUKf,Senzaemon,千左卫门,short_title
HDO43hmP,Senemon,无私,short_title
BZenLkHE,Mantaro,万太郎,short_title
EaxgVhEA,Manjiro,万次郎,short_title
oHVTd16T,Manzaburo,万三郎,short_title
W1f3Xyka,Mangoro,芒果,short_title
KQJB6tIF,Manjuro,万十郎,short_title
Dgnokr0s,Mansuke,万助,short_title
ZuY3PKvk,Mannosuke,万之助,short_title
2zvbXuvD,Manzo,万藏,short_title
DemRvjqX,Manbei,万兵卫,short_title
xqLuC100,Manzaemon,万左卫门,short_title
bKpT7ydh,Manemon,曼右门,short_title
qTjJ6VNB,Kouichiro,光一郎,short_title
OiQWNnCC,Kouzaburo,幸三郎,short_title
alsRXQfE,Kougoro,幸五郎,short_title
tiQigL4M,Koujuro,小十郎,short_title
5vy1Kcut,Kousuke,幸介,short_title
ewIhSqSg,Kounosuke,幸之助,short_title
uUuyf0oq,Kouzo,幸三,short_title
6JYI2cM1,Koubei,口贝,short_title
Ucc1XJtA,Kouzaemon,高左卫门,short_title
c0POyeDy,Kouemon,古右卫门,short_title
8r6KNpJu,Ichitaro,一太郎,short_title
adSaxUtg,Ichijiro,一二郎,short_title
PHZYnyJG,Ichisaburo,一三郎,short_title
2Zz5tOGM,Ichigoro,一五郎,short_title
UE8Q9iLC,Ichijuro,一十郎,short_title
A38aKm8V,Ichisuke,一助,short_title
6maHAom2,Ichinosuke,一之助,short_title
jGDO6UVX,Ichizo,一三,short_title
fRC2Sv0I,Ichibei,一兵卫,short_title
vvLImum3,Ichizaemon,知左卫门,short_title
qzEnN6b2,Ichiemon,一右卫门,short_title
Bv1SBqYA,Dentaro,假牙,short_title
0iGkPeDd,Denichiro,传一郎,short_title
1jKdOkXK,Denjiro,传次郎,short_title
oS7aAM2u,Densaburo,传三郎,short_title
0676hgZd,Dengoro,传五郎,short_title
4rt2PIJj,Denjuro,传十郎,short_title
vrNgITIa,Densuke,传介,short_title
bSnAdlUv,Dennosuke,传之助,short_title
n8ygcUdT,Denzo,传藏,short_title
uL8OvdBZ,Dennai,德内,short_title
ENaKTTDb,Denbei,伝兵卫,short_title
EVBmSHD1,Denzaemon,传左卫门,short_title
F3NFayMh,Denemon,恶魔,short_title
5YYTcaY5,Buntaro,文太郎,short_title
5PkRFEfl,Bunichiro,文一郎,short_title
3kNHKBLR,Bunjiro,一个挑战,short_title
bxtXeEFE,Bunsaburo,文三郎,short_title
0iBcR9Oj,Bungoro,丰五郎,short_title
Fg3jIKFw,Bunjuro,文十郎,short_title
rvIN9ZTT,Bunsuke,关闭,short_title
7I5vZfW3,Bunnosuke,文之助,short_title
6wEnMxwM,Bunzo,文藏,short_title
csOTlDG2,Bunnai,文内,short_title
Ild4lSX7,Bunbei,再见,short_title
IhUPTgiY,Bunzaemon,文左卫门,short_title
xwzqFQHe,Bunemon,文卫门,short_title
xNuFAChh,Kyutaro,久太郎,short_title
PGONDRwL,Kyuichiro,久一郎,short_title
YphWCH0O,Kyujiro,久次郎,short_title
RK9XaxfL,Kyusaburo,久三郎,short_title
jCPhfeQe,Kyugoro,久五郎,short_title
whdi1PqW,Kyujuro,九十郎,short_title
qboKlFcb,Kyusuke,久介,short_title
IqtNcUKR,Kyunosuke,久之介,short_title
EnAKh2jl,Kyuzo,久三,short_title
kmP42SIm,Kyunai,久内,short_title
6lv28NaV,Kyubei,久兵卫,short_title
WtrhY68f,Kyuzaemon,久左卫门,short_title
UoyQxG88,Kyuemon,久右卫门,short_title
RgM49V8I,Risuke,利介,short_title
rOuEyl4j,Rihei,理平,short_title
WtGggyWu,Tomotaro,友太郎,short_title
FALveYtm,Tomoichiro,智一郎,short_title
cPCDrqQ9,Tomojiro,友次郎,short_title
FrCZl1Kc,Tomosaburo,友三郎,short_title
aTLCRfbo,Tomogoro,友五郎,short_title
VJ8JjKdn,Tomojuro,智十郎,short_title
eybQD7fW,Tomosuke,友介,short_title
ouJSaXMs,Tomonosuke,友之助,short_title
5cUv40An,Tomozo,友三,short_title
EkbEmCds,Mosuke,茂助,short_title
jskM3d0i,Mohei,莫黑,short_title
NrA6HIZh,Kintaro,金太郎,short_title
848CJxJF,Kinichiro,庆一郎,short_title
7Y0EXAUF,Kinjiro,金二郎,short_title
YscUSvVM,Kinsaburo,金三郎,short_title
XFTScKgz,Kingoro,金五郎,short_title
NGdaEade,Kinjuro,金十郎,short_title
TZ1EuCNG,Kinsuke,金助,short_title
4MflqKiV,Kinnosuke,金之助,short_title
FNMFahJE,Kinzo,金藏,short_title
cRihXQNl,Kinbei,金兵卫,short_title
4CONhzCA,Kinzaemon,金左卫门,short_title
96CxYziS,Kinemon,锦卫门,short_title
x0UuCfZy,Kametaro,相机,short_title
ZfUBVs4h,Kameichiro,龟一郎,short_title
a01TqKHx,Kamejiro,龟二郎,short_title
OfQZK6DU,Kamesaburo,龟三郎,short_title
xyMCyFya,Kamegoro,龟五郎,short_title
4enmAjQG,Kamejuro,龟十郎,short_title
2RTqEBHZ,Kamesuke,龟助,short_title
DsdZZ7ls,Kamenosuke,龟之助,short_title
nhWIvnQN,Kamezo,龟三,short_title
22qdH8rc,Tsurutaro,鹤太郎,keyword
sAfPsIZ8,Tsuruichiro,鹤一郎,keyword
kfHjrOIs,Tsurujiro,鹤二郎,keyword
5CSrGJfb,Tsurusaburo,鹤三郎,keyword
wkcqyrPI,Tsurugoro,鹤五郎,keyword
EugzWPXo,Tsurujuro,鹤十郎,keyword
p0vR6eJa,Tsurusuke,鹤介,keyword
7N515T5W,Tsurunosuke,鹤之助,keyword
oUA7SxtT,Tsuruzo,鹤造,keyword
oTCqcyRD,Sakutaro,作太郎,short_title
jJYN1RwQ,Sakuichiro,作一郎,short_title
VHEgq8bQ,Sakujiro,作次郎,short_title
7qfdlqBi,Sakusaburo,作三郎,short_title
WeUjfIJ1,Sakugoro,作五郎,short_title
ZzfKmRnj,Sakujuro,作十郎,short_title
vSeWlxFv,Sakusuke,作介,short_title
PruyWPPU,Sakunosuke,作之助,short_title
IqqhbpKT,Sakuzo,作三,short_title
Jts7a19A,Sakubei,作兵卫,short_title
uzEmlox6,Iichiro,一郎,keyword
9iBq0QQK,Izaburo,警告,short_title
2AiJGGSn,Ijuro,夏天,short_title
CTOORbUG,Isuke,它消失了,short_title
jGQAK7wi,Inosuke,猪助,short_title
ZzQtwy55,Izo,伊藏,short_title
1DpmL0dT,Ihei,伊平,short_title
M24CQ7LC,Izaemon,伊左卫门,short_title
0HhVmhAb,Iemon,某物,short_title
M7NqDxH8,Sasuke,佐助,short_title
mCtJGBTR,Tarozaemon,太郎左卫门,short_title
0dcfuOXl,Taroemon,太郎右卫门,short_title
MvkAmOXM,Jirozaemon,次郎左卫门,short_title
6xKoyc6E,Hiroemon,广右卫门,short_title
hNnejvkq,Saburozaemon,三郎左卫门,short_title
h8G0fO3K,Saburoemon,三郎右卫门,short_title
kNjiQUn5,Shirozaemon,白左卫门,short_title
KeKB3A1g,Shiroemon,白右卫门,short_title
p2JXgAFZ,Gorozaemon,五郎左卫门,short_title
Z62OstUb,Goroemon,五郎右卫门,short_title
ab4sZWzd,Ai,人工智能,short_title
japJIRRy,Ao,至,short_title
VHbcxIU1,Aka,阿卡,short_title
CMxdilZo,Aki,阿艺,short_title
oldI3981,Asa,阿萨,short_title
IrnQzBvz,Ashi,足,short_title
ONWqd9Hd,Aso,熊本,short_title
u9Pq27aa,Ama,阿间,short_title
bLckTBYg,Ami,阿美,short_title
Yk5AaGis,Aya,绫,short_title
9spwFIMF,Ayu,香鱼,short_title
icH6H6qJ,Ara,荒,short_title
UgdrhMLn,Awa,阿波,short_title
Anthc16w,Iki,直到,short_title
qimV9Hxm,Iku,郁,short_title
T6f6o1Bn,Isi,伊西,short_title
G3bhQAAE,Ise,然而,short_title
c7q2fLjb,Iso,伊索,short_title
p3I674Qb,Iti,市,short_title
B3kJ5DP4,Ina,伊娜,short_title
soDfj3wG,Ine,伊根,short_title
gK8vPJRo,Ima,今,short_title
TQiCvmEX,Iyo,伊予,keyword
hL7n98V7,Uki,宇木,short_title
Rjj08KZk,Usu,乌苏,short_title
1tp1eT1f,Uta,歌,short_title
FNz4NI40,Une,一个,short_title
HnHrluJJ,Umi,乌米,short_title
gE3Hqou8,Ume,梅,short_title
1I8FC31x,Uya,宇也,short_title
Sl3saZgp,Ura,浦,short_title
qfFDtDwr,Uri,乌里,short_title
RJSAXUMm,Uzu,使用,short_title
j4HdI45k,Ena,惠那,short_title
L7msLwYi,Ema,绘马,short_title
LT0jytMw,Emi,惠美,short_title
HFBFS90C,Oki,冲木,short_title
DsOfIrAJ,Oku,奥,short_title
s9l9Q3k4,Otu,一,short_title
TxdyO9Ap,Oto,奥托,short_title
gyuAycqs,Kai,甲斐,short_title
up78idxc,Kane,凯恩,short_title
VT6HjYzj,Kano,卡诺,short_title
8k3FCmKN,Kaho,建造,short_title
KSdRaHkS,Kame,龟,short_title
ujfb2pFG,Kaya,所以,short_title
IOqdIxCq,Kayo,加代,short_title
kv3ndFaH,Kiku,菊,short_title
Pv7ea4X6,Kisi,覆盖,short_title
EW5X2f0M,Kise,木濑,short_title
zdb2NTCA,Kiso,一个吻,short_title
jLY0MV0K,Kita,北,short_title
6wI9KqdW,Kiti,吉地,short_title
FEKGGq4E,Kitu,某物,short_title
UmIltDrq,Kina,深度,short_title
RI8N5c4R,Kima,评估,short_title
8WfG5S6b,Kinu,中国,short_title
sfFxUyMo,Kine,凯恩,short_title
mWIkRnp4,Kino,邪恶的,short_title
KmjDf7sk,Kiyo,选育,keyword
1I1ml2CF,Kin,亲属,short_title
TelT9dGO,Kusi,很诱人,short_title
gJqMupbd,Kuni,直到,short_title
ClZg7i2D,Kuma,对你也一样,short_title
evYMHyLJ,Kuri,栗,short_title
0VtFmtbM,Kura,哪一个,short_title
zKgtrFlM,Kuwa,桑,short_title
XvOb3Vwc,Kesa,袈裟,short_title
1JS0UhVH,Koi,锦鲤,short_title
bmxZofcA,Kosi,科西,short_title
3O8nA90w,Koto,江东,short_title
9mxqMpWp,Sai,赛伊,short_title
5m4AaikN,Sae,萨埃,short_title
6RyBbZzh,Saki,萨基,short_title
TlcOPE8V,Sati,萨蒂,short_title
b5jjvG8v,Sato,佐藤,short_title
A0nnN1Bs,Sana,很多,short_title
3ZG5q6fC,Sane,萨内,short_title
4Qq2nraH,Saya,小夜,short_title
LTGg9VfY,Sayo,小夜,short_title
te1zrRcu,Sawa,好的,short_title
V8ZjxSqh,San,三,short_title
uH3PP2vd,Sii,椎,keyword
cltMCIte,Sie,志江,short_title
eIRxHAfM,Sino,西诺,short_title
p0pwjEGg,Sima,司马,short_title
LkpYelD5,Sira,西拉,short_title
qq7IhZqX,Sige,重,short_title
txd54Uxq,Sizu,静,short_title
Rpp0GkVb,Sue,起诉,short_title
DsMiOMAl,Sumi,须弥,short_title
Co6CVsTn,Suwa,诹访,short_title
9PFPNnut,Suzu,铃,short_title
LciAOoxg,Seki,关,short_title
90tYcZnV,Sena,塞纳,short_title
C0WToKkS,Seri,塞里,short_title
ALmaRDqh,Sen,森,short_title
LdhmLcqT,Sono,园,short_title
p7HhzIOW,Some,一些,short_title
qJl74TrM,Sora,索拉,short_title
hFoAOFav,Tae,泰埃,short_title
euu2KEpY,Taka,高,short_title
BdezqiyJ,Taki,这样的,short_title
KxoQul8K,Take,武,short_title
gHTh0qbu,Tatu,三,short_title
rqJlNuAP,Tani,谷,short_title
DBzh6GCw,Tane,单元,short_title
gGpyeF6m,Tama,多摩,short_title
BtvJlQvJ,Tami,塔米,short_title
788TRav9,Tame,驯服,short_title
3ndapyaU,Tie,领带,short_title
gSk9DM6l,Tika,正确的,short_title
FPFqiv7a,Tise,编织,short_title
aHHPOcUo,Tita,蒂塔,short_title
cfJP1a1D,Tino,绝对地,short_title
OyxDo16q,Tiyo,管道,keyword
UZrCJPZv,Tuki,月,short_title
fJzk4BNs,Tuta,所有的,short_title
whxtdqVI,Tuna,纲,short_title
ZBK2n7tg,Tune,常,short_title
Imo98lXX,Tuya,津谷,short_title
PZbf10XQ,Tuyu,干燥,short_title
6HSzptnS,Turu,市场,short_title
J0UsxkRC,Tei,亭,short_title
g1qXRvel,Teru,辉,short_title
a3VKcfJa,Toi,土井,short_title
T62NIiA6,Toki,当然,short_title
TFs4nM7I,Toku,德,short_title
ZzRx1abW,Tosa,土佐,keyword
ecTaQB7j,Tosi,托西,short_title
TJMitVon,Tose,利世,short_title
XZlG26oj,Toti,栃,short_title
kFitx5pm,Tone,语气,short_title
VRx7ynCm,Tome,大部头书,short_title
iqkzFqot,Toyo,东洋,short_title
VwDXADid,Tora,虎,short_title
Di20AtpT,Towa,东和,short_title
ZzWzXLht,Nae,奈江,short_title
nDpHHmR1,Nao,奈绪,short_title
ZEmO4WfN,Naka,中,short_title
3x8xcHOj,Natu,纳图,short_title
tT546r7c,Nana,娜娜,short_title
eVbD6jeL,Nami,娜美,short_title
VPUvGEii,Nawa,名和,short_title
kVvV6i76,Nisi,一些,short_title
NyCRcnms,Nei,根井,short_title
AiQKTb3M,Nene,内内,short_title
HEKsNIc0,Noe,某物,short_title
nFeGwvdW,Noto,能登,short_title
CGlpxIRk,Haku,白,short_title
4RaBnJJd,Hasu,莲,short_title
bucIcjxy,Hata,甚至,short_title
oA19rmhg,Hatu,初,short_title
2uCie4Q2,Hana,花,short_title
OcCRaagX,Haru,哈鲁,short_title
ue0urULM,Hisa,库存,short_title
EJpUBSCs,Hisi,感觉,short_title
6HoPLMn3,Hina,雏,short_title
vY9Bp6uB,Fuki,吹,short_title
9LTZ9XB7,Fuku,福,short_title
4UmAhqew,Fusa,大惊小怪,short_title
UohnfxGD,Fusi,拥抱,short_title
XCHQC5f3,Futi,再次,short_title
KyQ1C73j,Funa,搜索,short_title
Gnl8tupV,Fune,绳索,short_title
4akZ5HEq,Fumi,文,short_title
kLALO29g,Fuzi,模糊,short_title
88hLDKtN,Mai,麻衣,short_title
gxfZ2w3W,Masa,时间,short_title
yJXssD0P,Masu,业主,short_title
LJyp9AKZ,Matu,头发,short_title
bj63fnCB,Mana,法力,short_title
4rWDHouO,Mame,玛梅,short_title
qXNWMbUO,Mayu,真由,short_title
wblnzRnV,Mari,马里,short_title
ufNTpzmv,Mie,三重,short_title
LuePJv7g,Miti,树木,short_title
PV5iDOtM,Mitu,美津,short_title
D7la9JKQ,Mina,米娜,short_title
Gu1BKtTu,Mine,峰,short_title
6kg6dx0j,Miya,宫,short_title
ZMQ1VDUl,Miyo,美代,keyword
DvL7f4QU,Moto,摩托,short_title
aq9b50cV,Momo,莫莫,short_title
wRPynz1h,Yae,八重,short_title
eHd1rxID,Yasu,亚苏,short_title
sufwawfp,Yui,唯,short_title
q8EmtRbW,Yuna,尤娜,short_title
vnjOoU7B,Yumi,弓,short_title
0b9APW9w,Yume,梦,short_title
yjmoZDpL,Yuri,尤里,short_title
y3LihP27,Yosi,耀西,short_title
ynSceRn1,Yona,尤娜,short_title
llXWtjvk,Yone,再次,short_title
keDd7GwF,Yono,与野,short_title
p2YaumtD,Rie,理惠,short_title
6BuhQ3yC,Riku,利库,short_title
LVLqSHsN,Risa,里沙,short_title
dUUYeeqh,Ritu,瑞图,short_title
xdlCLqcy,Rin,凛,short_title
zLwhd8EY,Rui,锐,short_title
IVbOeER4,Ruri,瑠璃,short_title
SNAlZ25g,Kamahara,记住,short_title
s5OF0IgD,Matsushita,松下,keyword
pX3UiO6u,Okuyama,奥山,short_title
NOdQLGHo,Uemura,上村,short_title
KzddrTY6,Hiraiwa,平岩,short_title
X62QLJ9n,Ōsuga,大须贺,short_title
NIElosXN,Inagaki,稻垣,short_title
FbwQawMP,Itakura,它不会老化,short_title
zItxWuhw,Saji,服务,short_title
DYcmhaec,Hirano,平野,short_title
cKmxbhCS,Maeno,地点,short_title
dPbbo3wV,Kawajiri,川尻,short_title
TverdHvf,Tsubouchi,坪内,keyword
4sBs4QBv,Horio,堀,short_title
1VXLYCzS,Hitotsuyanagi,一柳,keyword
eOPxRtP0,Hotta,堀田,short_title
ymrFRnrW,Koide,小出,short_title
EuZYLsjt,Kuwayama,桑山,short_title
TctYsNIg,Arao,荒尾,short_title
XM9EPZDi,Satsuma,萨摩,keyword
60nJZSa2,"Satsuma occupied a unique position in the late Bakumatsu. The Shimazu lords maintained semi-independence, joining the shogunate under their own terms while remaining largely unconquerable. The domain was highly militarized, with a dense network of goshi samurai and a distinctive castle system. Satsuma's samurai were renowned for their loyalty, identifying first as Satsuma men, and the domain played a key role in supporting pro-imperial movements leading into the Meiji Era.{newline}{newline}Foreign Merchant: British",萨摩在幕末末期占有独特的地位。岛津诸侯保持半独立，按照自己的条件加入幕府，同时基本上保持不可征服的状态。该藩高度军事化，拥有密集的五子武士网络和独特的城堡系统。萨摩武士以其忠诚而闻名，首先被认为是萨摩男人，该藩在支持明治时代的亲帝国运动中发挥了关键作用。{newline}{newline}外国商人：英国人,keyword
ZdBXMo7L,Akizuki,秋月,short_title
46fsk7gw,Asou,麻生,short_title
JWeFzVlO,Nuki,移动,short_title
pwYAuMyG,Katsuki,胜希,keyword
YgTsZMc0,Kiroki,桐木,short_title
UeORdILD,Chikushi,筑紫,short_title
KssObQt2,Saigo,西乡,short_title
VSE45J5r,Shiga,志贺,short_title
JkFrZzdM,Kamata,镰田,short_title
p0krwhS7,Himeno,处女膜,short_title
TztBu7HI,Shibue,涩江,short_title
ac95GhXU,Shisa,烧伤,short_title
pdwy8MTC,Mitai,神话,short_title
gWlW80aW,Fukabori,深堀,short_title
Ie9Vn818,Akahoshi,赤星,short_title
uboP42ci,Ijichi,绑定,short_title
AuwGwWpz,Hishikari,菱狩,short_title
ADarelik,Shikine,式根,short_title
XM9EPKur,Kurume,行进,short_title
60nJZSa2,TODO{newline}{newline}Foreign Merchant: British,萨摩在幕末末期占有独特的地位。岛津诸侯保持半独立，按照自己的条件加入幕府，同时基本上保持不可征服的状态。该藩高度军事化，拥有密集的五子武士网络和独特的城堡系统。萨摩武士以其忠诚而闻名，首先被认为是萨摩男人，该藩在支持明治时代的亲帝国运动中发挥了关键作用。{newline}{newline}外国商人：英国人,keyword
XM9EPKuM,Kumamoto,熊本,keyword
60nJZSa2,TODO{newline}{newline}Foreign Merchant: German,萨摩在幕末末期占有独特的地位。岛津诸侯保持半独立，按照自己的条件加入幕府，同时基本上保持不可征服的状态。该藩高度军事化，拥有密集的五子武士网络和独特的城堡系统。萨摩武士以其忠诚而闻名，首先被认为是萨摩男人，该藩在支持明治时代的亲帝国运动中发挥了关键作用。{newline}{newline}外国商人：英国人,keyword
XM9EPHio,Hitoyoshi,人吉,short_title
60nJZSa2,TODO{newline}{newline}Foreign Merchant: Dutch,萨摩在幕末末期占有独特的地位。岛津诸侯保持半独立，按照自己的条件加入幕府，同时基本上保持不可征服的状态。该藩高度军事化，拥有密集的五子武士网络和独特的城堡系统。萨摩武士以其忠诚而闻名，首先被认为是萨摩男人，该藩在支持明治时代的亲帝国运动中发挥了关键作用。{newline}{newline}外国商人：英国人,keyword
XM9EPFuK,Fukuoka,福冈,short_title
XM9EPKoK,Kokura,关于,short_title
XM9EPSag,Saga,佐贺,keyword
dN143uK3,TODO{newline}{newline}Foreign Merchant: British,待补充{newline}{newline}外国商人：英国,keyword
tvHNsbSX,Ichimiya,一宫,short_title
sA7HhHFB,Kaifu,海府,short_title
Ppt5KaxP,Hayuka,早香,short_title
gjKusDBC,Sangawa,三河,short_title
XhI0s8qx,Shigemi,茂美,short_title
1YztovH5,Kutsuna,作为邀请,keyword
404D726C,Ōhira,大平,short_title
FPQpRwnh,Toyonaga,丰永,short_title
DjV5rjFQ,Kataoka,片冈,short_title
hE9AOZAC,Kaneko,金子,short_title
aEAoHKyE,Futagami,二神,short_title
BsUY9ZLW,Niu,牛,short_title
TokMv6H8,Tokushima,德岛,short_title
dN143uK3,TODO{newline}{newline}Foreign Merchant: Dutch,待补充{newline}{newline}外国商人：英国,keyword
UwaMv6H8,Uwajima,宇和岛,keyword
DMaMv6H8,Matsuyama,松山,keyword
DOmMv6H8,Ozu,小津,short_title
NFOJEwiL,Choshu,长州,keyword
NFOJEwiL,TODO{newline}{newline}Foreign Merchant: British,长州,keyword
kzv0BtxU,Hanafusa,花房,short_title
P1I5mIT8,Sho,翔,short_title
x8A5c8Wk,Niimi,姓名,keyword
KO6lqs1w,Zinzai,神西,short_title
HnHDgRY0,En'ya,恩雅,short_title
Kq7WRvBH,Shinji,慎二,short_title
8eBExVTe,Sugihara,杉原,short_title
hY1KrG2x,Hiraga,平贺,short_title
OfficN1P,Kodama,儿玉,short_title
tPGBJUID,Sugi,杉,short_title
KiR6iXcV,Niho,牙齿,short_title
pQS7UiSK,Mitoya,三户也,keyword
3py6EHDc,Wachi,和智,short_title
R3EGi6FD,Akana,阿卡纳,short_title
zK2a2OoY,Awaya,斗争,short_title
NFOJEHir,Hiroshima,广岛,keyword
NFOJEHir,Hiroshima{newline}{newline}Foreign Merchant: British,广岛,keyword
NFOJETot,Tottori,鸟取,short_title
Z1qR2Oka,Okayama,冈山,keyword
Z1qR2OkA,Okayama{newline}{newline}Foreign Merchant: Dutch,冈山{newline}{newline}外国商人：荷兰人,keyword
Ugk9KYNS,Fujisawa,藤泽,short_title
BAvYCzuQ,Shimojo,下条,short_title
jdxpV7wS,Mochizuki,望月,short_title
kq6avh9h,Ōi,大井,short_title
gGGTekAP,Yashiro,八代,short_title
JSR07qWX,Katagiri,片桐,short_title
VZKnCOUM,Osade,部分,short_title
GfcPzkoQ,Shimosone,下根,short_title
hBk9SoIe,Sakanishi,坂西,short_title
x2WcAdbW,Kurita,栗田,short_title
49gZum2a,Ōhigata,大日方,short_title
tzR6iSFJ,Washimi,鹫见,short_title
kscN65DH,Fuwa,不破,short_title
NhmrBf5e,Hineno,昨天,short_title
KoUScJZu,Kunieda,国枝,short_title
pDDXXt20,Takekoshi,武越,short_title
yveyAGxB,Marumo,丸茂,short_title
yBr808vb,Hirose,广濑,short_title
KYbMt1uP,Iwashita,岩下,short_title
7scrIsjj,Atobe,迹部,short_title
Rsom7ttN,Hikone,彦根,keyword
Rsom7ttN,Kinai,彦根,short_title
JuSWnmm9,Kozukuri,小作,short_title
TwGHHEo4,Hosono,细野,short_title
4ryYW6y1,Ōkouchi,大河内,short_title
yMlYRwy8,Akahori,赤堀,short_title
Z01eNIVq,Takashima,高岛,short_title
jahoJ9Op,Kutsuki,久月,keyword
DQfBZni2,Tarao,太郎,short_title
0kkYlPDX,Minobe,美浓部,short_title
jmMlhdFh,Megata,梅加塔,short_title
k8yscTyR,Shinjo,新城,short_title
XCr8m7yN,Hosomi,细见,short_title
bxr9GN0j,Hashio,桥尾,short_title
gP7ZPOEA,Fuse,保险丝,short_title
g2tcLbk9,Tamaki,玉木,short_title
WepUrVKw,Kakiya,柿屋,short_title
Kism7ttN,Kii,不,keyword
Kism7ttN,Kii{newline}{newline}Foreign Merchant: German,不,keyword
Tsum7ttN,Tsu,津,keyword
Tsum7ttN,Tsu{newline}{newline}Foreign Merchant: French,津,keyword
Hikm7ttN,Hikone,彦根,keyword
Hikm7ttN,Hikone{newline}{newline}Foreign Merchant: French,彦根,keyword
Kuwm7ttN,Kuwana,桑名{newline}{newline}外国商人：法国,keyword
Kuwm7ttN,Kuwana{newline}{newline}Foreign Merchant: French,桑名{newline}{newline}外国商人：法国,keyword
wIaHKKag,Kaga,来自你,short_title
dfGXCBX7,Nakajo,中条,short_title
g1f9NiGl,Kaji,加治,short_title
SbQU8rIG,Takemata,竹又,short_title
ixwubTRf,Hirako,平子,short_title
AMXQG3Vx,Togashi,富坚,short_title
WSr2qrcS,Shida,麻烦,short_title
yjW1VPe6,Oguni,主人,short_title
bcjz1Olb,Niitsu,新津,keyword
8zGZnSvv,Ayukawa,鲇川,short_title
j3VYrogu,Ōida,老田,short_title
VFSpSdTs,Isiguro,保证,short_title
LNL0fpnx,Kuramitsu,仓光,keyword
H4V33j6B,Yokoyama,横山,short_title
sdBWDJQR,Uryu,乌龙,short_title
MzDkJCKE,Ōkuma,大隈,short_title
XXcP53zB,Kamijo,上条,short_title
cTtUz8rk,Amakasu,甘洲,short_title
HNMqBFKC,Yamayoshi,山吉,short_title
IBH0fyiq,Yasuda,安田,short_title
wIaHKNag,Nagaoka,长冈,keyword
wIaHKNag,Nagaoka{newline}{newline}Foreign Merchant: American,长冈,keyword
wIaHKYMr,Kaga,北陆,short_title
wIaHKYMr,Hokuriku,北陆,short_title
wIaHKFuk,Fukui,福井,keyword
wIaHKFuk,Fukui{newline}{newline}Foreign Merchant: British,福井,keyword
wIaHKOba,Obama,小浜{newline}{newline}外国商人：荷兰,short_title
JSiAyodh,Mito,水户,keyword
QO79qs4N,Yamakawa,山川,short_title
Mw9s0qdq,Minagawa,皆川,short_title
eRxuWdyL,Kimishima,感恩,short_title
DOFQ3gnN,Shishido,志士堂,short_title
RGTiMI8a,Sugaya,菅谷,short_title
NV5iGpZr,Onozaki,小野崎,short_title
4OxgVPT4,Oguri,小栗,short_title
D6bCvKQA,Tomioka,富冈,short_title
an9XJN76,Shirai,白井,short_title
lXZFYdGf,Yanada,更多的,short_title
lYQNsFhs,Kido,木户,short_title
Y4HcFUBF,Akimoto,秋元,short_title
OBENaFLm,Ōmori,生活,keyword
2AjEhHx1,Mamiya,间宫,short_title
wsJTHUpr,Kajiwara,梶原,short_title
JozAyodh,Jozai,定在,short_title
OwaAyodh,Owari,尾张,keyword
OwaAyodh,Owari{newline}{newline}Foreign Merchant: French,尾张,keyword
Z1qR2REA,Tozama,户座间,short_title
Z1qR2REA,Tosan{newline}{newline}Foreign Merchant: Dutch,户座间,keyword
701yWNGe,Fudai,谱代,short_title
AizIDiZt,Aizu,会津{newline}{newline}外国商人：德国,keyword
AizIDiZt,Aizu{newline}{newline}Foreign Merchant: German,会津{newline}{newline}外国商人：德国,keyword
Oob9PIhW,Waga,天秤座,short_title
Z3cTeGv7,Esashi,埃萨萨,short_title
DfPq3ube,Kashiyama,柏山,short_title
LQTvwI1K,Rokugo,六乡,short_title
7Wx8qIIZ,Uchikoshi,内越,short_title
09bt9j1U,Yajima,矢岛,short_title
kZwk4hVf,Sagae,寒河江,keyword
Q0gbHS9t,Higashine,东根,short_title
bs7UCwiP,Anazawa,穴泽,short_title
B0gvz3h4,Ayugai,鮎贝,short_title
5CjjZL3Q,Kemanai,毛马内,short_title
CQHHJRGn,Hei,平,short_title
s0ZxZxKC,Kikegawa,挂川,short_title
odRvZoLx,Koiwa,科伊瓦,short_title
s0GqNvCm,Yagashiwa,矢岸,short_title
VHWUBjtv,Hienuki,桧贯,short_title
SenIDiZt,Sendai,仙台,keyword
SenIDiZt,Sendai{newline}{newline}Foreign Merchant: German,仙台,keyword
ShkIDiZt,Shonai,庄内,keyword
ShkIDiZt,Shonai{newline}{newline}Foreign Merchant: German,庄内,keyword
MFkIDiZT,Morioka,盛冈,keyword
MFkIDiZT,Morioka{newline}{newline}Foreign Merchant: German,盛冈,keyword
MFkIDiZt,Hirosaki,弘前,keyword
MFkIDiZt,Hirosaki{newline}{newline}Foreign Merchant: Dutch,弘前,keyword
MfAIDiZt,Akita,秋田,keyword
MfAIDiZt,Akita{newline}{newline}Foreign Merchant: British,秋田,keyword
YFkIDiZT,Yonezawa,米泽,keyword
YFkIDiZT,Yonezawa{newline}{newline}Foreign Merchant: Dutch,米泽,keyword
z3kkzJ6K,American,美国人,short_title
RByl5skS,William Reed,威廉·里德,short_title
pO4BfPrb,Henry Bennett,亨利·贝内特,short_title
Na45QNtK,Edward Curtis,爱德华·柯蒂斯,short_title
5HkW8xSX,James Hamilton,詹姆斯·汉密尔顿,short_title
wC4YDMVX,Samuel Smith,塞缪尔·史密斯,short_title
XKNAFSIj,Thomas Brown,托马斯·布朗,short_title
Q2ahBhgW,Edward Miller,爱德华·米勒,short_title
JEwlyL4u,Joseph Clark,约瑟夫·克拉克,short_title
Ys9HzMTw,George Harris,乔治·哈里斯,short_title
fM3LfUYc,Robert Walker,罗伯特·沃克,short_title
btH6Lmn5,Mary Carter,玛丽·卡特,short_title
45TRcl0v,Elizabeth Brown,伊丽莎白·布朗,short_title
amPofzot,Sarah Wilson,萨拉·威尔逊,short_title
JV8O6CMh,Anne Taylor,安妮·泰勒,short_title
VRzmeUU9,Margaret Smith,玛格丽特·史密斯,short_title
t9itG8Js,Catherine Reed,凯瑟琳·里德,short_title
3jGrchWs,Emily Cooper,艾米丽·库珀,short_title
jYSf531f,Abigail Carter,阿比盖尔·卡特,short_title
MwJwg7tx,Lucy Harris,露西·哈里斯,short_title
AhPAH1u6,Eleanor Smith,埃莉诺·史密斯,short_title
NbbEW4pY,Smith,史密斯,short_title
H28R57aB,British,英国人,short_title
y2QkAvZz,Edward Hughes,爱德华·休斯,short_title
EIwpkkJO,Arthur Wilson,阿瑟·威尔逊,short_title
LslAKVin,Frederick Brown,弗雷德里克·布朗,short_title
3LItuibO,Henry Clarke,亨利·克拉克,short_title
34lcLBuH,Charles Thompson,查尔斯·汤普森,short_title
b1TZ3Kxc,William Edwards,威廉·爱德华兹,short_title
6XnTAUTk,Alfred Baker,阿尔弗雷德·贝克,short_title
gUtCbjzY,George Collins,乔治柯林斯,short_title
BXIHtJks,Thomas Richardson,托马斯·理查森,short_title
DIzjbFOu,Robert Walker,罗伯特·沃克,short_title
rP90Emgj,Elizabeth Smith,伊丽莎白·史密斯,short_title
kjBCauLM,Margaret Brown,玛格丽特·布朗,short_title
ebVJWoim,Charlotte Taylor,夏洛特·泰勒,short_title
AmZuBqeG,Anne Wilson,安妮·威尔逊,short_title
hpFyzERN,Mary Hughes,玛丽·休斯,short_title
HDe3jZZ9,Eleanor Baker,埃莉诺·贝克,short_title
Ovd7uhTK,Harriet Collins,哈丽特·柯林斯,short_title
4bBQ7spf,Frances Thompson,弗朗西斯·汤普森,short_title
gfQDjBVP,Louisa Harrison,路易莎·哈里森,short_title
CG07Q2bX,Emily Clarke,艾米丽·克拉克,short_title
TgwNlnwc,Dutch,荷兰语,short_title
nHld6Yx5,Willem van der Meer,威廉·范德米尔,short_title
NiKtkwwF,Hendrik de Vries,亨德里克·德弗里斯,short_title
wdNljWjv,Johannes van Dijk,约翰内斯·范迪克,short_title
hfYIo9lW,Pieter Bakker,彼得·巴克,short_title
vriZmL8I,Cornelis Visser,科内利斯·维瑟,short_title
2tyrTI1X,Jacob Janssen,雅各布·詹森,short_title
smNLxi2j,Frederik Pieters,弗雷德里克·彼得斯,short_title
5enu55Du,Gerrit van den Berg,格里特·范登伯格,short_title
XlvFnC1b,Adriaan Smit,阿德里安·斯密特,short_title
M82kdQ2a,Anton de Boer,安东·德波尔,short_title
o3URmR2f,Anna Mulder,安娜·穆德,short_title
XKvesjgo,Maria van Rijn,玛丽亚·范·赖恩,short_title
OvFKNO6B,Johanna Kuiper,约翰娜·柯伊伯,short_title
4qHrgLfK,Elisabeth van Leeuwen,伊丽莎白·范·列文,short_title
poFd6wn5,Cornelia van Houten,科妮莉亚·范·豪顿,short_title
JsK4fk2d,Catharina van der Meer,凯瑟琳娜·范德米尔,short_title
w2yx7Qbr,Hendrika van Dijk,亨德里卡·范迪克,short_title
NYY8T3hR,Margaretha Smit,玛格丽特·史密斯,short_title
PxHqO1cQ,Geertruida Bakker,吉尔特鲁伊达·巴克,short_title
d0FUevZ8,Adriana van Jannsen,阿德里安娜·范詹森,short_title
cjXMraB9,van der Meer,范德梅尔,short_title
j8fDN7Km,French,法语,short_title
GKOkG0ur,Jean Dupont,让·杜邦,short_title
5u2ExnVm,Pierre Martin,皮埃尔·马丁,short_title
UW6FUFla,Louis Bernard,路易斯·伯纳德,short_title
isRmm7og,Francois Lefevre,弗朗索瓦·勒费弗尔,short_title
yupOrJWs,Henri Moreau,亨利·莫罗,short_title
76LG88j3,Charles Girard,查尔斯·吉拉德,short_title
xbx3OFHc,Etienne Laurent,艾蒂安·洛朗,short_title
4jEE8XA8,Paul Dubois,保罗·杜波依斯,short_title
0UagE1xI,Andre Fournier,安德烈·福尼尔,short_title
hwqFea1s,Victor Lambert,维克多·兰伯特,short_title
exZRXTn4,Marie Rousseau,玛丽·卢梭,short_title
5YCVf40B,Jeanne Petit,珍妮·佩蒂特,short_title
4vc2H88z,Louise Garnier,路易丝·卡尼尔,short_title
FbnjBXnp,Elisabeth Chevalier,伊丽莎白·谢瓦利埃,short_title
JMEcJ6PP,Marguerite Marchand,玛格丽特·马尔尚,short_title
RIJJ7yah,Pauline Dupont,宝琳·杜邦,short_title
iBev6INY,Sophie Bernard,索菲·伯纳德,short_title
8n7irrY5,Claire Moreau,克莱尔·莫罗,short_title
gBbj1nJD,Adele Laurent,阿黛尔·洛朗,short_title
DT1h1qTH,Henriette Fournier,亨利埃特·福尼尔,short_title
kjVLM2dV,Moreau,莫罗,short_title
5UHoyKlW,German,德语,short_title
l4cowvME,Johann Muller,约翰·穆勒,short_title
S01JB6pE,Friedrich Schmidt,弗里德里希·施密特,short_title
PVWL589S,Wilhelm Schneider,威廉·施奈德,short_title
Ls3zs627,Heinrich Weber,海因里希·韦伯,short_title
qhM26Bu8,Karl Fischer,卡尔费休,short_title
pAsxgR2o,August Meyer,奥古斯特·迈耶,short_title
Hjr5MPFG,Otto Becker,奥托·贝克尔,short_title
KkOcF92e,Ernst Hoffmann,恩斯特·霍夫曼,short_title
a5gfJLMR,Ludwig Bauer,路德维希·鲍尔,short_title
lvDzqD0f,Franz Wagner,弗兰兹·瓦格纳,short_title
y5pJS6v1,Anna Schulz,安娜·舒尔茨,short_title
XQdlmQIx,Maria Klein,玛丽亚·克莱因,short_title
JUoJLgZy,Elisabeth Richter,伊丽莎白·里克特,short_title
tLqMCYHP,Katharina Kruger,凯瑟琳娜·克鲁格,short_title
ktlBmgVZ,Margarete Lehmann,玛格丽特·莱曼,short_title
jInAPbRW,Johanna Schmidt,约翰娜·施密特,short_title
XRFAvV30,Wilhelmine Weber,威廉明娜·韦伯,short_title
pdnw5xlp,Luise Meyer,路易丝·迈耶,short_title
5P94umhp,Emilie Hoffmann,埃米莉·霍夫曼,short_title
Kes1jlAZ,Clara Bauer,克拉拉·鲍尔,short_title
PsUKyLQO,Bauer,鲍尔,short_title
1sbJQR4H,Duelists,决斗者,short_title
jKviMpbP,Monks,僧侣,short_title
mx7L9bFB,Zoku Thieves,佐库盗贼,short_title
jKviMpbP,Japanese,僧侣,short_title
hOcFw02K,Ferry Driver,渡轮司机,short_title
vshw4yMm,Aizu-han,会津藩,keyword
qO2LaEJH,Aizu,会津,keyword
mOZsbV8j,TODO,待办,keyword
NuFjU4h9,Tottori-han,鸟取藩,short_title
lVx3gqqL,Tottori,鸟取,short_title
LUMqVU9O,Sendai-han,仙台藩,keyword
fKx72A6I,Sendai,仙台,keyword
nEkrt7ID,Fukushima-han,福岛藩,short_title
9vBSHbyz,Fukushima,福岛,short_title
rGZyKAhx,Hirosaki-han,弘前藩,keyword
xU6k7DMZ,Hirosaki,弘前,keyword
Utg0dgbV,Morioka-han,盛冈藩,keyword
lOrWIIfh,Morioka,盛冈,keyword
742AdeFJ,Mito-han,水户藩,keyword
WhlNAwBH,Mito,水户,keyword
qFVVTsug,Jozai-han,请西藩,short_title
3HM2LZLz,Jozai,定在,short_title
bWjqvgLb,Nagaoka-han,长冈藩,keyword
9iMMapjE,Nagaoka,长冈,keyword
0QhvafT9,Kubota-han,久保田藩,keyword
ijCa8pDo,Kubota,久保田,keyword
97tn9Agd,Fukui-han,福井藩,keyword
Hwgq2oHf,Fukui,福井,keyword
4c5OF6TQ,Obama-han,小滨藩,short_title
QqEJybge,Obama,小浜,short_title
OHqGIRhL,Tokugawa Bakufu,德川幕府,keyword
nAUwT8JG,Tokugawa,德川,keyword
sWnHr5q5,Ouetsu Reppan Dōmei,奥羽越列藩同盟,keyword
r3wkuN0u,Ou Reppan Domei,欧·雷潘·多梅,short_title
8kilNkSs,Shonai-han,庄内藩,keyword
ASyaMblp,Shonai,庄内,keyword
J3WAJxu3,Himeji-han,姬路藩,short_title
AZkHq9Al,Himeji,姬路,short_title
hdkeGb7H,Iyo Matsuyama-han,伊予松山藩,keyword
nJmwT7OT,Iyo Matsuyama,伊予松山,keyword
RTJJQ1N4,Hikone-han,彦根藩,keyword
hMz5eeje,Hikone,彦根,keyword
lqGGI5WL,Kishu-han,纪州藩,keyword
4cnmTBU0,Kishu,纪州,keyword
V9HoIoLf,Kuwana-han,桑名藩,keyword
PGOSBt3d,Kuwana,桑名,keyword
ueioOrlR,Owari-han,尾张藩,keyword
0PavuhnS,Owari,尾张,keyword
NE0beHdI,Tsu-han,津藩,keyword
NBk1hBZz,Tsu,津,keyword
bVqyvzea,Kaga-han,加贺藩,short_title
qD1vg0RF,Kaga,加贺,short_title
PaA2zlKr,Hiroshima-han,广岛藩,keyword
KolhtpUd,Hiroshima,广岛,keyword
F4UZiV7f,Matsue-han,松江藩,keyword
LE5jbPP4,Matsue,松江,keyword
HanChosh,Choshu-han,长州藩,keyword
ShoChosh,Choshu,长州,keyword
1kGV1kZG,Ozu-han,大洲藩,short_title
2TWnRnkw,Ōzu,大津,short_title
aUUSaL8k,Uwajima-han,宇和岛藩,keyword
44ThIRyK,Uwajima,宇和岛,keyword
A0igf4ST,TODO,待办,keyword
pWLiqObw,Tosa-han,土佐藩,keyword
do4c1Wld,Tosa,土佐,keyword
IyoVqTuy,Tokushima-han,德岛藩,short_title
YhbInKsq,Tokushima,德岛,short_title
HanSatsu,Satsuma-han,萨摩藩,keyword
ShoSatsu,Satsuma,萨摩,keyword
SatsuSum,"One of the most powerful tozama domains of the late Tokugawa period, the Satsuma Domain commands the southern tip of Kyushu with a proud samurai tradition and an eye toward modern reform. Governed by the Shimazu clan, Satsuma fields a disciplined military bolstered by imported Western firearms and artillery, alongside fiercely loyal retainers hardened by centuries of internal strife and external ambition. Though officially loyal to the shogunate, Satsuma grows increasingly defiant, backing the sonnō jōi movement while quietly forging alliances with other anti-Tokugawa domains. With its strong economy, built on barely legal trade through the Ryukyu Islands, and its modernizing army, the Satsuma-han is poised to play a decisive role in the struggle for Japan's future.",萨摩藩是德川末期最强大的户座藩之一，统治着九州南端，拥有自豪的武士传统和现代改革的目光。萨摩藩由岛津氏族统治，拥有一支纪律严明的军队，由进口的西方火器和火炮支撑，还有经过几个世纪的内乱和对外野心而变得坚强的忠诚的家臣。尽管表面上忠于幕府，萨摩藩却变得越来越目中无人，支持尊王攘夷运动，同时悄悄与其他反德川势力结盟。凭借其强大的经济（建立在琉球群岛几乎不合法的贸易基础上）和现代化的军队，萨摩藩准备在日本未来的斗争中发挥决定性作用。,keyword
KrJolclO,Tenguto no Ran,天狗之乱,short_title
nuOTMFnL,Tenguto,天狗,short_title
16fyo47M,Kokura-han,小仓藩,short_title
0rDc1SBx,Kokura,小仓,short_title
aFBneNkA,Kumamoto-han,熊本藩,keyword
ONWqd9Hd,Kumamoto,熊本,keyword
aiTAusH5,Hitoyoshi-han,人吉藩,short_title
qZ86Dhcd,Hitoyoshi,人吉,short_title
taM0M0u7,Yodo-han,淀藩,short_title
p6llIAZ9,Yodo,淀,short_title
kveCZElo,Kurume-han,久留米藩,short_title
HCBBJbxX,Kurume,久留米,short_title
uIMPOA8l,Saga-han,佐贺藩,keyword
5HSblONo,Saga,佐贺,keyword
4SATjx3b,Fukuoka-han,福冈藩,short_title
7EInH5Hq,Fukuoka,福冈,short_title
V8GrFH4B,Townswoman,町妇,short_title
muu5cofb,Townsman,町人,short_title
fDJnHdgf,Infant,婴儿,short_title
ZsIZM9BT,Child,孩子,short_title
CVBEoYWL,Teenager,青少年,short_title
hLzO6k62,{CURRENT_RYUHA} Keppan,{CURRENT_RYUHA} 血判,short_title
b5pHTyAE,{CURRENT_RYUHA} Mokuroku,{CURRENT_RYUHA} 目録,short_title
uoiisEdD,{CURRENT_RYUHA} Menkyo,{CURRENT_RYUHA} 免许,short_title
fx8DMySW,{CURRENT_RYUHA} Menkyo Kaiden,{CURRENT_RYUHA} 免许皆传,short_title
5fbPC9f9,{CURRENT_RYUHA} Master,{CURRENT_RYUHA} 师范,short_title
wKt2wTeR,American Arms Dealer,美国军火商,short_title
0gC7Hc9h,British Arms Dealer,英国军火商,short_title
i9kP20Nk,Dutch Arms Dealer,荷兰军火商,short_title
Z6TgVLWZ,German Arms Dealer,德国军火商,short_title
VVZEkfyg,French Arms Dealer,法国军火商,short_title
wKt2wTeR,Foreign Arms Dealer,美国军火商,short_title
kRv25I6p,{FIRSTNAME} the Foreign Merchant,{FIRSTNAME} 外国商人,short_title
mrlEvoqd,{FIRSTNAME} the Foreign Mayor,{FIRSTNAME} 外国市长,short_title
123aDYC0,{FIRSTNAME} the Foreign Veteran,{FIRSTNAME} 外国退伍军人,short_title
Mc4JptO8,Cautious imperial merchant,谨慎的帝国商人,keyword
70sJoxsr,{FIRSTNAME} the Vintner,{FIRSTNAME} 酿酒师,short_title
8z2i23JG,Cold imperial merchant,冷酷的帝国商人,keyword
YbKmPFwr,{FIRSTNAME} the Saltpanner,{FIRSTNAME} 盐盘匠,short_title
G8Gs9Jnz,Messianic imperial preacher,弥赛亚帝国传教士,keyword
LcpGR7Qx,Puritan imperial preacher,清教徒帝国传教士,keyword
bZaL4757,Female imperial mystic,女帝国神秘师,keyword
LIUPnJH9,Imperial gruff labor leader,帝国粗暴的劳工领袖,keyword
NqMcUPe0,Imperial outgoing labor leader,帝国即将卸任的劳工领袖,keyword
UNzUhmsZ,Protective imperial male gang leader,护皇宫男帮主,keyword
RXXwuRXp,Ironic imperial gang leader,讽刺帝国帮派头目,keyword
PybHUAiH,Intimidating male imperial gang leader,恐吓男性帝国帮派头目,keyword
N4lGbs2X,Bestial male imperial gang leader,兽性男帝国帮主,keyword
Oqw8LyRt,Female imperial gang leader,女帝国帮主,keyword
3C2X5iI0,Menacing female imperial gang leader,来势汹汹的女帝国帮主,keyword
KI7HzyzG,ou rebellious headman,你叛逆的头领,keyword
SRtabgMr,Morioka Caravan Master,盛冈商队首领,keyword
SRtabgHr,Hirosaki Caravan Master,弘前商队首领,keyword
SRTAbgHr,Akita Caravan Master,秋田商队首领,keyword
ShoAbgHr,Shonai Caravan Master,庄内商队首领,keyword
SenAbgHr,Sendai Caravan Master,仙台商队首领,keyword
YonAbgHr,Yonezawa Caravan Master,米泽商队首领,keyword
OzuAbgHr,Ozu Caravan Master,大洲商队首领,short_title
MatAbgHr,Matsuyama Caravan Master,松山商队首领,keyword
UwaAbgHr,Uwajima Caravan Master,宇和岛商队首领,keyword
TokAbgHr,Tokushima Caravan Master,德岛商队首领,short_title
HikAbgHr,Hikone Caravan Master,彦根商队首领,keyword
KuwAbgHr,Kuwana Caravan Master,桑名商队首领,keyword
KisAbgHr,Kii Caravan Master,纪伊商队首领,keyword
TsuAbgHr,Tsu Caravan Master,津商队首领,keyword
FuKAbgHr,Fukui Caravan Master,福井房车大师,keyword
NaGAbgHr,Nagaoka Caravan Master,长冈商队首领,keyword
KAGAbgHr,Kaga Caravan Master,加贺商队首领,short_title
ObaAbgHr,Obama Caravan Master,小滨商队首领,short_title
JozAbgHr,Jozai Caravan Master,定在商队主人,short_title
OwaAbgHr,Owari Caravan Master,尾张商队首领,keyword
XDVi8uoV,{FIRSTNAME} the Disgraced,{FIRSTNAME} 耻辱者,short_title
pUmLunrp,{FIRSTNAME} the Ishin Shishi,{FIRSTNAME} 维信狮子,short_title
5uZVpNd0,{FIRSTNAME} the Sabaku Shishi,{FIRSTNAME} 萨巴库狮子,short_title
JcWTJKMq,{FIRSTNAME} the Student,{FIRSTNAME} 学生,short_title
AOcIHCZj,{FIRSTNAME} the Curious,{FIRSTNAME} 好奇者,short_title
BjA5mPEr,{FIRSTNAME} the Messenger,{FIRSTNAME} 信使,short_title
KmuAbgHr,Kurume Caravan Master,久留米商队首领,short_title
KaMAbgHr,Kumamoto Caravan Master,熊本商队首领,keyword
HioAbgHr,Hitoyoshi Caravan Master,人吉商队首领,short_title
FuKAbgHr,Fukuoka Caravan Master,福井房车大师,short_title
KoKAbgHr,Kokura Caravan Master,小仓商队首领,short_title
SagAbgHr,Saga Caravan Master,佐贺商队首领,keyword
TenAbgHr,Tenryo Caravan Master,天领商队主人,short_title
HirAbgHr,Hiroshima Caravan Master,广岛商队首领,keyword
TotAbgHr,Tottori Caravan Master,鸟取商队首领,short_title
OkaYbgHr,Okayama Caravan Master,冈山商队首领,keyword
KytYbgHr,Kyoto Caravan Master,京都商队大师,short_title
EdoYbgHr,Edo Caravan Master,江户商队大师,short_title
H7eELtL6,Borrowed Troop,借来的部队,short_title
S9z09MaN,Modern Borrowed Troop,现代借来的部队,short_title
BosArHos,Houshutai,砲術隊,short_title
BosArTai,Taihoutai,炮兵队,short_title
BosArHou,Houheitai,砲兵隊,short_title
BosBaAsh,Bakufu Ashigaru,幕府足轻,keyword
BosBaYaA,Bakufu Yari Ashigaru,幕府枪足轻,keyword
BosBaNaG,Bakufu Naginata Gokenin,幕府薙刀御家人,keyword
BosBaNaH,Bakufu Naginata Hatamoto,旗本幕府薙刀,keyword
BosBaYaG,Bakufu Yari Gokenin,幕府枪御家人,keyword
BosBaSho,Bakufu Shoinban,幕府书院番,keyword
BosBaYuA,Bakufu Yumi Ashigaru,幕府弓足轻,keyword
BosBaDaG,Bakufu Daikyu Gokenin,幕府大弓御家人,keyword
BosBaKos,Bakufu Koshogumi,幕府小姓组,keyword
BosBaTeG,Bakufu Teppo Gokenin,幕府铁炮御家人,keyword
BosBaTeH,Bakufu Teppo Hatamoto,旗本幕府鐵炮,keyword
BosBaKaA,Bakufu Katana Ashigaru,幕府刀足轻,keyword
BosBaOdG,Bakufu Odachi Gokenin,幕府大太刀护院,keyword
BosBaOdG,Bakufu Odachi Hatamoto,幕府大太刀护院,keyword
BosBaDos,Bakufu Doshin,幕府同心,keyword
BosBaMim,Bakufu Mimawari-gumi,幕府见回组,keyword
BosBaMiS,Bakufu Sogekitai,幕府狙击队,keyword
BosBaBeG,Bette Gumi,別手組,short_title
BosBayor,Bakufu Yoriki,幕府与力,keyword
BosBaKob,Kobusho-tai,小普請組,short_title
BosBaHSa,Hohei Sampeitai,步兵三兵队,short_title
BosBaKum,Kumiai Jutai,組頭,short_title
BosBaOzm,Okuzume Jutai,奥詰眾,short_title
BosBaSap,Sappei,三兵队,short_title
BosBaYug,Bakufu Yugekitai,幕府游击队,keyword
BosBaHoh,Bakufu Hoheitai,幕府步兵队,keyword
BosBaKSa,Kihei Sampeitai,骑兵三兵队,short_title
BosBaKei,Keikitai,庆应队,short_title
BosArHoS,Houhei Sampeitai,炮兵三兵队,short_title
BosBaOkG,Okachi-gumi,御庭组,short_title
BosMBTep,Teppotai,铁炮队,short_title
BosMBHoh,Hoheitai,步兵队,keyword
BosMBShH,Shohan-heitai,诸藩兵队,short_title
BosMBShi,Shimpeitai,新兵队,short_title
BosMBBat,Battotai,拔刀队,short_title
BosMBHog,Hoheigumi,步兵组,short_title
BosMBDen,Denshutai,传习队,keyword
BosMBSog,Sogeki-heitai,刺客隊,short_title
BosMBSab,Saberu Kiheitai,奇兵队,keyword
BosMBShK,Shimpei Kiheitai,新奇兵隊,keyword
BosMBDeK,Denshū Kiheitai,伝習隊,keyword
BosMGNoh,Noheitai,農兵隊,short_title
BosMGFuh,Fuheitai,福井隊,short_title
BosNBSui,Suiheitai,碎黑台,short_title
BosNBKai,Kaigun Heitai,海军平队,short_title
BosNBKai,Kaiheitai,海军平队,short_title
BosTBTeg,Tegawari,手替,short_title
BosTBAsh,Ashigaru,足轻,short_title
BosTBYaA,Yari Ashigaru,枪足轻,short_title
BosTBNgA,Nagae Ashigaru,长柄足轻,short_title
BosTBNgK,Nagae Kachisamurai,长柄组,short_title
BosTBKsA,Kachisamurai,武士,short_title
BosTBBaj,Bajosamurai,马上武士,short_title
BosTBUma,Umamawari-gumi,女神十号,short_title
BosTBYuA,Yumi Ashigaru,弓足轻,short_title
BosTBYUK,Daikyu Kachisamurai,大筒组,short_title
BosTBKis,Kishazamurai,志村井,short_title
BosTBTeA,Teppo Ashigaru,铁炮足轻,short_title
BosTBTeK,Teppo Kachisamurai,铁炮组,short_title
BosTBYug,Yugekitai,游击队,keyword
BosTBBat,Batto-gumi,巴托组,short_title
BosTBSak,Sakite-gumi,潘内组,short_title
BosTBHin,Hininban,非人番,short_title
BosTBMea,Meakashi,目明志,short_title
BosTGChu,Chugen,中間,short_title
BosTBDos,Doshin,同心,short_title
BosTBYor,Yoriki,与力,short_title
BosTBKAr,Kata Aratame,片新目,short_title
BosChToS,Togo Shotai,东乡诸队,short_title
BosChHap,Hanpeitai,藩兵隊,short_title
BosChJob,Jobi-heitai,工作兵平队,short_title
BosMCHac,Hachiman-tai,八幡平,short_title
BosMCShu,Shugitai,守護隊,short_title
BosMCEib,Eibutai,埃布茨,short_title
BosMCRik,Rikishitai,力士队,short_title
BosMCYur,Yurikitai,百合队,short_title
BosMCMit,Mitatetai,御立队,short_title
BosMCKoj,Kojotai,古城隊,short_title
BosMCSEI,Seibu-tai,西武队,short_title
BosChShi,Shinbutai,新武台,short_title
BosMCYoc,Yochotai,四长体,short_title
BosChMiK,Minami Kiheitai,南喜平队,keyword
BosChKen,Kenbutai,剑武台,short_title
BosMCGiy,Giyutai,义勇台,short_title
BosMCSot,Sogekitai,草木队,short_title
BosMCKob,Kobutai,小舞台,short_title
BosMCRyo,Ryojotai,良城隊,short_title
BosMCSei,Seieitai,清荣队,short_title
BosMCKan,Kanjotai,勘上队,short_title
BosMCSen,Senpotai,仙波队,short_title
BosChIsi,Ishin-dan,维心坛,short_title
BosChKih,Kiheitai,热或冷,keyword
BosChShi,Choshu Shimpeitai,新武台,keyword
BosChDen,Choshu Denshutai,长州传习队,keyword
BosChGNo,Choshu Noheitai,长州农兵队,keyword
BosChFuh,Choshu Fuheitai,长州步兵队,keyword
BosFuJut,Fukui Jutai,福井铳队,keyword
BosFuHoh,Fukui Hoheitai,福井步兵队,keyword
BosObShi,Shinjutai,新住台,short_title
BosObJut,Obama Jutai,小浜铳队,short_title
BosObKok,Kokitai,不知何故,short_title
BosObJus,Juso-tai,重装队,short_title
BosObJik,Jikkintai,直金隊,short_title
BosObKih,Obama Kiheitai,小浜奇兵隊,keyword
BosObYaT,Obama Yari-tai,小浜枪队,short_title
BosObOse,Obama O-sente,小浜大先手,short_title
BosObUAs,Obama Yumi Ashigaru,小浜弓足轻,short_title
BosObYuT,Obama Yumi-tai,小浜弓队,short_title
BosObTeT,Obama Teppo-tai,小浜铁炮队,short_title
BosObOru,Obama O-rusui,小浜大留守,short_title
BosNaJut,Nagaoka Jutai,长冈铳队,keyword
BosNaJus,Nagaoka Jushitai,长冈铳士队,keyword
BosNaSei,Seiei-tai,正荣队,short_title
BosKaSei,Seiheitai,清平队,short_title
BosKaJut,Kaga Jutai,加贺铳队,short_title
BosKaSan,Sanpeitai,三兵隊,short_title
BosKaJUm,Jutai Umamawari-gumi,馬廻組,short_title
BosKaNoh,Kaga Noheitai,加贺野平队,short_title
BosKaWar,Warabi-tai,蕨队,short_title
BosBiShu,Bishu Shugitai,兵術守護隊,short_title
BosOwKus,Kusanagi-tai,草薙队,short_title
BosOwHob,Hobaku-tai,丰爆队,short_title
BosOwSei,Seigitai,清仪队,short_title
BosOwNoh,Bishu Noheitai,野平队,short_title
BosBiSei,Bishu Seieitai,美术科学队,short_title
BosOgTep,Ogaki Teppotai,大垣铁炮队,keyword
BosOgHoh,Ogaki Hoheitai,大垣步兵队,keyword
BosOgKen,Kenyotai,健勇隊,short_title
BosTtKan,Kangekitai,倉敷隊,short_title
BosTtMat,Matsunamitai,松浪平,keyword
BosTtYam,Yamagunitai,山国队,short_title
BosHiHan,Hiroshima Hanpeitai,广岛藩兵队,keyword
BosHiShu,Shugotai,守吾体,short_title
BosHiShi,Shinsokutai,新总队,short_title
BosHiSoy,Soyutai,宗祐隊,short_title
BosHiKog,Kogekitai,工艺队,short_title
BosHiShk,Shinkitai,新喜隊,short_title
BosHiOki,Okitai,沖隊,short_title
BosHiHak,Hakkitai,白旗队,short_title
BosHiSih,Shihotai,志保隊,short_title
BosHiMei,Meigitai,明义队,short_title
BosHiKyo,Kyowatai,協和隊,short_title
BosHiTok,Tokotai,東科隊,short_title
BosHiIss,Isshintai,一心体,short_title
BosHiKen,Kenrikitai,健力队,short_title
BosOkYuk,Yukitai,行隊,short_title
BosOkDen,Dengekitai,电击队,short_title
BosOkSei,Okayama Seieitai,冈山精锐队,keyword
BosJoYob,Jozai Yobitai,夜討隊,short_title
BosJoJob,Jozai Jobitai,定在预备队,short_title
BosJoYug,Jozai Yugekitai,庄内游击队,keyword
BosMiDai,Daihatsuzei,大发税,keyword
BosMiTen,Ten'yutai,天佑台,short_title
BosMiShi,Shineitai,親衛隊,short_title
BosMiSho,Shoseitai,正正队,short_title
BosMiShN,Shiseitai,至誠隊,short_title
BosHiAsh,Akazonae Ashigaru,赤备足轻,short_title
BosHiYaA,Akazonae Yari Ashigaru,赤备枪足轻,short_title
BosHiNgA,Akazonae Nagae Ashigaru,赤备长柄足轻,short_title
BosHiNgK,Akazonae Nagae Kachisamurai,赤穂長柄組,short_title
BosHiKsA,Akazonae Kachisamurai,赤穂組,short_title
BosHiBaj,Akazonae Bajosamurai,赤备马上武士,short_title
BosHiUma,Akazonae Umamawari-gumi,赤园马割组,short_title
BosHiAka,Akaoni,赤鬼,short_title
BosHiYuA,Akazonae Yumi Ashigaru,赤备弓足轻,short_title
BosHiYUK,Akazonae Yumi Kachisamurai,赤宗弓組,short_title
BosHiKis,Akazonae Kishazamurai,气社村赤宗苗,short_title
BosHiTeA,Akazonae Teppo Ashigaru,赤备铁炮足轻,short_title
BosHiTeK,Akazonae Teppo Kachisamurai,赤宗铁炮組,short_title
BosHiYug,Akazonae Yugekitai,赤备游击队,keyword
BosHiBat,Akazonae Batto-gumi,赤宗苗组,short_title
BosHiSak,Akazonae Sakite-gumi,赤备先手组,short_title
BosKuChi,Chijintai,知人隊,short_title
BosKuShi,Shinputai,新风台,short_title
BosKuRai,Raijintai,雷神台,short_title
BosKiKot,Kotai-heitai,奇兵隊,short_title
BosKiYob,Yobi-heitai,预备兵队,short_title
BosKiYoH,Yobi-houheitai,後備兵隊,short_title
BosKiJob,Jobi-heitai,工作兵平队,short_title
BosKiJoH,Jobi-houheitai,後備隊,short_title
BosKiJoK,Jobi Kiheitai,奇兵隊,keyword
BosKiHok,Hoketsu-heitai,法结平队,keyword
BosTsAsh,Tsu Ashigaru,津足轻,keyword
BosTsYaA,Tsu Yari Ashigaru,津枪足轻,keyword
BosTsMan,Mannaka-gumi,万中组,short_title
BosTsSeM,Senei Mannaka-gumi,塞内万中组,short_title
BosTsMus,Musokunin Jutai,无足人十太,short_title
BosTsAsJ,Ashigaru Jutai,足轻铳队,short_title
BosTsBuJ,Bushi Jutai,武士隊,short_title
BosTsSap,Tsu Sappei,津萨平,keyword
BosIROku,Itto-ryu Keppan,一刀流血判,short_title
BosIRMok,Itto-ryu Mokuroku,一刀流目録,short_title
BosIRMen,Itto-ryu Menkyo,一刀流免许,short_title
BoHIRSho,Hokushin Itto-ryu Shoden,北信一流商店,short_title
BoHIRChu,Hokushin Itto-ryu Chuden,北辰一刀流中传,short_title
BoHIROku,Hokushin Itto-ryu Okuden,北辰一刀流奥传,short_title
BoShROku,Shinkage-ryu Reiken,新阴流灵剑,short_title
BoShRMok,Shinkage-ryu Mokuroku,新阴流目録,short_title
BoShRMen,Shinkage-ryu Menkyo,新阴流免许,short_title
BoJiROku,Jigen-ryu Keppan,示现流血判,short_title
BoJiRMok,Jigen-ryu Mokuroku,示现流目録,short_title
BoJiRMen,Jigen-ryu Menkyo,示现流免许,short_title
BoHoROku,Hozoin-ryu Keppan,宝藏院流血判,short_title
BoHoRMok,Hozoin-ryu Mokuroku,宝藏院流目録,short_title
BoHoRMen,Hozoin-ryu Menkyo,宝藏院流免许,short_title
BoTnROku,Tanegashima-ryu Keppan,种子岛流 血判,short_title
BoTnRMok,Tanegashima-ryu Mokuroku,种子岛流目録,short_title
BoTnRMen,Tanegashima-ryu Menkyo,种子岛流免许,short_title
BoTkROku,Takashima-ryu Keppan,高岛流 血判,short_title
BoTkRMok,Takashima-ryu Hoheitai,高岛流步兵队,keyword
BoTkRMen,Takashima-ryu Houheitai,高岛流丰平队,short_title
BosHROku,Heki-ryu Keppan,日置流血判,short_title
BosHRMok,Heki-ryu Mokuroku,日置流目録,short_title
BosHRMen,Heki-ryu Menkyo,日置流免许,short_title
BoShROku,Shinto Munen-ryu Keppan,新阴流灵剑,short_title
BoShRMok,Shinto Munen-ryu Mokuroku,新阴流目録,short_title
BoShRMen,Shinto Munen-ryu Menkyo,新阴流免许,short_title
BoOgROku,Ogasawara-ryu Keppan,小笠原流血判,short_title
BoOgRMok,Ogasawara-ryu Mokuroku,小笠原流目録,short_title
BoOgRMen,Ogasawara-ryu Menkyo,小笠原流免许,short_title
BoHoROku,Hoki-ryu Keppan,宝藏院流血判,short_title
BoHoRMok,Hoki-ryu Mokuroku,宝藏院流目録,short_title
BoHoRMen,Hoki-ryu Menkyo,宝藏院流免许,short_title
BoSyROku,Shingyoto-ryu Keppan,心形刀流 血判,short_title
BoSyRMok,Shingyoto-ryu Mokuroku,心形刀流目録,short_title
BoSyRMen,Shingyoto-ryu Menkyo,心形刀流免许,short_title
BoOsROku,Oshima-ryu Keppan,大岛流血判,short_title
BoOsRMok,Oshima-ryu Mokuroku,大岛流目録,short_title
BoOsRMen,Oshima-ryu Menkyo,大岛流免许,short_title
BoTaROku,Tamiya-ryu Keppan,田宫流血判,short_title
BoTaRMok,Tamiya-ryu Mokuroku,田宫流目録,short_title
BoTaRMen,Tamiya-ryu Menkyo,田宫流免许,short_title
BoMrROku,Moriuchi-ryu Keppan,森内流血判,keyword
BoMrRMok,Moriuchi-ryu Mokuroku,森内流目録,keyword
BoMrRMen,Moriuchi-ryu Menkyo,森内流免许,keyword
BoOwROku,Owari Kan-ryu Keppan,尾张宽流血判,keyword
BoOwRMok,Owari Kan-ryu Mokuroku,尾张观流目録,keyword
BoOwRMen,Owari Kan-ryu Menkyo,尾张勘流免许,keyword
BossROku,Shinshin-ryu Keppan,神心流 血判,short_title
BossRMok,Shinshin-ryu Mokuroku,神心流目録,short_title
BossRMen,Shinshin-ryu Menkyo,神心流免许,short_title
BoTsROku,Tatsumi-ryu Keppan,辰巳流血判,keyword
BoTsRMok,Tatsumi-ryu Mokuroku,辰巳流目録,keyword
BoTsRMen,Tatsumi-ryu Menkyo,辰巳流免许,keyword
BoTRROku,Tennen Rishin-ryu Keppan,天然理心流血判,short_title
BoTRRMok,Tennen Rishin-ryu Mokuroku,天然理心流目録,short_title
BoTRRMen,Tennen Rishin-ryu Menkyo,天然理心流免许,short_title
BoNaROku,Nanbu-ryu Keppan,南部流流板,keyword
BoNaRMok,Nanbu-ryu Mokuroku,南部流目録,keyword
BoNaRMen,Nanbu-ryu Menkyo,南部流免许,keyword
BoKMROku,Kyosin Meiichi-ryu Keppan,共进明一流血判,keyword
BoKMRMok,Kyosin Meiichi-ryu Mokuroku,共进明一流目録,keyword
BoKMRMen,Kyosin Meiichi-ryu Menkyo,协进明一流免许,keyword
BosKuShi,Shingekitai,新风台,short_title
BosKuOhe,Ohentai,王变队,short_title
BosKuTsu,Tsuji Ichizaemon-tai,辻氏左卫门队,keyword
BosKuShC,Shichisho-tai,七将队,short_title
BosHiYam,Yamaga-tai,山形队,short_title
BosHiYaH,Yamaga Heitai,山鹿平太,short_title
BosHiEis,Hitoyoshi Einshiki-tai,人吉永印队,short_title
BosHiRan,Hitoyoshi Ranshiki-tai,人吉蘭式隊,short_title
BosFuYuk,Yukantai,湯灌隊,short_title
BosFuYuJ,Yugeki-jutai,游击铳队,short_title
BosFuShu,Fukuoka Shugitai,福冈修义队,short_title
BosKoNoh,Nohei Gozutsutai,野平五筒队,keyword
BosKoSek,Kokura Sekishintai,小仓关信太,short_title
BosKoIkk,Ikkantai,一干隊,short_title
BosKoFun,Funbutai,奮武隊,short_title
BosSaHSo,Heisotsu-tai,平松队,keyword
BosSaJSo,Jusotsu-tai,十三津队,keyword
BosSaShn,Shinentai,神念体,short_title
BosSaHSh,Heishi-tai,黑石台,short_title
BosSaJSh,Jushi-tai,銃士隊,short_title
BosSaYuh,Yuheitai,遊兵隊,short_title
BosSaAHS,Houheisotsu-tai,丰平曹太,keyword
BosSaAHh,Houheishi-tai,砲兵隊,short_title
BosSaHos,Houseitai,奉仕队,short_title
BosSaToj,Tojotai,豊田隊,short_title
BosSaSui,Suiguntai,水军队,short_title
BosSaShy,Shiryotai,志良队,short_title
BosSaShu,Shojutai,松樹隊,short_title
BosSaYug,Yugekitai,游击队,keyword
BosStShi,Satsuma Shimpeitai,萨摩新平队,keyword
BosStDen,Satsuma Denshutai,萨摩传习队,keyword
BosSaHeg,Heigukata-tai,平形方队,short_title
BosSaBan,Banheitai,番所,short_title
BosRoBas,Ronin,浪人,short_title
BosRoKat,Jozu-na Ronin,上田浪人,short_title
BosRoYum,Yumi Ronin,弓浪人,short_title
BosRoTep,Teppo Ronin,鐵砲浪人,short_title
BosShinR,Mibu Roshigumi,壬生浪士组,short_title
BosShins,Shinsengumi,新选组,keyword
BosShinK,Koyo Chinbutai,红叶队,short_title
BosBaTSo,Shogitai,松吉隊,short_title
BosBaKSo,Shogitai Kosan,彰义队小头,short_title
BosBuKSo,Shogitai Kumigashira,彰义队组头,short_title
BosKoWak,Wakashu,若州,short_title
BosKoYoj,Kyodai,共隊,short_title
BosKoYoj,Yojimbo,共隊,short_title
BosAiJot,Joshitai,城代,short_title
BosAiJog,Joshigun,女子军,short_title
BosShicR,Roshigumi,浪组,short_title
BosShinc,Shinchogumi,新徴組,short_title
BosShicG,Shinchogumi Gocho,新徴組五丁,short_title
BosKaSui,Kameyama Suiheitai,龟山水平队,short_title
BosKaGoH,Kameyama Goei Heitai,龟山护荣兵队,short_title
BosKaeei,Kaientai Seieitai,海援队精锐队,short_title
BosTeToG,Totsukawa Goshi,十津川乡士,keyword
BosTeYaT,Tenchugumi Yari-tai,天忠组枪队,short_title
BosTeGeT,Tenchugumi Geberu-tai,天忠组恩菲尔德步枪队,short_title
BosShish,Shishi,詩詩,short_title
BosIshSh,Ishin Shishi,石州詩詩,short_title
BosTepSh,Teppo Shishi,鐵砲獅子,short_title
BosHitok,Hitokiri,人斩,short_title
BosToKoe,Koeitai,土佐队,short_title
BosToChu,Chueitai,垂井队,short_title
BosToZen,Zeneitai,善英队,short_title
BosToKis,Kiseitai,纪州队,short_title
BosToJin,Jinshotai,迅冲队,keyword
BosMTKoc,Kochotai,甲州队,short_title
BosMGMim,Mimpeitai,御兵隊,short_title
BosMGFuH,Tosa Fuheitai,土佐步兵队,keyword
BosMOGeb,Geberu-tai,盖贝尔队,short_title
BosMOShi,Shinsentai,新选队,short_title
BosMOHok,Hokukutai,北九州队,short_title
BosMOGun,Gunchutai,军中队,short_title
BosMMGoA,Go Ashigaru-tai,刚勇足轻队,short_title
BosMMShi,Shinseitai,新选组,short_title
BosMURan,Uwajima Ranshiki-tai,宇和岛兰式队,keyword
BosMUEis,Uwajima Eishiki-tai,宇和岛英式队,keyword
BosTkSen,Senshitai,森氏队,short_title
BosTkJus,Tokushima Jusotsutai,德岛十三队,keyword
BosTkSek,Tokushima Sekishintai,德岛,short_title
BosMoHot,Hotsukitai,热血队,keyword
BosMoChi,Chigitai,稚义队,short_title
BosMoTen,Tenshotai,天将队,short_title
BosMoAsh,Morioka Ashigaru,盛冈足轻,keyword
BosMoYaA,Morioka Yari Ashigaru,盛冈枪足轻,keyword
BosMoTeA,Morioka Teppo Ashigaru,盛冈铁炮足轻,keyword
BosTMFus,Fusetsutai,风雪队,keyword
BosTMSei,Seibutai,西武队,short_title
BosMoUja,Ujatai,宇治队,short_title
BosMoEnz,Enzantai,圆山队,short_title
BosMoTor,Toryotai,鸟取队,short_title
BosAkAsh,Akita Ashigaru,秋田足轻,keyword
BosAkYaA,Akita Yari Ashigaru,秋田枪足轻,keyword
BosAkNgA,Akita Nagae Ashigaru,秋田长柄足轻,keyword
BosAkNgK,Akita Nagae Kachisamurai,秋田長柄組,keyword
BosAkKsA,Akita Kachisamurai,秋田組,keyword
BosAkBaj,Akita Bajosamurai,秋田马上武士,keyword
BosAkUma,Akita Umamawari-gumi,秋田馬廻組,keyword
BosAkYuA,Akita Yumi Ashigaru,秋田弓足轻,keyword
BosAkYUK,Akita Daikyu Kachisamurai,秋田大筒組,keyword
BosAkKis,Akita Kishazamurai,秋田骑射武士,keyword
BosAkTeA,Akita Teppo Ashigaru,秋田铁炮足轻,keyword
BosAkTeK,Akita Teppo Kachisamurai,秋田铁炮組,keyword
BosAkYug,Akita Yugekitai,秋田游击队,keyword
BosAkBat,Akita Batto-gumi,秋田拔刀组,keyword
BosAkSak,Akita Sakite-gumi,秋田小拔刀组,keyword
BosAkYus,Yushitai,与力组,short_title
BosAkHoh,Akita Hoheitai,秋田步兵队,keyword
BosAkRyo,Ryofutai,良风队,short_title
BosMSMik,Mikunidai,三国队,short_title
BosMSGob,Gobuto-tai,后备队,short_title
BosMSBet,Bettetai,别队,short_title
BosSeGak,Gakuheitai,学兵队,short_title
BosSeGaH,Houhei Gakuheitai,丰兵学兵队,short_title
BosMSHik,Hikotai,彦队,short_title
BosSeAsh,Sendai Ashigaru,仙台足轻,keyword
BosSeTeA,Sendai Teppo Ashigaru,仙台铁炮足轻,keyword
BosSeTeK,Sendai Teppo Kachisamurai,仙台铁炮組,keyword
BosSeYug,Sendai Yugekitai,仙台游击队,keyword
BosSeKar,Karasugumi,乌组,short_title
BosAiAsh,Aizu Ashigaru,会津足轻,keyword
BosAiBat,Aizu Batto-gumi,会津拔刀组,keyword
BosAiBes,Betsusen-gumi,别选组,keyword
BosAiBya,Byakkotai,白虎队,short_title
BosAiSuz,Suzakutai,朱雀队,short_title
BosAiSei,Seiryutai,青龙队,short_title
BosAiGen,Genbutai,玄武队,short_title
BosAiSog,Sogekitai,草木队,short_title
BosAiRyo,Ryoshitai,良士队,short_title
BosAiYug,Yuguntai,游击队,short_title
BosAiChi,Chikujotai,竹上队,short_title
BosYoAsh,Yonezawa Ashigaru,米泽足轻,keyword
BosYoYaA,Yonezawa Yari Ashigaru,米泽枪足轻,keyword
BosYoNgA,Yonezawa Nagae Ashigaru,米泽长柄足轻,keyword
BosTYYYG,Yoita Yari-gumi,枪组,short_title
BosYoKsA,Yonezawa Kachisamurai,米泽組,keyword
BosYoBaj,Yonezawa Bajosamurai,米泽马上武士,keyword
BosTYOUG,O-umamawari Gumi,大马回组,short_title
BosYoTeA,Yonezawa Teppo Ashigaru,米泽铁炮足轻,keyword
BosTYWaj,Wajutai,和组,short_title
BosTYYTG,Yoita Teppo-gumi,铁炮组,short_title
BosYoBat,Yonezawa Batto-gumi,米泽拔刀组,keyword
BosTYGJG,Gojuki Gumi,刚柔组,short_title
BosMYGos,Goshitai,五士队,short_title
BosMYSai,Saimin-tai,宰民队,short_title
BosShKij,Kijotai,奇兵队,short_title
BosShSak,Sakuho-tai,作兵队,short_title
BosShKij,Kijutai,奇兵队,short_title
qKrU4BRJ,Historic Events Enabled,启用历史事件,short_title
sJ1xR4zT,Campaign Settings,活动设置,short_title
AjRtENgA,Caste System Enabled,阶级制度启用,short_title
qKRbaBRJ,Historic Reforms Enabled,历史性改革得以实现,short_title
sJ1xR4Re,Troop Reforms,部队改革,short_title
8PbRebra,Policy-Based Reforms Enabled,启用基于政策的改革,short_title
DRjQ1n2A,Enemy Field Artillery,敌方野战炮兵,short_title
ba3UDOwE,Custom Battle Artillery,定制战斗火炮,short_title
JfbOZpGm,Naval Cannon Count,海军炮数,short_title
8jeB1kJw,Napoleon Gun Count,拿破仑枪数,short_title
cmWS5kj7,La Hitte Count,拉希特伯爵,short_title
wEaKtz60,Armstrong Gun Count,阿姆斯特朗枪支计数,short_title
LKjXuOmK,Gatling Gun Count,加特林机枪数量,short_title
Na81xuXn,{KEY} Reload {AMMO},{KEY} 重新加载 {AMMO},short_title
bNYm3K6b,{KEY} Pick Up {AMMO},{KEY} 接听 {AMMO},short_title
fEQAPJ2e,{KEY} Use,{KEY} 使用,short_title
U53M9Arm,RBL 12-Pounder 8 CWT Armstrong Gun\nUsing {AMMO},RBL 12磅8英担阿姆斯特朗炮 使用 {AMMO},short_title
Na81xuXn,{KEY} Reload,{KEY} 重新加载 {AMMO},short_title
bNYm3K6b,{KEY} Pick Up,{KEY} 接听 {AMMO},short_title
U53M9Gat,Model 1865 Gatling Gun,1865 型加特林机枪,short_title
U53M9G9N,M1857 12-Pounder Napoleon\nUsing {AMMO},M1857 12 磅拿破仑 使用 {AMMO},short_title
ChFWBhL0,The First Choshu Expedition Ends,第一次长州远征结束,keyword
zLSSZFCh,First Choshu Expedition Ends,第一次长州远征结束,keyword
ChSWBhL0,The First Choshu Expedition Fails,第一次长州远征失败,keyword
zLSSZSCh,First Choshu Expedition Fails,第一次长州远征失败,keyword
KilWBhL0,The Kinmon Incident,禁门之变,short_title
zLSSZOKi,Kinmon Incident,禁门之变,short_title
GeFWBhL0,End of the Kosanji Uprising,耕三寺起义结束,short_title
zLSSZFKo,End of the Kosanji Uprising,耕三寺起义结束,short_title
KosWBhL0,The Kosanji Uprising,耕三寺起义,short_title
zLSSZGKo,Kosanji Uprising,耕三寺起义,short_title
GeSWBhL0,The Kosanji Uprising Succeeds,耕三寺起义成功,short_title
zLSSZSKo,Kosanji Uprising Succeeds,耕三寺起义成功,short_title
MiFWBhL0,End of the Tengu-to Rebellion,天狗叛乱的结束,keyword
zLSSZFMi,End of the Tengu-to Rebellion,天狗叛乱的结束,keyword
MiSWBhL0,The Tengu-to Rebellion Succeeds,天狗叛乱成功,keyword
zLSSZSMi,Tengu-to Rebellion Succeeds,天狗叛乱成功,keyword
NeEmBhL0,The End of an Era,一个时代的终结,short_title
zLSSNeEm,End of an Era,一个时代的结束,short_title
neSWBhL0,A New Shogun Ascends,新将军登基,keyword
zLSSZNSh,New Shogun,新将军,keyword
NeEmSatc,The Satcho Alliance,萨乔联盟,keyword
zLSSSatc,Satcho Alliance,佐藤联盟,keyword
CHFWBhL0,The Second Choshu Expedition Ends,第二次长州远征结束,keyword
zLSSZFCH,Second Choshu Expedition Ends,第二次长州远征结束,keyword
SChWBhL0,The Second Choshu Expedition,第二次长州远征,keyword
zLSSSeCh,Second Choshu Expedition,第二次长州远征,keyword
CHSWBhL0,The Second Choshu Expedition Fails,第二次长州远征失败,keyword
zLSSZSCH,Second Choshu Expedition Fails,第二次长州远征失败,keyword
TaHokans,Restoration of Imperial Rule,恢复帝国统治,keyword
TobFuhL0,The Battle of Toba-Fushimi,鸟羽伏见之战,short_title
BaTobFus,Battle of Toba-Fushimi,鸟羽伏见之战,short_title
D2pz95Cj,"The First Choshu Expedition has ended with a whimper, rather than a roar. Under the leadership of Saigo Takamori, a light punishment has been enforced, and several retainers of Choshu have committed seppuku to apologize for the Kinmon Incident.",第一次长州远征是在一声呜咽中结束的，而不是一声咆哮。在西乡隆盛的带领下，实行了轻刑，多名长州家臣纷纷切腹，为禁门之变道歉。,keyword
D2pZ95Cj,"Choshu has forced back the Shogunate forces, showing the weakness of the Shogunate more clearly than ever before.",长州将幕府势力逼退，幕府的弱点比以往任何时候都更加明显。,keyword
D2pz9Kin,"Choshu's assault on Kyoto has ended in defeat. Repelled at the Forbidden Gates, the domain is now condemned as a rebel force. With imperial approval secured, the Shogunate has called its allied domains to arms and begun a grand punitive campaign. If they crush Choshu's remaining resistance, the Bakufu's authority will be restored across Japan.",长州进攻京都以失败告终。该藩在禁门被击退，现在被谴责为叛军。在获得天皇批准后，幕府已号召其盟国武装起来，并开始了一场大规模的惩罚性战役。如果他们粉碎了长州剩余的抵抗，幕府的权威将在日本各地恢复。,keyword
zLSSZFGe,"The Genji loyalists have been crushed, and the Shogunate’s authority stands unshaken. The reformist leaders have been executed or driven into hiding, while the conservative factions reassert their dominance in Choshu. Any hope of Choshu once again opposing the Shogunate is gone.",源氏的忠诚者已被镇压，幕府的权威丝毫没有动摇。改革派领导人要么被处决，要么被迫躲藏起来，而保守派则重新确立了他们在长州的统治地位。长州再次反抗幕府的希望已经破灭。,keyword
D2pz9Kos,"The Seigi-ha have risen up at Kosanji Temple, challenging the conservative faction in Choshu, who have been cracking down on the radicals ever since the domain's loss in the First Choshu Expedition.",清仪派在高山寺崛起，挑战长州的保守派，自第一次长州远征以来，长州的保守派一直在镇压激进分子。,keyword
D2Pz95KG,"The Kosanji rebels have prevailed, and Choshu will once again reject the Shogunate’s authority. The conservatives have all been purged or cast aside, and the sonno joi have once again taken power in Choshu.",耕三寺叛军取得了胜利，长州将再次拒绝幕府的权威。保守派全部被清洗或被抛弃，尊王党再次在长州掌权。,keyword
D2pz95Mj,"The Tengu-to Rebels have failed, and the Shogunate will remain open to foreigners. The ringleaders have been executed or forced to commit seppuku, and the Conservatives shall rule in Mito.",天狗岛叛军失败了，幕府仍将向外国人开放。头目已被处决或被迫切腹，保守党将统治水户。,keyword
D2Pz95Mj,"The Tengu-to Rebels have won out. While the Shogunate remains open to foreigners, Mito has unified around the Sonno-joi.",天狗岛叛军取得了胜利。虽然幕府仍然对外国人开放，但水户已经统一在尊王攘夷周围。,keyword
D2pzNeTe,It is hereby announced that His Majesty has passed from this life and joined the Imperial Ancestors. The Heir Apparent has now assumed the Throne. All domains and officials shall observe mourning and maintain order.,特此宣布陛下已圆寂，归入太祖。法定继承人现已登上王位。各藩、各官员应当默哀，维持秩序。,keyword
D2pzNeSh,"On the 29th day of the 8th month, the Shōgun, {oldShogun}, passed away at Osaka Castle. By solemn decree of the Bakufu, a mourning period has been declared, and military operations are paused to honor his memory. His successor, {newShogun}, has been named, with authority confirmed by senior officials.",八月二十九日，将军{oldShogun}在大阪城去世。根据幕府的幕府法令，宣布哀悼期，并暂停军事行动以纪念他。他的继任者 {newShogun} 已被任命，并得到了高级官员的确认。,keyword
D2pZ9Ref,"The {Reform} have begun, as various domains have begun refining their militaries once more into a more modern form.",{Reform} 已经开始，各藩再次着手将军队整编为更加现代化的形态。,keyword
SatzNeTe,"By mutual resolve, the leaders of Satsuma and Choshu have entered into a secret pact to unite their strength in service of restoring Imperial authority. From this day forward, both domains stand as one in purpose against the rule of the shogunate.",通过共同的决心，萨摩和长州的领导人达成了一项秘密协议，以联合他们的力量来恢复帝国的权威。从今天起，这两个藩将成为一体，共同反对幕府的统治。,keyword
D2pz9hCj,"The Second Choshu Expedition has ended with the success of the Bakufu. Choshu has been thoroughly crushed, never to rise again, and the Bakufu has shown to the world that it is not weak.",第二次长州远征随着幕府的胜利而结束。长州已被彻底击垮，再也无法崛起，而幕府向世人表明了它的不弱。,keyword
D2pzSeCh,"The Shogunate has formally declared a second punitive expedition against the Choshu domain, ordering its allied forces to advance at once in response to Choshu's continued defiance and failure to comply with shogunal commands.",幕府正式宣布对长州藩进行第二次讨伐，命令其联军立即进军，以回应长州的持续蔑视和不遵守幕府命令。,keyword
D2pZ9HCj,"Despite being outnumbered, Choshu has achieved a crushing victory against the forces of the Bakufu. Their modern infantry has proven superior over the half-hearted reforms of the Bakufu. The Shogunate is weak, and the wolves have begun to gather.",尽管寡不敌众，长州还是取得了对幕府军队的压倒性胜利。事实证明，他们的现代步兵优于幕府半心半意的改革。幕府衰弱，狼群开始聚集。,keyword
TaiHokan,"It is hereby proclaimed that the administration of the realm has been respectfully returned to the Imperial Throne. The Shogun, having fulfilled his charge, has retired from his offices. Henceforth, all affairs of state shall proceed under the direct and august authority of His Majesty.",特此宣布，国家行政权已重新归还给帝国王座。幕府将军完成了他的职责后，已经从办公室退休了。从此以后，所有国家事务都将在国王陛下的直接和威严的权力下进行。,keyword
D2pzToFu,"Battle has ignited at Toba–Fushimi between newly declared Imperial troops and the Shogunate. The peace is broken, and both sides call upon their allies. All domains will be expected to declare their stance.",新宣布的帝国军队与幕府之间的战斗在鸟羽伏见爆发。和平被打破，双方都呼吁盟友。所有藩都应声明其立场。,keyword
oiIiCvRk,Foreign Imports,国外进口,short_title
RffNLf7H,Clans lose 1 influence per day{newline}Tax income in settlements are increased by 15%{newline}Each notable yields -.15 influence per day to the settlement's owner clan,部落每天失去 1 点影响力{newline}定居点的税收收入增加 15%{newline}每个显着收益每天对定居点所有者部落产生 -.15 影响力,keyword
ChSThwR8,Choshu Seigi-ha,长州清仪派,keyword
HaSThwR8,Seigi-ha,清仪派,short_title
X5POXw6x,"I was wondering when I would find you, {PLAYER.NAME}. Chōshū moves, and yet somehow you are always close to the fault lines when things begin to break. Convenient... or intentional, I wonder. I am {LORD.NAME}.[if:convo_grave][ib:aggressive]",我想知道什么时候能找到你，{PLAYER.NAME}。长州在移动，但不知何故，当事情开始破裂时，你总是接近断层线。我想知道是方便……还是故意的。我是 {LORD.NAME}.[if:convo_grave][ib:aggressive],keyword
xufs0Oon,"You have heard of the Zokuron-ha, no doubt. Men who no longer serve our lord, but instead interpret his will until it no longer resembles his own. It is a quieter coup than steel in the night, but no less real.{newline}{newline}Chōshū cannot afford to be governed by shadows wearing official seals. So I have begun what some will call an uprising, but is in truth an attempt to save our lord.{newline}{newline}I am not here to beg you, {PLAYER.NAME}. I am here because {?PLAYER.GENDER}women{?}men{\\?} like you do not stand safely on the fence forever. You either act while there is still something worth acting for... or you watch it rot past saving.[if:grave][ib:warrior]",毫无疑问，你听说过 Zokuron-ha。这些人不再侍奉我们的主，而是解释他的意志，直到它不再像他自己的意志。这是比夜里的钢铁更安静的政变，但同样真实。{newline}{newline}长州不能被戴着官方印章的阴影所统治。所以我开始了一些人所说的起义，但实际上是为了拯救我们的领主。{newline}{newline}我不是来这里求你的，{PLAYER.NAME}。我来这里是因为 {?PLAYER.GENDER}women{?}men{\\?} 像你一样不会永远安全地站在栅栏上。你要么在仍有值得为之行动的事情时行动……要么眼睁睁地看着它腐烂而无法挽救。[if:grave][ib:warrior],keyword
zG2Zxinf,"Good. I did not misjudge you, {PLAYER.NAME}. Chōshū will need men who act, not hesitate.",好的。我没有误判你，{PLAYER.NAME}。长州需要毫不犹豫地行动的人。,keyword
OHqGIBaT,Tokugawa-han,德川藩,keyword
BaTratLD,Loyalty represents your personal loyalty to either the Shogun or Emperor.,忠诚度代表您对幕府将军或天皇的个人忠诚度。,keyword
i0vsNdvr,You have entered into the {CASTE} class,您已进入 {CASTE} 班级,short_title
sveZAtqO,You have been granted the {RIGHT},您已被授予 {RIGHT},short_title
Nw28Bf60,You have lost the {RIGHT},您丢失了 {RIGHT},short_title
A1b2C3d4,{PROPER_NAME}-dono,{PROPER_NAME}-礼物,short_title
C1n2O3p4,{PROPER_NAME}-sama,{PROPER_NAME}-相同,short_title
A4e5F6g7,{PROPER_NAME},{PROPER_NAME},short_title
D4w5X6y7,{PROPER_NAME}-san,{PROPER_NAME}-桑,short_title
dXtzqRcm,Donate to the School,捐赠给流派,short_title
tMPEJVGF,Enter the Dojo,进入道场,short_title
ahAQzR3R,Recruit Students,招生,short_title
Cdhajh8e,Trade,贸易,short_title
3sRdGQou,Leave,离开,short_title
ITEwiS22,View Dojos,查看道场,short_title
qWAmxyYz,Back to town center,回到市中心,short_title
YL6C9B2E,To stand before a lord of his own domain... forgive any discourtesy on my part.[if:nervous][if:convo_nervous],站在自己藩的领主面前……请原谅我的任何失礼。[if:nervous][if:convo_nervous],keyword
J8VNP5C3,Please tell me of your school,请告诉我你的流派,short_title
6eotrW5Q,I wish to join your school,我想加入你们流派,short_title
099pwzwL,(Stamp your finger),（戳手指）,short_title
aTlNP5C3,Tell me about the licensing system,告诉我有关许可制度的信息,short_title
ySWrYFLS,I wish to understand matches,我想了解比试,short_title
eh9VDDTX,You are wounded,你受伤了,short_title
ggnWVgZ4,You've recently fought in this settlement,您最近曾在该定居点发生过战斗,short_title
XjKyqYDl,I am,我是,short_title
XlHdWNUg,{COMPLETED_MOKUROKU},{COMPLETED_MOKUROKU},short_title
bk0ZMumA,{COMPLETED_MOKUROKU_RESPONSE},很好。拿着这个目録。你的名字以及你所获得的教诲都写在上面。请保管好它，并记住所写的内容将您与这所流派联系在一起。,short_title
LDqNZq86,{JUTSU1} and {JUTSU2},{JUTSU1} 和 {JUTSU2},keyword
none,no jutsus,没有忍术,keyword
sgC6IXpz,You have achieved the rank of Menkyo,您已达到免许的等级,short_title
sgC6IKai,You have achieved the rank of Menkyo-Kaiden,您已达到免许皆传的等级,short_title
ii2cpykD,Achieve Mokuroku,实现目録,short_title
P03kZ1lF,You've successfully achieved the rank of Mokuroku,您已成功达到目録等级,short_title
yNF4Ym2V,Required {SKILL},必需 {SKILL},short_title
GSdLaqpM,Return to your dojo to rankup,返回你的道场进行排名,short_title
r2y3n7dR,Visited Settlements,参观过的定居点,short_title
P144idVc,Samurai,武士,short_title
kdDoqJxM,"The nobles aren't trying to defend a wicked cause, but they cannot risk the domain's destruction by its enemies.",贵族们并不想捍卫邪恶的事业，但他们不能冒藩被敌人毁灭的风险,keyword
bSo9hKwr,{PERSUASION_OPTION_LINE} {SUCCESS_CHANCE},{PERSUASION_OPTION_LINE} {SUCCESS_CHANCE},short_title
9ACJsI6S,Blocked,被阻止,short_title
7rVB5lB3, Martial Schools,武术流派,short_title
J84QToW3, Social Castes,幕末时期用于指称西方外国人的称呼，但并不属于阶级制度。然而，日本开放后，许多限制被强行取消，西方游客和商人涌入日本。其中许多最成功的人，主要是军火商，获得了与武士相当的地位，甚至被赋予了自己的日本名字和徽章。{newline}{newline}优点：无{newline}{newline}限制：无法玩,short_title
sGEXvp5x, Reforms,改革,short_title
HDm2PYc6, Shokuho and Bakumatsu,食补与幕末,keyword
uauMia0D, Characters,人物,short_title
cwRkqIt4, Kingdoms,藩国,short_title
x6knoNnC, Clans,氏族,keyword
GYzkb4iB, Parties,派对,short_title
u6GM5Spa, Armies,军队,short_title
zPYRGJtD, Troops,军队,short_title
3PUkH5Zf, Items,项目,short_title
xKVBAL3m, Campaign Issues,活动问题,short_title
tBx7XXps,Types,类型,short_title
7aaAWc01,Guard's Party,警卫队聚会,short_title
auIRGa2V,Stonecutters,石匠,short_title
zrO26eJv,Allows switching field artillery ammo,允许切换野战火炮弹药,short_title
pFGhJxyN,Siege Engineer,攻城工程师,short_title
zv49qE35,Practice Fight,练习格斗,short_title
BsBOSmUu,Size,尺寸,short_title
emENhm0F,Bound,边界,short_title
qW9KyTg1,School,流派,short_title
s6koeapc,{MAP_FACTION},{MAP_FACTION},short_title
1fPx1BcM,Patron,赞助人,short_title
LDqNZq68,Martial Arts,武术,short_title
fh3xP3e2,Renown,名声,short_title
HAaElX8X,{PARTY_OWNERS_FACTION},{PARTY_OWNERS_FACTION},short_title
3PzgpFGq,Neutral,中性的,short_title
iXXTONWb, ({PARTY_SIZE}),({PARTY_SIZE}),short_title
Dqydb21E, {PARTY_SIZE},{PARTY_SIZE},short_title
aE4ZRbB6, {HEALTH}%,{HEALTH}%,short_title
QyVbwGLp,{PARTY_SIZE},{PARTY_SIZE},short_title
uJro3Bua,Over Limit,超过限制,short_title
JBPZTsGu,Right to Personal Retinue,个人随从权,short_title
cBccbbfP,Lacking Right to Personal Retinue,缺乏个人随从权,short_title
hynFV8jC,Extra size bonus (Perk-like Effect),额外尺寸奖励（类似福利的效果）,short_title
YjoXyFDX,Owner Culture,业主文化,short_title
5Vo8dJub,Governor's Culture,总督文化,short_title
NH5N3kP5,No governor,没有州长,short_title
qTFKvGSg,Food Shortage,粮食短缺,short_title
RNT5hMVb,Goods From Market,市场货品,short_title
RVas572P,Raided,突袭,short_title
ByRAgJy4,Housing Costs,住房费用,short_title
e7VpHtWJ,Conflict is inevitable against those who claim to march under the Imperial Banner.,对于那些声称在帝国旗帜下游行的人来说，冲突是不可避免的。,keyword
KZDvCI1h,Conflict is inevitable against those who march under the Shogun's Banner.,对于那些在将军旗帜下游行的人来说，冲突是不可避免的。,keyword
5dKHdJTy,In Dojo,还有道场,short_title
5rot41AN,High Social Class,高社会阶层,short_title
b4lDDcli,Family,家庭,short_title
BJ7eLyXV,Kuge,公家,short_title
6c10yU0C,"Your father was a court noble, advising the emperor himself. While he held no actual power, none dared touch him, and even Daimyo would turn their ears to listen when he spoke. He made his living tutoring noble sons, and he taught you alongside them.",你的父亲是一位宫廷贵族，亲自为皇帝提供建议。他虽然没有实权，却没有人敢碰他，就连大名也会侧耳倾听。他以辅导贵族子弟为生，并与他们一起教导你。,keyword
0KERsepS,Hatamoto,旗本,short_title
Aofaybhi,"Your father was a hatamoto, a direct retainer of the Tokugawa Shoguns themselves. One of the roughly five thousand hatamoto spread throughout Japan, he held an administrative rank in the Bakufu, administering a village on behalf of the Shogun.",你的父亲是一位旗本，是德川幕府将军的直属家臣。他是遍布日本的大约五千人之一，在幕府担任行政职务，代表幕府管理一个村庄。,keyword
6tEVEDXe,Hanshi,藩士,short_title
Mqmampln,"Your father was a ranking domain samurai in the service of his daimyo. Stationed in the castle town, he spent most of his time working in the bureaucracy, alongside regular martial training.",你的父亲是一位为他的大名服务的等级藩士。他驻扎在城下町，大部分时间都在官僚机构工作，同时也定期进行武术训练。,keyword
mjElBkkf,Ashigaru,足轻,short_title
Rx6RcMN7,Swordsmith,剑匠,short_title
yf4xWWZf,"Your father was a humble but skilled swordsmith who through his physical strength and mastery of his art was able to transform raw metal into sharp blades, making him well known in his domain for the quality of his creations. Even as a child, by helping him in the forge, you were able to absorb some of his craftmanship and harden your body.",你的父亲是一位谦虚但技艺高超的剑匠，凭借他的体力和精湛的技艺，他能够将原始金属转化为锋利的刀片，使他在他的藩中因其创作的质量而闻名。即使在小时候，通过帮助他锻造，你也能够吸收他的一些手艺并锻炼你的身体。,keyword
pyO0BWdi,Rice Trader,大米贸易商,short_title
lgTiT4ei,Rural Farmer,农村农民,short_title
ZmHGrOjl,Village Hunter,乡村猎人,short_title
bF8uxh1X,Kabuki Actor,歌舞伎演员,short_title
rcoueCmk,Adolescence,青春期,short_title
qDV6pQNJ,studying at a domain school.,在藩校校学习。,keyword
8KczZd9h,"You spent much of your youth at the domain school, learning etiquette, the classics, rhetoric, and of course swordsmanship. You spend your days drilling forms and sparring under the watchful eyes of senior retainers. Though still young, the constant practice hardened your body and sharpened your instincts in close combat.",你年轻时的大部分时间都在藩校里度过，学习礼仪、经典、辞藻，当然还有剑术。你每天都在高级随从的注视下练习表格和陪练。虽然还年轻，但不断的练习锻炼了你的身体，磨砺了你的近战本能。,keyword
CwpZI53J,copying domain records.,复制藩记录。,keyword
92TzBQhy,You spent long hours copying reports and tax ledgers for domain officials. The work was tedious but taught you careful bookkeeping and administrative discipline.,您花了很长时间为藩官员复制报告和税务分类帐。这项工作很乏味，但教会了你仔细的记账和行政纪律。,keyword
ok8lSW6M,Youth,青年,short_title
SKlNE18i,trained in Bajutsu.,受过巴术训练。,keyword
vr49Z2Qc,"Thanks to your high social rank, you were able to train in Bajutsu, learning the sword and bow. While your position was more symbolic than anything, you still learned well.",由于你的社会地位很高，你能够接受巴术训练，学习剑和弓。虽然你的立场比任何事情都更具象征意义，但你仍然学到了很多东西。,keyword
bRFlmyBU,"You spent your youth as a Hikyaku, a member of the Bakufu's courier network. You constantly travelled back and forth along the highways of Japan, always speeding to your next destination.",你的青年时代是作为一名飞脚度过的，他是幕府快递网络的一员。你不断地沿着日本的高速公路来回穿梭，总是飞驰着前往下一个目的地。,keyword
MafIe9yI,Young Adulthood,青年时期,short_title
4qMflQDW,"The arrival of the Black Ships was an unforgivable insult to the realm. Like many hot-blooded patriots, you embraced the cry of sonnō jōi: revere the Emperor, expel the barbarians. Whether through secret meetings, militant drilling, or open defiance of the shogunate's policy of compromise, you prepared yourself for the day the outsiders would be driven from Japan's shores.",黑船的到来对藩国来说是不可原谅的侮辱。你们和许多热血爱国志士一样，拥抱着尊皇、驱逐夷狄的“尊皇逐夷”的呼声。无论是通过秘密会议、军事演习，还是公开蔑视幕府的妥协政策，你都为外来者被赶出日本海岸的那一天做好了准备。,keyword
ajtBuhhb,you supported unity between court and shogunate.,你支持朝廷和幕府的统一。,keyword
86qSdbJW,"The turmoil stirred by the Black Ships threatened to tear the country apart. Rather than embrace reckless extremism, you supported the policy of kōbu gattai: Unification of the Imperial Court and Bakufu. Through careful service and measured loyalty, you worked to preserve order in an age that seemed determined to abandon it.",黑船引发的骚乱威胁着国家的分裂。您没有拥抱鲁莽的极端主义，而是支持“宫部合体”政策：宫廷与幕府的统一。通过细心的服务和谨慎的忠诚，你们努力在一个似乎决心放弃秩序的时代维持秩序。,keyword
pyc6NkyP,"The thunder of foreign cannon along Japan's coasts demanded action. In your domain, new militias and shore batteries were raised in haste. You threw yourself into drilling men, moving supplies, and preparing for the invasion many believed inevitable.",日本沿海的外国炮火轰鸣，要求采取行动。在你的管辖范围内，新的民兵和海岸炮台正在匆忙中组建。你全身心投入到训练人员、运送物资以及为许多人认为不可避免的入侵做准备的工作中。,keyword
4YqSRPb1,"When the Black Ships appeared and the country trembled, you saw not fear but opportunity. While domains argued and officials scrambled, you joined rough men who profited from the confusion: smuggling, raiding poorly guarded storehouses, and waylaying those too slow to adapt. You became skilled at striking quickly and disappearing just as fast. Though many would call you little better than a bandit, you know you simply survived where others hesitated.",当黑船出现、国家颤抖时，你看到的不是恐惧，而是机遇。当藩发生争执、官员争先恐后时，你却加入了从混乱中获利的粗暴之徒：走私、袭击守卫薄弱的仓库，以及伏击那些行动迟缓而无法适应的仓库。你变得擅长快速攻击和快速消失。尽管很多人会说你比强盗好不了多少，但你知道你只是在其他人犹豫不决的时候活了下来。,keyword
VBzv4tjj,"While others chose sides in the growing turmoil of the age, you kept to your own affairs. Neither strongly loyal to the Shogunate nor drawn to the Imperial cause, you learned to mind your own survival above politics. Travel and hard work taught you practical skills with common weapons and the awareness to avoid unnecessary trouble. In uncertain times, being overlooked has often been your greatest advantage.",当其他人在这个日益动荡的时代选择立场时，你却坚持自己的事情。你既不强烈忠于幕府，也不热衷于帝国事业，你学会了将自己的生存置于政治之上。旅行和辛苦的工作教会了你使用常用武器的实用技巧和避免不必要麻烦的意识。在不确定的时期，被忽视往往是你最大的优势。,keyword
fsTBcLvA,{SETTLEMENT} Garrison,{SETTLEMENT} 加里森,short_title
TLuaPAIO,{A0} Taxes,{A0} 税费,short_title
dfwCjiRx,Trade Tax from {A0},{A0} 的贸易税,short_title
uuyso3mg,Income from Parties,缔约方收入,short_title
E3BsEDav,Financial Help for Parties,为当事人提供经济帮助,short_title
RuHaC2Ck,Scutage Tax,狩猎税,short_title
qyahMgD3,Caravan ({A0}),大篷车 ({A0}),short_title
uixuohBp,Settlement Projects,落户项目,short_title
dZDFxUvU,{A0},{A0},short_title
0g7MZCAK,Workshop Income,车间收入,short_title
cSuNR48H,Workshop Expense,车间费用,short_title
qcaaJLhx,Mercenary Contract,雇佣兵契约,short_title
5aElrlUt,Payment to Mercenaries,支付给雇佣兵,short_title
AtFv5RMW,Tribute Payments,贡金,short_title
rhfgzKtA,Tribute from {A0},来自 {A0} 的贡金,short_title
tributeIncome,Tribute Income,贡品收入,short_title
AewK9qME,Settlement Income,结算收入,short_title
YkZKXsIn,Main party wages,主要党员工资,short_title
ag5ukjvW,Nengu (Agricultural Tax),农税,short_title
LpHEHgmk,Samurai Stipend,武士俸禄,short_title
8iLzK3Y4,Caravan and Party Income,商队及宴会收入,short_title
ChUDSiJw,Garrison and Party Expense,驻军及宴会费用,short_title
U3LdMEXb,Debts,债务,short_title
essaRvXP,King's support,君主支持,short_title
WrJSUsBe,Support to king,支持君主,short_title
oNgwQTTV,Workshop Expense,车间费用,short_title
7uzvI8e8,Kingdom Budget Expense,藩国预算支出,short_title
wVMPdc8J,{A0}'s tariff,{A0} 的关税,short_title
6gvDrbe7,Recruitment Expense,招聘费用,short_title
UQc6zg1Q,Owned Alleys,拥有的小巷,short_title
wPJYRmf5,Ship Upkeep,船舶保养,short_title
4TWfU55y,Wage,工资,short_title
bZnuyRtJ,Sanyo culture,三洋文化,short_title
IpGnHz35,Sanyo culture,三洋文化,short_title
JkVr31bc,Port,港口,short_title
CcQzFnpN,Very Low Loyalty,忠诚度极低,short_title
basevalue,Base,根据,short_title
