term,count,proper_case_count,examples
castle,229,180,"BWWqeWJi: While in essence the same as the {BOSHIN_REFORMS_LINK} in their timing and reasoning, Aizu domain took a rather unique approach to reforming their military. Still unwilling to allo || HurqT7Hi: Hirosaki, perched near the northern tip of Honshu, is defined as much by its rivalry with Morioka as by its own lands. The Tsugaru clan governs fertile plains crossed by rivers, su || kc0qT7Sh: Shonai occupies a long strip along the Sea of Japan, where fertile farmland and maritime trade enrich the Sakai clan. Unlike many northern neighbors, Shonai adapts quickly, moderni"
newline,119,0,"uzonvUWW: At the start of 1865, the Shogunate began a dedicated push to modernize their military. Beforehand, they had created the Sampeitai, or 'Three-Arms Corps', but that had been an unmi || uzonvUWW: At the start of 1865, the Shogunate began a dedicated push to modernize their military. Beforehand, they had created the Sampeitai, or 'Three-Arms Corps', but that had been an unmi || sgDswQVO: In 1866, something thought unthinkable occurred: the Shogunate lost a war against Choshu. The Second Choshu Expedition had been intended to remind Japan of the Bakufu's strength, a"
matsudaira,116,116,"kc0qT7Ai: Nestled in the mountains of southern Tōhoku, Aizu has long been a fortress of the Tokugawa. Its river valleys support fertile rice fields, while dense forests provide timber and fu || Da97CIwo: Iwo-Matsuyama, ruled by the Matsudaira clan, occupies a coastal and mountainous region of Shikoku, where fertile river valleys meet rocky hills. Its towns are modest but well-organ || Da97CUwa: Uwajima domain is led by a branch of the Date clan, located far from their homeland in Sendai. During the Bakumatsu period, their Daimyo, Date Munenari, was considered one of the F"
but,81,11,"2pSICaQU: Antique metal guns from the Sengoku Jidai. They're long since outdated, but a cannon is a cannon. || REFS21al: Change did not come to Japan all at once. From the opening of the country in 1853 to the Boshin War in 1868 and the Meiji period that followed, Japanese society underwent massive,  || uzonvUWW: At the start of 1865, the Shogunate began a dedicated push to modernize their military. Beforehand, they had created the Sampeitai, or 'Three-Arms Corps', but that had been an unmi"
domain,79,7,"9N832L1k: Dojos are neutral settlements where the player and AI can recruit students, purchase martial manuals that improve combat skills, join a specific school, or duel instructors for ran || T3U4V5W6: Hokushin Itto-ryu is the northern branch of Itto-ryu, combining classical swordsmanship with battlefield practicality. Practitioners train in katana, wakizashi, and naginata, honin || J9K0L1M2: Jigen-ryu, originating in Satsuma, is known for ferocious, lightning-fast attacks with katana and odachi. Practitioners cultivate power, speed, and relentless offense. In the late "
tokugawa,79,79,"Z5A6B7C8: Tanegashima-ryu is a firearms school teaching the use of matchlock arquebuses. Practitioners learn coordinated volleys and battlefield deployment. In late Tokugawa Japan, Tanegashi || F7G8H9I0: Ogasawara-ryu is the classical school of mounted archery and etiquette, teaching yumi mastery on horseback. Practitioners develop poise, precision, and ceremonial bearing, serving  || D1E2F3G4: Oshima-ryu is a multi-weapon school specializing in yari, naginata, and variations such as jumonji and kagi yari. Practitioners develop complex thrusting and footwork techniques, s"
foreign,74,41,"pX2AJ9oC: Foreign Merchants || U37Ef6rB: To the merchants and businessmen of the outside world, the newly opened Japan was a goldmine. The price of gold and silver was cheaper than the rest of the world, and there was a h || FnYVK1yy: Cannons weren't just used to siege fortresses anymore in the 19th century. Every modern military would field a battery of artillery, and heavy guns were worth their weight in gold "
mokuroku,74,67,ees8hQyH: Kanajisho Mokuroku || oIaXn8qV: Naginata Mokuroku || doB4e6MT: Junikajō Mokuroku
samurai,71,8,"TzEzDGuV: Buke (Samurai) || K5L6M7N8: Itto-ryu is a prestigious family of kenjutsu schools emphasizing the principle of the 'one sword.' Practitioners, known as Itto-ryu kenshi, focus on decisive cuts, proper distancin || B1C2D3E4: Shinkage-ryu is a transformative kenjutsu lineage that emphasizes strategy, posture, and subtlety. Practitioners wield katana and wakizashi, focusing on psychological control and p"
sakai,71,71,"kc0qT7Sh: Shonai occupies a long strip along the Sea of Japan, where fertile farmland and maritime trade enrich the Sakai clan. Unlike many northern neighbors, Shonai adapts quickly, moderni || vNsphOba: Obama Domain hugs the northern coast of Wakasa Bay, where the town's harbor has long connected the mountains to the sea. The Sakai clan rules here with a careful hand, balancing th || m6qrzyCa: Sakai"
shogunate,70,52,"uzonvUWW: At the start of 1865, the Shogunate began a dedicated push to modernize their military. Beforehand, they had created the Sampeitai, or 'Three-Arms Corps', but that had been an unmi || sgDswQVO: In 1866, something thought unthinkable occurred: the Shogunate lost a war against Choshu. The Second Choshu Expedition had been intended to remind Japan of the Bakufu's strength, a || sgDswQVO: In 1866, something thought unthinkable occurred: the Shogunate lost a war against Choshu. The Second Choshu Expedition had been intended to remind Japan of the Bakufu's strength, a"
town,70,13,"U37Ef6rB: To the merchants and businessmen of the outside world, the newly opened Japan was a goldmine. The price of gold and silver was cheaper than the rest of the world, and there was a h || BaPLImFi: Town prosperity is decreased by 0.5{newline}Modern troop recruitment rate increases by 20%{newline}Foreign Arms Dealers appear in town keeps || BaPLImFi: Town prosperity is decreased by 0.5{newline}Modern troop recruitment rate increases by 20%{newline}Foreign Arms Dealers appear in town keeps"
merchant,68,39,"U37Ef6rB: To the merchants and businessmen of the outside world, the newly opened Japan was a goldmine. The price of gold and silver was cheaper than the rest of the world, and there was a h || BaPDZaib: Encourage the rise of powerful merchant families to organize and centralize industrial production, at the cost of diminishing local tax revenue. || CqaJXXVp: Merchant can't sell foreign guns"
clan,68,2,"TonPcdwy: Tosa dominates southern Shikoku, a land of steep mountains and sheltered valleys that have allowed the Yamauchi clan to cultivate a tradition of independence. The domain produces p || kc0qT7Mo: Spread across river valleys and rugged hills, Morioka has been the seat of the Nanbu clan for centuries. The domain's winters are harsh, but its villages and fortified towns reflec || HurqT7Hi: Hirosaki, perched near the northern tip of Honshu, is defined as much by its rivalry with Morioka as by its own lands. The Tsugaru clan governs fertile plains crossed by rivers, su"
japan,62,62,"J9K0L1M2: Jigen-ryu, originating in Satsuma, is known for ferocious, lightning-fast attacks with katana and odachi. Practitioners cultivate power, speed, and relentless offense. In the late  || Z5A6B7C8: Tanegashima-ryu is a firearms school teaching the use of matchlock arquebuses. Practitioners learn coordinated volleys and battlefield deployment. In late Tokugawa Japan, Tanegashi || REFS21al: Change did not come to Japan all at once. From the opening of the country in 1853 to the Boshin War in 1868 and the Meiji period that followed, Japanese society underwent massive, "
giver,60,60,ZKHy2fwB: Your clan is now at war with {QUEST_GIVER.LINK}'s realm. Your agreement with {QUEST_GIVER.LINK} was canceled. || ZKHy2fwB: Your clan is now at war with {QUEST_GIVER.LINK}'s realm. Your agreement with {QUEST_GIVER.LINK} was canceled. || 4ULpJzxb: Your actions have started a war with {QUEST_GIVER.LINK}'s faction. {?QUEST_GIVER.GENDER}She{?}He{\\?} cancels your agreement and the quest is a failure.
mori,59,58,NY1GGm2P: Mori Castle || pK7A2Rp7: Mori Takachika || fov5Mzy7: Mori Tomiko
link,58,57,"BWWqeWJi: While in essence the same as the {BOSHIN_REFORMS_LINK} in their timing and reasoning, Aizu domain took a rather unique approach to reforming their military. Still unwilling to allo || U37Ef6rB: To the merchants and businessmen of the outside world, the newly opened Japan was a goldmine. The price of gold and silver was cheaper than the rest of the world, and there was a h || FnYVK1yy: Cannons weren't just used to siege fortresses anymore in the 19th century. Every modern military would field a battery of artillery, and heavy guns were worth their weight in gold "
name,56,47,gyqgse3m: You have won {AMOUNT} renown for {SCHOOL_NAME} || vNlEozjp: {SCHOOL_NAME} has gained {AMOUNT} renown || Xgkay8ZZ: You have lose {AMOUNT} renown for {SCHOOL_NAME_2}
todo,52,52,"BaPDRail: TODO || BaPLRail: TODO || 2FMOGTsu: Rising out of humble roots, Tsu domain was founded by Todo Takatora, a low ranking ashigaru who later became a daimyo under Toyotomi Hideyoshi and Oda Nobunaga. Due to their loyalt"
honda,52,52,zHzGUOYl: Honda Fukumoto || nTqCvCWT: Honda Kiyoko || byu8D8HC: Honda Tomiyoshi
school,50,12,"9N832L1k: Dojos are neutral settlements where the player and AI can recruit students, purchase martial manuals that improve combat skills, join a specific school, or duel instructors for ran || T3U4V5W6: Hokushin Itto-ryu is the northern branch of Itto-ryu, combining classical swordsmanship with battlefield practicality. Practitioners train in katana, wakizashi, and naginata, honin || Z5A6B7C8: Tanegashima-ryu is a firearms school teaching the use of matchlock arquebuses. Practitioners learn coordinated volleys and battlefield deployment. In late Tokugawa Japan, Tanegashi"
convo,49,0,"K3X6XuPz: I move more than most in these markets, yet my purse stays thin. Some trades are tied by law, others by who watches the coin. The goods that could change fortunes must sometimes fi || RiI7PuFu: If you aren't going towards {TARGET_SETTLEMENT}, maybe you could have some of your men take my goods and bring back the profit? It shouldn't take more than {ALTERNATIVE_SOLUTION_ME || 8U7Cqtte: Excellent. I'll have the goods delivered to you right away.[if:convo_nonchalant]"
shimazu,48,48,"nIcaL3N3: Kyūshū is the core of Japan's reform in the Bakumatsu. Due to its isolation at the southwest of Japan, the island remained largely untouched by the Tokugawa when they founded the B || Da97CUwa: Uwajima domain is led by a branch of the Date clan, located far from their homeland in Sendai. During the Bakumatsu period, their Daimyo, Date Munenari, was considered one of the F || BTSZWSat: Satsuma occupies a unique position in the late Bakumatsu. The Shimazu joined the shogunate under their own terms due to their distance from the rest of Japan and their military pow"
settlement,47,39,BaPLImCo: Town prosperity is decreased by 2{newline}Settlement loyalty is decreased by 1{newline}Troop wages are decreased by 20%{newline}Troop recruitment costs are decreased by 25%{newline || BaPLExWe: Settlement security and loyalty is increased by 1{newline}Town prosperity is decreased by 2{newline}Clans gain 3 influence per day || BaPLSako: Settlement security and loyalty is increased by 2{newline}Town prosperity is decreased by 3{newline}Clans gain 3 influence per day{newline}Traditional troop recruitment rate increa
date,47,47,"37mpLUZE: Tōhoku, the northernmost region of Honshū, was the home of the last holdouts of the Shogunate cause in the Boshin war. The domains here are some of the oldest and most entrenched i || Vybsd8CE: Shikoku maintains a more cautious stance than the rest of Japan. With very few large domains, the island is almost entirely dominated by the Yamauchi of Tosa and the Hachisuka of T || SendT7ks: Sprawling across southern Tōhoku, Sendai has been shaped over generations by the Date clan. Rivers, plains, and rolling hills support large towns and productive farms, while fortif"
quest,47,46,ZKHy2fwB: Your clan is now at war with {QUEST_GIVER.LINK}'s realm. Your agreement with {QUEST_GIVER.LINK} was canceled. || ZKHy2fwB: Your clan is now at war with {QUEST_GIVER.LINK}'s realm. Your agreement with {QUEST_GIVER.LINK} was canceled. || 4ULpJzxb: Your actions have started a war with {QUEST_GIVER.LINK}'s faction. {?QUEST_GIVER.GENDER}She{?}He{\\?} cancels your agreement and the quest is a failure.
caravan,46,35,"CRaOL9Y9: Caravan of the {NATION} || mMP5n9dT: Greetings. This caravan is under the authority of the President of the United States of America and is guaranteed by {MERCHANT.LINK} of {SETTLEMENT}. How may we be of service?[if:c || Khi1HFAj: Greetings. This caravan is under the protection of Her Majesty, Queen Victoria of the United Kingdom of Great Britain and Ireland, and is guaranteed by {MERCHANT.LINK} of {SETTLEME"
while,45,18,"sgDswQVO: In 1866, something thought unthinkable occurred: the Shogunate lost a war against Choshu. The Second Choshu Expedition had been intended to remind Japan of the Bakufu's strength, a || tkAa93qw: Emperor Komei had opposed the entirety of the outside world, advocating fiercely for Sonno-joi. However, his son was not so inflexible. Following Komei's death of smallpox in early || BWWqeWJi: While in essence the same as the {BOSHIN_REFORMS_LINK} in their timing and reasoning, Aizu domain took a rather unique approach to reforming their military. Still unwilling to allo"
imperial,45,27,"tkAa93qw: Emperor Komei had opposed the entirety of the outside world, advocating fiercely for Sonno-joi. However, his son was not so inflexible. Following Komei's death of smallpox in early || uKN9qS6E: Even as Japan reformed around them, many of the northernmost domains, as well as a few in Kansai, remained stagnant. The foolishness of this policy became apparent when the Boshin  || CR3jonLR: Kishu domain, ruled by the Kishu Tokugawa, one of the Gosanke, or 'Three Noble Houses', of the Tokugawa Shogunate, reformed far later than most of Japan. Rather than taking inspira"
domains,44,0,"K5L6M7N8: Itto-ryu is a prestigious family of kenjutsu schools emphasizing the principle of the 'one sword.' Practitioners, known as Itto-ryu kenshi, focus on decisive cuts, proper distancin || uzonvUWW: At the start of 1865, the Shogunate began a dedicated push to modernize their military. Beforehand, they had created the Sampeitai, or 'Three-Arms Corps', but that had been an unmi || sgDswQVO: In 1866, something thought unthinkable occurred: the Shogunate lost a war against Choshu. The Second Choshu Expedition had been intended to remind Japan of the Bakufu's strength, a"
military,44,2,"K5L6M7N8: Itto-ryu is a prestigious family of kenjutsu schools emphasizing the principle of the 'one sword.' Practitioners, known as Itto-ryu kenshi, focus on decisive cuts, proper distancin || N5O6P7Q8: Hoki-ryu is a kenjutsu school specializing in katana techniques. Practitioners cultivate strong cutting, timing, and defensive skills. During the Bakumatsu, Hoki-ryu instructors tr || REFS21al: Change did not come to Japan all at once. From the opening of the country in 1853 to the Boshin War in 1868 and the Meiji period that followed, Japanese society underwent massive, "
modern,44,11,"Z5A6B7C8: Tanegashima-ryu is a firearms school teaching the use of matchlock arquebuses. Practitioners learn coordinated volleys and battlefield deployment. In late Tokugawa Japan, Tanegashi || H3I4J5K6: Takashima-ryu teaches modern firearms techniques, emphasizing disciplined firing methods and unit coordination. Practitioners prepared for the changing nature of war during the Bak || REFS21al: Change did not come to Japan all at once. From the opening of the country in 1853 to the Boshin War in 1868 and the Meiji period that followed, Japanese society underwent massive, "
western,43,28,"H3I4J5K6: Takashima-ryu teaches modern firearms techniques, emphasizing disciplined firing methods and unit coordination. Practitioners prepared for the changing nature of war during the Bak || uzonvUWW: At the start of 1865, the Shogunate began a dedicated push to modernize their military. Beforehand, they had created the Sampeitai, or 'Three-Arms Corps', but that had been an unmi || uKN9qS6E: Even as Japan reformed around them, many of the northernmost domains, as well as a few in Kansai, remained stagnant. The foolishness of this policy became apparent when the Boshin "
choshu,41,41,"sgDswQVO: In 1866, something thought unthinkable occurred: the Shogunate lost a war against Choshu. The Second Choshu Expedition had been intended to remind Japan of the Bakufu's strength, a || sgDswQVO: In 1866, something thought unthinkable occurred: the Shogunate lost a war against Choshu. The Second Choshu Expedition had been intended to remind Japan of the Bakufu's strength, a || sgDswQVO: In 1866, something thought unthinkable occurred: the Shogunate lost a war against Choshu. The Second Choshu Expedition had been intended to remind Japan of the Bakufu's strength, a"
master,41,36,"5fbPC9f9: {CURRENT_RYUHA} Master || YLn5hxVB: I spoke too openly in council. Now I travel without a stipend, without a master, and without patience for men who mistake caution for wisdom. || 76PZeDr8: Some swore the Emperor must rule directly. Others said the Tokugawa alone kept the peace. I came to master the blade, not speeches."
gender,41,41,"4ULpJzxb: Your actions have started a war with {QUEST_GIVER.LINK}'s faction. {?QUEST_GIVER.GENDER}She{?}He{\\?} cancels your agreement and the quest is a failure. || eFZZnz5R: {QUEST_GIVER.LINK}, a retainer of the {QUEST_GIVER_FACTION} has told you that they need smoothbore Geweer for their upcoming military campaign. {?QUEST_GIVER.GENDER}She{?}He{\\?} w || eFZZnz5R: {QUEST_GIVER.LINK}, a retainer of the {QUEST_GIVER_FACTION} has told you that they need smoothbore Geweer for their upcoming military campaign. {?QUEST_GIVER.GENDER}She{?}He{\\?} w"
trade,40,2,"TonPcdwy: Tosa dominates southern Shikoku, a land of steep mountains and sheltered valleys that have allowed the Yamauchi clan to cultivate a tradition of independence. The domain produces p || kc0qT7Sh: Shonai occupies a long strip along the Sea of Japan, where fertile farmland and maritime trade enrich the Sakai clan. Unlike many northern neighbors, Shonai adapts quickly, moderni || Ozu7C2Ky: Ozu sits on the western coast of Shikoku, where rocky shores and sheltered bays shape both life and defense. The Katō clan governs a domain where fishing, salt production, and loca"
lord,39,7,iDHwU4Af: Daimyo (Feudal Lord) || BaPLWeDr: Lord party sizes are increased by 20{newline}Modern troop recruitment rate increases by 20%{newline}Troop wages are increased by 10% || UdiPb3xt: Lord {RULER.NAME}
region,38,2,"Q9RbQzD9: The dojo appears to be richly decorated and crowded with students from across the region, demonstrating the fame of this martial school. || Bu3WNzRR: Region || F8ARrN5C: REGION DESC"
ashigaru,37,35,"2FMOGTsu: Rising out of humble roots, Tsu domain was founded by Todo Takatora, a low ranking ashigaru who later became a daimyo under Toyotomi Hideyoshi and Oda Nobunaga. Due to their loyalt || gVZxlFB4: Ashigaru || BosBaAsh: Bakufu Ashigaru"
men,36,6,"sgDswQVO: In 1866, something thought unthinkable occurred: the Shogunate lost a war against Choshu. The Second Choshu Expedition had been intended to remind Japan of the Bakufu's strength, a || sgDswQVO: In 1866, something thought unthinkable occurred: the Shogunate lost a war against Choshu. The Second Choshu Expedition had been intended to remind Japan of the Bakufu's strength, a || FnYVK1yy: Cannons weren't just used to siege fortresses anymore in the 19th century. Every modern military would field a battery of artillery, and heavy guns were worth their weight in gold "
bakufu,36,35,"sgDswQVO: In 1866, something thought unthinkable occurred: the Shogunate lost a war against Choshu. The Second Choshu Expedition had been intended to remind Japan of the Bakufu's strength, a || BaPDShAl: Reaffirm loyalty to the Tokugawa Shogunate. Troops and administrators act in service to the established bakufu, preserving order and tradition. || 8FARrN5C: Kansai is the centermost region of Japan, and the origin of most strife in the Bakumatsu. Here sonno-joi radicals and shogunate loyalists clash in the streets of Kyoto and in the c"
amount,35,32,gyqgse3m: You have won {AMOUNT} renown for {SCHOOL_NAME} || vNlEozjp: {SCHOOL_NAME} has gained {AMOUNT} renown || Xgkay8ZZ: You have lose {AMOUNT} renown for {SCHOOL_NAME_2}
here,35,3,"8FARrN5C: Kansai is the centermost region of Japan, and the origin of most strife in the Bakumatsu. Here sonno-joi radicals and shogunate loyalists clash in the streets of Kyoto and in the c || 8FARrN5C: Kansai is the centermost region of Japan, and the origin of most strife in the Bakumatsu. Here sonno-joi radicals and shogunate loyalists clash in the streets of Kyoto and in the c || 37mpLUZE: Tōhoku, the northernmost region of Honshū, was the home of the last holdouts of the Shogunate cause in the Boshin war. The domains here are some of the oldest and most entrenched i"
player,34,31,"9N832L1k: Dojos are neutral settlements where the player and AI can recruit students, purchase martial manuals that improve combat skills, join a specific school, or duel instructors for ran || U37Ef6rB: To the merchants and businessmen of the outside world, the newly opened Japan was a goldmine. The price of gold and silver was cheaper than the rest of the world, and there was a h || FnYVK1yy: Cannons weren't just used to siege fortresses anymore in the 19th century. Every modern military would field a battery of artillery, and heavy guns were worth their weight in gold "
maeda,34,34,"vNsphKag: Kaga Domain stretches across Hokuriku, a land of fertile plains, bustling towns, and the glittering rivers that feed into the Sea of Japan. The Maeda clan has ruled for generations || 8ZM8IWIL: Maeda Nariyasu || X37Mxlbd: Maeda Tomoko"
bakumatsu,33,33,"K5L6M7N8: Itto-ryu is a prestigious family of kenjutsu schools emphasizing the principle of the 'one sword.' Practitioners, known as Itto-ryu kenshi, focus on decisive cuts, proper distancin || T3U4V5W6: Hokushin Itto-ryu is the northern branch of Itto-ryu, combining classical swordsmanship with battlefield practicality. Practitioners train in katana, wakizashi, and naginata, honin || B1C2D3E4: Shinkage-ryu is a transformative kenjutsu lineage that emphasizes strategy, posture, and subtlety. Practitioners wield katana and wakizashi, focusing on psychological control and p"
period,33,1,"B1C2D3E4: Shinkage-ryu is a transformative kenjutsu lineage that emphasizes strategy, posture, and subtlety. Practitioners wield katana and wakizashi, focusing on psychological control and p || H3I4J5K6: Takashima-ryu teaches modern firearms techniques, emphasizing disciplined firing methods and unit coordination. Practitioners prepared for the changing nature of war during the Bak || F7G8H9I0: Ogasawara-ryu is the classical school of mounted archery and etiquette, teaching yumi mastery on horseback. Practitioners develop poise, precision, and ceremonial bearing, serving "
troops,32,4,"REFS21al: Change did not come to Japan all at once. From the opening of the country in 1853 to the Boshin War in 1868 and the Meiji period that followed, Japanese society underwent massive,  || REFS21al: Change did not come to Japan all at once. From the opening of the country in 1853 to the Boshin War in 1868 and the Meiji period that followed, Japanese society underwent massive,  || uzonvUWW: At the start of 1865, the Shogunate began a dedicated push to modernize their military. Beforehand, they had created the Sampeitai, or 'Three-Arms Corps', but that had been an unmi"
nabeshima,32,32,"nIcaL3N3: Kyūshū is the core of Japan's reform in the Bakumatsu. Due to its isolation at the southwest of Japan, the island remained largely untouched by the Tokugawa when they founded the B || BTSZWSaga: Saga is perhaps the most modern domain in Japan. The Nabeshima have invested in steam engines, steel refining, artillery, and modern firearms, alongside vaccination programs and si || EJFqZ0Re: Nabeshima Naotada"
many,31,0,"B1C2D3E4: Shinkage-ryu is a transformative kenjutsu lineage that emphasizes strategy, posture, and subtlety. Practitioners wield katana and wakizashi, focusing on psychological control and p || sgDswQVO: In 1866, something thought unthinkable occurred: the Shogunate lost a war against Choshu. The Second Choshu Expedition had been intended to remind Japan of the Bakufu's strength, a || uKN9qS6E: Even as Japan reformed around them, many of the northernmost domains, as well as a few in Kansai, remained stagnant. The foolishness of this policy became apparent when the Boshin "
nanbu,31,31,"37mpLUZE: Tōhoku, the northernmost region of Honshū, was the home of the last holdouts of the Shogunate cause in the Boshin war. The domains here are some of the oldest and most entrenched i || kc0qT7Mo: Spread across river valleys and rugged hills, Morioka has been the seat of the Nanbu clan for centuries. The domain's winters are harsh, but its villages and fortified towns reflec || qDo4xRn3: Nanbu Toshihisa"
daimyo,30,12,"iDHwU4Af: Daimyo (Feudal Lord) || CR3jonLR: Kishu domain, ruled by the Kishu Tokugawa, one of the Gosanke, or 'Three Noble Houses', of the Tokugawa Shogunate, reformed far later than most of Japan. Rather than taking inspira || 7cuzdfbI: Daimyo"
reforms,30,13,"551Rfsop: Reforms || REFS21al: Change did not come to Japan all at once. From the opening of the country in 1853 to the Boshin War in 1868 and the Meiji period that followed, Japanese society underwent massive,  || a3BLERbz: Keio Reforms (1865)"
ikeda,30,30,"Totz6uxY: Tottori-han, ruled by the Ikeda, has long been close with the Shogunate. Their daimyo are allowed to use the Matsudaira name and crest, they have the right to carry their swords in || OOBz6uOk: One of the few Tozama daimyo to serve under the Shogunate, the Ikeda of Okayama domain are relatively sonno-joi, but still support the Shogunate. During the Boshin War, seeing the  || sNI8ZZHb: Ikeda"
right,29,10,oN4J4ebL: Right to carry the Daisho || 9ZHz4mzS: Right to command a personal retinue || Ho2oaup3: Right to hold land
martial,29,3,"lXePKGIt: Martial Schools || 9N832L1k: Dojos are neutral settlements where the player and AI can recruit students, purchase martial manuals that improve combat skills, join a specific school, or duel instructors for ran || 9N832L1k: Dojos are neutral settlements where the player and AI can recruit students, purchase martial manuals that improve combat skills, join a specific school, or duel instructors for ran"
firearms,29,2,"Z5A6B7C8: Tanegashima-ryu is a firearms school teaching the use of matchlock arquebuses. Practitioners learn coordinated volleys and battlefield deployment. In late Tokugawa Japan, Tanegashi || H3I4J5K6: Takashima-ryu teaches modern firearms techniques, emphasizing disciplined firing methods and unit coordination. Practitioners prepared for the changing nature of war during the Bak || U37Ef6rB: To the merchants and businessmen of the outside world, the newly opened Japan was a goldmine. The price of gold and silver was cheaper than the rest of the world, and there was a h"
war,29,8,"H3I4J5K6: Takashima-ryu teaches modern firearms techniques, emphasizing disciplined firing methods and unit coordination. Practitioners prepared for the changing nature of war during the Bak || REFS21al: Change did not come to Japan all at once. From the opening of the country in 1853 to the Boshin War in 1868 and the Meiji period that followed, Japanese society underwent massive,  || uzonvUWW: At the start of 1865, the Shogunate began a dedicated push to modernize their military. Beforehand, they had created the Sampeitai, or 'Three-Arms Corps', but that had been an unmi"
local,28,1,"BaPDZaib: Encourage the rise of powerful merchant families to organize and centralize industrial production, at the cost of diminishing local tax revenue. || Lxc2hdfU: The dojo appears to be half-abandoned and scarcely visited by local inhabitants, showing how unknown the martial school is. || Ol9J0wU3: The Tozama are 'outside' lords who, although they submit to the Tokugawa after the decisive battles that establish shogunal supremacy, maintain control over large, semi-autonomous "
take,28,4,"s1VKnfuj: Your discipline in sparring with {OPPONENT_COUNT} peers is evident. Each encounter should be regarded as a lesson. Take these observations to heart and let them guide your continue || JDLHLW4z: You showed courage, yet your form faltered in key moments. Take this to heart, and refine your movements in preparation for the next encounter. || sP43W5iP: You have bested my student, {PLAYER.LINK}. Take your victory, but know that this dojo will not yield so easily next time."
now,28,7,"pc3lmTFV: The duel is lost. You have prevailed, {PLAYER.LINK}. Depart now, that I may properly attend to the consequences of this contest and honor those who have fallen. || BHmyQ4x3: It is as it must be. This dojo has been vanquished, {PLAYER.LINK}. Our signboard shall be removed, and my students must follow where honor now permits. You have claimed what was on || Tv1hioxg: Chūgoku, stretching across western Honshū, has become one of the most unstable regions of Japan in the Bakumatsu. Once a stronghold of loyalist domains guarding the western approac"
akita,28,28,KznUzEjA: the Akita || 3Wf8WiAm: Akita || bLbHwsOu: Akita Tomosue
inada,28,28,vktgsLcf: Inada Uemasa || wseAsdnA: Inada Chiyo || s4GK3ysW: Inada Uefu
menkyo,27,25,dBf2v3x1: Menkyo || c5bTIlzQ: Menkyo Kaiden || uoiisEdD: {CURRENT_RYUHA} Menkyo
noble,26,21,"g0DodcKB: Kuge (Court Noble) || F7G8H9I0: Ogasawara-ryu is the classical school of mounted archery and etiquette, teaching yumi mastery on horseback. Practitioners develop poise, precision, and ceremonial bearing, serving  || CR3jonLR: Kishu domain, ruled by the Kishu Tokugawa, one of the Gosanke, or 'Three Noble Houses', of the Tokugawa Shogunate, reformed far later than most of Japan. Rather than taking inspira"
itto-ryu,26,26,"F1G2H3J4: Itto-ryu || K5L6M7N8: Itto-ryu is a prestigious family of kenjutsu schools emphasizing the principle of the 'one sword.' Practitioners, known as Itto-ryu kenshi, focus on decisive cuts, proper distancin || K5L6M7N8: Itto-ryu is a prestigious family of kenjutsu schools emphasizing the principle of the 'one sword.' Practitioners, known as Itto-ryu kenshi, focus on decisive cuts, proper distancin"
yamauchi,26,26,"Vybsd8CE: Shikoku maintains a more cautious stance than the rest of Japan. With very few large domains, the island is almost entirely dominated by the Yamauchi of Tosa and the Hachisuka of T || TonPcdwy: Tosa dominates southern Shikoku, a land of steep mountains and sheltered valleys that have allowed the Yamauchi clan to cultivate a tradition of independence. The domain produces p || Da97CUwa: Uwajima domain is led by a branch of the Date clan, located far from their homeland in Sendai. During the Bakumatsu period, their Daimyo, Date Munenari, was considered one of the F"
troop,25,11,BaPLImFi: Town prosperity is decreased by 0.5{newline}Modern troop recruitment rate increases by 20%{newline}Foreign Arms Dealers appear in town keeps || BaPLWeDr: Lord party sizes are increased by 20{newline}Modern troop recruitment rate increases by 20%{newline}Troop wages are increased by 10% || BaPLWeDr: Lord party sizes are increased by 20{newline}Modern troop recruitment rate increases by 20%{newline}Troop wages are increased by 10%
between,25,0,"TonPcdwy: Tosa dominates southern Shikoku, a land of steep mountains and sheltered valleys that have allowed the Yamauchi clan to cultivate a tradition of independence. The domain produces p || Da97CUwa: Uwajima domain is led by a branch of the Date clan, located far from their homeland in Sendai. During the Bakumatsu period, their Daimyo, Date Munenari, was considered one of the F || Da97CUwa: Uwajima domain is led by a branch of the Date clan, located far from their homeland in Sendai. During the Bakumatsu period, their Daimyo, Date Munenari, was considered one of the F"
dojo,24,5,"9N832L1k: Dojos are neutral settlements where the player and AI can recruit students, purchase martial manuals that improve combat skills, join a specific school, or duel instructors for ran || 9N832L1k: Dojos are neutral settlements where the player and AI can recruit students, purchase martial manuals that improve combat skills, join a specific school, or duel instructors for ran || 300v5mE3: Odani Dojo"
edo,24,24,"T3U4V5W6: Hokushin Itto-ryu is the northern branch of Itto-ryu, combining classical swordsmanship with battlefield practicality. Practitioners train in katana, wakizashi, and naginata, honin || 9NAB4L1k: The Caste Mechanic is an optional mechanic added in Bakumatsu to reflect the caste system of Edo period Japan. This caste system, put into place at the founding of the Tokugawa Sho || 3i4huJOq: Kantō is the heart of the Shogunate. Within it is Edo, the capital of the Bakufu, and in which all daimyo were required to live in off years until 1862. Despite that, the region is"
even,24,11,"uKN9qS6E: Even as Japan reformed around them, many of the northernmost domains, as well as a few in Kansai, remained stagnant. The foolishness of this policy became apparent when the Boshin  || FnYVK1yy: Cannons weren't just used to siege fortresses anymore in the 19th century. Every modern military would field a battery of artillery, and heavy guns were worth their weight in gold  || FnYVK1yy: Cannons weren't just used to siege fortresses anymore in the 19th century. Every modern military would field a battery of artillery, and heavy guns were worth their weight in gold "
merchants,24,3,"pX2AJ9oC: Foreign Merchants || U37Ef6rB: To the merchants and businessmen of the outside world, the newly opened Japan was a goldmine. The price of gold and silver was cheaper than the rest of the world, and there was a h || U37Ef6rB: To the merchants and businessmen of the outside world, the newly opened Japan was a goldmine. The price of gold and silver was cheaper than the rest of the world, and there was a h"
influence,24,2,BaPLInEc: Town prosperity is increased by 5{newline}Village hearth is increased by 3{newline}Workshop production is increased by 10%{newline}Clans lose 2 influence per day || BaPLDiSa: Clans lose 2 influence per day{newline}Town prosperity and village hearth is increased by 2{newline}Town security is increased by 1{newline}Social caste no longer has any effect in || BaPLExWe: Settlement security and loyalty is increased by 1{newline}Town prosperity is decreased by 2{newline}Clans gain 3 influence per day
against,23,0,"sgDswQVO: In 1866, something thought unthinkable occurred: the Shogunate lost a war against Choshu. The Second Choshu Expedition had been intended to remind Japan of the Bakufu's strength, a || DVNtArBS: Your performance against {OPPONENT_COUNT} of your fellow students demonstrates growing competence. Remember, mastery is achieved through repetition and mindful correction of one's  || hK5PFhNu: You displayed considerable skill and discipline in today's exercises. There remain lapses in timing and precision, but your effort against {OPPONENT_COUNT} peers is noted and serve"
along,23,0,"CR3jonLR: Kishu domain, ruled by the Kishu Tokugawa, one of the Gosanke, or 'Three Noble Houses', of the Tokugawa Shogunate, reformed far later than most of Japan. Rather than taking inspira || lrQiE8yv: Tōkai, stretching along the southern coast, is the home of the Tōkaidō, the most important of the Five Routes that link Edo to the rest of central Honshū. The Tōkaidō specifically  || kc0qT7Sh: Shonai occupies a long strip along the Sea of Japan, where fertile farmland and maritime trade enrich the Sakai clan. Unlike many northern neighbors, Shonai adapts quickly, moderni"
gold,23,21,"U37Ef6rB: To the merchants and businessmen of the outside world, the newly opened Japan was a goldmine. The price of gold and silver was cheaper than the rest of the world, and there was a h || FnYVK1yy: Cannons weren't just used to siege fortresses anymore in the 19th century. Every modern military would field a battery of artillery, and heavy guns were worth their weight in gold  || zZlOr4dD: {ISSUE_GIVER.LINK} a merchant from {ISSUE_GIVER_SETTLEMENT} has complained to you about not being able to sell foreign made firearms in the town. {?ISSUE_GIVER.GENDER}She{?}He{\\?}"
keppan,23,22,xzOSwEgp: Keppan || hLzO6k62: {CURRENT_RYUHA} Keppan || BosIROku: Itto-ryu Keppan
saigo,23,23,oNEiBB2d: Saigo Tozaemon || kJXoV9Pb: Saigo Ritsu || NmILYBIw: Saigo Morinobu
belt,23,23,BosBeSas: Sash Belt || BosBeWSq: Western Square Belt || BosBeWCi: Western Circle Belt
guns,22,5,"2pSICaQU: Antique metal guns from the Sengoku Jidai. They're long since outdated, but a cannon is a cannon. || U37Ef6rB: To the merchants and businessmen of the outside world, the newly opened Japan was a goldmine. The price of gold and silver was cheaper than the rest of the world, and there was a h || U37Ef6rB: To the merchants and businessmen of the outside world, the newly opened Japan was a goldmine. The price of gold and silver was cheaper than the rest of the world, and there was a h"
long,22,1,"2pSICaQU: Antique metal guns from the Sengoku Jidai. They're long since outdated, but a cannon is a cannon. || kc0qT7Sh: Shonai occupies a long strip along the Sea of Japan, where fertile farmland and maritime trade enrich the Sakai clan. Unlike many northern neighbors, Shonai adapts quickly, moderni || SendT7ks: Sprawling across southern Tōhoku, Sendai has been shaped over generations by the Date clan. Rivers, plains, and rolling hills support large towns and productive farms, while fortif"
shinkage-ryu,22,22,"X7Y8Z9A0: Shinkage-ryu || B1C2D3E4: Shinkage-ryu is a transformative kenjutsu lineage that emphasizes strategy, posture, and subtlety. Practitioners wield katana and wakizashi, focusing on psychological control and p || B1C2D3E4: Shinkage-ryu is a transformative kenjutsu lineage that emphasizes strategy, posture, and subtlety. Practitioners wield katana and wakizashi, focusing on psychological control and p"
control,22,0,"B1C2D3E4: Shinkage-ryu is a transformative kenjutsu lineage that emphasizes strategy, posture, and subtlety. Practitioners wield katana and wakizashi, focusing on psychological control and p || 0wiYRdYM: A notable display of technique, {PLAYER.LINK}. You faced {OPPONENT_COUNT} fellow students with control and determination. Persist in attentive practice, and your abilities will be  || 43b09aiy: Your technique is sound and your control commendable. Continue in this manner, and you will surpass even your current abilities."
once,22,8,"REFS21al: Change did not come to Japan all at once. From the opening of the country in 1853 to the Boshin War in 1868 and the Meiji period that followed, Japanese society underwent massive,  || sgDswQVO: In 1866, something thought unthinkable occurred: the Shogunate lost a war against Choshu. The Second Choshu Expedition had been intended to remind Japan of the Bakufu's strength, a || BHmyQ4x3: It is as it must be. This dojo has been vanquished, {PLAYER.LINK}. Our signboard shall be removed, and my students must follow where honor now permits. You have claimed what was on"
loyalty,22,5,BaPLImCo: Town prosperity is decreased by 2{newline}Settlement loyalty is decreased by 1{newline}Troop wages are decreased by 20%{newline}Troop recruitment costs are decreased by 25%{newline || BaPLExWe: Settlement security and loyalty is increased by 1{newline}Town prosperity is decreased by 2{newline}Clans gain 3 influence per day || BaPLSako: Settlement security and loyalty is increased by 2{newline}Town prosperity is decreased by 3{newline}Clans gain 3 influence per day{newline}Traditional troop recruitment rate increa
goods,22,1,"zZlOr4dD: {ISSUE_GIVER.LINK} a merchant from {ISSUE_GIVER_SETTLEMENT} has complained to you about not being able to sell foreign made firearms in the town. {?ISSUE_GIVER.GENDER}She{?}He{\\?} || K3X6XuPz: I move more than most in these markets, yet my purse stays thin. Some trades are tied by law, others by who watches the coin. The goods that could change fortunes must sometimes fi || RiI7PuFu: If you aren't going towards {TARGET_SETTLEMENT}, maybe you could have some of your men take my goods and bring back the profit? It shouldn't take more than {ALTERNATIVE_SOLUTION_ME"
male,22,19,"IMmMRUaR: {MALE_LESSER_NOBLE_NAME}{.o} {ALIGNMENT} Revolt || O0aur7dN: {ISSUE_GIVER.LINK}, lord of {SETTLEMENT}, says that a {MALE_LESSER_NOBLE_TITLE} named {MALE_LESSER_NOBLE_NAME} is stirring up unrest in the countryside. You asked your companion to || O0aur7dN: {ISSUE_GIVER.LINK}, lord of {SETTLEMENT}, says that a {MALE_LESSER_NOBLE_TITLE} named {MALE_LESSER_NOBLE_NAME} is stirring up unrest in the countryside. You asked your companion to"
practitioners,21,19,"K5L6M7N8: Itto-ryu is a prestigious family of kenjutsu schools emphasizing the principle of the 'one sword.' Practitioners, known as Itto-ryu kenshi, focus on decisive cuts, proper distancin || T3U4V5W6: Hokushin Itto-ryu is the northern branch of Itto-ryu, combining classical swordsmanship with battlefield practicality. Practitioners train in katana, wakizashi, and naginata, honin || B1C2D3E4: Shinkage-ryu is a transformative kenjutsu lineage that emphasizes strategy, posture, and subtlety. Practitioners wield katana and wakizashi, focusing on psychological control and p"
satsuma,21,21,"J9K0L1M2: Jigen-ryu, originating in Satsuma, is known for ferocious, lightning-fast attacks with katana and odachi. Practitioners cultivate power, speed, and relentless offense. In the late  || nIcaL3N3: Kyūshū is the core of Japan's reform in the Bakumatsu. Due to its isolation at the southwest of Japan, the island remained largely untouched by the Tokugawa when they founded the B || y6BfVOwa: Owari is ruled by the seniormost of the Gosanke of the Tokugawa. Owari-han is a powerful and wealthy domain, behind only the Kaga, Satsuma, and Sendai domains, and the most powerfu"
well,21,7,"uKN9qS6E: Even as Japan reformed around them, many of the northernmost domains, as well as a few in Kansai, remained stagnant. The foolishness of this policy became apparent when the Boshin  || eDJCjpfF: The dojo appears to be well-maintained and attracting a modest number of students from the province, showing that the school is averagely well known. || bZO4pIhj: Well done, {PLAYER.LINK}. Your engagements with {OPPONENT_COUNT} students were executed with composure and intent. Maintain this focus, and your proficiency will continue to advanc"
built,21,6,"CR3jonLR: Kishu domain, ruled by the Kishu Tokugawa, one of the Gosanke, or 'Three Noble Houses', of the Tokugawa Shogunate, reformed far later than most of Japan. Rather than taking inspira || mW8IM8PG: Originally built as a small fortified residence for the Mōri clan this coastal castle town grew in importance along with the expansion of its inhabitants' power, while its hilltop  || eDhJwiwf: Gassantoda is a castle town in San'in that traces its origins back to the Kamakura period and before that to the Heian period when a fortress was built to protect trade routes and "
there,21,8,"U37Ef6rB: To the merchants and businessmen of the outside world, the newly opened Japan was a goldmine. The price of gold and silver was cheaper than the rest of the world, and there was a h || hK5PFhNu: You displayed considerable skill and discipline in today's exercises. There remain lapses in timing and precision, but your effort against {OPPONENT_COUNT} peers is noted and serve || BTSZWSaga: Saga is perhaps the most modern domain in Japan. The Nabeshima have invested in steam engines, steel refining, artillery, and modern firearms, alongside vaccination programs and si"
village,21,4,BaPLInEc: Town prosperity is increased by 5{newline}Village hearth is increased by 3{newline}Workshop production is increased by 10%{newline}Clans lose 2 influence per day || BaPLDiSa: Clans lose 2 influence per day{newline}Town prosperity and village hearth is increased by 2{newline}Town security is increased by 1{newline}Social caste no longer has any effect in || BaPLCurr: Town prosperity is increased by 2{newline}Village hearth is increased by 2
fortified,21,0,"zMOC9gh6: Ezo (modern Hokkaidō), home to the Ainu, remained a remote frontier. In the late Bakumatsu, the Matsumae Domain managed small garrisons and fortified trading posts to assert shogun || kc0qT7Mo: Spread across river valleys and rugged hills, Morioka has been the seat of the Nanbu clan for centuries. The domain's winters are harsh, but its villages and fortified towns reflec || SendT7ks: Sprawling across southern Tōhoku, Sendai has been shaped over generations by the Date clan. Rivers, plains, and rolling hills support large towns and productive farms, while fortif"
good,21,4,"HVb55Sz8: Good. We need them as soon as possible. || apQbh0Sp: My {?PLAYER.GENDER}lady{?}lord{\\?}, that would be very good. The artisans won't like it but hard-working merchants like me will be grateful to you. || 3SBDbPjD: Good to hear that! Safe journeys."
about,21,2,"zZlOr4dD: {ISSUE_GIVER.LINK} a merchant from {ISSUE_GIVER_SETTLEMENT} has complained to you about not being able to sell foreign made firearms in the town. {?ISSUE_GIVER.GENDER}She{?}He{\\?} || y6l0Z6qH: {QUEST_GIVER.LINK} a merchant from {QUEST_GIVER_SETTLEMENT} has complained to you about not being able to sell their stock of foreign guns because of the unfair local laws. {?QUEST || RiI7PuFu: If you aren't going towards {TARGET_SETTLEMENT}, maybe you could have some of your men take my goods and bring back the profit? It shouldn't take more than {ALTERNATIVE_SOLUTION_ME"
artillery,20,7,"MLHICaQU: A light rifled cannon designed for transport by pack animals in difficult terrain. Employed to provide mobile artillery support to infantry in mountainous regions. || U37Ef6rB: To the merchants and businessmen of the outside world, the newly opened Japan was a goldmine. The price of gold and silver was cheaper than the rest of the world, and there was a h || U37Ef6rB: To the merchants and businessmen of the outside world, the newly opened Japan was a goldmine. The price of gold and silver was cheaper than the rest of the world, and there was a h"
service,20,3,"MLHICaGa: A hand-cranked battery gun capable of sustained, rapid fire. Intended for crew service in field and fortress defense. || P5Q6R7S8: Kyoshin Meiichi-ryu is a kenjutsu school emphasizing katana and wakizashi mastery. Practitioners cultivate precise cutting, timing, and fluid technique. In the Bakumatsu era, Kyosh || CR3jonLR: Kishu domain, ruled by the Kishu Tokugawa, one of the Gosanke, or 'Three Noble Houses', of the Tokugawa Shogunate, reformed far later than most of Japan. Rather than taking inspira"
time,20,0,"REFS21al: Change did not come to Japan all at once. From the opening of the country in 1853 to the Boshin War in 1868 and the Meiji period that followed, Japanese society underwent massive,  || tkAa93qw: Emperor Komei had opposed the entirety of the outside world, advocating fiercely for Sonno-joi. However, his son was not so inflexible. Following Komei's death of smallpox in early || 4iDrvn26: A small, final reform, this represents the units that were formed in the Meiji era, such as the Battotai or marines, that were added to the mod. While the time these units were cre"
policy,20,2,"uzonvUWW: At the start of 1865, the Shogunate began a dedicated push to modernize their military. Beforehand, they had created the Sampeitai, or 'Three-Arms Corps', but that had been an unmi || uzonvUWW: At the start of 1865, the Shogunate began a dedicated push to modernize their military. Beforehand, they had created the Sampeitai, or 'Three-Arms Corps', but that had been an unmi || sgDswQVO: In 1866, something thought unthinkable occurred: the Shogunate lost a war against Choshu. The Second Choshu Expedition had been intended to remind Japan of the Bakufu's strength, a"
out,20,0,"uKN9qS6E: Even as Japan reformed around them, many of the northernmost domains, as well as a few in Kansai, remained stagnant. The foolishness of this policy became apparent when the Boshin  || 2FMOGTsu: Rising out of humble roots, Tsu domain was founded by Todo Takatora, a low ranking ashigaru who later became a daimyo under Toyotomi Hideyoshi and Oda Nobunaga. Due to their loyalt || vNsphaFu: The location of the main branch of the Yuki Matsudaira, Fukui-han is a wealthy modernized domain. In the 1850s, they instituted one of the first vaccination programs in Japan, and "
icon,20,19,"FnYVK1yy: Cannons weren't just used to siege fortresses anymore in the 19th century. Every modern military would field a battery of artillery, and heavy guns were worth their weight in gold  || zZlOr4dD: {ISSUE_GIVER.LINK} a merchant from {ISSUE_GIVER_SETTLEMENT} has complained to you about not being able to sell foreign made firearms in the town. {?ISSUE_GIVER.GENDER}She{?}He{\\?} || zZlOr4dD: {ISSUE_GIVER.LINK} a merchant from {ISSUE_GIVER_SETTLEMENT} has complained to you about not being able to sell foreign made firearms in the town. {?ISSUE_GIVER.GENDER}She{?}He{\\?}"
increased,20,0,BaPLWeDr: Lord party sizes are increased by 20{newline}Modern troop recruitment rate increases by 20%{newline}Troop wages are increased by 10% || BaPLWeDr: Lord party sizes are increased by 20{newline}Modern troop recruitment rate increases by 20%{newline}Troop wages are increased by 10% || BaPLInEc: Town prosperity is increased by 5{newline}Village hearth is increased by 3{newline}Workshop production is increased by 10%{newline}Clans lose 2 influence per day
hosokawa,20,20,"nIcaL3N3: Kyūshū is the core of Japan's reform in the Bakumatsu. Due to its isolation at the southwest of Japan, the island remained largely untouched by the Tokugawa when they founded the B || BTSZWKum: One of the wealthiest domains in Japan, Kumamoto is ruled by the Hosokawa clan, one of the most powerful clans in Japan. They are more hesitant to join the Emperor than many of the || 92Plru2R: Hosokawa Tsuneko"
lesser,20,19,"vNsphKag: Kaga Domain stretches across Hokuriku, a land of fertile plains, bustling towns, and the glittering rivers that feed into the Sea of Japan. The Maeda clan has ruled for generations || IMmMRUaR: {MALE_LESSER_NOBLE_NAME}{.o} {ALIGNMENT} Revolt || O0aur7dN: {ISSUE_GIVER.LINK}, lord of {SETTLEMENT}, says that a {MALE_LESSER_NOBLE_TITLE} named {MALE_LESSER_NOBLE_NAME} is stirring up unrest in the countryside. You asked your companion to"
days,20,5,"zZlOr4dD: {ISSUE_GIVER.LINK} a merchant from {ISSUE_GIVER_SETTLEMENT} has complained to you about not being able to sell foreign made firearms in the town. {?ISSUE_GIVER.GENDER}She{?}He{\\?} || zZlOr4dD: {ISSUE_GIVER.LINK} a merchant from {ISSUE_GIVER_SETTLEMENT} has complained to you about not being able to sell foreign made firearms in the town. {?ISSUE_GIVER.GENDER}She{?}He{\\?} || RiI7PuFu: If you aren't going towards {TARGET_SETTLEMENT}, maybe you could have some of your men take my goods and bring back the profit? It shouldn't take more than {ALTERNATIVE_SOLUTION_ME"
retainers,19,7,"X9Y0Z1A2: Shinto Munen-ryu is a kenjutsu school emphasizing adaptability, speed, and fluid techniques with katana and wakizashi. Practitioners were trained for dueling and skirmishes, prepar || T7U8V9W0: Moriuchi-ryu is a mounted martial school emphasizing yari and katana techniques. Practitioners develop coordination, balance, and tactical awareness for cavalry operations. In the  || H7I8J9K0: Nanbu-ryu is a mounted martial school emphasizing bow and sword techniques. Practitioners develop horseback combat skills, coordination, and precision. In the Bakumatsu period, Nan"
owari,19,19,"X1Y2Z3A4: Owari Kan-ryu || B5C6D7E8: Owari Kan-ryu specializes in the sliding kuda-yari, offering innovative spear techniques. Practitioners train in precision, timing, and footwork. The school's unique weapons and me || B5C6D7E8: Owari Kan-ryu specializes in the sliding kuda-yari, offering innovative spear techniques. Practitioners train in precision, timing, and footwork. The school's unique weapons and me"
return,19,9,"sgDswQVO: In 1866, something thought unthinkable occurred: the Shogunate lost a war against Choshu. The Second Choshu Expedition had been intended to remind Japan of the Bakufu's strength, a || ZTxn6upe: You have collected all the weapons that the retainer requested. Return to their party and deliver the firearms || sUgW9gby: You have collected enough smoothbores that the retainer requested. Return to their party and deliver the firearms"
shogun,19,17,"sgDswQVO: In 1866, something thought unthinkable occurred: the Shogunate lost a war against Choshu. The Second Choshu Expedition had been intended to remind Japan of the Bakufu's strength, a || BaPTShAl: Serve the Shogun || BaPEShAl: serving the shogun"
emperor,19,15,"tkAa93qw: Emperor Komei had opposed the entirety of the outside world, advocating fiercely for Sonno-joi. However, his son was not so inflexible. Following Komei's death of smallpox in early || tkAa93qw: Emperor Komei had opposed the entirety of the outside world, advocating fiercely for Sonno-joi. However, his son was not so inflexible. Following Komei's death of smallpox in early || BaPTImAl: Revere the Emperor"
aizu,19,19,"BWWqeWJi: While in essence the same as the {BOSHIN_REFORMS_LINK} in their timing and reasoning, Aizu domain took a rather unique approach to reforming their military. Still unwilling to allo || BWWqeWJi: While in essence the same as the {BOSHIN_REFORMS_LINK} in their timing and reasoning, Aizu domain took a rather unique approach to reforming their military. Still unwilling to allo || 29h82Jh6: the Aizu"
must,19,0,"FnYVK1yy: Cannons weren't just used to siege fortresses anymore in the 19th century. Every modern military would field a battery of artillery, and heavy guns were worth their weight in gold  || C66WEwA2: When using {FIELD_ARTILLERY_LINK}, each type of cannon has a default ammunition type, and a handful of special ammunition types. For example, the La Hitte Mountain Gun can shoot sh || BaPDTrWa: No matter how much we adopt modern technology, war must not change. We are samurai, and we shall fight like it."
party,19,9,"C66WEwA2: When using {FIELD_ARTILLERY_LINK}, each type of cannon has a default ammunition type, and a handful of special ammunition types. For example, the La Hitte Mountain Gun can shoot sh || BaPLWeDr: Lord party sizes are increased by 20{newline}Modern troop recruitment rate increases by 20%{newline}Troop wages are increased by 10% || 9tIiOAnC: Upgrade to {UPGRADE_TARGET}{newline}Requires: {REQUIRED_ALIGNMENT}-Aligned (You are {PARTY_ALIGNMENT})"
day,19,0,BaPLInEc: Town prosperity is increased by 5{newline}Village hearth is increased by 3{newline}Workshop production is increased by 10%{newline}Clans lose 2 influence per day || BaPLDiSa: Clans lose 2 influence per day{newline}Town prosperity and village hearth is increased by 2{newline}Town security is increased by 1{newline}Social caste no longer has any effect in || BaPLExWe: Settlement security and loyalty is increased by 1{newline}Town prosperity is decreased by 2{newline}Clans gain 3 influence per day
count,19,17,"DVNtArBS: Your performance against {OPPONENT_COUNT} of your fellow students demonstrates growing competence. Remember, mastery is achieved through repetition and mindful correction of one's  || hK5PFhNu: You displayed considerable skill and discipline in today's exercises. There remain lapses in timing and precision, but your effort against {OPPONENT_COUNT} peers is noted and serve || bZO4pIhj: Well done, {PLAYER.LINK}. Your engagements with {OPPONENT_COUNT} students were executed with composure and intent. Maintain this focus, and your proficiency will continue to advanc"
target,19,14,9tIiOAnC: Upgrade to {UPGRADE_TARGET}{newline}Requires: {REQUIRED_ALIGNMENT}-Aligned (You are {PARTY_ALIGNMENT}) || LS8v6nSG: Upgrade to {UPGRADE_TARGET}{NEEDS_REFORM}{NEEDS_POLICY} || Iujoylyl: Upgrade to {UPGRADE_TARGET}{newline}You have too many artillerists
seat,19,1,"BmwNr0qQ: The Seat of the Shogun || kc0qT7Mo: Spread across river valleys and rugged hills, Morioka has been the seat of the Nanbu clan for centuries. The domain's winters are harsh, but its villages and fortified towns reflec || c1iM3mw8: The capital in name of Japan, Kyoto is the seat of the Emperor. Once the power center of Japan, its decline during the late Sengoku period and throughout the Edo period have left t"
mito,19,19,"3i4huJOq: Kantō is the heart of the Shogunate. Within it is Edo, the capital of the Bakufu, and in which all daimyo were required to live in off years until 1862. Despite that, the region is || 3i4huJOq: Kantō is the heart of the Shogunate. Within it is Edo, the capital of the Bakufu, and in which all daimyo were required to live in off years until 1862. Despite that, the region is || 3i4huJOq: Kantō is the heart of the Shogunate. Within it is Edo, the capital of the Bakufu, and in which all daimyo were required to live in off years until 1862. Despite that, the region is"
routes,19,1,"lrQiE8yv: Tōkai, stretching along the southern coast, is the home of the Tōkaidō, the most important of the Five Routes that link Edo to the rest of central Honshū. The Tōkaidō specifically  || 10j7vXkT: All profitable trade routes of the foreign merchant are blocked by recent wars. He has decided to return until the situation gets better. {QUEST_GIVER.LINK} was happy with your ser || sRgUwjnw: Positioned near the confluence of several key trade routes in the Chūgoku region, the castle town of Sanbonmatsu has become a target for expanding warlords. While its military impo"
satake,19,19,"kc0qT7Ak: Kubota stretches across the northern plains toward the Sea of Japan, where the Satake clan balances tradition with pragmatism. Its winters are bitter, but the land yields rice and  || IpGWXGXO: Satake Yoshitaka || lTEN0uBO: Satake Taki"
rifle,19,16,"eFZZnz5R: {QUEST_GIVER.LINK}, a retainer of the {QUEST_GIVER_FACTION} has told you that they need smoothbore Geweer for their upcoming military campaign. {?QUEST_GIVER.GENDER}She{?}He{\\?} w || KrY6pO4T: We need {SMOOTHBORE_AMOUNT} Geweer muskets to meet our basic needs. And if you can find {RIFLE_AMOUNT} Minieru or Geberu and {CARTRIDGE_AMOUNT} of ammunition, that would be a great || 84ZkcDua: Delivered {RIFLE}"
don't,19,4,"G1KdJiXD: Very well. Don't worry, all your expenses will be covered. || bys96mgQ: That's your right, my {?PLAYER.GENDER}lady{?}lord{\\?}. But if you can't get the support of the artisans here when you next need it, well, don't say no one said anything. || nTKr0Mhx: I don't want to break the law. You can take the guns."
power,18,1,"J9K0L1M2: Jigen-ryu, originating in Satsuma, is known for ferocious, lightning-fast attacks with katana and odachi. Practitioners cultivate power, speed, and relentless offense. In the late  || mM79y0Qn: The Broker of Power || nIcaL3N3: Kyūshū is the core of Japan's reform in the Bakumatsu. Due to its isolation at the southwest of Japan, the island remained largely untouched by the Tokugawa when they founded the B"
culture,18,2,"Z5A6B7C8: Tanegashima-ryu is a firearms school teaching the use of matchlock arquebuses. Practitioners learn coordinated volleys and battlefield deployment. In late Tokugawa Japan, Tanegashi || KGDDUJjU: Settlements with this culture gain loyalty faster. || lSytNxZV: Loyal samurai culture effect"
rifles,18,3,"H3I4J5K6: Takashima-ryu teaches modern firearms techniques, emphasizing disciplined firing methods and unit coordination. Practitioners prepared for the changing nature of war during the Bak || sgDswQVO: In 1866, something thought unthinkable occurred: the Shogunate lost a war against Choshu. The Second Choshu Expedition had been intended to remind Japan of the Bakufu's strength, a || uKN9qS6E: Even as Japan reformed around them, many of the northernmost domains, as well as a few in Kansai, remained stagnant. The foolishness of this policy became apparent when the Boshin "
served,18,0,"P1Q2R3S4: Heki-ryu is a classical archery school, teaching yumi mastery for battlefield and ceremonial use. Practitioners develop accuracy, composure, and situational awareness. In the late  || H7I8J9K0: Nanbu-ryu is a mounted martial school emphasizing bow and sword techniques. Practitioners develop horseback combat skills, coordination, and precision. In the Bakumatsu period, Nan || uk2xGbQl: Perched atop a steep mountain, the castle town of Kasugayama was originally a possession of the Nagao clan, but has served as the seat of the powerful Uesugi clan since Uesugi Kens"
tatsumi-ryu,18,18,"N7O8P9Q0: Tatsumi-ryu || R1S2T3U4: Tatsumi-ryu is a comprehensive martial school training practitioners in katana, wakizashi, yari, naginata, and shuriken. The school's broad curriculum prepared samurai for dueling, || O5p6Q7r8: Tatsumi-ryu"
just,18,2,"uzonvUWW: At the start of 1865, the Shogunate began a dedicated push to modernize their military. Beforehand, they had created the Sampeitai, or 'Three-Arms Corps', but that had been an unmi || FnYVK1yy: Cannons weren't just used to siege fortresses anymore in the 19th century. Every modern military would field a battery of artillery, and heavy guns were worth their weight in gold  || Totz6uxY: Tottori-han, ruled by the Ikeda, has long been close with the Shogunate. Their daimyo are allowed to use the Matsudaira name and crest, they have the right to carry their swords in"
kyoto,18,18,"8FARrN5C: Kansai is the centermost region of Japan, and the origin of most strife in the Bakumatsu. Here sonno-joi radicals and shogunate loyalists clash in the streets of Kyoto and in the c || lrQiE8yv: Tōkai, stretching along the southern coast, is the home of the Tōkaidō, the most important of the Five Routes that link Edo to the rest of central Honshū. The Tōkaidō specifically  || TonPcdwy: Tosa dominates southern Shikoku, a land of steep mountains and sheltered valleys that have allowed the Yamauchi clan to cultivate a tradition of independence. The domain produces p"
uesugi,18,18,"kc0qT7Yo: Yonezawa is a smaller, mountainous domain under the Uesugi clan, with a history of careful stewardship after past losses. Its towns cling to hillsides and valleys, sustaining a tig || uk2xGbQl: Perched atop a steep mountain, the castle town of Kasugayama was originally a possession of the Nagao clan, but has served as the seat of the powerful Uesugi clan since Uesugi Kens || uk2xGbQl: Perched atop a steep mountain, the castle town of Kasugayama was originally a possession of the Nagao clan, but has served as the seat of the powerful Uesugi clan since Uesugi Kens"
issue,18,16,wK5gBuZh: Merchants can't sell foreign firearms in {ISSUE_GIVER_SETTLEMENT} || ia427Wig: The laws of {ISSUE_GIVER_SETTLEMENT} dictate that only Japanese-made firearms may be bought or sold by in town. Now the merchants wish to smuggle the guns out to sell in other town || zZlOr4dD: {ISSUE_GIVER.LINK} a merchant from {ISSUE_GIVER_SETTLEMENT} has complained to you about not being able to sell foreign made firearms in the town. {?ISSUE_GIVER.GENDER}She{?}He{\\?}
spent,18,0,"47t2GEk5: I served a small fudai domain for twelve years. My lord was a decent man, but his chief councillors were parasites who spent more time arguing over stipends than preparing for the  || STrkPNAu: I spent years riding between castle towns carrying my lord's messages. Most were dullΓÇötax records, supply requests, invitations to banquetsΓÇöbut now and then I was entrusted wit || v02Wh78a: Growing up as a poor samurai, you had very little to do. You spent most of your time..."
hayashi,18,18,WNXdlC6n: Hayashi Tadataka || mF93OB0Z: Hayashi Chie || 45HFAruq: Hayashi Tadaakira
gun,17,14,"NapICaQU: A smoothbore bronze field gun valued for reliability and versatility. Capable of firing solid shot, shell, or canister in close and medium engagements. || Armstron: RBL 12-Pounder 8 CWT Armstrong Gun || GatlingG: Model 1865 Gatling Gun"
training,17,1,"K5L6M7N8: Itto-ryu is a prestigious family of kenjutsu schools emphasizing the principle of the 'one sword.' Practitioners, known as Itto-ryu kenshi, focus on decisive cuts, proper distancin || L9M0N1O2: Tamiya-ryu focuses on the long-hilted nagae katana, training practitioners in precise strikes and extended reach. The school's methods were valued for dueling and defensive combat  || R1S2T3U4: Tatsumi-ryu is a comprehensive martial school training practitioners in katana, wakizashi, yari, naginata, and shuriken. The school's broad curriculum prepared samurai for dueling,"
yari,17,12,"D1E2F3G4: Oshima-ryu is a multi-weapon school specializing in yari, naginata, and variations such as jumonji and kagi yari. Practitioners develop complex thrusting and footwork techniques, s || D1E2F3G4: Oshima-ryu is a multi-weapon school specializing in yari, naginata, and variations such as jumonji and kagi yari. Practitioners develop complex thrusting and footwork techniques, s || T7U8V9W0: Moriuchi-ryu is a mounted martial school emphasizing yari and katana techniques. Practitioners develop coordination, balance, and tactical awareness for cavalry operations. In the "
like,17,3,"uzonvUWW: At the start of 1865, the Shogunate began a dedicated push to modernize their military. Beforehand, they had created the Sampeitai, or 'Three-Arms Corps', but that had been an unmi || CR3jonLR: Kishu domain, ruled by the Kishu Tokugawa, one of the Gosanke, or 'Three Noble Houses', of the Tokugawa Shogunate, reformed far later than most of Japan. Rather than taking inspira || BaPDTrWa: No matter how much we adopt modern technology, war must not change. We are samurai, and we shall fight like it."
around,17,0,"uKN9qS6E: Even as Japan reformed around them, many of the northernmost domains, as well as a few in Kansai, remained stagnant. The foolishness of this policy became apparent when the Boshin  || U37Ef6rB: To the merchants and businessmen of the outside world, the newly opened Japan was a goldmine. The price of gold and silver was cheaper than the rest of the world, and there was a h || NJGmstlZ: I need you to deliver {REQUESTED_AMOUNT} {.%}{?(REQUESTED_AMOUNT > 1)}{PLURAL(RIFLES)}{?}{RIFLES}{\?}{.%} to my contact {TARGET_HERO.LINK} in {TARGET_SETTLEMENT}. Keep it quiet—wha"
sendai,17,17,"uKN9qS6E: Even as Japan reformed around them, many of the northernmost domains, as well as a few in Kansai, remained stagnant. The foolishness of this policy became apparent when the Boshin  || 37mpLUZE: Tōhoku, the northernmost region of Honshū, was the home of the last holdouts of the Shogunate cause in the Boshin war. The domains here are some of the oldest and most entrenched i || Vybsd8CE: Shikoku maintains a more cautious stance than the rest of Japan. With very few large domains, the island is almost entirely dominated by the Yamauchi of Tosa and the Hachisuka of T"
french,17,17,"U37Ef6rB: To the merchants and businessmen of the outside world, the newly opened Japan was a goldmine. The price of gold and silver was cheaper than the rest of the world, and there was a h || aWyfg2PR: French Light Cavalry Blade || BaPTFrMi: French Military Mission"
cause,17,0,"BaPDNaSp: Promote a national ideology rooted in loyalty, discipline, and Bushidō. Through ceremonies, oaths, and state rhetoric, soldiers and citizens alike are bound to the cause of unifyin || 8FARrN5C: Kansai is the centermost region of Japan, and the origin of most strife in the Bakumatsu. Here sonno-joi radicals and shogunate loyalists clash in the streets of Kyoto and in the c || 37mpLUZE: Tōhoku, the northernmost region of Honshū, was the home of the last holdouts of the Shogunate cause in the Boshin war. The domains here are some of the oldest and most entrenched i"
ota,17,17,"OOBz6Hir: Hiroshima Domain sprawls across the fertile delta of the Ota River, with the castle town at its center serving as both administrative hub and cultural heart. The Asano clan has rul || aTuhwpl9: Ota || Jco28GN3: Originally the seat of the namesake clan, Ota is a castle town in Kantō in close proximity to the vital Tōkaidō road, which connects the region to the capital Kyoto, making it an i"
requested,17,8,w5ewvISR: You have successfully delivered the weapons as requested. || ZTxn6upe: You have collected all the weapons that the retainer requested. Return to their party and deliver the firearms || sUgW9gby: You have collected enough smoothbores that the retainer requested. Return to their party and deliver the firearms
mizuno,17,17,6UGnlTvg: Mizuno Masatomo || mtpjGuCC: Mizuno Tatsu || JoEyAqpB: Mizuno Masayoshi
sode,17,17,r8PNf9r5: Hasuda Sode || BosBeSod: Sode Jirushi || BosBeSoj: Sonno-Joi Sode Jirushi
kuroda,17,17,uq93RE5H: Kuroda Nagahiro || zFfxKok8: Kuroda Sumiko || q2wWaf6n: Kuroda Nagatomo
late,16,0,"K5L6M7N8: Itto-ryu is a prestigious family of kenjutsu schools emphasizing the principle of the 'one sword.' Practitioners, known as Itto-ryu kenshi, focus on decisive cuts, proper distancin || T3U4V5W6: Hokushin Itto-ryu is the northern branch of Itto-ryu, combining classical swordsmanship with battlefield practicality. Practitioners train in katana, wakizashi, and naginata, honin || J9K0L1M2: Jigen-ryu, originating in Satsuma, is known for ferocious, lightning-fast attacks with katana and odachi. Practitioners cultivate power, speed, and relentless offense. In the late "
techniques,16,0,"H3I4J5K6: Takashima-ryu teaches modern firearms techniques, emphasizing disciplined firing methods and unit coordination. Practitioners prepared for the changing nature of war during the Bak || X9Y0Z1A2: Shinto Munen-ryu is a kenjutsu school emphasizing adaptability, speed, and fluid techniques with katana and wakizashi. Practitioners were trained for dueling and skirmishes, prepar || N5O6P7Q8: Hoki-ryu is a kenjutsu school specializing in katana techniques. Practitioners cultivate strong cutting, timing, and defensive skills. During the Bakumatsu, Hoki-ryu instructors tr"
forces,16,0,"H3I4J5K6: Takashima-ryu teaches modern firearms techniques, emphasizing disciplined firing methods and unit coordination. Practitioners prepared for the changing nature of war during the Bak || N5O6P7Q8: Hoki-ryu is a kenjutsu school specializing in katana techniques. Practitioners cultivate strong cutting, timing, and defensive skills. During the Bakumatsu, Hoki-ryu instructors tr || tkAa93qw: Emperor Komei had opposed the entirety of the outside world, advocating fiercely for Sonno-joi. However, his son was not so inflexible. Following Komei's death of smallpox in early"
few,16,1,"uzonvUWW: At the start of 1865, the Shogunate began a dedicated push to modernize their military. Beforehand, they had created the Sampeitai, or 'Three-Arms Corps', but that had been an unmi || sgDswQVO: In 1866, something thought unthinkable occurred: the Shogunate lost a war against Choshu. The Second Choshu Expedition had been intended to remind Japan of the Bakufu's strength, a || uKN9qS6E: Even as Japan reformed around them, many of the northernmost domains, as well as a few in Kansai, remained stagnant. The foolishness of this policy became apparent when the Boshin "
powerful,16,0,"BaPDZaib: Encourage the rise of powerful merchant families to organize and centralize industrial production, at the cost of diminishing local tax revenue. || nIcaL3N3: Kyūshū is the core of Japan's reform in the Bakumatsu. Due to its isolation at the southwest of Japan, the island remained largely untouched by the Tokugawa when they founded the B || rNXMKhtE: Tōsan, the mountainous heart of central Japan, is highly conservative. Made up almost entirely of Tenryō land and a handful of Fudai daimyo, Tōsan has no great lords of their own, "
loyal,16,2,"4YaXI0sl: The Loyal Coast || Tv1hioxg: Chūgoku, stretching across western Honshū, has become one of the most unstable regions of Japan in the Bakumatsu. Once a stronghold of loyalist domains guarding the western approac || 3i4huJOq: Kantō is the heart of the Shogunate. Within it is Edo, the capital of the Bakufu, and in which all daimyo were required to live in off years until 1862. Despite that, the region is"
authority,16,0,"nIcaL3N3: Kyūshū is the core of Japan's reform in the Bakumatsu. Due to its isolation at the southwest of Japan, the island remained largely untouched by the Tokugawa when they founded the B || Ol9J0wU3: The Tozama are 'outside' lords who, although they submit to the Tokugawa after the decisive battles that establish shogunal supremacy, maintain control over large, semi-autonomous  || kraPcdwy: The Fudai are hereditary vassals of the Tokugawa who enjoy long-standing trust and occupy critical administrative and military roles within the shogunate, overseeing strategically "
kawai,16,16,"vNsphNga: Nagaoka is far more modernized than most Shogunate domains, reforming under the leadership of Kawai Tsugunosuke. Nagaoka is the rare exception to the northern refusal to modernize, || mf6qRfQ9: Kawai Yoshiomi || g6O5UTIU: Kawai Kisa"
kyushu,16,16,"y6BfVTen: The Tokugawa may be the Shoguns, but they are also daimyo. At its core, the Bakufu is simply a domain so powerful that all others must bow to it. This power is maintained via Tenry || BTSZWHit: Nestled in the valleys of southern Kyushu, Hitoyoshi is a small but proud domain, its hills and rivers shaping life as much as the Sagara clan that rules it. Their samurai, like so || BDnW3J67: Strategically located in the westernmost part of the San'yō region, near the Kanmon Straits that separate Honshu from Kyushu, Kushizaki is a port castle town originally by the Nait"
asano,16,16,"OOBz6Hir: Hiroshima Domain sprawls across the fertile delta of the Ota River, with the castle town at its center serving as both administrative hub and cultural heart. The Asano clan has rul || BakAaNag: Asano Nagamichi || BakAaShu: Asano Shun"
him,16,0,"NJGmstlZ: I need you to deliver {REQUESTED_AMOUNT} {.%}{?(REQUESTED_AMOUNT > 1)}{PLURAL(RIFLES)}{?}{RIFLES}{\?}{.%} to my contact {TARGET_HERO.LINK} in {TARGET_SETTLEMENT}. Keep it quiet—wha || mA9UXRxz: My foreign guest wishes to go on a trade mission, but I fear he will be murdered before along the way. So I am looking for some good fighters who can escort him until he finds his  || E9rOQzPT: {ISSUEGIVER.LINK}, a merchant from {SETTLEMENT}, has told you about {?ISSUEGIVER.GENDER}her{?}his{\\?} recent problems with shishi radicals. {?ISSUEGIVER.GENDER}She{?}he{\\?} asked"
okubo,16,16,BEXJ1F23: Okubo || nOD4Gqu3: Okubo Tadayoshi || wcz0nDz4: Okubo Tadayori
inoue,16,16,ChSeiInK: Inoue Kaoru || ChZokInK: Inoue Kaisetsu || t4DRKSAY: Inoue Masanao
teppo,16,16,cZ4rg27o: Explosive Teppo Ammunition || jASYDOcA: Teppo Ammunition || BosBaTeG: Bakufu Teppo Gokenin
jirushi,16,16,BosBeSod: Sode Jirushi || BosBeSoj: Sonno-Joi Sode Jirushi || BosBeSok: Kurume Sode Jirushi
matsudaira-shi,16,16,XRWN4wOB: Matsudaira-shi Yuki-ke || 1iyE0PaI: Matsudaira-shi Saijo-ke || zMS7kVYL: Matsudaira-shi Fujii-ke
northern,15,1,"T3U4V5W6: Hokushin Itto-ryu is the northern branch of Itto-ryu, combining classical swordsmanship with battlefield practicality. Practitioners train in katana, wakizashi, and naginata, honin || T3U4V5W6: Hokushin Itto-ryu is the northern branch of Itto-ryu, combining classical swordsmanship with battlefield practicality. Practitioners train in katana, wakizashi, and naginata, honin || HurqT7Hi: Hirosaki, perched near the northern tip of Honshu, is defined as much by its rivalry with Morioka as by its own lands. The Tsugaru clan governs fertile plains crossed by rivers, su"
instead,15,3,"REFS21al: Change did not come to Japan all at once. From the opening of the country in 1853 to the Boshin War in 1868 and the Meiji period that followed, Japanese society underwent massive,  || uzonvUWW: At the start of 1865, the Shogunate began a dedicated push to modernize their military. Beforehand, they had created the Sampeitai, or 'Three-Arms Corps', but that had been an unmi || sgDswQVO: In 1866, something thought unthinkable occurred: the Shogunate lost a war against Choshu. The Second Choshu Expedition had been intended to remind Japan of the Bakufu's strength, a"
expedition,15,14,"sgDswQVO: In 1866, something thought unthinkable occurred: the Shogunate lost a war against Choshu. The Second Choshu Expedition had been intended to remind Japan of the Bakufu's strength, a || ChFWBhL0: The First Choshu Expedition Ends || zLSSZFCh: First Choshu Expedition Ends"
enough,15,0,"BWWqeWJi: While in essence the same as the {BOSHIN_REFORMS_LINK} in their timing and reasoning, Aizu domain took a rather unique approach to reforming their military. Still unwilling to allo || sUgW9gby: You have collected enough smoothbores that the retainer requested. Return to their party and deliver the firearms || bkTnHGbI: Thank you, {?PLAYER.GENDER}madam{?}sir{\\?}, I think they will be enough."
fight,15,1,"BaPDWeDr: Adopt military practices from Western powers, emphasizing drill, discipline, and battlefield maneuver. Lords begin training their retainers to fight in formation, rather than relyi || BaPDTrWa: No matter how much we adopt modern technology, war must not change. We are samurai, and we shall fight like it. || BaPDImAl: Elevate the Emperor as a living symbol of divine unity. Troops fight not for domain or province, but for the restoration of Imperial rule."
key,15,3,"JDLHLW4z: You showed courage, yet your form faltered in key moments. Take this to heart, and refine your movements in preparation for the next encounter. || Ol9J0wU3: The Tozama are 'outside' lords who, although they submit to the Tokugawa after the decisive battles that establish shogunal supremacy, maintain control over large, semi-autonomous  || sRgUwjnw: Positioned near the confluence of several key trade routes in the Chūgoku region, the castle town of Sanbonmatsu has become a target for expanding warlords. While its military impo"
know,15,0,"sP43W5iP: You have bested my student, {PLAYER.LINK}. Take your victory, but know that this dojo will not yield so easily next time. || U722hDoU: You know, these goods are worth more to me than what you'll paying. I will keep them. || mcYqVaNp: There's been a real surge of radical activity around here recently. I don't know if it's because the lords are away fighting or something else, but it's a miracle if a foreigner ca"
great,15,4,"1m6uURng: The Great Road || rNXMKhtE: Tōsan, the mountainous heart of central Japan, is highly conservative. Made up almost entirely of Tenryō land and a handful of Fudai daimyo, Tōsan has no great lords of their own,  || rNXMKhtE: Tōsan, the mountainous heart of central Japan, is highly conservative. Made up almost entirely of Tenryō land and a handful of Fudai daimyo, Tōsan has no great lords of their own, "
yonezawa,15,15,"KznUYojM: the Yonezawa || 3Wf8WYon: Yonezawa || kc0qT7Yo: Yonezawa is a smaller, mountainous domain under the Uesugi clan, with a history of careful stewardship after past losses. Its towns cling to hillsides and valleys, sustaining a tig"
center,15,0,"c1iM3mw8: The capital in name of Japan, Kyoto is the seat of the Emperor. Once the power center of Japan, its decline during the late Sengoku period and throughout the Edo period have left t || y6BfVEdo: No city in Japan is greater than Edo, the seat of the Shogunate. From here reign the Tokugawa shoguns, and it is here that over one million people live in the peace that is the Edo || y6BfVEdo: No city in Japan is greater than Edo, the seat of the Shogunate. From here reign the Tokugawa shoguns, and it is here that over one million people live in the peace that is the Edo"
oda,15,15,"2FMOGTsu: Rising out of humble roots, Tsu domain was founded by Todo Takatora, a low ranking ashigaru who later became a daimyo under Toyotomi Hideyoshi and Oda Nobunaga. Due to their loyalt || KoEdsC34: Sunpu has served as the seat of the powerful Imagawa clan for decades, during which the castle town has flourished as a center of governance, trade and culture, benefiting from its || iyxZXmq2: Built in the Kamakura period to guard the highways between Kyoto and the Shogunal capital, Kiyosu has long been the seat of the Oda clan of Owari and the site of political intrigue"
obama,15,15,"ObaisbnX: the Obama || Oba7iyKD: Obama || vNsphOba: Obama Domain hugs the northern coast of Wakasa Bay, where the town's harbor has long connected the mountains to the sea. The Sakai clan rules here with a careful hand, balancing th"
shishi,15,8,"OOBz6Cho: Chōshū occupies the western tip of Honshu, with rugged mountains and jagged coasts that have long shaped the character of its people. The Mōri clan has ruled here for generations,  || mcYqVaNp: There's been a real surge of radical activity around here recently. I don't know if it's because the lords are away fighting or something else, but it's a miracle if a foreigner ca || AA5OOS8p: Things have gotten a lot worse recently with the shishi radicals on the roads around town. I cannot risk the safety of my guest when he leaves the city."
she,15,9,"4ULpJzxb: Your actions have started a war with {QUEST_GIVER.LINK}'s faction. {?QUEST_GIVER.GENDER}She{?}He{\\?} cancels your agreement and the quest is a failure. || eFZZnz5R: {QUEST_GIVER.LINK}, a retainer of the {QUEST_GIVER_FACTION} has told you that they need smoothbore Geweer for their upcoming military campaign. {?QUEST_GIVER.GENDER}She{?}He{\\?} w || eFZZnz5R: {QUEST_GIVER.LINK}, a retainer of the {QUEST_GIVER_FACTION} has told you that they need smoothbore Geweer for their upcoming military campaign. {?QUEST_GIVER.GENDER}She{?}He{\\?} w"
i'll,15,15,"J1fGA6AF: I'll deliver {SMOOTHBORE_AMOUNT} Geweer muskets as soon as possible {?QUEST_GIVER.GENDER}lady{?}sir{\\?}, and try to find some Minieru and cartridges as you requested. || OJ99XYAc: I understand. I'll hold off on the decree, then. || 8U7Cqtte: Excellent. I'll have the goods delivered to you right away.[if:convo_nonchalant]"
doi,15,15,diLqkUYp: Doi Toshinori || LkcZ0r5Y: Doi Shinsei-in || Yq8SOeXP: Doi Toshiyo
akazonae,15,15,BosHiAsh: Akazonae Ashigaru || BosHiYaA: Akazonae Yari Ashigaru || BosHiNgA: Akazonae Nagae Ashigaru
students,14,1,"9N832L1k: Dojos are neutral settlements where the player and AI can recruit students, purchase martial manuals that improve combat skills, join a specific school, or duel instructors for ran || R7S8T9U0: Hozoin-ryu specializes in spearmanship, particularly the cross-shaped jumonji-yari and naginata. Practitioners train in precise thrusts, fluid footwork, and battlefield awareness.  || eDJCjpfF: The dojo appears to be well-maintained and attracting a modest number of students from the province, showing that the school is averagely well known."
sword,14,1,"K5L6M7N8: Itto-ryu is a prestigious family of kenjutsu schools emphasizing the principle of the 'one sword.' Practitioners, known as Itto-ryu kenshi, focus on decisive cuts, proper distancin || H7I8J9K0: Nanbu-ryu is a mounted martial school emphasizing bow and sword techniques. Practitioners develop horseback combat skills, coordination, and precision. In the Bakumatsu period, Nan || BaPTSwSc: Sword Schools"
katana,14,1,"T3U4V5W6: Hokushin Itto-ryu is the northern branch of Itto-ryu, combining classical swordsmanship with battlefield practicality. Practitioners train in katana, wakizashi, and naginata, honin || B1C2D3E4: Shinkage-ryu is a transformative kenjutsu lineage that emphasizes strategy, posture, and subtlety. Practitioners wield katana and wakizashi, focusing on psychological control and p || J9K0L1M2: Jigen-ryu, originating in Satsuma, is known for ferocious, lightning-fast attacks with katana and odachi. Practitioners cultivate power, speed, and relentless offense. In the late "
traditional,14,4,"Z5A6B7C8: Tanegashima-ryu is a firearms school teaching the use of matchlock arquebuses. Practitioners learn coordinated volleys and battlefield deployment. In late Tokugawa Japan, Tanegashi || H3I4J5K6: Takashima-ryu teaches modern firearms techniques, emphasizing disciplined firing methods and unit coordination. Practitioners prepared for the changing nature of war during the Bak || BaPDWeDr: Adopt military practices from Western powers, emphasizing drill, discipline, and battlefield maneuver. Lords begin training their retainers to fight in formation, rather than relyi"
yumi,14,11,"P1Q2R3S4: Heki-ryu is a classical archery school, teaching yumi mastery for battlefield and ceremonial use. Practitioners develop accuracy, composure, and situational awareness. In the late  || F7G8H9I0: Ogasawara-ryu is the classical school of mounted archery and etiquette, teaching yumi mastery on horseback. Practitioners develop poise, precision, and ceremonial bearing, serving  || xJg9HTTc: Yumi Mokuroku"
units,14,0,"uzonvUWW: At the start of 1865, the Shogunate began a dedicated push to modernize their military. Beforehand, they had created the Sampeitai, or 'Three-Arms Corps', but that had been an unmi || uzonvUWW: At the start of 1865, the Shogunate began a dedicated push to modernize their military. Beforehand, they had created the Sampeitai, or 'Three-Arms Corps', but that had been an unmi || tkAa93qw: Emperor Komei had opposed the entirety of the outside world, advocating fiercely for Sonno-joi. However, his son was not so inflexible. Following Komei's death of smallpox in early"
small,14,1,"uzonvUWW: At the start of 1865, the Shogunate began a dedicated push to modernize their military. Beforehand, they had created the Sampeitai, or 'Three-Arms Corps', but that had been an unmi || 4iDrvn26: A small, final reform, this represents the units that were formed in the Meiji era, such as the Battotai or marines, that were added to the mod. While the time these units were cre || zMOC9gh6: Ezo (modern Hokkaidō), home to the Ainu, remained a remote frontier. In the late Bakumatsu, the Matsumae Domain managed small garrisons and fortified trading posts to assert shogun"
other,14,0,"sgDswQVO: In 1866, something thought unthinkable occurred: the Shogunate lost a war against Choshu. The Second Choshu Expedition had been intended to remind Japan of the Bakufu's strength, a || tkAa93qw: Emperor Komei had opposed the entirety of the outside world, advocating fiercely for Sonno-joi. However, his son was not so inflexible. Following Komei's death of smallpox in early || Tv1hioxg: Chūgoku, stretching across western Honshū, has become one of the most unstable regions of Japan in the Bakumatsu. Once a stronghold of loyalist domains guarding the western approac"
sonno-joi,14,8,"tkAa93qw: Emperor Komei had opposed the entirety of the outside world, advocating fiercely for Sonno-joi. However, his son was not so inflexible. Following Komei's death of smallpox in early || 8FARrN5C: Kansai is the centermost region of Japan, and the origin of most strife in the Bakumatsu. Here sonno-joi radicals and shogunate loyalists clash in the streets of Kyoto and in the c || Vybsd8CE: Shikoku maintains a more cautious stance than the rest of Japan. With very few large domains, the island is almost entirely dominated by the Yamauchi of Tosa and the Hachisuka of T"
across,14,0,"BWWqeWJi: While in essence the same as the {BOSHIN_REFORMS_LINK} in their timing and reasoning, Aizu domain took a rather unique approach to reforming their military. Still unwilling to allo || BaPDImFi: Given how outdated our current firearms are, it is better to import modern ones from across the sea to arm our troops, whatever the cost to our own domestic industry. || Q9RbQzD9: The dojo appears to be richly decorated and crowded with students from across the region, demonstrating the fame of this martial school."
want,14,0,"9NAB4L1k: The Caste Mechanic is an optional mechanic added in Bakumatsu to reflect the caste system of Edo period Japan. This caste system, put into place at the founding of the Tokugawa Sho || nTKr0Mhx: I don't want to break the law. You can take the guns. || mBSHMLJX: Yes, things come up, but my agreement with {QUEST_GIVER.LINK} was for a fixed amount of goods. I don't want to negotiate a new deal. Please come back when you can get the full amou"
recruitment,14,1,BaPLImFi: Town prosperity is decreased by 0.5{newline}Modern troop recruitment rate increases by 20%{newline}Foreign Arms Dealers appear in town keeps || BaPLWeDr: Lord party sizes are increased by 20{newline}Modern troop recruitment rate increases by 20%{newline}Troop wages are increased by 10% || BaPLStUn: Gun troop upgrade costs are reduced by 20%{newline}Modern troop recruitment rate increases by 10%
towns,14,0,"BaPDInEc: Invest heavily in modern industries, with towns fostering ironworks, textiles, and modern construction. Villages grow as they supply food and manpower to new urban centers. || xIYdjP0P: Chance to recruit various Shotai units from towns and villages || kc0qT7Mo: Spread across river valleys and rugged hills, Morioka has been the seat of the Nanbu clan for centuries. The domain's winters are harsh, but its villages and fortified towns reflec"
dutch,14,14,"BaPDRanp: Embrace Western medical science, known as Ranpo, derived from Dutch texts and modern anatomy. Hospitals and domain physicians begin applying these foreign techniques to improve pub || tes9mQpC: My father traded through Nagasaki, where I first saw Dutch books, foreign instruments, and machines unlike anything made in Japan. While other boys practiced the sword, I struggled || 60nJZSa2: TODO{newline}{newline}Foreign Merchant: Dutch"
end,14,6,"2FMOGwKu: Ruled by the Hisamatsu Matsudaira, the Kuwana domain is fiercely loyal to the Shogunate, with members of the domain fighting through the end of the war in the North and in Ezo. Dur || BTSZWkKo: Kokura is the rare Shogunate loyalist in the southwest, supporting the Shogun even despite being surrounded by larger, more pro-Imperial domains. This attitude remains ever despite || 4EB6Mc7G: I'm sure what you did was an honest mistake, but there are laws. Hand over the contraband to me, and this will be the end of it."
wish,14,0,"5btjxLtj: I am honored to be received here. If you wish to examine arms or equipment, I am prepared to present them. || ia427Wig: The laws of {ISSUE_GIVER_SETTLEMENT} dictate that only Japanese-made firearms may be bought or sold by in town. Now the merchants wish to smuggle the guns out to sell in other town || mi2RZIty: My {?PLAYER.GENDER}lady{?}lord{\\?}, we heard that you wish to issue a decree allowing the sale of foreign weapons. This will devastate the business of our smithies who have toiled"
okudaira,14,14,o57onn7Q: Okudaira || R0oRncp7: Okudaira Sadaomi || P1UiQyME: Okudaira Tatsu
kachisamurai,14,14,BosTBNgK: Nagae Kachisamurai || BosTBKsA: Kachisamurai || BosTBYUK: Daikyu Kachisamurai
support,13,2,"MLHICaQU: A light rifled cannon designed for transport by pack animals in difficult terrain. Employed to provide mobile artillery support to infantry in mountainous regions. || SendT7ks: Sprawling across southern Tōhoku, Sendai has been shaped over generations by the Date clan. Rivers, plains, and rolling hills support large towns and productive farms, while fortif || kc0qT7Ai: Nestled in the mountains of southern Tōhoku, Aizu has long been a fortress of the Tokugawa. Its river valleys support fertile rice fields, while dense forests provide timber and fu"
hokushin,13,13,"P9Q0R1S2: Hokushin Itto-ryu || T3U4V5W6: Hokushin Itto-ryu is the northern branch of Itto-ryu, combining classical swordsmanship with battlefield practicality. Practitioners train in katana, wakizashi, and naginata, honin || E5f6G7h8: Hokushin Itto-ryu"
jigen-ryu,13,13,"F5G6H7I8: Jigen-ryu || J9K0L1M2: Jigen-ryu, originating in Satsuma, is known for ferocious, lightning-fast attacks with katana and odachi. Practitioners cultivate power, speed, and relentless offense. In the late  || J9K0L1M2: Jigen-ryu, originating in Satsuma, is known for ferocious, lightning-fast attacks with katana and odachi. Practitioners cultivate power, speed, and relentless offense. In the late "
era,13,2,"R7S8T9U0: Hozoin-ryu specializes in spearmanship, particularly the cross-shaped jumonji-yari and naginata. Practitioners train in precise thrusts, fluid footwork, and battlefield awareness.  || X9Y0Z1A2: Shinto Munen-ryu is a kenjutsu school emphasizing adaptability, speed, and fluid techniques with katana and wakizashi. Practitioners were trained for dueling and skirmishes, prepar || L9M0N1O2: Tamiya-ryu focuses on the long-hilted nagae katana, training practitioners in precise strikes and extended reach. The school's methods were valued for dueling and defensive combat "
shinto,13,13,"T5U6V7W8: Shinto Munen-ryu || X9Y0Z1A2: Shinto Munen-ryu is a kenjutsu school emphasizing adaptability, speed, and fluid techniques with katana and wakizashi. Practitioners were trained for dueling and skirmishes, prepar || T5u6V7w8: Shinto Munen-ryu"
munen-ryu,13,13,"T5U6V7W8: Shinto Munen-ryu || X9Y0Z1A2: Shinto Munen-ryu is a kenjutsu school emphasizing adaptability, speed, and fluid techniques with katana and wakizashi. Practitioners were trained for dueling and skirmishes, prepar || T5u6V7w8: Shinto Munen-ryu"
weapons,13,0,"B5C6D7E8: Owari Kan-ryu specializes in the sliding kuda-yari, offering innovative spear techniques. Practitioners train in precision, timing, and footwork. The school's unique weapons and me || nIcaL3N3: Kyūshū is the core of Japan's reform in the Bakumatsu. Due to its isolation at the southwest of Japan, the island remained largely untouched by the Tokugawa when they founded the B || kc0qT7Sh: Shonai occupies a long strip along the Sea of Japan, where fertile farmland and maritime trade enrich the Sakai clan. Unlike many northern neighbors, Shonai adapts quickly, moderni"
reform,13,4,"REFS21al: Change did not come to Japan all at once. From the opening of the country in 1853 to the Boshin War in 1868 and the Meiji period that followed, Japanese society underwent massive,  || sgDswQVO: In 1866, something thought unthinkable occurred: the Shogunate lost a war against Choshu. The Second Choshu Expedition had been intended to remind Japan of the Bakufu's strength, a || sgDswQVO: In 1866, something thought unthinkable occurred: the Shogunate lost a war against Choshu. The Second Choshu Expedition had been intended to remind Japan of the Bakufu's strength, a"
years,13,0,"REFS21al: Change did not come to Japan all at once. From the opening of the country in 1853 to the Boshin War in 1868 and the Meiji period that followed, Japanese society underwent massive,  || CR3jonLR: Kishu domain, ruled by the Kishu Tokugawa, one of the Gosanke, or 'Three Noble Houses', of the Tokugawa Shogunate, reformed far later than most of Japan. Rather than taking inspira || 3i4huJOq: Kantō is the heart of the Shogunate. Within it is Edo, the capital of the Bakufu, and in which all daimyo were required to live in off years until 1862. Despite that, the region is"
alongside,13,1,"uzonvUWW: At the start of 1865, the Shogunate began a dedicated push to modernize their military. Beforehand, they had created the Sampeitai, or 'Three-Arms Corps', but that had been an unmi || BWWqeWJi: While in essence the same as the {BOSHIN_REFORMS_LINK} in their timing and reasoning, Aizu domain took a rather unique approach to reforming their military. Still unwilling to allo || U37Ef6rB: To the merchants and businessmen of the outside world, the newly opened Japan was a goldmine. The price of gold and silver was cheaper than the rest of the world, and there was a h"
using,13,0,"uzonvUWW: At the start of 1865, the Shogunate began a dedicated push to modernize their military. Beforehand, they had created the Sampeitai, or 'Three-Arms Corps', but that had been an unmi || sgDswQVO: In 1866, something thought unthinkable occurred: the Shogunate lost a war against Choshu. The Second Choshu Expedition had been intended to remind Japan of the Bakufu's strength, a || tkAa93qw: Emperor Komei had opposed the entirety of the outside world, advocating fiercely for Sonno-joi. However, his son was not so inflexible. Following Komei's death of smallpox in early"
ruled,13,1,"CR3jonLR: Kishu domain, ruled by the Kishu Tokugawa, one of the Gosanke, or 'Three Noble Houses', of the Tokugawa Shogunate, reformed far later than most of Japan. Rather than taking inspira || 37mpLUZE: Tōhoku, the northernmost region of Honshū, was the home of the last holdouts of the Shogunate cause in the Boshin war. The domains here are some of the oldest and most entrenched i || 3i4huJOq: Kantō is the heart of the Shogunate. Within it is Edo, the capital of the Bakufu, and in which all daimyo were required to live in off years until 1862. Despite that, the region is"
sell,13,0,"U37Ef6rB: To the merchants and businessmen of the outside world, the newly opened Japan was a goldmine. The price of gold and silver was cheaper than the rest of the world, and there was a h || U37Ef6rB: To the merchants and businessmen of the outside world, the newly opened Japan was a goldmine. The price of gold and silver was cheaper than the rest of the world, and there was a h || U37Ef6rB: To the merchants and businessmen of the outside world, the newly opened Japan was a goldmine. The price of gold and silver was cheaper than the rest of the world, and there was a h"
battle,13,4,"FnYVK1yy: Cannons weren't just used to siege fortresses anymore in the 19th century. Every modern military would field a battery of artillery, and heavy guns were worth their weight in gold  || C66WEwA2: When using {FIELD_ARTILLERY_LINK}, each type of cannon has a default ammunition type, and a handful of special ammunition types. For example, the La Hitte Mountain Gun can shoot sh || C66WEwA2: When using {FIELD_ARTILLERY_LINK}, each type of cannon has a default ammunition type, and a handful of special ammunition types. For example, the La Hitte Mountain Gun can shoot sh"
prosperity,13,1,BaPLImFi: Town prosperity is decreased by 0.5{newline}Modern troop recruitment rate increases by 20%{newline}Foreign Arms Dealers appear in town keeps || BaPLImCo: Town prosperity is decreased by 2{newline}Settlement loyalty is decreased by 1{newline}Troop wages are decreased by 20%{newline}Troop recruitment costs are decreased by 25%{newline || BaPLInEc: Town prosperity is increased by 5{newline}Village hearth is increased by 3{newline}Workshop production is increased by 10%{newline}Clans lose 2 influence per day
clans,13,8,BaPLInEc: Town prosperity is increased by 5{newline}Village hearth is increased by 3{newline}Workshop production is increased by 10%{newline}Clans lose 2 influence per day || BaPLDiSa: Clans lose 2 influence per day{newline}Town prosperity and village hearth is increased by 2{newline}Town security is increased by 1{newline}Social caste no longer has any effect in || BaPLExWe: Settlement security and loyalty is increased by 1{newline}Town prosperity is decreased by 2{newline}Clans gain 3 influence per day
growing,13,2,"DVNtArBS: Your performance against {OPPONENT_COUNT} of your fellow students demonstrates growing competence. Remember, mastery is achieved through repetition and mindful correction of one's  || rNXMKhtE: Tōsan, the mountainous heart of central Japan, is highly conservative. Made up almost entirely of Tenryō land and a handful of Fudai daimyo, Tōsan has no great lords of their own,  || kc0qT7Sh: Shonai occupies a long strip along the Sea of Japan, where fertile farmland and maritime trade enrich the Sakai clan. Unlike many northern neighbors, Shonai adapts quickly, moderni"
radicals,13,1,"8FARrN5C: Kansai is the centermost region of Japan, and the origin of most strife in the Bakumatsu. Here sonno-joi radicals and shogunate loyalists clash in the streets of Kyoto and in the c || OOBz6Hir: Hiroshima Domain sprawls across the fertile delta of the Ota River, with the castle town at its center serving as both administrative hub and cultural heart. The Asano clan has rul || AA5OOS8p: Things have gotten a lot worse recently with the shishi radicals on the roads around town. I cannot risk the safety of my guest when he leaves the city."
despite,13,8,"3i4huJOq: Kantō is the heart of the Shogunate. Within it is Edo, the capital of the Bakufu, and in which all daimyo were required to live in off years until 1862. Despite that, the region is || HurqT7Hi: Hirosaki, perched near the northern tip of Honshu, is defined as much by its rivalry with Morioka as by its own lands. The Tsugaru clan governs fertile plains crossed by rivers, su || Da97CTok: Tokushima Domain, despite their strong connections to the Shogunate, remained neutral during the Bakumatsu. Instead of supporting the Shogun or Emperor, they advocated for the kōbu"
located,13,5,"kraPcdwy: The Fudai are hereditary vassals of the Tokugawa who enjoy long-standing trust and occupy critical administrative and military roles within the shogunate, overseeing strategically  || Da97CUwa: Uwajima domain is led by a branch of the Date clan, located far from their homeland in Sendai. During the Bakumatsu period, their Daimyo, Date Munenari, was considered one of the F || BDnW3J67: Strategically located in the westernmost part of the San'yō region, near the Kanmon Straits that separate Honshu from Kyushu, Kushizaki is a port castle town originally by the Nait"
without,13,1,"kc0qT7Sh: Shonai occupies a long strip along the Sea of Japan, where fertile farmland and maritime trade enrich the Sakai clan. Unlike many northern neighbors, Shonai adapts quickly, moderni || OOBz6uOk: One of the few Tozama daimyo to serve under the Shogunate, the Ikeda of Okayama domain are relatively sonno-joi, but still support the Shogunate. During the Boshin War, seeing the  || hQjI73CI: We are preparing for a major engagement, but my arsenal is dangerously lacking in modern firearms. Without rifles and ammunition, my troops will be hopelessly outmatched. I cannot "
need,13,0,"eFZZnz5R: {QUEST_GIVER.LINK}, a retainer of the {QUEST_GIVER_FACTION} has told you that they need smoothbore Geweer for their upcoming military campaign. {?QUEST_GIVER.GENDER}She{?}He{\\?} w || hQjI73CI: We are preparing for a major engagement, but my arsenal is dangerously lacking in modern firearms. Without rifles and ammunition, my troops will be hopelessly outmatched. I cannot  || CAF3byiv: Of course I can supply you with weapons. What do you need?"
lady,13,1,"J1fGA6AF: I'll deliver {SMOOTHBORE_AMOUNT} Geweer muskets as soon as possible {?QUEST_GIVER.GENDER}lady{?}sir{\\?}, and try to find some Minieru and cartridges as you requested. || rpAeFiru: You could change this law, my {?PLAYER.GENDER}lady{?}lord{\\?}. All of us would be grateful. and we're willing to donate {REWARD}{GOLD_ICON} to show our thanks... || apQbh0Sp: My {?PLAYER.GENDER}lady{?}lord{\\?}, that would be very good. The artisans won't like it but hard-working merchants like me will be grateful to you."
help,13,3,"jxC6tvL0: How can I help? || 1vtMvEHX: I am sure your men are as capable as you are and will look after my guest. Thanks again for your help, my friend. || uyzr5G62: Greetings. These goods are secured by His Majesty, King Wilhelm I of Prussia and is guaranteed by {MERCHANT.LINK} of {SETTLEMENT}. How may we help you?[if:convo_normal]"
ogasawara,13,13,bF0R3AqG: Fukashi is a castle town built amongst the mountains of Shinano to protect the domains of the Ogasawara clan until it was taken over by its parent clan following a famous siege by  || XTnJEsYW: Ogasawara Tadayoshi || Zo5RCGJQ: Ogasawara Shigeko
father,13,1,"tes9mQpC: My father traded through Nagasaki, where I first saw Dutch books, foreign instruments, and machines unlike anything made in Japan. While other boys practiced the sword, I struggled || a2rhPaGB: Father || XgFU1pCx: Your father was a..."
chiyo,13,13,maSOGXrZ: Honda Chiyo || ADvtqTtw: Watanabe Chiyo || vbIJLnaE: Ando Chiyo
okumura,13,13,ttOsDrht: Okumura Naoharu || v3KNHiGz: Okumura Kiyo || vJhGvDMI: Okumura Atsuteru
inaba,13,13,Knylet1a: Inaba Masakuni || UIKx01xx: Inaba Koto || 7sbPoa0a: Inaba Masanao
field,12,4,"NapICaQU: A smoothbore bronze field gun valued for reliability and versatility. Capable of firing solid shot, shell, or canister in close and medium engagements. || MLHICaGa: A hand-cranked battery gun capable of sustained, rapid fire. Intended for crew service in field and fortress defense. || U37Ef6rB: To the merchants and businessmen of the outside world, the newly opened Japan was a goldmine. The price of gold and silver was cheaper than the rest of the world, and there was a h"
british,12,12,"MArICaQU: A rifled breech-loading cannon of British manufacture, noted for its accuracy and extended range. Suited to siege, coastal, and fixed defensive positions. || U37Ef6rB: To the merchants and businessmen of the outside world, the newly opened Japan was a goldmine. The price of gold and silver was cheaper than the rest of the world, and there was a h || BaPTBrMi: British Military Mission"
settlements,12,5,"9N832L1k: Dojos are neutral settlements where the player and AI can recruit students, purchase martial manuals that improve combat skills, join a specific school, or duel instructors for ran || BaPLDiSa: Clans lose 2 influence per day{newline}Town prosperity and village hearth is increased by 2{newline}Town security is increased by 1{newline}Social caste no longer has any effect in || BaPLZaib: Workshop production is increased by 25%{newline}Tax income in settlements are reduced by 10%"
trained,12,1,"B1C2D3E4: Shinkage-ryu is a transformative kenjutsu lineage that emphasizes strategy, posture, and subtlety. Practitioners wield katana and wakizashi, focusing on psychological control and p || R7S8T9U0: Hozoin-ryu specializes in spearmanship, particularly the cross-shaped jumonji-yari and naginata. Practitioners train in precise thrusts, fluid footwork, and battlefield awareness.  || X9Y0Z1A2: Shinto Munen-ryu is a kenjutsu school emphasizing adaptability, speed, and fluid techniques with katana and wakizashi. Practitioners were trained for dueling and skirmishes, prepar"
southern,12,1,"J9K0L1M2: Jigen-ryu, originating in Satsuma, is known for ferocious, lightning-fast attacks with katana and odachi. Practitioners cultivate power, speed, and relentless offense. In the late  || lrQiE8yv: Tōkai, stretching along the southern coast, is the home of the Tōkaidō, the most important of the Five Routes that link Edo to the rest of central Honshū. The Tōkaidō specifically  || TonPcdwy: Tosa dominates southern Shikoku, a land of steep mountains and sheltered valleys that have allowed the Yamauchi clan to cultivate a tradition of independence. The domain produces p"
vital,12,0,"Z5A6B7C8: Tanegashima-ryu is a firearms school teaching the use of matchlock arquebuses. Practitioners learn coordinated volleys and battlefield deployment. In late Tokugawa Japan, Tanegashi || lrQiE8yv: Tōkai, stretching along the southern coast, is the home of the Tōkaidō, the most important of the Five Routes that link Edo to the rest of central Honshū. The Tōkaidō specifically  || rNXMKhtE: Tōsan, the mountainous heart of central Japan, is highly conservative. Made up almost entirely of Tenryō land and a handful of Fudai daimyo, Tōsan has no great lords of their own, "
heki-ryu,12,12,"L7M8N9O0: Heki-ryu || P1Q2R3S4: Heki-ryu is a classical archery school, teaching yumi mastery for battlefield and ceremonial use. Practitioners develop accuracy, composure, and situational awareness. In the late  || P1Q2R3S4: Heki-ryu is a classical archery school, teaching yumi mastery for battlefield and ceremonial use. Practitioners develop accuracy, composure, and situational awareness. In the late "
position,12,0,"J3K4L5M6: Shinshin-ryu is a kenjutsu school teaching katana and wakizashi techniques with an emphasis on timing and adaptability. Practitioners excel in duels and personal defense, maintaini || Ol9J0wU3: The Tozama are 'outside' lords who, although they submit to the Tokugawa after the decisive battles that establish shogunal supremacy, maintain control over large, semi-autonomous  || BTSZWSat: Satsuma occupies a unique position in the late Bakumatsu. The Shimazu joined the shogunate under their own terms due to their distance from the rest of Japan and their military pow"
social,12,5,"REFS21al: Change did not come to Japan all at once. From the opening of the country in 1853 to the Boshin War in 1868 and the Meiji period that followed, Japanese society underwent massive,  || uzonvUWW: At the start of 1865, the Shogunate began a dedicated push to modernize their military. Beforehand, they had created the Sampeitai, or 'Three-Arms Corps', but that had been an unmi || lXePKasd: Social Castes"
army,12,3,"sgDswQVO: In 1866, something thought unthinkable occurred: the Shogunate lost a war against Choshu. The Second Choshu Expedition had been intended to remind Japan of the Bakufu's strength, a || sgDswQVO: In 1866, something thought unthinkable occurred: the Shogunate lost a war against Choshu. The Second Choshu Expedition had been intended to remind Japan of the Bakufu's strength, a || tkAa93qw: Emperor Komei had opposed the entirety of the outside world, advocating fiercely for Sonno-joi. However, his son was not so inflexible. Following Komei's death of smallpox in early"
uniforms,12,4,"sgDswQVO: In 1866, something thought unthinkable occurred: the Shogunate lost a war against Choshu. The Second Choshu Expedition had been intended to remind Japan of the Bakufu's strength, a || tkAa93qw: Emperor Komei had opposed the entirety of the outside world, advocating fiercely for Sonno-joi. However, his son was not so inflexible. Following Komei's death of smallpox in early || uKN9qS6E: Even as Japan reformed around them, many of the northernmost domains, as well as a few in Kansai, remained stagnant. The foolishness of this policy became apparent when the Boshin "
still,12,2,"BWWqeWJi: While in essence the same as the {BOSHIN_REFORMS_LINK} in their timing and reasoning, Aizu domain took a rather unique approach to reforming their military. Still unwilling to allo || OOBz6uOk: One of the few Tozama daimyo to serve under the Shogunate, the Ikeda of Okayama domain are relatively sonno-joi, but still support the Shogunate. During the Boshin War, seeing the  || BTSZWKum: One of the wealthiest domains in Japan, Kumamoto is ruled by the Hosokawa clan, one of the most powerful clans in Japan. They are more hesitant to join the Emperor than many of the"
mugai-ryu,12,12,Js3OQ9k6: Mugai-ryu || hZsd2hMw: Mugai-ryu || G34Dov6O: Mugai-ryu
current,12,8,"BaPDImFi: Given how outdated our current firearms are, it is better to import modern ones from across the sea to arm our troops, whatever the cost to our own domestic industry. || 5fbPC9f9: {CURRENT_RYUHA} Master || sSi5NMFs: You are looking among the various dojos of {CURRENT_SETTLEMENT}"
sea,12,5,"BaPDImFi: Given how outdated our current firearms are, it is better to import modern ones from across the sea to arm our troops, whatever the cost to our own domestic industry. || kc0qT7Ak: Kubota stretches across the northern plains toward the Sea of Japan, where the Satake clan balances tradition with pragmatism. Its winters are bitter, but the land yields rice and  || kc0qT7Sh: Shonai occupies a long strip along the Sea of Japan, where fertile farmland and maritime trade enrich the Sakai clan. Unlike many northern neighbors, Shonai adapts quickly, moderni"
lords,12,2,"BaPDWeDr: Adopt military practices from Western powers, emphasizing drill, discipline, and battlefield maneuver. Lords begin training their retainers to fight in formation, rather than relyi || rNXMKhtE: Tōsan, the mountainous heart of central Japan, is highly conservative. Made up almost entirely of Tenryō land and a handful of Fudai daimyo, Tōsan has no great lords of their own,  || Kr77jBts: Recruiting lords to armies costs 30% less influence."
closed,12,0,"BaPDSako: Reinstitute the closed country policy of previous centuries, isolating the nation from foreign influence while bolstering internal cohesion and traditional values. || BaPESako: closed country || mBSHMLJX: Yes, things come up, but my agreement with {QUEST_GIVER.LINK} was for a fixed amount of goods. I don't want to negotiate a new deal. Please come back when you can get the full amou"
young,12,1,"BaPDSwSc: Reform and fund kenjutsu dojos to train young samurai in traditional swordsmanship. These schools preserve martial heritage while preparing warriors for the shifting nature of mode || BaPDOfAc: Establish modern officer academies to educate young samurai in Western military tactics, strategy, and leadership. These institutions lay the foundation for a professionalized comm || iyxZXmq2: Built in the Kamakura period to guard the highways between Kyoto and the Shogunal capital, Kiyosu has long been the seat of the Oda clan of Owari and the site of political intrigue"
much,12,0,"BaPDTrWa: No matter how much we adopt modern technology, war must not change. We are samurai, and we shall fight like it. || Vybsd8CE: Shikoku maintains a more cautious stance than the rest of Japan. With very few large domains, the island is almost entirely dominated by the Yamauchi of Tosa and the Hachisuka of T || HurqT7Hi: Hirosaki, perched near the northern tip of Honshu, is defined as much by its rivalry with Morioka as by its own lands. The Tsugaru clan governs fertile plains crossed by rivers, su"
shikoku,12,12,"VBYqEwdI: Shikoku || Vybsd8CE: Shikoku maintains a more cautious stance than the rest of Japan. With very few large domains, the island is almost entirely dominated by the Yamauchi of Tosa and the Hachisuka of T || Vybsd8CE: Shikoku maintains a more cautious stance than the rest of Japan. With very few large domains, the island is almost entirely dominated by the Yamauchi of Tosa and the Hachisuka of T"
morioka,12,12,"37mpLUZE: Tōhoku, the northernmost region of Honshū, was the home of the last holdouts of the Shogunate cause in the Boshin war. The domains here are some of the oldest and most entrenched i || KznUzEjM: the Morioka || 3Wf8Wium: Morioka"
tsugaru,12,12,"37mpLUZE: Tōhoku, the northernmost region of Honshū, was the home of the last holdouts of the Shogunate cause in the Boshin war. The domains here are some of the oldest and most entrenched i || HurqT7Hi: Hirosaki, perched near the northern tip of Honshu, is defined as much by its rivalry with Morioka as by its own lands. The Tsugaru clan governs fertile plains crossed by rivers, su || PBJm4EDg: Tsugaru Yukitsugu"
tokushima,12,12,"Vybsd8CE: Shikoku maintains a more cautious stance than the rest of Japan. With very few large domains, the island is almost entirely dominated by the Yamauchi of Tosa and the Hachisuka of T || TovisbnX: the Tokushima || ToR7iyKD: Tokushima"
rebellion,12,5,"Tv1hioxg: Chūgoku, stretching across western Honshū, has become one of the most unstable regions of Japan in the Bakumatsu. Once a stronghold of loyalist domains guarding the western approac || 3i4huJOq: Kantō is the heart of the Shogunate. Within it is Edo, the capital of the Bakufu, and in which all daimyo were required to live in off years until 1862. Despite that, the region is || BTSZFuku: Fukuoka is very prominently Sonno-joi, so much so that the Shogunate is considering arresting their daimyo on suspicion of rebellion. However, they are unwilling to actually dedica"
important,12,0,"lrQiE8yv: Tōkai, stretching along the southern coast, is the home of the Tōkaidō, the most important of the Five Routes that link Edo to the rest of central Honshū. The Tōkaidō specifically  || EGOIuaaC: A Nanao, the stronghold of the Hatakeyama clan, is one of the most important castle towns along the Noto Peninsula. Surrounded by mountains and the sea, its defenses are strong, an || mhnNNG3m: Situated on the coast of Echigo Province, Niigata is a prosperous port town benefiting from maritime trade and fertile agricultural lands. The Shinano River provides an essential r"
mountains,12,0,"TonPcdwy: Tosa dominates southern Shikoku, a land of steep mountains and sheltered valleys that have allowed the Yamauchi clan to cultivate a tradition of independence. The domain produces p || kc0qT7Ai: Nestled in the mountains of southern Tōhoku, Aizu has long been a fortress of the Tokugawa. Its river valleys support fertile rice fields, while dense forests provide timber and fu || vNsphOba: Obama Domain hugs the northern coast of Wakasa Bay, where the town's harbor has long connected the mountains to the sea. The Sakai clan rules here with a careful hand, balancing th"
city,12,0,"c1iM3mw8: The capital in name of Japan, Kyoto is the seat of the Emperor. Once the power center of Japan, its decline during the late Sengoku period and throughout the Edo period have left t || c1iM3mw8: The capital in name of Japan, Kyoto is the seat of the Emperor. Once the power center of Japan, its decline during the late Sengoku period and throughout the Edo period have left t || c1iM3mw8: The capital in name of Japan, Kyoto is the seat of the Emperor. Once the power center of Japan, its decline during the late Sengoku period and throughout the Edo period have left t"
back,12,1,"c1iM3mw8: The capital in name of Japan, Kyoto is the seat of the Emperor. Once the power center of Japan, its decline during the late Sengoku period and throughout the Edo period have left t || RiI7PuFu: If you aren't going towards {TARGET_SETTLEMENT}, maybe you could have some of your men take my goods and bring back the profit? It shouldn't take more than {ALTERNATIVE_SOLUTION_ME || RiI7PuFu: If you aren't going towards {TARGET_SETTLEMENT}, maybe you could have some of your men take my goods and bring back the profit? It shouldn't take more than {ALTERNATIVE_SOLUTION_ME"
location,12,0,"vNsphaFu: The location of the main branch of the Yuki Matsudaira, Fukui-han is a wealthy modernized domain. In the 1850s, they instituted one of the first vaccination programs in Japan, and  || sRgUwjnw: Positioned near the confluence of several key trade routes in the Chūgoku region, the castle town of Sanbonmatsu has become a target for expanding warlords. While its military impo || mW8IM8PG: Originally built as a small fortified residence for the Mōri clan this coastal castle town grew in importance along with the expansion of its inhabitants' power, while its hilltop "
kaga,12,12,"KAGisbnX: the Kaga || KAG7iyKD: Kaga || vNsphKag: Kaga Domain stretches across Hokuriku, a land of fertile plains, bustling towns, and the glittering rivers that feed into the Sea of Japan. The Maeda clan has ruled for generations"
it's,12,6,"eFZZnz5R: {QUEST_GIVER.LINK}, a retainer of the {QUEST_GIVER_FACTION} has told you that they need smoothbore Geweer for their upcoming military campaign. {?QUEST_GIVER.GENDER}She{?}He{\\?} w || mcYqVaNp: There's been a real surge of radical activity around here recently. I don't know if it's because the lords are away fighting or something else, but it's a miracle if a foreigner ca || mcYqVaNp: There's been a real surge of radical activity around here recently. I don't know if it's because the lords are away fighting or something else, but it's a miracle if a foreigner ca"
minieru,12,12,"eFZZnz5R: {QUEST_GIVER.LINK}, a retainer of the {QUEST_GIVER_FACTION} has told you that they need smoothbore Geweer for their upcoming military campaign. {?QUEST_GIVER.GENDER}She{?}He{\\?} w || wpZCGO2b: Collected Minieru Amount (Optional) || KrY6pO4T: We need {SMOOTHBORE_AMOUNT} Geweer muskets to meet our basic needs. And if you can find {RIFLE_AMOUNT} Minieru or Geberu and {CARTRIDGE_AMOUNT} of ammunition, that would be a great"
yes,12,11,"0EszIjuf: Yes commander, I have brought your Geweer, Minieru, and cartridges as you requested. || V5udi1Xh: Yes commander, I have brought your Geweer and Minieru as you requested. || OD88mtYy: Yes commander, I have brought your Geweer and cartridges as you requested."
can't,12,2,"wK5gBuZh: Merchants can't sell foreign firearms in {ISSUE_GIVER_SETTLEMENT} || CqaJXXVp: Merchant can't sell foreign guns || bys96mgQ: That's your right, my {?PLAYER.GENDER}lady{?}lord{\\?}. But if you can't get the support of the artisans here when you next need it, well, don't say no one said anything."
reward,12,12,zZlOr4dD: {ISSUE_GIVER.LINK} a merchant from {ISSUE_GIVER_SETTLEMENT} has complained to you about not being able to sell foreign made firearms in the town. {?ISSUE_GIVER.GENDER}She{?}He{\\?} || zZlOr4dD: {ISSUE_GIVER.LINK} a merchant from {ISSUE_GIVER_SETTLEMENT} has complained to you about not being able to sell foreign made firearms in the town. {?ISSUE_GIVER.GENDER}She{?}He{\\?} || y6l0Z6qH: {QUEST_GIVER.LINK} a merchant from {QUEST_GIVER_SETTLEMENT} has complained to you about not being able to sell their stock of foreign guns because of the unfair local laws. {?QUEST
part,12,0,"J4oQk0mR: Yes... As you know, this realm is deeply divided between the Imperial and Shogunate cause. Despite the stance taken by the great lords, many of our lower retainers hold an opposing || BDnW3J67: Strategically located in the westernmost part of the San'yō region, near the Kanmon Straits that separate Honshu from Kyushu, Kushizaki is a port castle town originally by the Nait || ALnnHm7B: Okayama is a castle town located in the western part of the Chūgoku region, providing both military and economic advantages through access to maritime trade routes and strategic pa"
itakura,12,12,oWMNADvQ: Itakura Sada || BabGjggN: Itakura Katsuaki || EtRVL3Xg: Itakura Katsumi
naito,12,12,XgIyv7bL: Naito Nobuchika || RNZWsztn: Naito Nobutami || UX8SD6t0: Naito Nobutomi
kato,12,12,So1hDGim: Kato Shisho || vbW4lVBo: Kato Yasuko || apqhx41m: Kato Tokuhiro
bayonet,12,12,BakMIGeB: Geweer (Imported Musket w/ Bayonet) || BakMIMiB: Minieru (Pattern 1851 Minié Rifle w/ Bayonet) || BakMIEGB: Geberu (P53 Enfield Rifle w/ Bayonet)
trousers,12,12,BosHybUn: Early Uniform and Trousers || BosHybUN: Early Summer Uniform and Trousers || BoFFrCoa: French Infantry Coat and Trousers
cannon,11,4,"U53M9G9W: Antique Cannon || 2pSICaQU: Antique metal guns from the Sengoku Jidai. They're long since outdated, but a cannon is a cannon. || 2pSICaQU: Antique metal guns from the Sengoku Jidai. They're long since outdated, but a cannon is a cannon."
since,11,0,"2pSICaQU: Antique metal guns from the Sengoku Jidai. They're long since outdated, but a cannon is a cannon. || uk2xGbQl: Perched atop a steep mountain, the castle town of Kasugayama was originally a possession of the Nagao clan, but has served as the seat of the powerful Uesugi clan since Uesugi Kens || G1Gwql28: Kōfu, a castle town in the heart of Kai Province in the southern part of the Tōsan region, has been the home of the Takena clan since its beginnings, but has only recently grown co"
land,11,0,"Ho2oaup3: Right to hold land || lrQiE8yv: Tōkai, stretching along the southern coast, is the home of the Tōkaidō, the most important of the Five Routes that link Edo to the rest of central Honshū. The Tōkaidō specifically  || rNXMKhtE: Tōsan, the mountainous heart of central Japan, is highly conservative. Made up almost entirely of Tenryō land and a handful of Fudai daimyo, Tōsan has no great lords of their own, "
pay,11,0,b93tFvr6: Right to not pay agricultural taxes || zZlOr4dD: {ISSUE_GIVER.LINK} a merchant from {ISSUE_GIVER_SETTLEMENT} has complained to you about not being able to sell foreign made firearms in the town. {?ISSUE_GIVER.GENDER}She{?}He{\\?} || y6l0Z6qH: {QUEST_GIVER.LINK} a merchant from {QUEST_GIVER_SETTLEMENT} has complained to you about not being able to sell their stock of foreign guns because of the unfair local laws. {?QUEST
instructors,11,0,"9N832L1k: Dojos are neutral settlements where the player and AI can recruit students, purchase martial manuals that improve combat skills, join a specific school, or duel instructors for ran || K5L6M7N8: Itto-ryu is a prestigious family of kenjutsu schools emphasizing the principle of the 'one sword.' Practitioners, known as Itto-ryu kenshi, focus on decisive cuts, proper distancin || T3U4V5W6: Hokushin Itto-ryu is the northern branch of Itto-ryu, combining classical swordsmanship with battlefield practicality. Practitioners train in katana, wakizashi, and naginata, honin"
rank,11,1,"9N832L1k: Dojos are neutral settlements where the player and AI can recruit students, purchase martial manuals that improve combat skills, join a specific school, or duel instructors for ran || AUadhzCx: Rank:  || pLY8eAzR: Once a student has learned most of our arts, they are granted the rank of Menkyo, and have the right to teach our techniques and represent our school in formal matches. Finally, th"
naginata,11,5,"T3U4V5W6: Hokushin Itto-ryu is the northern branch of Itto-ryu, combining classical swordsmanship with battlefield practicality. Practitioners train in katana, wakizashi, and naginata, honin || R7S8T9U0: Hozoin-ryu specializes in spearmanship, particularly the cross-shaped jumonji-yari and naginata. Practitioners train in precise thrusts, fluid footwork, and battlefield awareness.  || V3W4X5Y6: Shingyoto-ryu teaches a combination of katana, odachi, and naginata, focusing on versatility and battlefield adaptability. Practitioners excel in both dueling and larger engagement"
cavalry,11,7,"T7U8V9W0: Moriuchi-ryu is a mounted martial school emphasizing yari and katana techniques. Practitioners develop coordination, balance, and tactical awareness for cavalry operations. In the  || T7U8V9W0: Moriuchi-ryu is a mounted martial school emphasizing yari and katana techniques. Practitioners develop coordination, balance, and tactical awareness for cavalry operations. In the  || H7I8J9K0: Nanbu-ryu is a mounted martial school emphasizing bow and sword techniques. Practitioners develop horseback combat skills, coordination, and precision. In the Bakumatsu period, Nan"
made,11,1,"BWWqeWJi: While in essence the same as the {BOSHIN_REFORMS_LINK} in their timing and reasoning, Aizu domain took a rather unique approach to reforming their military. Still unwilling to allo || rNXMKhtE: Tōsan, the mountainous heart of central Japan, is highly conservative. Made up almost entirely of Tenryō land and a handful of Fudai daimyo, Tōsan has no great lords of their own,  || zZlOr4dD: {ISSUE_GIVER.LINK} a merchant from {ISSUE_GIVER_SETTLEMENT} has complained to you about not being able to sell foreign made firearms in the town. {?ISSUE_GIVER.GENDER}She{?}He{\\?}"
system,11,1,"CR3jonLR: Kishu domain, ruled by the Kishu Tokugawa, one of the Gosanke, or 'Three Noble Houses', of the Tokugawa Shogunate, reformed far later than most of Japan. Rather than taking inspira || CR3jonLR: Kishu domain, ruled by the Kishu Tokugawa, one of the Gosanke, or 'Three Noble Houses', of the Tokugawa Shogunate, reformed far later than most of Japan. Rather than taking inspira || 9NAB4L1k: The Caste Mechanic is an optional mechanic added in Bakumatsu to reflect the caste system of Edo period Japan. This caste system, put into place at the founding of the Tokugawa Sho"
rate,11,0,BaPLImFi: Town prosperity is decreased by 0.5{newline}Modern troop recruitment rate increases by 20%{newline}Foreign Arms Dealers appear in town keeps || BaPLWeDr: Lord party sizes are increased by 20{newline}Modern troop recruitment rate increases by 20%{newline}Troop wages are increased by 10% || BaPLStUn: Gun troop upgrade costs are reduced by 20%{newline}Modern troop recruitment rate increases by 10%
though,11,6,"BaPDImCo: Implement conscription to create a standing modern army. By requiring all able-bodied men to serve, the military grows rapidly, though at the cost of social unrest and economic str || kc0qT7Ak: Kubota stretches across the northern plains toward the Sea of Japan, where the Satake clan balances tradition with pragmatism. Its winters are bitter, but the land yields rice and  || FlnCOwS1: Not that I can think of. But if you don't want to do it, you can nominate someone from your party. It's not going to be easy, though. Whoever you name should be a good leader and h"
rule,11,1,"BaPDImAl: Elevate the Emperor as a living symbol of divine unity. Troops fight not for domain or province, but for the restoration of Imperial rule. || mhnNNG3m: Situated on the coast of Echigo Province, Niigata is a prosperous port town benefiting from maritime trade and fertile agricultural lands. The Shinano River provides an essential r || pZBrZ9j6: Okazaki, the birthplace of the rising lord Tokugawa Ieyasu, is a vital castle town in Mikawa Province. Under Tokugawa rule, it has been reinforced as a military base, securing the "
order,11,0,"BaPDShAl: Reaffirm loyalty to the Tokugawa Shogunate. Troops and administrators act in service to the established bakufu, preserving order and tradition. || kraPcdwy: The Fudai are hereditary vassals of the Tokugawa who enjoy long-standing trust and occupy critical administrative and military roles within the shogunate, overseeing strategically  || Ozu7C2Ky: Ozu sits on the western coast of Shikoku, where rocky shores and sheltered bays shape both life and defense. The Katō clan governs a domain where fishing, salt production, and loca"
yet,11,0,"JDLHLW4z: You showed courage, yet your form faltered in key moments. Take this to heart, and refine your movements in preparation for the next encounter. || ewuVlKhm: You have been defeated in this deadly contest, {PLAYER.LINK}. Your skill was noted, yet the outcome is clear. Your life shall be spared, but consider this a grave lesson. || Ol9J0wU3: The Tozama are 'outside' lords who, although they submit to the Tokugawa after the decisive battles that establish shogunal supremacy, maintain control over large, semi-autonomous "
honor,11,0,"CPHIlmTG: You have defeated our representative, {PLAYER.LINK}. While your skill is clear, this dojo's honor remains intact, and we shall prepare anew. || pc3lmTFV: The duel is lost. You have prevailed, {PLAYER.LINK}. Depart now, that I may properly attend to the consequences of this contest and honor those who have fallen. || BHmyQ4x3: It is as it must be. This dojo has been vanquished, {PLAYER.LINK}. Our signboard shall be removed, and my students must follow where honor now permits. You have claimed what was on"
life,11,0,"ewuVlKhm: You have been defeated in this deadly contest, {PLAYER.LINK}. Your skill was noted, yet the outcome is clear. Your life shall be spared, but consider this a grave lesson. || kc0qT7Mo: Spread across river valleys and rugged hills, Morioka has been the seat of the Nanbu clan for centuries. The domain's winters are harsh, but its villages and fortified towns reflec || HurqT7Hi: Hirosaki, perched near the northern tip of Honshu, is defined as much by its rivalry with Morioka as by its own lands. The Tsugaru clan governs fertile plains crossed by rivers, su"
until,11,0,"8FARrN5C: Kansai is the centermost region of Japan, and the origin of most strife in the Bakumatsu. Here sonno-joi radicals and shogunate loyalists clash in the streets of Kyoto and in the c || 3i4huJOq: Kantō is the heart of the Shogunate. Within it is Edo, the capital of the Bakufu, and in which all daimyo were required to live in off years until 1862. Despite that, the region is || mA9UXRxz: My foreign guest wishes to go on a trade mission, but I fear he will be murdered before along the way. So I am looking for some good fighters who can escort him until he finds his "
capital,11,1,"Tv1hioxg: Chūgoku, stretching across western Honshū, has become one of the most unstable regions of Japan in the Bakumatsu. Once a stronghold of loyalist domains guarding the western approac || 3i4huJOq: Kantō is the heart of the Shogunate. Within it is Edo, the capital of the Bakufu, and in which all daimyo were required to live in off years until 1862. Despite that, the region is || c1iM3mw8: The capital in name of Japan, Kyoto is the seat of the Emperor. Once the power center of Japan, its decline during the late Sengoku period and throughout the Edo period have left t"
okayama,11,11,"Tv1hioxg: Chūgoku, stretching across western Honshū, has become one of the most unstable regions of Japan in the Bakumatsu. Once a stronghold of loyalist domains guarding the western approac || 9TCedFOk: the Okayama || OkaySgTz: Okayama"
within,11,1,"3i4huJOq: Kantō is the heart of the Shogunate. Within it is Edo, the capital of the Bakufu, and in which all daimyo were required to live in off years until 1862. Despite that, the region is || Ol9J0wU3: The Tozama are 'outside' lords who, although they submit to the Tokugawa after the decisive battles that establish shogunal supremacy, maintain control over large, semi-autonomous  || kraPcdwy: The Fudai are hereditary vassals of the Tokugawa who enjoy long-standing trust and occupy critical administrative and military roles within the shogunate, overseeing strategically "
maritime,11,0,"kc0qT7Sh: Shonai occupies a long strip along the Sea of Japan, where fertile farmland and maritime trade enrich the Sakai clan. Unlike many northern neighbors, Shonai adapts quickly, moderni || Ozu7C2Ky: Ozu sits on the western coast of Shikoku, where rocky shores and sheltered bays shape both life and defense. The Katō clan governs a domain where fishing, salt production, and loca || ALnnHm7B: Okayama is a castle town located in the western part of the Chūgoku region, providing both military and economic advantages through access to maritime trade routes and strategic pa"
brought,11,0,"c1iM3mw8: The capital in name of Japan, Kyoto is the seat of the Emperor. Once the power center of Japan, its decline during the late Sengoku period and throughout the Edo period have left t || 8ixXU8Nr: Have you brought our firearms? || 0EszIjuf: Yes commander, I have brought your Geweer, Minieru, and cartridges as you requested."
tsu,11,11,"TsuisbnX: the Tsu || Tsu7iyKD: Tsu || 2FMOGTsu: Rising out of humble roots, Tsu domain was founded by Todo Takatora, a low ranking ashigaru who later became a daimyo under Toyotomi Hideyoshi and Oda Nobunaga. Due to their loyalt"
nagaoka,11,11,"NaGisbnX: the Nagaoka || NaG7iyKD: Nagaoka || vNsphNga: Nagaoka is far more modernized than most Shogunate domains, reforming under the leadership of Kawai Tsugunosuke. Nagaoka is the rare exception to the northern refusal to modernize,"
cannot,11,0,"y6BfVMit: Despite being ruled by one of the Gosanke of the Tokugawa, Mito Domain is a hotbed of Sonno-joi and anti-Shogunate sentiment in the Bakumatsu. Throughout this period, agitators fro || y6BfVEdo: No city in Japan is greater than Edo, the seat of the Shogunate. From here reign the Tokugawa shoguns, and it is here that over one million people live in the peace that is the Edo || hQjI73CI: We are preparing for a major engagement, but my arsenal is dangerously lacking in modern firearms. Without rifles and ammunition, my troops will be hopelessly outmatched. I cannot "
others,11,2,"y6BfVTen: The Tokugawa may be the Shoguns, but they are also daimyo. At its core, the Bakufu is simply a domain so powerful that all others must bow to it. This power is maintained via Tenry || BTSZWHit: Nestled in the valleys of southern Kyushu, Hitoyoshi is a small but proud domain, its hills and rivers shaping life as much as the Sagara clan that rules it. Their samurai, like so || K3X6XuPz: I move more than most in these markets, yet my purse stays thin. Some trades are tied by law, others by who watches the coin. The goods that could change fortunes must sometimes fi"
arima,11,11,"BTSZWKur: Kurume domain is a fierce battleground between Sonno-Joi and Shogunate supporters, both originating from the Tenpo School. Following the death of Arima Yorinaga in 1846, they split || rRdiqxwR: The castle town of Hinoe sits on the west coast of Kyushu on the Shimabara Peninsula. Built in the early Kamakura period, Hinoe has since served as the home base and major source o || 46c1t4F9: Arima Kuniko"
hitoyoshi,11,11,"HitoabnX: the Hitoyoshi || Hiog7Oum: Hitoyoshi || BTSZWHit: Nestled in the valleys of southern Kyushu, Hitoyoshi is a small but proud domain, its hills and rivers shaping life as much as the Sagara clan that rules it. Their samurai, like so"
